{"type":"FeatureCollection","features":[{"type":"Feature","geometry":{"type":"Point","coordinates":[153.03333,-27.58333]},"properties":{"id":3914,"name":"Acacia Ridge","state_code":"QLD","country_code":"AU"}},{"type":"Feature","geometry":{"type":"Point","coordinates":[151.9035,-24.2119]},"properties":{"id":3922,"name":"Agnes Water","state_code":"QLD","country_code":"AU"}},{"type":"Feature","geometry":{"type":"Point","coordinates":[148.71471,-20.26751]},"properties":{"id":3925,"name":"Airlie Beach","state_code":"QLD","country_code":"AU"}},{"type":"Feature","geometry":{"type":"Point","coordinates":[146.77082,-19.30142]},"properties":{"id":3927,"name":"Aitkenvale","state_code":"QLD","country_code":"AU"}},{"type":"Feature","geometry":{"type":"Point","coordinates":[152.96848,-27.35364]},"properties":{"id":3931,"name":"Albany Creek","state_code":"QLD","country_code":"AU"}},{"type":"Feature","geometry":{"type":"Point","coordinates":[153.00102,-27.42553]},"properties":{"id":3942,"name":"Alderley","state_code":"QLD","country_code":"AU"}},{"type":"Feature","geometry":{"type":"Point","coordinates":[152.66348,-25.46312]},"properties":{"id":3943,"name":"Aldershot","state_code":"QLD","country_code":"AU"}},{"type":"Feature","geometry":{"type":"Point","coordinates":[153.10058,-26.67154]},"properties":{"id":3948,"name":"Alexandra Headland","state_code":"QLD","country_code":"AU"}},{"type":"Feature","geometry":{"type":"Point","coordinates":[153.22889,-27.53221]},"properties":{"id":3949,"name":"Alexandra Hills","state_code":"QLD","country_code":"AU"}},{"type":"Feature","geometry":{"type":"Point","coordinates":[153.03239,-27.61279]},"properties":{"id":3955,"name":"Algester","state_code":"QLD","country_code":"AU"}},{"type":"Feature","geometry":{"type":"Point","coordinates":[146.61391,-19.33437]},"properties":{"id":3956,"name":"Alice River","state_code":"QLD","country_code":"AU"}},{"type":"Feature","geometry":{"type":"Point","coordinates":[150.50393,-23.39403]},"properties":{"id":3963,"name":"Allenstown","state_code":"QLD","country_code":"AU"}},{"type":"Feature","geometry":{"type":"Point","coordinates":[146.93784,-19.39176]},"properties":{"id":3964,"name":"Alligator Creek","state_code":"QLD","country_code":"AU"}},{"type":"Feature","geometry":{"type":"Point","coordinates":[151.98058,-28.03484]},"properties":{"id":3965,"name":"Allora","state_code":"QLD","country_code":"AU"}},{"type":"Feature","geometry":{"type":"Point","coordinates":[150.35,-23.3]},"properties":{"id":3969,"name":"Alton Downs","state_code":"QLD","country_code":"AU"}},{"type":"Feature","geometry":{"type":"Point","coordinates":[149.18333,-21.08333]},"properties":{"id":3977,"name":"Andergrove","state_code":"QLD","country_code":"AU"}},{"type":"Feature","geometry":{"type":"Point","coordinates":[146.79069,-19.31503]},"properties":{"id":3985,"name":"Annandale","state_code":"QLD","country_code":"AU"}},{"type":"Feature","geometry":{"type":"Point","coordinates":[153.03248,-27.51228]},"properties":{"id":3987,"name":"Annerley","state_code":"QLD","country_code":"AU"}},{"type":"Feature","geometry":{"type":"Point","coordinates":[152.86187,-27.53781]},"properties":{"id":3988,"name":"Anstead","state_code":"QLD","country_code":"AU"}},{"type":"Feature","geometry":{"type":"Point","coordinates":[152.95797,-27.39808]},"properties":{"id":3994,"name":"Arana Hills","state_code":"QLD","country_code":"AU"}},{"type":"Feature","geometry":{"type":"Point","coordinates":[153.11652,-26.78173]},"properties":{"id":4008,"name":"Aroona","state_code":"QLD","country_code":"AU"}},{"type":"Feature","geometry":{"type":"Point","coordinates":[153.36302,-27.93768]},"properties":{"id":4010,"name":"Arundel","state_code":"QLD","country_code":"AU"}},{"type":"Feature","geometry":{"type":"Point","coordinates":[153.058,-27.43154]},"properties":{"id":4011,"name":"Ascot","state_code":"QLD","country_code":"AU"}},{"type":"Feature","geometry":{"type":"Point","coordinates":[152.992,-27.44552]},"properties":{"id":4024,"name":"Ashgrove","state_code":"QLD","country_code":"AU"}},{"type":"Feature","geometry":{"type":"Point","coordinates":[153.37647,-27.98883]},"properties":{"id":4026,"name":"Ashmore","state_code":"QLD","country_code":"AU"}},{"type":"Feature","geometry":{"type":"Point","coordinates":[153.01667,-27.36667]},"properties":{"id":4031,"name":"Aspley","state_code":"QLD","country_code":"AU"}},{"type":"Feature","geometry":{"type":"Point","coordinates":[145.47522,-17.26864]},"properties":{"id":4034,"name":"Atherton","state_code":"QLD","country_code":"AU"}},{"type":"Feature","geometry":{"type":"Point","coordinates":[152.99213,-27.47443]},"properties":{"id":4041,"name":"Auchenflower","state_code":"QLD","country_code":"AU"}},{"type":"Feature","geometry":{"type":"Point","coordinates":[152.87896,-27.66047]},"properties":{"id":4044,"name":"Augustine Heights","state_code":"QLD","country_code":"AU"}},{"type":"Feature","geometry":{"type":"Point","coordinates":[141.82435,-13.51263]},"properties":{"id":4045,"name":"Aurukun","state_code":"QLD","country_code":"AU"}},{"type":"Feature","geometry":{"type":"Point","coordinates":[152.36786,-24.8896]},"properties":{"id":4052,"name":"Avenell Heights","state_code":"QLD","country_code":"AU"}},{"type":"Feature","geometry":{"type":"Point","coordinates":[152.30794,-24.87822]},"properties":{"id":4054,"name":"Avoca","state_code":"QLD","country_code":"AU"}},{"type":"Feature","geometry":{"type":"Point","coordinates":[147.40666,-19.57393]},"properties":{"id":4058,"name":"Ayr","state_code":"QLD","country_code":"AU"}},{"type":"Feature","geometry":{"type":"Point","coordinates":[145.92265,-17.3439]},"properties":{"id":4059,"name":"Babinda","state_code":"QLD","country_code":"AU"}},{"type":"Feature","geometry":{"type":"Point","coordinates":[153.16667,-27.73333]},"properties":{"id":4063,"name":"Bahrs Scrub","state_code":"QLD","country_code":"AU"}},{"type":"Feature","geometry":{"type":"Point","coordinates":[149.14681,-21.2199]},"properties":{"id":4065,"name":"Bakers Creek","state_code":"QLD","country_code":"AU"}},{"type":"Feature","geometry":{"type":"Point","coordinates":[153.00857,-27.32112]},"properties":{"id":4071,"name":"Bald Hills","state_code":"QLD","country_code":"AU"}},{"type":"Feature","geometry":{"type":"Point","coordinates":[153.0668,-27.45341]},"properties":{"id":4087,"name":"Balmoral","state_code":"QLD","country_code":"AU"}},{"type":"Feature","geometry":{"type":"Point","coordinates":[148.17933,-28.28481]},"properties":{"id":4089,"name":"Balonne Shire","state_code":"QLD","country_code":"AU"}},{"type":"Feature","geometry":{"type":"Point","coordinates":[142.38934,-10.89197]},"properties":{"id":4093,"name":"Bamaga","state_code":"QLD","country_code":"AU"}},{"type":"Feature","geometry":{"type":"Point","coordinates":[149.89838,-24.80653]},"properties":{"id":4094,"name":"Banana","state_code":"QLD","country_code":"AU"}},{"type":"Feature","geometry":{"type":"Point","coordinates":[153.1439,-27.04027]},"properties":{"id":4100,"name":"Banksia Beach","state_code":"QLD","country_code":"AU"}},{"type":"Feature","geometry":{"type":"Point","coordinates":[153.07903,-27.38236]},"properties":{"id":4106,"name":"Banyo","state_code":"QLD","country_code":"AU"}},{"type":"Feature","geometry":{"type":"Point","coordinates":[145.4349,-23.05203]},"properties":{"id":4110,"name":"Barcaldine","state_code":"QLD","country_code":"AU"}},{"type":"Feature","geometry":{"type":"Point","coordinates":[142.46481,-25.17292]},"properties":{"id":4111,"name":"Barcoo","state_code":"QLD","country_code":"AU"}},{"type":"Feature","geometry":{"type":"Point","coordinates":[152.9792,-27.461]},"properties":{"id":4114,"name":"Bardon","state_code":"QLD","country_code":"AU"}},{"type":"Feature","geometry":{"type":"Point","coordinates":[152.84379,-27.57196]},"properties":{"id":4117,"name":"Barellan Point","state_code":"QLD","country_code":"AU"}},{"type":"Feature","geometry":{"type":"Point","coordinates":[152.46257,-24.81476]},"properties":{"id":4118,"name":"Bargara","state_code":"QLD","country_code":"AU"}},{"type":"Feature","geometry":{"type":"Point","coordinates":[151.26577,-23.84793]},"properties":{"id":4123,"name":"Barney Point","state_code":"QLD","country_code":"AU"}},{"type":"Feature","geometry":{"type":"Point","coordinates":[153.12887,-26.77878]},"properties":{"id":4144,"name":"Battery Hill","state_code":"QLD","country_code":"AU"}},{"type":"Feature","geometry":{"type":"Point","coordinates":[145.72585,-16.96229]},"properties":{"id":4156,"name":"Bayview Heights","state_code":"QLD","country_code":"AU"}},{"type":"Feature","geometry":{"type":"Point","coordinates":[153.05243,-27.12808]},"properties":{"id":4158,"name":"Beachmere","state_code":"QLD","country_code":"AU"}},{"type":"Feature","geometry":{"type":"Point","coordinates":[149.16544,-21.09121]},"properties":{"id":4163,"name":"Beaconsfield","state_code":"QLD","country_code":"AU"}},{"type":"Feature","geometry":{"type":"Point","coordinates":[152.99657,-27.98691]},"properties":{"id":4165,"name":"Beaudesert","state_code":"QLD","country_code":"AU"}},{"type":"Feature","geometry":{"type":"Point","coordinates":[153.2029,-27.71137]},"properties":{"id":4179,"name":"Beenleigh","state_code":"QLD","country_code":"AU"}},{"type":"Feature","geometry":{"type":"Point","coordinates":[152.96144,-26.85881]},"properties":{"id":4180,"name":"Beerwah","state_code":"QLD","country_code":"AU"}},{"type":"Feature","geometry":{"type":"Point","coordinates":[146.79455,-19.24507]},"properties":{"id":4187,"name":"Belgian Gardens","state_code":"QLD","country_code":"AU"}},{"type":"Feature","geometry":{"type":"Point","coordinates":[153.14959,-27.06392]},"properties":{"id":4196,"name":"Bellara","state_code":"QLD","country_code":"AU"}},{"type":"Feature","geometry":{"type":"Point","coordinates":[152.88663,-27.63674]},"properties":{"id":4198,"name":"Bellbird Park","state_code":"QLD","country_code":"AU"}},{"type":"Feature","geometry":{"type":"Point","coordinates":[152.88278,-27.55939]},"properties":{"id":4199,"name":"Bellbowrie","state_code":"QLD","country_code":"AU"}},{"type":"Feature","geometry":{"type":"Point","coordinates":[152.89003,-27.08441]},"properties":{"id":4206,"name":"Bellmere","state_code":"QLD","country_code":"AU"}},{"type":"Feature","geometry":{"type":"Point","coordinates":[153.134,-27.49882]},"properties":{"id":4208,"name":"Belmont","state_code":"QLD","country_code":"AU"}},{"type":"Feature","geometry":{"type":"Point","coordinates":[151.3341,-24.00417]},"properties":{"id":4217,"name":"Benaraby","state_code":"QLD","country_code":"AU"}},{"type":"Feature","geometry":{"type":"Point","coordinates":[153.38583,-28.0077]},"properties":{"id":4221,"name":"Benowa","state_code":"QLD","country_code":"AU"}},{"type":"Feature","geometry":{"type":"Point","coordinates":[145.73819,-17.00389]},"properties":{"id":4226,"name":"Bentley Park","state_code":"QLD","country_code":"AU"}},{"type":"Feature","geometry":{"type":"Point","coordinates":[153.07888,-27.65853]},"properties":{"id":4242,"name":"Berrinba","state_code":"QLD","country_code":"AU"}},{"type":"Feature","geometry":{"type":"Point","coordinates":[150.52042,-23.35817]},"properties":{"id":4244,"name":"Berserker","state_code":"QLD","country_code":"AU"}},{"type":"Feature","geometry":{"type":"Point","coordinates":[153.40021,-27.93239]},"properties":{"id":4258,"name":"Biggera Waters","state_code":"QLD","country_code":"AU"}},{"type":"Feature","geometry":{"type":"Point","coordinates":[153.51667,-28.16667]},"properties":{"id":4261,"name":"Bilinga","state_code":"QLD","country_code":"AU"}},{"type":"Feature","geometry":{"type":"Point","coordinates":[150.51504,-24.39589]},"properties":{"id":4263,"name":"Biloela","state_code":"QLD","country_code":"AU"}},{"type":"Feature","geometry":{"type":"Point","coordinates":[153.21667,-27.48333]},"properties":{"id":4269,"name":"Birkdale","state_code":"QLD","country_code":"AU"}},{"type":"Feature","geometry":{"type":"Point","coordinates":[153.11913,-26.74322]},"properties":{"id":4273,"name":"Birtinya","state_code":"QLD","country_code":"AU"}},{"type":"Feature","geometry":{"type":"Point","coordinates":[152.87561,-26.39886]},"properties":{"id":4277,"name":"Black Mountain","state_code":"QLD","country_code":"AU"}},{"type":"Feature","geometry":{"type":"Point","coordinates":[146.61787,-19.22517]},"properties":{"id":4278,"name":"Black River","state_code":"QLD","country_code":"AU"}},{"type":"Feature","geometry":{"type":"Point","coordinates":[145.46303,-24.42327]},"properties":{"id":4280,"name":"Blackall","state_code":"QLD","country_code":"AU"}},{"type":"Feature","geometry":{"type":"Point","coordinates":[145.97279,-24.78795]},"properties":{"id":4281,"name":"Blackall Tambo","state_code":"QLD","country_code":"AU"}},{"type":"Feature","geometry":{"type":"Point","coordinates":[149.18971,-21.05466]},"properties":{"id":4290,"name":"Blacks Beach","state_code":"QLD","country_code":"AU"}},{"type":"Feature","geometry":{"type":"Point","coordinates":[148.87912,-23.58351]},"properties":{"id":4295,"name":"Blackwater","state_code":"QLD","country_code":"AU"}},{"type":"Feature","geometry":{"type":"Point","coordinates":[153.03665,-26.61724]},"properties":{"id":4305,"name":"Bli Bli","state_code":"QLD","country_code":"AU"}},{"type":"Feature","geometry":{"type":"Point","coordinates":[146.5582,-19.18157]},"properties":{"id":4311,"name":"Bluewater","state_code":"QLD","country_code":"AU"}},{"type":"Feature","geometry":{"type":"Point","coordinates":[146.69186,-19.31365]},"properties":{"id":4319,"name":"Bohle Plains","state_code":"QLD","country_code":"AU"}},{"type":"Feature","geometry":{"type":"Point","coordinates":[153.13049,-26.73843]},"properties":{"id":4320,"name":"Bokarina","state_code":"QLD","country_code":"AU"}},{"type":"Feature","geometry":{"type":"Point","coordinates":[153.15942,-27.08367]},"properties":{"id":4329,"name":"Bongaree","state_code":"QLD","country_code":"AU"}},{"type":"Feature","geometry":{"type":"Point","coordinates":[153.35297,-28.1393]},"properties":{"id":4336,"name":"Bonogin","state_code":"QLD","country_code":"AU"}},{"type":"Feature","geometry":{"type":"Point","coordinates":[151.94181,-26.53677]},"properties":{"id":4339,"name":"Booie","state_code":"QLD","country_code":"AU"}},{"type":"Feature","geometry":{"type":"Point","coordinates":[152.68108,-27.99724]},"properties":{"id":4341,"name":"Boonah","state_code":"QLD","country_code":"AU"}},{"type":"Feature","geometry":{"type":"Point","coordinates":[153.06092,-27.35317]},"properties":{"id":4342,"name":"Boondall","state_code":"QLD","country_code":"AU"}},{"type":"Feature","geometry":{"type":"Point","coordinates":[152.9081,-25.36048]},"properties":{"id":4345,"name":"Booral","state_code":"QLD","country_code":"AU"}},{"type":"Feature","geometry":{"type":"Point","coordinates":[152.78944,-27.61328]},"properties":{"id":4347,"name":"Booval","state_code":"QLD","country_code":"AU"}},{"type":"Feature","geometry":{"type":"Point","coordinates":[153.01959,-27.68855]},"properties":{"id":4350,"name":"Boronia Heights","state_code":"QLD","country_code":"AU"}},{"type":"Feature","geometry":{"type":"Point","coordinates":[150.46951,-23.57054]},"properties":{"id":4357,"name":"Bouldercombe","state_code":"QLD","country_code":"AU"}},{"type":"Feature","geometry":{"type":"Point","coordinates":[139.62534,-22.27908]},"properties":{"id":4358,"name":"Boulia","state_code":"QLD","country_code":"AU"}},{"type":"Feature","geometry":{"type":"Point","coordinates":[148.24754,-20.01367]},"properties":{"id":4362,"name":"Bowen","state_code":"QLD","country_code":"AU"}},{"type":"Feature","geometry":{"type":"Point","coordinates":[153.03728,-27.44369]},"properties":{"id":4363,"name":"Bowen Hills","state_code":"QLD","country_code":"AU"}},{"type":"Feature","geometry":{"type":"Point","coordinates":[151.35336,-23.94829]},"properties":{"id":4372,"name":"Boyne Island","state_code":"QLD","country_code":"AU"}},{"type":"Feature","geometry":{"type":"Point","coordinates":[153.03097,-27.3171]},"properties":{"id":4375,"name":"Bracken Ridge","state_code":"QLD","country_code":"AU"}},{"type":"Feature","geometry":{"type":"Point","coordinates":[147.35304,-19.55389]},"properties":{"id":4381,"name":"Brandon","state_code":"QLD","country_code":"AU"}},{"type":"Feature","geometry":{"type":"Point","coordinates":[152.27251,-24.91347]},"properties":{"id":4383,"name":"Branyan","state_code":"QLD","country_code":"AU"}},{"type":"Feature","geometry":{"type":"Point","coordinates":[152.74755,-27.59753]},"properties":{"id":4384,"name":"Brassall","state_code":"QLD","country_code":"AU"}},{"type":"Feature","geometry":{"type":"Point","coordinates":[152.96783,-27.29246]},"properties":{"id":4385,"name":"Bray Park","state_code":"QLD","country_code":"AU"}},{"type":"Feature","geometry":{"type":"Point","coordinates":[152.98393,-27.32114]},"properties":{"id":4389,"name":"Brendale","state_code":"QLD","country_code":"AU"}},{"type":"Feature","geometry":{"type":"Point","coordinates":[152.99432,-27.35538]},"properties":{"id":4394,"name":"Bridgeman Downs","state_code":"QLD","country_code":"AU"}},{"type":"Feature","geometry":{"type":"Point","coordinates":[153.05721,-27.29582]},"properties":{"id":4402,"name":"Brighton","state_code":"QLD","country_code":"AU"}},{"type":"Feature","geometry":{"type":"Point","coordinates":[145.71554,-16.89921]},"properties":{"id":4410,"name":"Brinsmead","state_code":"QLD","country_code":"AU"}},{"type":"Feature","geometry":{"type":"Point","coordinates":[153.02809,-27.46794]},"properties":{"id":4411,"name":"Brisbane","state_code":"QLD","country_code":"AU"}},{"type":"Feature","geometry":{"type":"Point","coordinates":[153.43343,-28.02782]},"properties":{"id":4412,"name":"Broadbeach","state_code":"QLD","country_code":"AU"}},{"type":"Feature","geometry":{"type":"Point","coordinates":[153.42502,-28.03498]},"properties":{"id":4413,"name":"Broadbeach Waters","state_code":"QLD","country_code":"AU"}},{"type":"Feature","geometry":{"type":"Point","coordinates":[152.9,-27.5]},"properties":{"id":4426,"name":"Brookfield","state_code":"QLD","country_code":"AU"}},{"type":"Feature","geometry":{"type":"Point","coordinates":[152.89669,-27.66128]},"properties":{"id":4431,"name":"Brookwater","state_code":"QLD","country_code":"AU"}},{"type":"Feature","geometry":{"type":"Point","coordinates":[149.15726,-21.03494]},"properties":{"id":4443,"name":"Bucasia","state_code":"QLD","country_code":"AU"}},{"type":"Feature","geometry":{"type":"Point","coordinates":[152.1,-24.86667]},"properties":{"id":4444,"name":"Bucca","state_code":"QLD","country_code":"AU"}},{"type":"Feature","geometry":{"type":"Point","coordinates":[153.13333,-27.75]},"properties":{"id":4445,"name":"Buccan","state_code":"QLD","country_code":"AU"}},{"type":"Feature","geometry":{"type":"Point","coordinates":[153.13302,-26.69565]},"properties":{"id":4446,"name":"Buddina","state_code":"QLD","country_code":"AU"}},{"type":"Feature","geometry":{"type":"Point","coordinates":[153.05705,-26.68443]},"properties":{"id":4447,"name":"Buderim","state_code":"QLD","country_code":"AU"}},{"type":"Feature","geometry":{"type":"Point","coordinates":[153.05766,-27.4499]},"properties":{"id":4452,"name":"Bulimba","state_code":"QLD","country_code":"AU"}},{"type":"Feature","geometry":{"type":"Point","coordinates":[142.9128,-27.83079]},"properties":{"id":4457,"name":"Bulloo","state_code":"QLD","country_code":"AU"}},{"type":"Feature","geometry":{"type":"Point","coordinates":[151.98442,-24.97305]},"properties":{"id":4461,"name":"Bundaberg","state_code":"QLD","country_code":"AU"}},{"type":"Feature","geometry":{"type":"Point","coordinates":[152.38003,-24.8586]},"properties":{"id":4462,"name":"Bundaberg East","state_code":"QLD","country_code":"AU"}},{"type":"Feature","geometry":{"type":"Point","coordinates":[152.34638,-24.84914]},"properties":{"id":4463,"name":"Bundaberg North","state_code":"QLD","country_code":"AU"}},{"type":"Feature","geometry":{"type":"Point","coordinates":[152.35986,-24.87277]},"properties":{"id":4464,"name":"Bundaberg South","state_code":"QLD","country_code":"AU"}},{"type":"Feature","geometry":{"type":"Point","coordinates":[152.33647,-24.87265]},"properties":{"id":4465,"name":"Bundaberg West","state_code":"QLD","country_code":"AU"}},{"type":"Feature","geometry":{"type":"Point","coordinates":[153.40479,-28.01111]},"properties":{"id":4466,"name":"Bundall","state_code":"QLD","country_code":"AU"}},{"type":"Feature","geometry":{"type":"Point","coordinates":[152.81133,-27.60947]},"properties":{"id":4467,"name":"Bundamba","state_code":"QLD","country_code":"AU"}},{"type":"Feature","geometry":{"type":"Point","coordinates":[145.75634,-16.93855]},"properties":{"id":4471,"name":"Bungalow","state_code":"QLD","country_code":"AU"}},{"type":"Feature","geometry":{"type":"Point","coordinates":[152.94331,-27.3694]},"properties":{"id":4475,"name":"Bunya","state_code":"QLD","country_code":"AU"}},{"type":"Feature","geometry":{"type":"Point","coordinates":[153.14701,-27.55584]},"properties":{"id":4477,"name":"Burbank","state_code":"QLD","country_code":"AU"}},{"type":"Feature","geometry":{"type":"Point","coordinates":[147.27239,-19.84934]},"properties":{"id":4478,"name":"Burdekin","state_code":"QLD","country_code":"AU"}},{"type":"Feature","geometry":{"type":"Point","coordinates":[146.69877,-19.25056]},"properties":{"id":4479,"name":"Burdell","state_code":"QLD","country_code":"AU"}},{"type":"Feature","geometry":{"type":"Point","coordinates":[139.03748,-18.06461]},"properties":{"id":4480,"name":"Burke","state_code":"QLD","country_code":"AU"}},{"type":"Feature","geometry":{"type":"Point","coordinates":[153.45,-28.1]},"properties":{"id":4481,"name":"Burleigh Heads","state_code":"QLD","country_code":"AU"}},{"type":"Feature","geometry":{"type":"Point","coordinates":[153.42463,-28.09975]},"properties":{"id":4482,"name":"Burleigh Waters","state_code":"QLD","country_code":"AU"}},{"type":"Feature","geometry":{"type":"Point","coordinates":[152.4127,-24.76468]},"properties":{"id":4483,"name":"Burnett Heads","state_code":"QLD","country_code":"AU"}},{"type":"Feature","geometry":{"type":"Point","coordinates":[152.94063,-26.63255]},"properties":{"id":4488,"name":"Burnside","state_code":"QLD","country_code":"AU"}},{"type":"Feature","geometry":{"type":"Point","coordinates":[152.95758,-27.15746]},"properties":{"id":4491,"name":"Burpengary","state_code":"QLD","country_code":"AU"}},{"type":"Feature","geometry":{"type":"Point","coordinates":[152.99968,-27.14447]},"properties":{"id":4492,"name":"Burpengary East","state_code":"QLD","country_code":"AU"}},{"type":"Feature","geometry":{"type":"Point","coordinates":[152.61263,-25.18457]},"properties":{"id":4497,"name":"Burrum Heads","state_code":"QLD","country_code":"AU"}},{"type":"Feature","geometry":{"type":"Point","coordinates":[146.67682,-19.19134]},"properties":{"id":4504,"name":"Bushland Beach","state_code":"QLD","country_code":"AU"}},{"type":"Feature","geometry":{"type":"Point","coordinates":[152,-27.43333]},"properties":{"id":4515,"name":"Cabarlah","state_code":"QLD","country_code":"AU"}},{"type":"Feature","geometry":{"type":"Point","coordinates":[152.9511,-27.08465]},"properties":{"id":4518,"name":"Caboolture","state_code":"QLD","country_code":"AU"}},{"type":"Feature","geometry":{"type":"Point","coordinates":[152.94874,-27.09389]},"properties":{"id":4519,"name":"Caboolture South","state_code":"QLD","country_code":"AU"}},{"type":"Feature","geometry":{"type":"Point","coordinates":[145.75287,-16.90268]},"properties":{"id":4524,"name":"Cairns","state_code":"QLD","country_code":"AU"}},{"type":"Feature","geometry":{"type":"Point","coordinates":[145.75703,-16.90406]},"properties":{"id":4526,"name":"Cairns North","state_code":"QLD","country_code":"AU"}},{"type":"Feature","geometry":{"type":"Point","coordinates":[153.04785,-27.62329]},"properties":{"id":4528,"name":"Calamvale","state_code":"QLD","country_code":"AU"}},{"type":"Feature","geometry":{"type":"Point","coordinates":[151.20033,-24.00705]},"properties":{"id":4533,"name":"Calliope","state_code":"QLD","country_code":"AU"}},{"type":"Feature","geometry":{"type":"Point","coordinates":[153.12195,-26.80346]},"properties":{"id":4534,"name":"Caloundra","state_code":"QLD","country_code":"AU"}},{"type":"Feature","geometry":{"type":"Point","coordinates":[153.10894,-26.80634]},"properties":{"id":4535,"name":"Caloundra West","state_code":"QLD","country_code":"AU"}},{"type":"Feature","geometry":{"type":"Point","coordinates":[151.86029,-27.71454]},"properties":{"id":4539,"name":"Cambooya","state_code":"QLD","country_code":"AU"}},{"type":"Feature","geometry":{"type":"Point","coordinates":[152.92091,-27.63461]},"properties":{"id":4550,"name":"Camira","state_code":"QLD","country_code":"AU"}},{"type":"Feature","geometry":{"type":"Point","coordinates":[153.07629,-27.49354]},"properties":{"id":4552,"name":"Camp Hill","state_code":"QLD","country_code":"AU"}},{"type":"Feature","geometry":{"type":"Point","coordinates":[152.88333,-27.4]},"properties":{"id":4553,"name":"Camp Mountain","state_code":"QLD","country_code":"AU"}},{"type":"Feature","geometry":{"type":"Point","coordinates":[153.09475,-27.47237]},"properties":{"id":4572,"name":"Cannon Hill","state_code":"QLD","country_code":"AU"}},{"type":"Feature","geometry":{"type":"Point","coordinates":[148.69759,-20.27681]},"properties":{"id":4573,"name":"Cannonvale","state_code":"QLD","country_code":"AU"}},{"type":"Feature","geometry":{"type":"Point","coordinates":[153.16525,-28.01689]},"properties":{"id":4578,"name":"Canungra","state_code":"QLD","country_code":"AU"}},{"type":"Feature","geometry":{"type":"Point","coordinates":[153.20287,-27.54333]},"properties":{"id":4579,"name":"Capalaba","state_code":"QLD","country_code":"AU"}},{"type":"Feature","geometry":{"type":"Point","coordinates":[148.02206,-23.08593]},"properties":{"id":4582,"name":"Capella","state_code":"QLD","country_code":"AU"}},{"type":"Feature","geometry":{"type":"Point","coordinates":[145.68099,-16.87063]},"properties":{"id":4583,"name":"Caravonica","state_code":"QLD","country_code":"AU"}},{"type":"Feature","geometry":{"type":"Point","coordinates":[153.25,-27.68333]},"properties":{"id":4584,"name":"Carbrook","state_code":"QLD","country_code":"AU"}},{"type":"Feature","geometry":{"type":"Point","coordinates":[146.02804,-18.26693]},"properties":{"id":4590,"name":"Cardwell","state_code":"QLD","country_code":"AU"}},{"type":"Feature","geometry":{"type":"Point","coordinates":[153.09126,-27.50721]},"properties":{"id":4592,"name":"Carina Heights","state_code":"QLD","country_code":"AU"}},{"type":"Feature","geometry":{"type":"Point","coordinates":[153.10236,-27.50578]},"properties":{"id":4593,"name":"Carindale","state_code":"QLD","country_code":"AU"}},{"type":"Feature","geometry":{"type":"Point","coordinates":[141.3531,-17.32216]},"properties":{"id":4608,"name":"Carpentaria","state_code":"QLD","country_code":"AU"}},{"type":"Feature","geometry":{"type":"Point","coordinates":[153.36635,-28.02151]},"properties":{"id":4611,"name":"Carrara","state_code":"QLD","country_code":"AU"}},{"type":"Feature","geometry":{"type":"Point","coordinates":[153.02307,-27.34753]},"properties":{"id":4616,"name":"Carseldine","state_code":"QLD","country_code":"AU"}},{"type":"Feature","geometry":{"type":"Point","coordinates":[152.90662,-27.29767]},"properties":{"id":4622,"name":"Cashmere","state_code":"QLD","country_code":"AU"}},{"type":"Feature","geometry":{"type":"Point","coordinates":[145.96561,-17.96785]},"properties":{"id":4624,"name":"Cassowary Coast","state_code":"QLD","country_code":"AU"}},{"type":"Feature","geometry":{"type":"Point","coordinates":[152.98333,-27.86667]},"properties":{"id":4644,"name":"Cedar Grove","state_code":"QLD","country_code":"AU"}},{"type":"Feature","geometry":{"type":"Point","coordinates":[153.02891,-27.88923]},"properties":{"id":4645,"name":"Cedar Vale","state_code":"QLD","country_code":"AU"}},{"type":"Feature","geometry":{"type":"Point","coordinates":[151.96249,-27.58684]},"properties":{"id":4647,"name":"Centenary Heights","state_code":"QLD","country_code":"AU"}},{"type":"Feature","geometry":{"type":"Point","coordinates":[148.31958,-24.06336]},"properties":{"id":4654,"name":"Central Highlands","state_code":"QLD","country_code":"AU"}},{"type":"Feature","geometry":{"type":"Point","coordinates":[153.07764,-27.74811]},"properties":{"id":4658,"name":"Chambers Flat","state_code":"QLD","country_code":"AU"}},{"type":"Feature","geometry":{"type":"Point","coordinates":[153.14907,-27.51398]},"properties":{"id":4660,"name":"Chandler","state_code":"QLD","country_code":"AU"}},{"type":"Feature","geometry":{"type":"Point","coordinates":[152.95012,-27.50264]},"properties":{"id":4661,"name":"Chapel Hill","state_code":"QLD","country_code":"AU"}},{"type":"Feature","geometry":{"type":"Point","coordinates":[146.24274,-26.40542]},"properties":{"id":4666,"name":"Charleville","state_code":"QLD","country_code":"AU"}},{"type":"Feature","geometry":{"type":"Point","coordinates":[145.81645,-20.20927]},"properties":{"id":4670,"name":"Charters Towers","state_code":"QLD","country_code":"AU"}},{"type":"Feature","geometry":{"type":"Point","coordinates":[152.61503,-26.14398]},"properties":{"id":4674,"name":"Chatsworth","state_code":"QLD","country_code":"AU"}},{"type":"Feature","geometry":{"type":"Point","coordinates":[152.97524,-27.51326]},"properties":{"id":4675,"name":"Chelmer","state_code":"QLD","country_code":"AU"}},{"type":"Feature","geometry":{"type":"Point","coordinates":[151.93279,-26.2875]},"properties":{"id":4680,"name":"Cherbourg","state_code":"QLD","country_code":"AU"}},{"type":"Feature","geometry":{"type":"Point","coordinates":[153.03062,-27.38472]},"properties":{"id":4681,"name":"Chermside","state_code":"QLD","country_code":"AU"}},{"type":"Feature","geometry":{"type":"Point","coordinates":[153.01586,-27.38383]},"properties":{"id":4682,"name":"Chermside West","state_code":"QLD","country_code":"AU"}},{"type":"Feature","geometry":{"type":"Point","coordinates":[152.27876,-25.23708]},"properties":{"id":4690,"name":"Childers","state_code":"QLD","country_code":"AU"}},{"type":"Feature","geometry":{"type":"Point","coordinates":[150.6297,-26.73787]},"properties":{"id":4692,"name":"Chinchilla","state_code":"QLD","country_code":"AU"}},{"type":"Feature","geometry":{"type":"Point","coordinates":[152.75022,-27.64233]},"properties":{"id":4703,"name":"Churchill","state_code":"QLD","country_code":"AU"}},{"type":"Feature","geometry":{"type":"Point","coordinates":[152.77844,-27.5662]},"properties":{"id":4706,"name":"Chuwar","state_code":"QLD","country_code":"AU"}},{"type":"Feature","geometry":{"type":"Point","coordinates":[153.05818,-27.41894]},"properties":{"id":4728,"name":"Clayfield","state_code":"QLD","country_code":"AU"}},{"type":"Feature","geometry":{"type":"Point","coordinates":[153.39815,-28.05308]},"properties":{"id":4732,"name":"Clear Island Waters","state_code":"QLD","country_code":"AU"}},{"type":"Feature","geometry":{"type":"Point","coordinates":[147.63635,-22.82407]},"properties":{"id":4735,"name":"Clermont","state_code":"QLD","country_code":"AU"}},{"type":"Feature","geometry":{"type":"Point","coordinates":[153.26516,-27.52677]},"properties":{"id":4737,"name":"Cleveland","state_code":"QLD","country_code":"AU"}},{"type":"Feature","geometry":{"type":"Point","coordinates":[151.9066,-27.93374]},"properties":{"id":4738,"name":"Clifton","state_code":"QLD","country_code":"AU"}},{"type":"Feature","geometry":{"type":"Point","coordinates":[145.67167,-16.76313]},"properties":{"id":4739,"name":"Clifton Beach","state_code":"QLD","country_code":"AU"}},{"type":"Feature","geometry":{"type":"Point","coordinates":[151.21793,-23.87518]},"properties":{"id":4742,"name":"Clinton","state_code":"QLD","country_code":"AU"}},{"type":"Feature","geometry":{"type":"Point","coordinates":[140.27115,-20.69889]},"properties":{"id":4743,"name":"Cloncurry","state_code":"QLD","country_code":"AU"}},{"type":"Feature","geometry":{"type":"Point","coordinates":[153.07835,-27.25341]},"properties":{"id":4744,"name":"Clontarf","state_code":"QLD","country_code":"AU"}},{"type":"Feature","geometry":{"type":"Point","coordinates":[152.94943,-26.6472]},"properties":{"id":4762,"name":"Coes Creek","state_code":"QLD","country_code":"AU"}},{"type":"Feature","geometry":{"type":"Point","coordinates":[152.86008,-27.61282]},"properties":{"id":4776,"name":"Collingwood Park","state_code":"QLD","country_code":"AU"}},{"type":"Feature","geometry":{"type":"Point","coordinates":[147.84399,-20.55223]},"properties":{"id":4777,"name":"Collinsville","state_code":"QLD","country_code":"AU"}},{"type":"Feature","geometry":{"type":"Point","coordinates":[146.71663,-19.32968]},"properties":{"id":4789,"name":"Condon","state_code":"QLD","country_code":"AU"}},{"type":"Feature","geometry":{"type":"Point","coordinates":[150.76113,-23.14427]},"properties":{"id":4796,"name":"Cooee Bay","state_code":"QLD","country_code":"AU"}},{"type":"Feature","geometry":{"type":"Point","coordinates":[143.53156,-13.68149]},"properties":{"id":4800,"name":"Cook Shire","state_code":"QLD","country_code":"AU"}},{"type":"Feature","geometry":{"type":"Point","coordinates":[145.24984,-15.4657]},"properties":{"id":4802,"name":"Cooktown","state_code":"QLD","country_code":"AU"}},{"type":"Feature","geometry":{"type":"Point","coordinates":[153.53471,-28.16944]},"properties":{"id":4805,"name":"Coolangatta","state_code":"QLD","country_code":"AU"}},{"type":"Feature","geometry":{"type":"Point","coordinates":[152.99355,-25.9864]},"properties":{"id":4810,"name":"Cooloola Cove","state_code":"QLD","country_code":"AU"}},{"type":"Feature","geometry":{"type":"Point","coordinates":[153.08809,-26.5283]},"properties":{"id":4812,"name":"Coolum Beach","state_code":"QLD","country_code":"AU"}},{"type":"Feature","geometry":{"type":"Point","coordinates":[153.37093,-27.91073]},"properties":{"id":4815,"name":"Coombabah","state_code":"QLD","country_code":"AU"}},{"type":"Feature","geometry":{"type":"Point","coordinates":[153.33901,-27.84333]},"properties":{"id":4817,"name":"Coomera","state_code":"QLD","country_code":"AU"}},{"type":"Feature","geometry":{"type":"Point","coordinates":[152.5006,-27.39009]},"properties":{"id":4818,"name":"Coominya","state_code":"QLD","country_code":"AU"}},{"type":"Feature","geometry":{"type":"Point","coordinates":[153.04067,-27.56463]},"properties":{"id":4821,"name":"Coopers Plains","state_code":"QLD","country_code":"AU"}},{"type":"Feature","geometry":{"type":"Point","coordinates":[152.82246,-26.33689]},"properties":{"id":4822,"name":"Cooran","state_code":"QLD","country_code":"AU"}},{"type":"Feature","geometry":{"type":"Point","coordinates":[152.98599,-26.36316]},"properties":{"id":4824,"name":"Cooroibah","state_code":"QLD","country_code":"AU"}},{"type":"Feature","geometry":{"type":"Point","coordinates":[152.91149,-26.41778]},"properties":{"id":4826,"name":"Cooroy","state_code":"QLD","country_code":"AU"}},{"type":"Feature","geometry":{"type":"Point","coordinates":[153.05826,-27.49325]},"properties":{"id":4827,"name":"Coorparoo","state_code":"QLD","country_code":"AU"}},{"type":"Feature","geometry":{"type":"Point","coordinates":[148.3005,-21.9471]},"properties":{"id":4830,"name":"Coppabella","state_code":"QLD","country_code":"AU"}},{"type":"Feature","geometry":{"type":"Point","coordinates":[152.48266,-24.88309]},"properties":{"id":4833,"name":"Coral Cove","state_code":"QLD","country_code":"AU"}},{"type":"Feature","geometry":{"type":"Point","coordinates":[152.98215,-27.54381]},"properties":{"id":4836,"name":"Corinda","state_code":"QLD","country_code":"AU"}},{"type":"Feature","geometry":{"type":"Point","coordinates":[153.21667,-27.66667]},"properties":{"id":4840,"name":"Cornubia","state_code":"QLD","country_code":"AU"}},{"type":"Feature","geometry":{"type":"Point","coordinates":[151.89516,-27.52241]},"properties":{"id":4847,"name":"Cotswold Hills","state_code":"QLD","country_code":"AU"}},{"type":"Feature","geometry":{"type":"Point","coordinates":[145.46963,-16.53789]},"properties":{"id":4861,"name":"Craiglie","state_code":"QLD","country_code":"AU"}},{"type":"Feature","geometry":{"type":"Point","coordinates":[152.72429,-25.28258]},"properties":{"id":4863,"name":"Craignish","state_code":"QLD","country_code":"AU"}},{"type":"Feature","geometry":{"type":"Point","coordinates":[146.75286,-19.30553]},"properties":{"id":4870,"name":"Cranbrook","state_code":"QLD","country_code":"AU"}},{"type":"Feature","geometry":{"type":"Point","coordinates":[151.923,-27.51504]},"properties":{"id":4872,"name":"Cranley","state_code":"QLD","country_code":"AU"}},{"type":"Feature","geometry":{"type":"Point","coordinates":[153.08444,-27.68759]},"properties":{"id":4879,"name":"Crestmead","state_code":"QLD","country_code":"AU"}},{"type":"Feature","geometry":{"type":"Point","coordinates":[152.05164,-27.25993]},"properties":{"id":4888,"name":"Crows Nest","state_code":"QLD","country_code":"AU"}},{"type":"Feature","geometry":{"type":"Point","coordinates":[142.32249,-18.5136]},"properties":{"id":4891,"name":"Croydon","state_code":"QLD","country_code":"AU"}},{"type":"Feature","geometry":{"type":"Point","coordinates":[145.68439,-28.06766]},"properties":{"id":4905,"name":"Cunnamulla","state_code":"QLD","country_code":"AU"}},{"type":"Feature","geometry":{"type":"Point","coordinates":[152.58333,-26.06667]},"properties":{"id":4907,"name":"Curra","state_code":"QLD","country_code":"AU"}},{"type":"Feature","geometry":{"type":"Point","coordinates":[146.77918,-19.27566]},"properties":{"id":4908,"name":"Currajong","state_code":"QLD","country_code":"AU"}},{"type":"Feature","geometry":{"type":"Point","coordinates":[153.12237,-26.76925]},"properties":{"id":4912,"name":"Currimundi","state_code":"QLD","country_code":"AU"}},{"type":"Feature","geometry":{"type":"Point","coordinates":[153.48158,-28.13649]},"properties":{"id":4913,"name":"Currumbin","state_code":"QLD","country_code":"AU"}},{"type":"Feature","geometry":{"type":"Point","coordinates":[153.39424,-28.20805]},"properties":{"id":4914,"name":"Currumbin Valley","state_code":"QLD","country_code":"AU"}},{"type":"Feature","geometry":{"type":"Point","coordinates":[153.47282,-28.15442]},"properties":{"id":4915,"name":"Currumbin Waters","state_code":"QLD","country_code":"AU"}},{"type":"Feature","geometry":{"type":"Point","coordinates":[152.8,-26.98333]},"properties":{"id":5054,"name":"D’Aguilar","state_code":"QLD","country_code":"AU"}},{"type":"Feature","geometry":{"type":"Point","coordinates":[153.15784,-27.63026]},"properties":{"id":4920,"name":"Daisy Hill","state_code":"QLD","country_code":"AU"}},{"type":"Feature","geometry":{"type":"Point","coordinates":[152.99097,-27.22594]},"properties":{"id":4921,"name":"Dakabin","state_code":"QLD","country_code":"AU"}},{"type":"Feature","geometry":{"type":"Point","coordinates":[151.26205,-27.18169]},"properties":{"id":4922,"name":"Dalby","state_code":"QLD","country_code":"AU"}},{"type":"Feature","geometry":{"type":"Point","coordinates":[151.93045,-27.59659]},"properties":{"id":4939,"name":"Darling Heights","state_code":"QLD","country_code":"AU"}},{"type":"Feature","geometry":{"type":"Point","coordinates":[152.95395,-27.56693]},"properties":{"id":4946,"name":"Darra","state_code":"QLD","country_code":"AU"}},{"type":"Feature","geometry":{"type":"Point","coordinates":[152.82253,-27.19632]},"properties":{"id":4953,"name":"Dayboro","state_code":"QLD","country_code":"AU"}},{"type":"Feature","geometry":{"type":"Point","coordinates":[153.06126,-27.32788]},"properties":{"id":4956,"name":"Deagon","state_code":"QLD","country_code":"AU"}},{"type":"Feature","geometry":{"type":"Point","coordinates":[153.02631,-27.19354]},"properties":{"id":4959,"name":"Deception Bay","state_code":"QLD","country_code":"AU"}},{"type":"Feature","geometry":{"type":"Point","coordinates":[152.74867,-27.66719]},"properties":{"id":4961,"name":"Deebing Heights","state_code":"QLD","country_code":"AU"}},{"type":"Feature","geometry":{"type":"Point","coordinates":[146.6757,-19.24741]},"properties":{"id":4963,"name":"Deeragun","state_code":"QLD","country_code":"AU"}},{"type":"Feature","geometry":{"type":"Point","coordinates":[152.79553,-27.00021]},"properties":{"id":4966,"name":"Delaneys Creek","state_code":"QLD","country_code":"AU"}},{"type":"Feature","geometry":{"type":"Point","coordinates":[150.52102,-23.39024]},"properties":{"id":4976,"name":"Depot Hill","state_code":"QLD","country_code":"AU"}},{"type":"Feature","geometry":{"type":"Point","coordinates":[140.07163,-24.57676]},"properties":{"id":4986,"name":"Diamantina","state_code":"QLD","country_code":"AU"}},{"type":"Feature","geometry":{"type":"Point","coordinates":[153.13766,-26.78364]},"properties":{"id":4990,"name":"Dicky Beach","state_code":"QLD","country_code":"AU"}},{"type":"Feature","geometry":{"type":"Point","coordinates":[153.04959,-26.64166]},"properties":{"id":4991,"name":"Diddillibah","state_code":"QLD","country_code":"AU"}},{"type":"Feature","geometry":{"type":"Point","coordinates":[145.10969,-17.14752]},"properties":{"id":4994,"name":"Dimbulah","state_code":"QLD","country_code":"AU"}},{"type":"Feature","geometry":{"type":"Point","coordinates":[152.98547,-27.61328]},"properties":{"id":5008,"name":"Doolandella","state_code":"QLD","country_code":"AU"}},{"type":"Feature","geometry":{"type":"Point","coordinates":[138.74359,-17.63879]},"properties":{"id":5009,"name":"Doomadgee","state_code":"QLD","country_code":"AU"}},{"type":"Feature","geometry":{"type":"Point","coordinates":[152.99204,-26.43964]},"properties":{"id":5010,"name":"Doonan","state_code":"QLD","country_code":"AU"}},{"type":"Feature","geometry":{"type":"Point","coordinates":[146.75234,-19.32394]},"properties":{"id":5018,"name":"Douglas","state_code":"QLD","country_code":"AU"}},{"type":"Feature","geometry":{"type":"Point","coordinates":[151.90109,-27.60011]},"properties":{"id":5025,"name":"Drayton","state_code":"QLD","country_code":"AU"}},{"type":"Feature","geometry":{"type":"Point","coordinates":[153.05458,-27.64768]},"properties":{"id":5026,"name":"Drewvale","state_code":"QLD","country_code":"AU"}},{"type":"Feature","geometry":{"type":"Point","coordinates":[152.76232,-25.26934]},"properties":{"id":5043,"name":"Dundowran Beach","state_code":"QLD","country_code":"AU"}},{"type":"Feature","geometry":{"type":"Point","coordinates":[152.98577,-27.58947]},"properties":{"id":5049,"name":"Durack","state_code":"QLD","country_code":"AU"}},{"type":"Feature","geometry":{"type":"Point","coordinates":[153.02796,-27.49662]},"properties":{"id":5051,"name":"Dutton Park","state_code":"QLD","country_code":"AU"}},{"type":"Feature","geometry":{"type":"Point","coordinates":[148.34924,-22.58825]},"properties":{"id":5053,"name":"Dysart","state_code":"QLD","country_code":"AU"}},{"type":"Feature","geometry":{"type":"Point","coordinates":[153.0722913,-27.4315185]},"properties":{"id":149309,"name":"Eagle Farm","state_code":"QLD","country_code":"AU"}},{"type":"Feature","geometry":{"type":"Point","coordinates":[153.21667,-27.68333]},"properties":{"id":5057,"name":"Eagleby","state_code":"QLD","country_code":"AU"}},{"type":"Feature","geometry":{"type":"Point","coordinates":[145.73308,-16.95078]},"properties":{"id":5060,"name":"Earlville","state_code":"QLD","country_code":"AU"}},{"type":"Feature","geometry":{"type":"Point","coordinates":[153.04401,-27.48099]},"properties":{"id":5068,"name":"East Brisbane","state_code":"QLD","country_code":"AU"}},{"type":"Feature","geometry":{"type":"Point","coordinates":[146.03487,-17.53324]},"properties":{"id":5079,"name":"East Innisfail","state_code":"QLD","country_code":"AU"}},{"type":"Feature","geometry":{"type":"Point","coordinates":[152.77232,-27.60637]},"properties":{"id":5080,"name":"East Ipswich","state_code":"QLD","country_code":"AU"}},{"type":"Feature","geometry":{"type":"Point","coordinates":[149.1964,-21.14979]},"properties":{"id":5088,"name":"East Mackay","state_code":"QLD","country_code":"AU"}},{"type":"Feature","geometry":{"type":"Point","coordinates":[151.97422,-27.57086]},"properties":{"id":5096,"name":"East Toowoomba","state_code":"QLD","country_code":"AU"}},{"type":"Feature","geometry":{"type":"Point","coordinates":[152.77828,-27.62849]},"properties":{"id":5098,"name":"Eastern Heights","state_code":"QLD","country_code":"AU"}},{"type":"Feature","geometry":{"type":"Point","coordinates":[152.9599,-27.3392]},"properties":{"id":5102,"name":"Eatons Hill","state_code":"QLD","country_code":"AU"}},{"type":"Feature","geometry":{"type":"Point","coordinates":[153.16943,-27.7027]},"properties":{"id":5109,"name":"Edens Landing","state_code":"QLD","country_code":"AU"}},{"type":"Feature","geometry":{"type":"Point","coordinates":[145.75,-16.9]},"properties":{"id":5111,"name":"Edge Hill","state_code":"QLD","country_code":"AU"}},{"type":"Feature","geometry":{"type":"Point","coordinates":[145.74443,-17.01902]},"properties":{"id":5117,"name":"Edmonton","state_code":"QLD","country_code":"AU"}},{"type":"Feature","geometry":{"type":"Point","coordinates":[153.1,-27.58333]},"properties":{"id":5121,"name":"Eight Mile Plains","state_code":"QLD","country_code":"AU"}},{"type":"Feature","geometry":{"type":"Point","coordinates":[149.1763,-21.03766]},"properties":{"id":5122,"name":"Eimeo","state_code":"QLD","country_code":"AU"}},{"type":"Feature","geometry":{"type":"Point","coordinates":[153.44931,-28.13577]},"properties":{"id":5123,"name":"Elanora","state_code":"QLD","country_code":"AU"}},{"type":"Feature","geometry":{"type":"Point","coordinates":[152.8091,-25.27922]},"properties":{"id":5128,"name":"Eli Waters","state_code":"QLD","country_code":"AU"}},{"type":"Feature","geometry":{"type":"Point","coordinates":[152.95,-27.01667]},"properties":{"id":5129,"name":"Elimbah","state_code":"QLD","country_code":"AU"}},{"type":"Feature","geometry":{"type":"Point","coordinates":[152.94385,-27.61529]},"properties":{"id":5140,"name":"Ellen Grove","state_code":"QLD","country_code":"AU"}},{"type":"Feature","geometry":{"type":"Point","coordinates":[152.48988,-24.91622]},"properties":{"id":5143,"name":"Elliott Heads","state_code":"QLD","country_code":"AU"}},{"type":"Feature","geometry":{"type":"Point","coordinates":[148.15784,-23.52296]},"properties":{"id":5151,"name":"Emerald","state_code":"QLD","country_code":"AU"}},{"type":"Feature","geometry":{"type":"Point","coordinates":[150.82679,-23.2568]},"properties":{"id":5156,"name":"Emu Park","state_code":"QLD","country_code":"AU"}},{"type":"Feature","geometry":{"type":"Point","coordinates":[152.97467,-27.42832]},"properties":{"id":5163,"name":"Enoggera","state_code":"QLD","country_code":"AU"}},{"type":"Feature","geometry":{"type":"Point","coordinates":[152.42223,-27.23895]},"properties":{"id":5174,"name":"Esk","state_code":"QLD","country_code":"AU"}},{"type":"Feature","geometry":{"type":"Point","coordinates":[143.53832,-18.56276]},"properties":{"id":5182,"name":"Etheridge","state_code":"QLD","country_code":"AU"}},{"type":"Feature","geometry":{"type":"Point","coordinates":[152.95395,-26.72963]},"properties":{"id":5185,"name":"Eudlo","state_code":"QLD","country_code":"AU"}},{"type":"Feature","geometry":{"type":"Point","coordinates":[152.95115,-26.47737]},"properties":{"id":5188,"name":"Eumundi","state_code":"QLD","country_code":"AU"}},{"type":"Feature","geometry":{"type":"Point","coordinates":[152.97126,-27.38909]},"properties":{"id":5199,"name":"Everton Hills","state_code":"QLD","country_code":"AU"}},{"type":"Feature","geometry":{"type":"Point","coordinates":[152.9884,-27.40732]},"properties":{"id":5200,"name":"Everton Park","state_code":"QLD","country_code":"AU"}},{"type":"Feature","geometry":{"type":"Point","coordinates":[153.02479,-27.50644]},"properties":{"id":5207,"name":"Fairfield","state_code":"QLD","country_code":"AU"}},{"type":"Feature","geometry":{"type":"Point","coordinates":[152.65321,-27.45475]},"properties":{"id":5228,"name":"Fernvale","state_code":"QLD","country_code":"AU"}},{"type":"Feature","geometry":{"type":"Point","coordinates":[152.93475,-27.4008]},"properties":{"id":5230,"name":"Ferny Grove","state_code":"QLD","country_code":"AU"}},{"type":"Feature","geometry":{"type":"Point","coordinates":[152.93737,-27.39594]},"properties":{"id":5231,"name":"Ferny Hills","state_code":"QLD","country_code":"AU"}},{"type":"Feature","geometry":{"type":"Point","coordinates":[152.9619,-27.52784]},"properties":{"id":5233,"name":"Fig Tree Pocket","state_code":"QLD","country_code":"AU"}},{"type":"Feature","geometry":{"type":"Point","coordinates":[153.02921,-27.33971]},"properties":{"id":5240,"name":"Fitzgibbon","state_code":"QLD","country_code":"AU"}},{"type":"Feature","geometry":{"type":"Point","coordinates":[144.38814,-20.8903]},"properties":{"id":5249,"name":"Flinders","state_code":"QLD","country_code":"AU"}},{"type":"Feature","geometry":{"type":"Point","coordinates":[152.77451,-27.65046]},"properties":{"id":5253,"name":"Flinders View","state_code":"QLD","country_code":"AU"}},{"type":"Feature","geometry":{"type":"Point","coordinates":[153.00453,-26.68864]},"properties":{"id":5262,"name":"Forest Glen","state_code":"QLD","country_code":"AU"}},{"type":"Feature","geometry":{"type":"Point","coordinates":[152.96883,-27.62563]},"properties":{"id":5265,"name":"Forest Lake","state_code":"QLD","country_code":"AU"}},{"type":"Feature","geometry":{"type":"Point","coordinates":[153.00383,-27.66334]},"properties":{"id":5267,"name":"Forestdale","state_code":"QLD","country_code":"AU"}},{"type":"Feature","geometry":{"type":"Point","coordinates":[153.03178,-27.45706]},"properties":{"id":5275,"name":"Fortitude Valley","state_code":"QLD","country_code":"AU"}},{"type":"Feature","geometry":{"type":"Point","coordinates":[152.67024,-25.34145]},"properties":{"id":5285,"name":"Fraser Coast","state_code":"QLD","country_code":"AU"}},{"type":"Feature","geometry":{"type":"Point","coordinates":[150.5445,-23.34761]},"properties":{"id":5291,"name":"Frenchville","state_code":"QLD","country_code":"AU"}},{"type":"Feature","geometry":{"type":"Point","coordinates":[145.71667,-16.88333]},"properties":{"id":5293,"name":"Freshwater","state_code":"QLD","country_code":"AU"}},{"type":"Feature","geometry":{"type":"Point","coordinates":[152.9132,-27.61133]},"properties":{"id":5298,"name":"Gailes","state_code":"QLD","country_code":"AU"}},{"type":"Feature","geometry":{"type":"Point","coordinates":[146.78224,-19.26602]},"properties":{"id":5302,"name":"Garbutt","state_code":"QLD","country_code":"AU"}},{"type":"Feature","geometry":{"type":"Point","coordinates":[152.27618,-27.55873]},"properties":{"id":5308,"name":"Gatton","state_code":"QLD","country_code":"AU"}},{"type":"Feature","geometry":{"type":"Point","coordinates":[153.33453,-27.95651]},"properties":{"id":5309,"name":"Gaven","state_code":"QLD","country_code":"AU"}},{"type":"Feature","geometry":{"type":"Point","coordinates":[151.61144,-25.62522]},"properties":{"id":5313,"name":"Gayndah","state_code":"QLD","country_code":"AU"}},{"type":"Feature","geometry":{"type":"Point","coordinates":[152.98333,-27.41667]},"properties":{"id":5314,"name":"Gaythorne","state_code":"QLD","country_code":"AU"}},{"type":"Feature","geometry":{"type":"Point","coordinates":[153.04712,-27.37246]},"properties":{"id":5315,"name":"Geebung","state_code":"QLD","country_code":"AU"}},{"type":"Feature","geometry":{"type":"Point","coordinates":[153.3,-28.03333]},"properties":{"id":5337,"name":"Gilston","state_code":"QLD","country_code":"AU"}},{"type":"Feature","geometry":{"type":"Point","coordinates":[151.95808,-24.99363]},"properties":{"id":5338,"name":"Gin Gin","state_code":"QLD","country_code":"AU"}},{"type":"Feature","geometry":{"type":"Point","coordinates":[151.65818,-24.01869]},"properties":{"id":5347,"name":"Gladstone","state_code":"QLD","country_code":"AU"}},{"type":"Feature","geometry":{"type":"Point","coordinates":[151.24887,-23.84281]},"properties":{"id":5348,"name":"Gladstone Central","state_code":"QLD","country_code":"AU"}},{"type":"Feature","geometry":{"type":"Point","coordinates":[152.95319,-26.89758]},"properties":{"id":5352,"name":"Glass House Mountains","state_code":"QLD","country_code":"AU"}},{"type":"Feature","geometry":{"type":"Point","coordinates":[151.27133,-23.89738]},"properties":{"id":5355,"name":"Glen Eden","state_code":"QLD","country_code":"AU"}},{"type":"Feature","geometry":{"type":"Point","coordinates":[152.98333,-27.93333]},"properties":{"id":5370,"name":"Gleneagle","state_code":"QLD","country_code":"AU"}},{"type":"Feature","geometry":{"type":"Point","coordinates":[149.14453,-21.11768]},"properties":{"id":5376,"name":"Glenella","state_code":"QLD","country_code":"AU"}},{"type":"Feature","geometry":{"type":"Point","coordinates":[151.8934,-27.56818]},"properties":{"id":5391,"name":"Glenvale","state_code":"QLD","country_code":"AU"}},{"type":"Feature","geometry":{"type":"Point","coordinates":[153.01667,-26.76667]},"properties":{"id":5392,"name":"Glenview","state_code":"QLD","country_code":"AU"}},{"type":"Feature","geometry":{"type":"Point","coordinates":[153.43088,-28.00029]},"properties":{"id":5400,"name":"Gold Coast","state_code":"QLD","country_code":"AU"}},{"type":"Feature","geometry":{"type":"Point","coordinates":[153.11972,-26.82177]},"properties":{"id":5402,"name":"Golden Beach","state_code":"QLD","country_code":"AU"}},{"type":"Feature","geometry":{"type":"Point","coordinates":[152.33154,-24.82312]},"properties":{"id":5407,"name":"Gooburrum","state_code":"QLD","country_code":"AU"}},{"type":"Feature","geometry":{"type":"Point","coordinates":[152.89896,-27.61046]},"properties":{"id":5408,"name":"Goodna","state_code":"QLD","country_code":"AU"}},{"type":"Feature","geometry":{"type":"Point","coordinates":[150.31345,-28.46221]},"properties":{"id":5415,"name":"Goondiwindi","state_code":"QLD","country_code":"AU"}},{"type":"Feature","geometry":{"type":"Point","coordinates":[153.02547,-27.41899]},"properties":{"id":5421,"name":"Gordon Park","state_code":"QLD","country_code":"AU"}},{"type":"Feature","geometry":{"type":"Point","coordinates":[145.78038,-17.09959]},"properties":{"id":5422,"name":"Gordonvale","state_code":"QLD","country_code":"AU"}},{"type":"Feature","geometry":{"type":"Point","coordinates":[151.88333,-27.48333]},"properties":{"id":5430,"name":"Gowrie Junction","state_code":"QLD","country_code":"AU"}},{"type":"Feature","geometry":{"type":"Point","coordinates":[150.45749,-23.43792]},"properties":{"id":5432,"name":"Gracemere","state_code":"QLD","country_code":"AU"}},{"type":"Feature","geometry":{"type":"Point","coordinates":[152.98222,-27.52201]},"properties":{"id":5433,"name":"Graceville","state_code":"QLD","country_code":"AU"}},{"type":"Feature","geometry":{"type":"Point","coordinates":[153.01527,-27.42251]},"properties":{"id":5436,"name":"Grange","state_code":"QLD","country_code":"AU"}},{"type":"Feature","geometry":{"type":"Point","coordinates":[152.73346,-25.54486]},"properties":{"id":5440,"name":"Granville","state_code":"QLD","country_code":"AU"}},{"type":"Feature","geometry":{"type":"Point","coordinates":[152.98333,-27.71667]},"properties":{"id":5453,"name":"Greenbank","state_code":"QLD","country_code":"AU"}},{"type":"Feature","geometry":{"type":"Point","coordinates":[153.04951,-27.50815]},"properties":{"id":5459,"name":"Greenslopes","state_code":"QLD","country_code":"AU"}},{"type":"Feature","geometry":{"type":"Point","coordinates":[153.03942,-27.27149]},"properties":{"id":5470,"name":"Griffin","state_code":"QLD","country_code":"AU"}},{"type":"Feature","geometry":{"type":"Point","coordinates":[146.77691,-19.28814]},"properties":{"id":5479,"name":"Gulliver","state_code":"QLD","country_code":"AU"}},{"type":"Feature","geometry":{"type":"Point","coordinates":[153.15315,-27.49188]},"properties":{"id":5481,"name":"Gumdale","state_code":"QLD","country_code":"AU"}},{"type":"Feature","geometry":{"type":"Point","coordinates":[152.66499,-26.18979]},"properties":{"id":5495,"name":"Gympie","state_code":"QLD","country_code":"AU"}},{"type":"Feature","geometry":{"type":"Point","coordinates":[152.65868,-26.18881]},"properties":{"id":5496,"name":"Gympie Regional Council","state_code":"QLD","country_code":"AU"}},{"type":"Feature","geometry":{"type":"Point","coordinates":[153.06287,-27.43896]},"properties":{"id":5513,"name":"Hamilton","state_code":"QLD","country_code":"AU"}},{"type":"Feature","geometry":{"type":"Point","coordinates":[151.96667,-27.53333]},"properties":{"id":5526,"name":"Harlaxton","state_code":"QLD","country_code":"AU"}},{"type":"Feature","geometry":{"type":"Point","coordinates":[151.93333,-27.58333]},"properties":{"id":5532,"name":"Harristown","state_code":"QLD","country_code":"AU"}},{"type":"Feature","geometry":{"type":"Point","coordinates":[152.46667,-27.56667]},"properties":{"id":5536,"name":"Hatton Vale","state_code":"QLD","country_code":"AU"}},{"type":"Feature","geometry":{"type":"Point","coordinates":[153.05779,-27.46696]},"properties":{"id":5546,"name":"Hawthorne","state_code":"QLD","country_code":"AU"}},{"type":"Feature","geometry":{"type":"Point","coordinates":[149.27368,-21.29646]},"properties":{"id":5548,"name":"Hay Point","state_code":"QLD","country_code":"AU"}},{"type":"Feature","geometry":{"type":"Point","coordinates":[139.5001,-20.74596]},"properties":{"id":5555,"name":"Healy","state_code":"QLD","country_code":"AU"}},{"type":"Feature","geometry":{"type":"Point","coordinates":[152.98814,-27.63449]},"properties":{"id":5561,"name":"Heathwood","state_code":"QLD","country_code":"AU"}},{"type":"Feature","geometry":{"type":"Point","coordinates":[146.75355,-19.29035]},"properties":{"id":5562,"name":"Heatley","state_code":"QLD","country_code":"AU"}},{"type":"Feature","geometry":{"type":"Point","coordinates":[153.33275,-27.91828]},"properties":{"id":5572,"name":"Helensvale","state_code":"QLD","country_code":"AU"}},{"type":"Feature","geometry":{"type":"Point","coordinates":[152.12398,-27.55316]},"properties":{"id":5573,"name":"Helidon","state_code":"QLD","country_code":"AU"}},{"type":"Feature","geometry":{"type":"Point","coordinates":[153.13174,-27.44776]},"properties":{"id":5574,"name":"Hemmant","state_code":"QLD","country_code":"AU"}},{"type":"Feature","geometry":{"type":"Point","coordinates":[153.07025,-27.41775]},"properties":{"id":5575,"name":"Hendra","state_code":"QLD","country_code":"AU"}},{"type":"Feature","geometry":{"type":"Point","coordinates":[153.06082,-27.68273]},"properties":{"id":5583,"name":"Heritage Park","state_code":"QLD","country_code":"AU"}},{"type":"Feature","geometry":{"type":"Point","coordinates":[146.80043,-19.28741]},"properties":{"id":5584,"name":"Hermit Park","state_code":"QLD","country_code":"AU"}},{"type":"Feature","geometry":{"type":"Point","coordinates":[153.01852,-27.44453]},"properties":{"id":5587,"name":"Herston","state_code":"QLD","country_code":"AU"}},{"type":"Feature","geometry":{"type":"Point","coordinates":[152.76936,-25.28762]},"properties":{"id":5588,"name":"Hervey Bay","state_code":"QLD","country_code":"AU"}},{"type":"Feature","geometry":{"type":"Point","coordinates":[151.95386,-27.46343]},"properties":{"id":5596,"name":"Highfields","state_code":"QLD","country_code":"AU"}},{"type":"Feature","geometry":{"type":"Point","coordinates":[153.01878,-27.48912]},"properties":{"id":5599,"name":"Highgate Hill","state_code":"QLD","country_code":"AU"}},{"type":"Feature","geometry":{"type":"Point","coordinates":[153.33312,-28.01392]},"properties":{"id":5600,"name":"Highland Park","state_code":"QLD","country_code":"AU"}},{"type":"Feature","geometry":{"type":"Point","coordinates":[152.80195,-27.37227]},"properties":{"id":5602,"name":"Highvale","state_code":"QLD","country_code":"AU"}},{"type":"Feature","geometry":{"type":"Point","coordinates":[153.02614,-27.66857]},"properties":{"id":5608,"name":"Hillcrest","state_code":"QLD","country_code":"AU"}},{"type":"Feature","geometry":{"type":"Point","coordinates":[146.12296,-18.6584]},"properties":{"id":5616,"name":"Hinchinbrook","state_code":"QLD","country_code":"AU"}},{"type":"Feature","geometry":{"type":"Point","coordinates":[151.93251,-27.66518]},"properties":{"id":5626,"name":"Hodgson Vale","state_code":"QLD","country_code":"AU"}},{"type":"Feature","geometry":{"type":"Point","coordinates":[153.06744,-27.51704]},"properties":{"id":5631,"name":"Holland Park","state_code":"QLD","country_code":"AU"}},{"type":"Feature","geometry":{"type":"Point","coordinates":[153.06046,-27.52625]},"properties":{"id":5632,"name":"Holland Park West","state_code":"QLD","country_code":"AU"}},{"type":"Feature","geometry":{"type":"Point","coordinates":[145.73922,-16.84209]},"properties":{"id":5633,"name":"Holloways Beach","state_code":"QLD","country_code":"AU"}},{"type":"Feature","geometry":{"type":"Point","coordinates":[153.39609,-27.90076]},"properties":{"id":5634,"name":"Hollywell","state_code":"QLD","country_code":"AU"}},{"type":"Feature","geometry":{"type":"Point","coordinates":[153.17045,-27.71631]},"properties":{"id":5636,"name":"Holmview","state_code":"QLD","country_code":"AU"}},{"type":"Feature","geometry":{"type":"Point","coordinates":[147.41232,-19.65921]},"properties":{"id":5641,"name":"Home Hill","state_code":"QLD","country_code":"AU"}},{"type":"Feature","geometry":{"type":"Point","coordinates":[153.35164,-27.87036]},"properties":{"id":5644,"name":"Hope Island","state_code":"QLD","country_code":"AU"}},{"type":"Feature","geometry":{"type":"Point","coordinates":[145.19248,-15.13588]},"properties":{"id":5645,"name":"Hope Vale","state_code":"QLD","country_code":"AU"}},{"type":"Feature","geometry":{"type":"Point","coordinates":[152.55986,-25.31934]},"properties":{"id":5657,"name":"Howard","state_code":"QLD","country_code":"AU"}},{"type":"Feature","geometry":{"type":"Point","coordinates":[144.20035,-20.84399]},"properties":{"id":5662,"name":"Hughenden","state_code":"QLD","country_code":"AU"}},{"type":"Feature","geometry":{"type":"Point","coordinates":[146.79653,-19.27691]},"properties":{"id":5679,"name":"Hyde Park","state_code":"QLD","country_code":"AU"}},{"type":"Feature","geometry":{"type":"Point","coordinates":[146.81389,-19.30682]},"properties":{"id":5681,"name":"Idalia","state_code":"QLD","country_code":"AU"}},{"type":"Feature","geometry":{"type":"Point","coordinates":[152.97432,-27.59715]},"properties":{"id":5685,"name":"Inala","state_code":"QLD","country_code":"AU"}},{"type":"Feature","geometry":{"type":"Point","coordinates":[152.97518,-27.50302]},"properties":{"id":5688,"name":"Indooroopilly","state_code":"QLD","country_code":"AU"}},{"type":"Feature","geometry":{"type":"Point","coordinates":[146.16248,-18.64552]},"properties":{"id":5689,"name":"Ingham","state_code":"QLD","country_code":"AU"}},{"type":"Feature","geometry":{"type":"Point","coordinates":[152.47992,-24.86833]},"properties":{"id":5694,"name":"Innes Park","state_code":"QLD","country_code":"AU"}},{"type":"Feature","geometry":{"type":"Point","coordinates":[146.03102,-17.52209]},"properties":{"id":5695,"name":"Innisfail","state_code":"QLD","country_code":"AU"}},{"type":"Feature","geometry":{"type":"Point","coordinates":[146.04474,-17.5183]},"properties":{"id":5696,"name":"Innisfail Estate","state_code":"QLD","country_code":"AU"}},{"type":"Feature","geometry":{"type":"Point","coordinates":[152.66188,-27.6779]},"properties":{"id":5702,"name":"Ipswich","state_code":"QLD","country_code":"AU"}},{"type":"Feature","geometry":{"type":"Point","coordinates":[148.23672,-22.24346]},"properties":{"id":5706,"name":"Isaac","state_code":"QLD","country_code":"AU"}},{"type":"Feature","geometry":{"type":"Point","coordinates":[153.36153,-27.77992]},"properties":{"id":5715,"name":"Jacobs Well","state_code":"QLD","country_code":"AU"}},{"type":"Feature","geometry":{"type":"Point","coordinates":[152.93402,-27.55634]},"properties":{"id":5717,"name":"Jamboree Heights","state_code":"QLD","country_code":"AU"}},{"type":"Feature","geometry":{"type":"Point","coordinates":[151.1124,-26.78411]},"properties":{"id":5722,"name":"Jandowae","state_code":"QLD","country_code":"AU"}},{"type":"Feature","geometry":{"type":"Point","coordinates":[146.65289,-19.2457]},"properties":{"id":5726,"name":"Jensen","state_code":"QLD","country_code":"AU"}},{"type":"Feature","geometry":{"type":"Point","coordinates":[153.02737,-27.83118]},"properties":{"id":5733,"name":"Jimboomba","state_code":"QLD","country_code":"AU"}},{"type":"Feature","geometry":{"type":"Point","coordinates":[152.93843,-27.53446]},"properties":{"id":5736,"name":"Jindalee","state_code":"QLD","country_code":"AU"}},{"type":"Feature","geometry":{"type":"Point","coordinates":[152.94471,-27.27613]},"properties":{"id":5745,"name":"Joyner","state_code":"QLD","country_code":"AU"}},{"type":"Feature","geometry":{"type":"Point","coordinates":[148.72938,-20.28809]},"properties":{"id":5746,"name":"Jubilee Pocket","state_code":"QLD","country_code":"AU"}},{"type":"Feature","geometry":{"type":"Point","coordinates":[145.34118,-16.6072]},"properties":{"id":5747,"name":"Julatten","state_code":"QLD","country_code":"AU"}},{"type":"Feature","geometry":{"type":"Point","coordinates":[152.62372,-27.94169]},"properties":{"id":5756,"name":"Kalbar","state_code":"QLD","country_code":"AU"}},{"type":"Feature","geometry":{"type":"Point","coordinates":[153.05061,-27.40957]},"properties":{"id":5762,"name":"Kalinga","state_code":"QLD","country_code":"AU"}},{"type":"Feature","geometry":{"type":"Point","coordinates":[152.38532,-24.84426]},"properties":{"id":5763,"name":"Kalkie","state_code":"QLD","country_code":"AU"}},{"type":"Feature","geometry":{"type":"Point","coordinates":[152.99226,-27.25204]},"properties":{"id":5764,"name":"Kallangur","state_code":"QLD","country_code":"AU"}},{"type":"Feature","geometry":{"type":"Point","coordinates":[145.7013,-16.87321]},"properties":{"id":5771,"name":"Kamerunga","state_code":"QLD","country_code":"AU"}},{"type":"Feature","geometry":{"type":"Point","coordinates":[153.0367,-27.47679]},"properties":{"id":5777,"name":"Kangaroo Point","state_code":"QLD","country_code":"AU"}},{"type":"Feature","geometry":{"type":"Point","coordinates":[145.72158,-16.92307]},"properties":{"id":5778,"name":"Kanimbla","state_code":"QLD","country_code":"AU"}},{"type":"Feature","geometry":{"type":"Point","coordinates":[152.82446,-27.56485]},"properties":{"id":5783,"name":"Karalee","state_code":"QLD","country_code":"AU"}},{"type":"Feature","geometry":{"type":"Point","coordinates":[152.80728,-27.54857]},"properties":{"id":5785,"name":"Karana Downs","state_code":"QLD","country_code":"AU"}},{"type":"Feature","geometry":{"type":"Point","coordinates":[140.84262,-17.48691]},"properties":{"id":5795,"name":"Karumba","state_code":"QLD","country_code":"AU"}},{"type":"Feature","geometry":{"type":"Point","coordinates":[150.50493,-23.33933]},"properties":{"id":5801,"name":"Kawana","state_code":"QLD","country_code":"AU"}},{"type":"Feature","geometry":{"type":"Point","coordinates":[152.846,-25.29879]},"properties":{"id":5802,"name":"Kawungan","state_code":"QLD","country_code":"AU"}},{"type":"Feature","geometry":{"type":"Point","coordinates":[151.94098,-27.60495]},"properties":{"id":5804,"name":"Kearneys Spring","state_code":"QLD","country_code":"AU"}},{"type":"Feature","geometry":{"type":"Point","coordinates":[153.02969,-27.40286]},"properties":{"id":5806,"name":"Kedron","state_code":"QLD","country_code":"AU"}},{"type":"Feature","geometry":{"type":"Point","coordinates":[146.71912,-19.38932]},"properties":{"id":5819,"name":"Kelso","state_code":"QLD","country_code":"AU"}},{"type":"Feature","geometry":{"type":"Point","coordinates":[153.01337,-27.44819]},"properties":{"id":5820,"name":"Kelvin Grove","state_code":"QLD","country_code":"AU"}},{"type":"Feature","geometry":{"type":"Point","coordinates":[152.93879,-27.50759]},"properties":{"id":5824,"name":"Kenmore","state_code":"QLD","country_code":"AU"}},{"type":"Feature","geometry":{"type":"Point","coordinates":[152.93183,-27.5042]},"properties":{"id":5825,"name":"Kenmore Hills","state_code":"QLD","country_code":"AU"}},{"type":"Feature","geometry":{"type":"Point","coordinates":[152.47205,-27.53278]},"properties":{"id":5830,"name":"Kensington Grove","state_code":"QLD","country_code":"AU"}},{"type":"Feature","geometry":{"type":"Point","coordinates":[152.94703,-27.41376]},"properties":{"id":5837,"name":"Keperra","state_code":"QLD","country_code":"AU"}},{"type":"Feature","geometry":{"type":"Point","coordinates":[152.37518,-24.87606]},"properties":{"id":5838,"name":"Kepnock","state_code":"QLD","country_code":"AU"}},{"type":"Feature","geometry":{"type":"Point","coordinates":[145.68455,-16.78219]},"properties":{"id":5844,"name":"Kewarra Beach","state_code":"QLD","country_code":"AU"}},{"type":"Feature","geometry":{"type":"Point","coordinates":[152.56545,-26.943]},"properties":{"id":5854,"name":"Kilcoy","state_code":"QLD","country_code":"AU"}},{"type":"Feature","geometry":{"type":"Point","coordinates":[151.24722,-23.87705]},"properties":{"id":5863,"name":"Kin Kora","state_code":"QLD","country_code":"AU"}},{"type":"Feature","geometry":{"type":"Point","coordinates":[151.8373,-26.53994]},"properties":{"id":5866,"name":"Kingaroy","state_code":"QLD","country_code":"AU"}},{"type":"Feature","geometry":{"type":"Point","coordinates":[153.14261,-26.80166]},"properties":{"id":5870,"name":"Kings Beach","state_code":"QLD","country_code":"AU"}},{"type":"Feature","geometry":{"type":"Point","coordinates":[151.81409,-27.47558]},"properties":{"id":5881,"name":"Kingsthorpe","state_code":"QLD","country_code":"AU"}},{"type":"Feature","geometry":{"type":"Point","coordinates":[153.11667,-27.66667]},"properties":{"id":5885,"name":"Kingston","state_code":"QLD","country_code":"AU"}},{"type":"Feature","geometry":{"type":"Point","coordinates":[153.0835,-27.22586]},"properties":{"id":5892,"name":"Kippa-Ring","state_code":"QLD","country_code":"AU"}},{"type":"Feature","geometry":{"type":"Point","coordinates":[151.23545,-23.90327]},"properties":{"id":5893,"name":"Kirkwood","state_code":"QLD","country_code":"AU"}},{"type":"Feature","geometry":{"type":"Point","coordinates":[146.72531,-19.30323]},"properties":{"id":5896,"name":"Kirwan","state_code":"QLD","country_code":"AU"}},{"type":"Feature","geometry":{"type":"Point","coordinates":[151.95,-27.43333]},"properties":{"id":5897,"name":"Kleinton","state_code":"QLD","country_code":"AU"}},{"type":"Feature","geometry":{"type":"Point","coordinates":[150.54917,-23.36887]},"properties":{"id":5908,"name":"Koongal","state_code":"QLD","country_code":"AU"}},{"type":"Feature","geometry":{"type":"Point","coordinates":[152.83974,-28.07955]},"properties":{"id":5909,"name":"Kooralbyn","state_code":"QLD","country_code":"AU"}},{"type":"Feature","geometry":{"type":"Point","coordinates":[141.81287,-15.27882]},"properties":{"id":5919,"name":"Kowanyama","state_code":"QLD","country_code":"AU"}},{"type":"Feature","geometry":{"type":"Point","coordinates":[153.05608,-26.65779]},"properties":{"id":5922,"name":"Kuluin","state_code":"QLD","country_code":"AU"}},{"type":"Feature","geometry":{"type":"Point","coordinates":[153.09367,-27.60683]},"properties":{"id":5924,"name":"Kuraby","state_code":"QLD","country_code":"AU"}},{"type":"Feature","geometry":{"type":"Point","coordinates":[145.63818,-16.81978]},"properties":{"id":5925,"name":"Kuranda","state_code":"QLD","country_code":"AU"}},{"type":"Feature","geometry":{"type":"Point","coordinates":[152.97621,-27.2325]},"properties":{"id":5932,"name":"Kurwongbah","state_code":"QLD","country_code":"AU"}},{"type":"Feature","geometry":{"type":"Point","coordinates":[153.39815,-27.94402]},"properties":{"id":5938,"name":"Labrador","state_code":"QLD","country_code":"AU"}},{"type":"Feature","geometry":{"type":"Point","coordinates":[152.39285,-27.63278]},"properties":{"id":5940,"name":"Laidley","state_code":"QLD","country_code":"AU"}},{"type":"Feature","geometry":{"type":"Point","coordinates":[152.93213,-26.38482]},"properties":{"id":5949,"name":"Lake Macdonald","state_code":"QLD","country_code":"AU"}},{"type":"Feature","geometry":{"type":"Point","coordinates":[150.76079,-23.16076]},"properties":{"id":5962,"name":"Lammermoor","state_code":"QLD","country_code":"AU"}},{"type":"Feature","geometry":{"type":"Point","coordinates":[152.96095,-26.80666]},"properties":{"id":5964,"name":"Landsborough","state_code":"QLD","country_code":"AU"}},{"type":"Feature","geometry":{"type":"Point","coordinates":[152.98333,-27.28333]},"properties":{"id":5991,"name":"Lawnton","state_code":"QLD","country_code":"AU"}},{"type":"Feature","geometry":{"type":"Point","coordinates":[152.73373,-27.62279]},"properties":{"id":6001,"name":"Leichhardt","state_code":"QLD","country_code":"AU"}},{"type":"Feature","geometry":{"type":"Point","coordinates":[153.09218,-26.78436]},"properties":{"id":6038,"name":"Little Mountain","state_code":"QLD","country_code":"AU"}},{"type":"Feature","geometry":{"type":"Point","coordinates":[143.25024,-13.01876]},"properties":{"id":6046,"name":"Lockhart River","state_code":"QLD","country_code":"AU"}},{"type":"Feature","geometry":{"type":"Point","coordinates":[152.23036,-27.68139]},"properties":{"id":6050,"name":"Lockyer Valley","state_code":"QLD","country_code":"AU"}},{"type":"Feature","geometry":{"type":"Point","coordinates":[153.04492,-27.76294]},"properties":{"id":6053,"name":"Logan","state_code":"QLD","country_code":"AU"}},{"type":"Feature","geometry":{"type":"Point","coordinates":[153.10725,-27.64385]},"properties":{"id":6054,"name":"Logan Central","state_code":"QLD","country_code":"AU"}},{"type":"Feature","geometry":{"type":"Point","coordinates":[153.09002,-27.72414]},"properties":{"id":6056,"name":"Logan Reserve","state_code":"QLD","country_code":"AU"}},{"type":"Feature","geometry":{"type":"Point","coordinates":[153.1864,-27.68444]},"properties":{"id":6058,"name":"Loganholme","state_code":"QLD","country_code":"AU"}},{"type":"Feature","geometry":{"type":"Point","coordinates":[153.13472,-27.67535]},"properties":{"id":6059,"name":"Loganlea","state_code":"QLD","country_code":"AU"}},{"type":"Feature","geometry":{"type":"Point","coordinates":[143.86708,-23.876]},"properties":{"id":6066,"name":"Longreach","state_code":"QLD","country_code":"AU"}},{"type":"Feature","geometry":{"type":"Point","coordinates":[153.1858,-27.46923]},"properties":{"id":6071,"name":"Lota","state_code":"QLD","country_code":"AU"}},{"type":"Feature","geometry":{"type":"Point","coordinates":[153.24572,-28.04751]},"properties":{"id":6073,"name":"Lower Beechmont","state_code":"QLD","country_code":"AU"}},{"type":"Feature","geometry":{"type":"Point","coordinates":[152.57625,-27.46555]},"properties":{"id":6079,"name":"Lowood","state_code":"QLD","country_code":"AU"}},{"type":"Feature","geometry":{"type":"Point","coordinates":[153.03354,-27.42275]},"properties":{"id":6088,"name":"Lutwyche","state_code":"QLD","country_code":"AU"}},{"type":"Feature","geometry":{"type":"Point","coordinates":[153.0665,-27.5649]},"properties":{"id":6101,"name":"Macgregor","state_code":"QLD","country_code":"AU"}},{"type":"Feature","geometry":{"type":"Point","coordinates":[145.74468,-16.85849]},"properties":{"id":6103,"name":"Machans Beach","state_code":"QLD","country_code":"AU"}},{"type":"Feature","geometry":{"type":"Point","coordinates":[149.04265,-21.08189]},"properties":{"id":6104,"name":"Mackay","state_code":"QLD","country_code":"AU"}},{"type":"Feature","geometry":{"type":"Point","coordinates":[153.12057,-27.54351]},"properties":{"id":6106,"name":"Mackenzie","state_code":"QLD","country_code":"AU"}},{"type":"Feature","geometry":{"type":"Point","coordinates":[153.35996,-27.61089]},"properties":{"id":6109,"name":"Macleay Island","state_code":"QLD","country_code":"AU"}},{"type":"Feature","geometry":{"type":"Point","coordinates":[146.8485,-19.15514]},"properties":{"id":6123,"name":"Magnetic Island","state_code":"QLD","country_code":"AU"}},{"type":"Feature","geometry":{"type":"Point","coordinates":[153.4266,-27.97879]},"properties":{"id":6127,"name":"Main Beach","state_code":"QLD","country_code":"AU"}},{"type":"Feature","geometry":{"type":"Point","coordinates":[145.59528,-17.35228]},"properties":{"id":6134,"name":"Malanda","state_code":"QLD","country_code":"AU"}},{"type":"Feature","geometry":{"type":"Point","coordinates":[152.84926,-26.76001]},"properties":{"id":6136,"name":"Maleny","state_code":"QLD","country_code":"AU"}},{"type":"Feature","geometry":{"type":"Point","coordinates":[153.02384,-27.24349]},"properties":{"id":6146,"name":"Mango Hill","state_code":"QLD","country_code":"AU"}},{"type":"Feature","geometry":{"type":"Point","coordinates":[153.16641,-27.47382]},"properties":{"id":6153,"name":"Manly West","state_code":"QLD","country_code":"AU"}},{"type":"Feature","geometry":{"type":"Point","coordinates":[145.73665,-16.91706]},"properties":{"id":6159,"name":"Manoora","state_code":"QLD","country_code":"AU"}},{"type":"Feature","geometry":{"type":"Point","coordinates":[153.09895,-27.53929]},"properties":{"id":6160,"name":"Mansfield","state_code":"QLD","country_code":"AU"}},{"type":"Feature","geometry":{"type":"Point","coordinates":[145.7492,-16.91721]},"properties":{"id":6163,"name":"Manunda","state_code":"QLD","country_code":"AU"}},{"type":"Feature","geometry":{"type":"Point","coordinates":[152.86784,-26.62431]},"properties":{"id":6164,"name":"Mapleton","state_code":"QLD","country_code":"AU"}},{"type":"Feature","geometry":{"type":"Point","coordinates":[141.90216,-12.1096]},"properties":{"id":6165,"name":"Mapoon","state_code":"QLD","country_code":"AU"}},{"type":"Feature","geometry":{"type":"Point","coordinates":[148.43098,-26.39289]},"properties":{"id":6168,"name":"Maranoa","state_code":"QLD","country_code":"AU"}},{"type":"Feature","geometry":{"type":"Point","coordinates":[153.09465,-26.5845]},"properties":{"id":6172,"name":"Marcoola","state_code":"QLD","country_code":"AU"}},{"type":"Feature","geometry":{"type":"Point","coordinates":[145.42306,-16.99096]},"properties":{"id":6175,"name":"Mareeba","state_code":"QLD","country_code":"AU"}},{"type":"Feature","geometry":{"type":"Point","coordinates":[153.09809,-27.24761]},"properties":{"id":6178,"name":"Margate","state_code":"QLD","country_code":"AU"}},{"type":"Feature","geometry":{"type":"Point","coordinates":[148.94209,-21.14386]},"properties":{"id":6179,"name":"Marian","state_code":"QLD","country_code":"AU"}},{"type":"Feature","geometry":{"type":"Point","coordinates":[153.01884,-26.57767]},"properties":{"id":6187,"name":"Maroochy River","state_code":"QLD","country_code":"AU"}},{"type":"Feature","geometry":{"type":"Point","coordinates":[153.09953,-26.66008]},"properties":{"id":6188,"name":"Maroochydore","state_code":"QLD","country_code":"AU"}},{"type":"Feature","geometry":{"type":"Point","coordinates":[153.09732,-27.67342]},"properties":{"id":6193,"name":"Marsden","state_code":"QLD","country_code":"AU"}},{"type":"Feature","geometry":{"type":"Point","coordinates":[152.70493,-25.54073]},"properties":{"id":6198,"name":"Maryborough","state_code":"QLD","country_code":"AU"}},{"type":"Feature","geometry":{"type":"Point","coordinates":[153.26667,-27.95]},"properties":{"id":6204,"name":"Maudsland","state_code":"QLD","country_code":"AU"}},{"type":"Feature","geometry":{"type":"Point","coordinates":[152.99194,-27.38266]},"properties":{"id":6215,"name":"McDowall","state_code":"QLD","country_code":"AU"}},{"type":"Feature","geometry":{"type":"Point","coordinates":[141.67448,-20.59413]},"properties":{"id":6219,"name":"McKinlay","state_code":"QLD","country_code":"AU"}},{"type":"Feature","geometry":{"type":"Point","coordinates":[153.14465,-27.66401]},"properties":{"id":6227,"name":"Meadowbrook","state_code":"QLD","country_code":"AU"}},{"type":"Feature","geometry":{"type":"Point","coordinates":[139.49717,-20.71809]},"properties":{"id":6249,"name":"Menzies","state_code":"QLD","country_code":"AU"}},{"type":"Feature","geometry":{"type":"Point","coordinates":[153.06187,-26.77351]},"properties":{"id":6253,"name":"Meridan Plains","state_code":"QLD","country_code":"AU"}},{"type":"Feature","geometry":{"type":"Point","coordinates":[151.88727,-27.41612]},"properties":{"id":6255,"name":"Meringandan West","state_code":"QLD","country_code":"AU"}},{"type":"Feature","geometry":{"type":"Point","coordinates":[153.43472,-28.04411]},"properties":{"id":6256,"name":"Mermaid Beach","state_code":"QLD","country_code":"AU"}},{"type":"Feature","geometry":{"type":"Point","coordinates":[153.43081,-28.04912]},"properties":{"id":6257,"name":"Mermaid Waters","state_code":"QLD","country_code":"AU"}},{"type":"Feature","geometry":{"type":"Point","coordinates":[153.37307,-28.05085]},"properties":{"id":6260,"name":"Merrimac","state_code":"QLD","country_code":"AU"}},{"type":"Feature","geometry":{"type":"Point","coordinates":[153.44158,-28.07173]},"properties":{"id":6267,"name":"Miami","state_code":"QLD","country_code":"AU"}},{"type":"Feature","geometry":{"type":"Point","coordinates":[152.92223,-27.55596]},"properties":{"id":6274,"name":"Middle Park","state_code":"QLD","country_code":"AU"}},{"type":"Feature","geometry":{"type":"Point","coordinates":[151.96688,-27.60709]},"properties":{"id":6275,"name":"Middle Ridge","state_code":"QLD","country_code":"AU"}},{"type":"Feature","geometry":{"type":"Point","coordinates":[148.69926,-22.81226]},"properties":{"id":6277,"name":"Middlemount","state_code":"QLD","country_code":"AU"}},{"type":"Feature","geometry":{"type":"Point","coordinates":[150.18822,-26.65836]},"properties":{"id":6286,"name":"Miles","state_code":"QLD","country_code":"AU"}},{"type":"Feature","geometry":{"type":"Point","coordinates":[152.32217,-24.87536]},"properties":{"id":6290,"name":"Millbank","state_code":"QLD","country_code":"AU"}},{"type":"Feature","geometry":{"type":"Point","coordinates":[151.27058,-27.87913]},"properties":{"id":6296,"name":"Millmerran","state_code":"QLD","country_code":"AU"}},{"type":"Feature","geometry":{"type":"Point","coordinates":[145.41401,-17.65318]},"properties":{"id":6298,"name":"Millstream","state_code":"QLD","country_code":"AU"}},{"type":"Feature","geometry":{"type":"Point","coordinates":[153.00312,-27.47039]},"properties":{"id":6304,"name":"Milton","state_code":"QLD","country_code":"AU"}},{"type":"Feature","geometry":{"type":"Point","coordinates":[152.54493,-27.55965]},"properties":{"id":6307,"name":"Minden","state_code":"QLD","country_code":"AU"}},{"type":"Feature","geometry":{"type":"Point","coordinates":[153.12353,-26.69573]},"properties":{"id":6312,"name":"Minyama","state_code":"QLD","country_code":"AU"}},{"type":"Feature","geometry":{"type":"Point","coordinates":[148.86217,-21.15729]},"properties":{"id":6315,"name":"Mirani","state_code":"QLD","country_code":"AU"}},{"type":"Feature","geometry":{"type":"Point","coordinates":[146.10392,-17.86885]},"properties":{"id":6318,"name":"Mission Beach","state_code":"QLD","country_code":"AU"}},{"type":"Feature","geometry":{"type":"Point","coordinates":[141.9576,-12.59509]},"properties":{"id":6319,"name":"Mission River","state_code":"QLD","country_code":"AU"}},{"type":"Feature","geometry":{"type":"Point","coordinates":[147.9742,-26.4849]},"properties":{"id":6323,"name":"Mitchell","state_code":"QLD","country_code":"AU"}},{"type":"Feature","geometry":{"type":"Point","coordinates":[152.96667,-27.41667]},"properties":{"id":6326,"name":"Mitchelton","state_code":"QLD","country_code":"AU"}},{"type":"Feature","geometry":{"type":"Point","coordinates":[153.13997,-26.79048]},"properties":{"id":6334,"name":"Moffat Beach","state_code":"QLD","country_code":"AU"}},{"type":"Feature","geometry":{"type":"Point","coordinates":[152.86667,-27.58333]},"properties":{"id":6335,"name":"Moggill","state_code":"QLD","country_code":"AU"}},{"type":"Feature","geometry":{"type":"Point","coordinates":[153.36069,-27.97409]},"properties":{"id":6338,"name":"Molendinar","state_code":"QLD","country_code":"AU"}},{"type":"Feature","geometry":{"type":"Point","coordinates":[152.68245,-26.21191]},"properties":{"id":6347,"name":"Monkland","state_code":"QLD","country_code":"AU"}},{"type":"Feature","geometry":{"type":"Point","coordinates":[151.12199,-24.86477]},"properties":{"id":6353,"name":"Monto","state_code":"QLD","country_code":"AU"}},{"type":"Feature","geometry":{"type":"Point","coordinates":[152.88333,-26.68333]},"properties":{"id":6356,"name":"Montville","state_code":"QLD","country_code":"AU"}},{"type":"Feature","geometry":{"type":"Point","coordinates":[153.11925,-26.68164]},"properties":{"id":6358,"name":"Mooloolaba","state_code":"QLD","country_code":"AU"}},{"type":"Feature","geometry":{"type":"Point","coordinates":[152.20905,-24.71066]},"properties":{"id":6369,"name":"Moore Park Beach","state_code":"QLD","country_code":"AU"}},{"type":"Feature","geometry":{"type":"Point","coordinates":[145.73137,-16.93489]},"properties":{"id":6371,"name":"Mooroobool","state_code":"QLD","country_code":"AU"}},{"type":"Feature","geometry":{"type":"Point","coordinates":[153.0246,-27.53436]},"properties":{"id":6373,"name":"Moorooka","state_code":"QLD","country_code":"AU"}},{"type":"Feature","geometry":{"type":"Point","coordinates":[148.04661,-22.00163]},"properties":{"id":6376,"name":"Moranbah","state_code":"QLD","country_code":"AU"}},{"type":"Feature","geometry":{"type":"Point","coordinates":[152.94907,-27.10876]},"properties":{"id":6378,"name":"Morayfield","state_code":"QLD","country_code":"AU"}},{"type":"Feature","geometry":{"type":"Point","coordinates":[152.92937,-27.10731]},"properties":{"id":6383,"name":"Moreton Bay","state_code":"QLD","country_code":"AU"}},{"type":"Feature","geometry":{"type":"Point","coordinates":[153.07511,-27.46165]},"properties":{"id":6386,"name":"Morningside","state_code":"QLD","country_code":"AU"}},{"type":"Feature","geometry":{"type":"Point","coordinates":[139.46682,-16.68436]},"properties":{"id":6388,"name":"Mornington","state_code":"QLD","country_code":"AU"}},{"type":"Feature","geometry":{"type":"Point","coordinates":[145.37144,-16.46292]},"properties":{"id":6402,"name":"Mossman","state_code":"QLD","country_code":"AU"}},{"type":"Feature","geometry":{"type":"Point","coordinates":[153.09139,-26.56581]},"properties":{"id":6414,"name":"Mount Coolum","state_code":"QLD","country_code":"AU"}},{"type":"Feature","geometry":{"type":"Point","coordinates":[153.23333,-27.63333]},"properties":{"id":6415,"name":"Mount Cotton","state_code":"QLD","country_code":"AU"}},{"type":"Feature","geometry":{"type":"Point","coordinates":[152.80583,-27.53948]},"properties":{"id":6416,"name":"Mount Crosby","state_code":"QLD","country_code":"AU"}},{"type":"Feature","geometry":{"type":"Point","coordinates":[153.08333,-27.53333]},"properties":{"id":6423,"name":"Mount Gravatt","state_code":"QLD","country_code":"AU"}},{"type":"Feature","geometry":{"type":"Point","coordinates":[153.08221,-27.5405]},"properties":{"id":6424,"name":"Mount Gravatt East","state_code":"QLD","country_code":"AU"}},{"type":"Feature","geometry":{"type":"Point","coordinates":[139.49727,-20.72523]},"properties":{"id":6429,"name":"Mount Isa","state_code":"QLD","country_code":"AU"}},{"type":"Feature","geometry":{"type":"Point","coordinates":[151.97218,-27.54628]},"properties":{"id":6435,"name":"Mount Lofty","state_code":"QLD","country_code":"AU"}},{"type":"Feature","geometry":{"type":"Point","coordinates":[146.75091,-19.274]},"properties":{"id":6436,"name":"Mount Louisa","state_code":"QLD","country_code":"AU"}},{"type":"Feature","geometry":{"type":"Point","coordinates":[146.66951,-19.23209]},"properties":{"id":6437,"name":"Mount Low","state_code":"QLD","country_code":"AU"}},{"type":"Feature","geometry":{"type":"Point","coordinates":[150.38902,-23.64532]},"properties":{"id":6443,"name":"Mount Morgan","state_code":"QLD","country_code":"AU"}},{"type":"Feature","geometry":{"type":"Point","coordinates":[153.27198,-27.9643]},"properties":{"id":6445,"name":"Mount Nathan","state_code":"QLD","country_code":"AU"}},{"type":"Feature","geometry":{"type":"Point","coordinates":[152.93219,-27.54609]},"properties":{"id":6447,"name":"Mount Ommaney","state_code":"QLD","country_code":"AU"}},{"type":"Feature","geometry":{"type":"Point","coordinates":[149.15965,-21.11814]},"properties":{"id":6451,"name":"Mount Pleasant","state_code":"QLD","country_code":"AU"}},{"type":"Feature","geometry":{"type":"Point","coordinates":[145.73244,-16.98608]},"properties":{"id":6458,"name":"Mount Sheridan","state_code":"QLD","country_code":"AU"}},{"type":"Feature","geometry":{"type":"Point","coordinates":[153.20549,-27.73109]},"properties":{"id":6462,"name":"Mount Warren Park","state_code":"QLD","country_code":"AU"}},{"type":"Feature","geometry":{"type":"Point","coordinates":[153.10133,-26.70278]},"properties":{"id":6465,"name":"Mountain Creek","state_code":"QLD","country_code":"AU"}},{"type":"Feature","geometry":{"type":"Point","coordinates":[149.96729,-24.5722]},"properties":{"id":6466,"name":"Moura","state_code":"QLD","country_code":"AU"}},{"type":"Feature","geometry":{"type":"Point","coordinates":[153.36667,-28.08333]},"properties":{"id":6470,"name":"Mudgeeraba","state_code":"QLD","country_code":"AU"}},{"type":"Feature","geometry":{"type":"Point","coordinates":[153.0989,-26.61497]},"properties":{"id":6471,"name":"Mudjimba","state_code":"QLD","country_code":"AU"}},{"type":"Feature","geometry":{"type":"Point","coordinates":[150.78933,-23.18755]},"properties":{"id":6474,"name":"Mulambin","state_code":"QLD","country_code":"AU"}},{"type":"Feature","geometry":{"type":"Point","coordinates":[146.79352,-19.29851]},"properties":{"id":6482,"name":"Mundingburra","state_code":"QLD","country_code":"AU"}},{"type":"Feature","geometry":{"type":"Point","coordinates":[153.0715,-27.8994]},"properties":{"id":6483,"name":"Mundoolun","state_code":"QLD","country_code":"AU"}},{"type":"Feature","geometry":{"type":"Point","coordinates":[151.30225,-25.59266]},"properties":{"id":6484,"name":"Mundubbera","state_code":"QLD","country_code":"AU"}},{"type":"Feature","geometry":{"type":"Point","coordinates":[153.03119,-27.74635]},"properties":{"id":6487,"name":"Munruben","state_code":"QLD","country_code":"AU"}},{"type":"Feature","geometry":{"type":"Point","coordinates":[153.09809,-27.46289]},"properties":{"id":6489,"name":"Murarrie","state_code":"QLD","country_code":"AU"}},{"type":"Feature","geometry":{"type":"Point","coordinates":[151.94047,-26.2417]},"properties":{"id":6492,"name":"Murgon","state_code":"QLD","country_code":"AU"}},{"type":"Feature","geometry":{"type":"Point","coordinates":[146.79494,-19.31803]},"properties":{"id":6494,"name":"Murray","state_code":"QLD","country_code":"AU"}},{"type":"Feature","geometry":{"type":"Point","coordinates":[153.01053,-27.26733]},"properties":{"id":6497,"name":"Murrumba Downs","state_code":"QLD","country_code":"AU"}},{"type":"Feature","geometry":{"type":"Point","coordinates":[146.6041,-26.13609]},"properties":{"id":6501,"name":"Murweh","state_code":"QLD","country_code":"AU"}},{"type":"Feature","geometry":{"type":"Point","coordinates":[152.95941,-26.62613]},"properties":{"id":6513,"name":"Nambour","state_code":"QLD","country_code":"AU"}},{"type":"Feature","geometry":{"type":"Point","coordinates":[152.00211,-26.67157]},"properties":{"id":6518,"name":"Nanango","state_code":"QLD","country_code":"AU"}},{"type":"Feature","geometry":{"type":"Point","coordinates":[141.86221,-12.64511]},"properties":{"id":6520,"name":"Nanum","state_code":"QLD","country_code":"AU"}},{"type":"Feature","geometry":{"type":"Point","coordinates":[142.06558,-12.55322]},"properties":{"id":6521,"name":"Napranum","state_code":"QLD","country_code":"AU"}},{"type":"Feature","geometry":{"type":"Point","coordinates":[152.95923,-27.20338]},"properties":{"id":6524,"name":"Narangba","state_code":"QLD","country_code":"AU"}},{"type":"Feature","geometry":{"type":"Point","coordinates":[153.0623,-27.55888]},"properties":{"id":6544,"name":"Nathan","state_code":"QLD","country_code":"AU"}},{"type":"Feature","geometry":{"type":"Point","coordinates":[148.68333,-21.68333]},"properties":{"id":6545,"name":"Nebo","state_code":"QLD","country_code":"AU"}},{"type":"Feature","geometry":{"type":"Point","coordinates":[146.84977,-19.15775]},"properties":{"id":6548,"name":"Nelly Bay","state_code":"QLD","country_code":"AU"}},{"type":"Feature","geometry":{"type":"Point","coordinates":[153.33633,-27.98941]},"properties":{"id":6550,"name":"Nerang","state_code":"QLD","country_code":"AU"}},{"type":"Feature","geometry":{"type":"Point","coordinates":[151.23563,-23.88359]},"properties":{"id":6554,"name":"New Auckland","state_code":"QLD","country_code":"AU"}},{"type":"Feature","geometry":{"type":"Point","coordinates":[152.88443,-27.79359]},"properties":{"id":6555,"name":"New Beith","state_code":"QLD","country_code":"AU"}},{"type":"Feature","geometry":{"type":"Point","coordinates":[153.04834,-27.46777]},"properties":{"id":6556,"name":"New Farm","state_code":"QLD","country_code":"AU"}},{"type":"Feature","geometry":{"type":"Point","coordinates":[153.00781,-27.43534]},"properties":{"id":6570,"name":"Newmarket","state_code":"QLD","country_code":"AU"}},{"type":"Feature","geometry":{"type":"Point","coordinates":[153.10135,-27.20731]},"properties":{"id":6574,"name":"Newport","state_code":"QLD","country_code":"AU"}},{"type":"Feature","geometry":{"type":"Point","coordinates":[153.04183,-27.45314]},"properties":{"id":6576,"name":"Newstead","state_code":"QLD","country_code":"AU"}},{"type":"Feature","geometry":{"type":"Point","coordinates":[151.93255,-27.55602]},"properties":{"id":6579,"name":"Newtown","state_code":"QLD","country_code":"AU"}},{"type":"Feature","geometry":{"type":"Point","coordinates":[152.9752,-26.54094]},"properties":{"id":6595,"name":"Ninderry","state_code":"QLD","country_code":"AU"}},{"type":"Feature","geometry":{"type":"Point","coordinates":[153.07883,-27.06108]},"properties":{"id":6596,"name":"Ningi","state_code":"QLD","country_code":"AU"}},{"type":"Feature","geometry":{"type":"Point","coordinates":[146.94672,-19.36245]},"properties":{"id":6601,"name":"Nome","state_code":"QLD","country_code":"AU"}},{"type":"Feature","geometry":{"type":"Point","coordinates":[153.0901,-26.39433]},"properties":{"id":6602,"name":"Noosa Heads","state_code":"QLD","country_code":"AU"}},{"type":"Feature","geometry":{"type":"Point","coordinates":[153.06667,-26.4]},"properties":{"id":6603,"name":"Noosaville","state_code":"QLD","country_code":"AU"}},{"type":"Feature","geometry":{"type":"Point","coordinates":[150.52747,-23.33044]},"properties":{"id":6607,"name":"Norman Gardens","state_code":"QLD","country_code":"AU"}},{"type":"Feature","geometry":{"type":"Point","coordinates":[153.0625,-27.47916]},"properties":{"id":6608,"name":"Norman Park","state_code":"QLD","country_code":"AU"}},{"type":"Feature","geometry":{"type":"Point","coordinates":[141.07721,-17.67183]},"properties":{"id":6610,"name":"Normanton","state_code":"QLD","country_code":"AU"}},{"type":"Feature","geometry":{"type":"Point","coordinates":[152.79485,-27.60392]},"properties":{"id":6620,"name":"North Booval","state_code":"QLD","country_code":"AU"}},{"type":"Feature","geometry":{"type":"Point","coordinates":[151.32301,-25.24444]},"properties":{"id":6623,"name":"North Burnett","state_code":"QLD","country_code":"AU"}},{"type":"Feature","geometry":{"type":"Point","coordinates":[152.76146,-27.60286]},"properties":{"id":6633,"name":"North Ipswich","state_code":"QLD","country_code":"AU"}},{"type":"Feature","geometry":{"type":"Point","coordinates":[153.02075,-27.22426]},"properties":{"id":6635,"name":"North Lakes","state_code":"QLD","country_code":"AU"}},{"type":"Feature","geometry":{"type":"Point","coordinates":[149.17941,-21.12009]},"properties":{"id":6637,"name":"North Mackay","state_code":"QLD","country_code":"AU"}},{"type":"Feature","geometry":{"type":"Point","coordinates":[153.01646,-27.76759]},"properties":{"id":6638,"name":"North Maclean","state_code":"QLD","country_code":"AU"}},{"type":"Feature","geometry":{"type":"Point","coordinates":[151.96117,-27.54415]},"properties":{"id":6653,"name":"North Toowoomba","state_code":"QLD","country_code":"AU"}},{"type":"Feature","geometry":{"type":"Point","coordinates":[146.81477,-19.24994]},"properties":{"id":6656,"name":"North Ward","state_code":"QLD","country_code":"AU"}},{"type":"Feature","geometry":{"type":"Point","coordinates":[142.35364,-10.9719]},"properties":{"id":6669,"name":"Northern Peninsula Area","state_code":"QLD","country_code":"AU"}},{"type":"Feature","geometry":{"type":"Point","coordinates":[152.34089,-24.8931]},"properties":{"id":6673,"name":"Norville","state_code":"QLD","country_code":"AU"}},{"type":"Feature","geometry":{"type":"Point","coordinates":[153.0847,-27.3691]},"properties":{"id":6681,"name":"Nudgee","state_code":"QLD","country_code":"AU"}},{"type":"Feature","geometry":{"type":"Point","coordinates":[153.06165,-27.40252]},"properties":{"id":6686,"name":"Nundah","state_code":"QLD","country_code":"AU"}},{"type":"Feature","geometry":{"type":"Point","coordinates":[151.72063,-27.43305]},"properties":{"id":6698,"name":"Oakey","state_code":"QLD","country_code":"AU"}},{"type":"Feature","geometry":{"type":"Point","coordinates":[152.63583,-25.51253]},"properties":{"id":6700,"name":"Oakhurst","state_code":"QLD","country_code":"AU"}},{"type":"Feature","geometry":{"type":"Point","coordinates":[152.73768,-27.62902]},"properties":{"id":6722,"name":"One Mile","state_code":"QLD","country_code":"AU"}},{"type":"Feature","geometry":{"type":"Point","coordinates":[146.82091,-19.29684]},"properties":{"id":6727,"name":"Oonoonba","state_code":"QLD","country_code":"AU"}},{"type":"Feature","geometry":{"type":"Point","coordinates":[149.14797,-21.17394]},"properties":{"id":6728,"name":"Ooralea","state_code":"QLD","country_code":"AU"}},{"type":"Feature","geometry":{"type":"Point","coordinates":[153.2428,-27.76791]},"properties":{"id":6737,"name":"Ormeau","state_code":"QLD","country_code":"AU"}},{"type":"Feature","geometry":{"type":"Point","coordinates":[153.2567,-27.79653]},"properties":{"id":6738,"name":"Ormeau Hills","state_code":"QLD","country_code":"AU"}},{"type":"Feature","geometry":{"type":"Point","coordinates":[153.25,-27.51667]},"properties":{"id":6739,"name":"Ormiston","state_code":"QLD","country_code":"AU"}},{"type":"Feature","geometry":{"type":"Point","coordinates":[153.31309,-27.89033]},"properties":{"id":6747,"name":"Oxenford","state_code":"QLD","country_code":"AU"}},{"type":"Feature","geometry":{"type":"Point","coordinates":[152.98333,-27.55]},"properties":{"id":6748,"name":"Oxley","state_code":"QLD","country_code":"AU"}},{"type":"Feature","geometry":{"type":"Point","coordinates":[153.07781,-26.61807]},"properties":{"id":6754,"name":"Pacific Paradise","state_code":"QLD","country_code":"AU"}},{"type":"Feature","geometry":{"type":"Point","coordinates":[153.31436,-27.93994]},"properties":{"id":6755,"name":"Pacific Pines","state_code":"QLD","country_code":"AU"}},{"type":"Feature","geometry":{"type":"Point","coordinates":[152.99509,-27.45939]},"properties":{"id":6758,"name":"Paddington","state_code":"QLD","country_code":"AU"}},{"type":"Feature","geometry":{"type":"Point","coordinates":[153.46584,-28.11694]},"properties":{"id":6765,"name":"Palm Beach","state_code":"QLD","country_code":"AU"}},{"type":"Feature","geometry":{"type":"Point","coordinates":[145.66667,-16.75]},"properties":{"id":6767,"name":"Palm Cove","state_code":"QLD","country_code":"AU"}},{"type":"Feature","geometry":{"type":"Point","coordinates":[146.60379,-18.74893]},"properties":{"id":6768,"name":"Palm Island","state_code":"QLD","country_code":"AU"}},{"type":"Feature","geometry":{"type":"Point","coordinates":[152.96135,-26.68584]},"properties":{"id":6771,"name":"Palmwoods","state_code":"QLD","country_code":"AU"}},{"type":"Feature","geometry":{"type":"Point","coordinates":[153.3933,-27.88663]},"properties":{"id":6781,"name":"Paradise Point","state_code":"QLD","country_code":"AU"}},{"type":"Feature","geometry":{"type":"Point","coordinates":[150.5189,-23.35327]},"properties":{"id":6786,"name":"Park Avenue","state_code":"QLD","country_code":"AU"}},{"type":"Feature","geometry":{"type":"Point","coordinates":[153.03333,-27.71667]},"properties":{"id":6790,"name":"Park Ridge","state_code":"QLD","country_code":"AU"}},{"type":"Feature","geometry":{"type":"Point","coordinates":[153.0332,-27.72707]},"properties":{"id":6791,"name":"Park Ridge South","state_code":"QLD","country_code":"AU"}},{"type":"Feature","geometry":{"type":"Point","coordinates":[150.51667,-23.3]},"properties":{"id":6795,"name":"Parkhurst","state_code":"QLD","country_code":"AU"}},{"type":"Feature","geometry":{"type":"Point","coordinates":[153.02975,-27.6434]},"properties":{"id":6796,"name":"Parkinson","state_code":"QLD","country_code":"AU"}},{"type":"Feature","geometry":{"type":"Point","coordinates":[139.48865,-20.7377]},"properties":{"id":6798,"name":"Parkside","state_code":"QLD","country_code":"AU"}},{"type":"Feature","geometry":{"type":"Point","coordinates":[153.36304,-27.95461]},"properties":{"id":6801,"name":"Parkwood","state_code":"QLD","country_code":"AU"}},{"type":"Feature","geometry":{"type":"Point","coordinates":[145.71755,-27.98742]},"properties":{"id":6804,"name":"Paroo","state_code":"QLD","country_code":"AU"}},{"type":"Feature","geometry":{"type":"Point","coordinates":[145.76643,-16.92598]},"properties":{"id":6806,"name":"Parramatta Park","state_code":"QLD","country_code":"AU"}},{"type":"Feature","geometry":{"type":"Point","coordinates":[153.12197,-26.71152]},"properties":{"id":6807,"name":"Parrearra","state_code":"QLD","country_code":"AU"}},{"type":"Feature","geometry":{"type":"Point","coordinates":[152.884,-26.84551]},"properties":{"id":6815,"name":"Peachester","state_code":"QLD","country_code":"AU"}},{"type":"Feature","geometry":{"type":"Point","coordinates":[153.10013,-26.83354]},"properties":{"id":6824,"name":"Pelican Waters","state_code":"QLD","country_code":"AU"}},{"type":"Feature","geometry":{"type":"Point","coordinates":[153.096,-26.481]},"properties":{"id":6836,"name":"Peregian Beach","state_code":"QLD","country_code":"AU"}},{"type":"Feature","geometry":{"type":"Point","coordinates":[153.07577,-26.48801]},"properties":{"id":6837,"name":"Peregian Springs","state_code":"QLD","country_code":"AU"}},{"type":"Feature","geometry":{"type":"Point","coordinates":[152.98333,-27.26667]},"properties":{"id":6845,"name":"Petrie","state_code":"QLD","country_code":"AU"}},{"type":"Feature","geometry":{"type":"Point","coordinates":[153.01312,-27.46298]},"properties":{"id":6846,"name":"Petrie Terrace","state_code":"QLD","country_code":"AU"}},{"type":"Feature","geometry":{"type":"Point","coordinates":[152.84369,-25.287]},"properties":{"id":6850,"name":"Pialba","state_code":"QLD","country_code":"AU"}},{"type":"Feature","geometry":{"type":"Point","coordinates":[152.60774,-26.22991]},"properties":{"id":6855,"name":"Pie Creek","state_code":"QLD","country_code":"AU"}},{"type":"Feature","geometry":{"type":"Point","coordinates":[146.78803,-19.28172]},"properties":{"id":6856,"name":"Pimlico","state_code":"QLD","country_code":"AU"}},{"type":"Feature","geometry":{"type":"Point","coordinates":[153.3,-27.81667]},"properties":{"id":6857,"name":"Pimpama","state_code":"QLD","country_code":"AU"}},{"type":"Feature","geometry":{"type":"Point","coordinates":[152.7,-27.55]},"properties":{"id":6858,"name":"Pine Mountain","state_code":"QLD","country_code":"AU"}},{"type":"Feature","geometry":{"type":"Point","coordinates":[139.50812,-20.72032]},"properties":{"id":6861,"name":"Pioneer","state_code":"QLD","country_code":"AU"}},{"type":"Feature","geometry":{"type":"Point","coordinates":[151.63399,-27.71638]},"properties":{"id":6863,"name":"Pittsworth","state_code":"QLD","country_code":"AU"}},{"type":"Feature","geometry":{"type":"Point","coordinates":[152.41667,-27.56667]},"properties":{"id":6864,"name":"Plainland","state_code":"QLD","country_code":"AU"}},{"type":"Feature","geometry":{"type":"Point","coordinates":[152.81725,-25.25727]},"properties":{"id":6877,"name":"Point Vernon","state_code":"QLD","country_code":"AU"}},{"type":"Feature","geometry":{"type":"Point","coordinates":[152.85574,-26.36685]},"properties":{"id":6879,"name":"Pomona","state_code":"QLD","country_code":"AU"}},{"type":"Feature","geometry":{"type":"Point","coordinates":[141.83354,-14.65705]},"properties":{"id":6881,"name":"Pormpuraaw","state_code":"QLD","country_code":"AU"}},{"type":"Feature","geometry":{"type":"Point","coordinates":[145.46725,-16.48383]},"properties":{"id":6888,"name":"Port Douglas","state_code":"QLD","country_code":"AU"}},{"type":"Feature","geometry":{"type":"Point","coordinates":[148.5802,-20.4011]},"properties":{"id":6921,"name":"Proserpine","state_code":"QLD","country_code":"AU"}},{"type":"Feature","geometry":{"type":"Point","coordinates":[152.88651,-27.52283]},"properties":{"id":6926,"name":"Pullenvale","state_code":"QLD","country_code":"AU"}},{"type":"Feature","geometry":{"type":"Point","coordinates":[146.2817,-20.07453]},"properties":{"id":6945,"name":"Queenton","state_code":"QLD","country_code":"AU"}},{"type":"Feature","geometry":{"type":"Point","coordinates":[143.57936,-26.15057]},"properties":{"id":6946,"name":"Quilpie","state_code":"QLD","country_code":"AU"}},{"type":"Feature","geometry":{"type":"Point","coordinates":[152.77519,-27.63472]},"properties":{"id":6952,"name":"Raceview","state_code":"QLD","country_code":"AU"}},{"type":"Feature","geometry":{"type":"Point","coordinates":[146.81962,-19.2757]},"properties":{"id":6954,"name":"Railway Estate","state_code":"QLD","country_code":"AU"}},{"type":"Feature","geometry":{"type":"Point","coordinates":[153.09174,-25.90432]},"properties":{"id":6955,"name":"Rainbow Beach","state_code":"QLD","country_code":"AU"}},{"type":"Feature","geometry":{"type":"Point","coordinates":[151.97997,-27.58318]},"properties":{"id":6960,"name":"Rangeville","state_code":"QLD","country_code":"AU"}},{"type":"Feature","geometry":{"type":"Point","coordinates":[146.63877,-19.31138]},"properties":{"id":6962,"name":"Rangewood","state_code":"QLD","country_code":"AU"}},{"type":"Feature","geometry":{"type":"Point","coordinates":[146.7228,-19.3524]},"properties":{"id":6965,"name":"Rasmussen","state_code":"QLD","country_code":"AU"}},{"type":"Feature","geometry":{"type":"Point","coordinates":[145.48413,-17.60901]},"properties":{"id":6968,"name":"Ravenshoe","state_code":"QLD","country_code":"AU"}},{"type":"Feature","geometry":{"type":"Point","coordinates":[148.5,-20.31667]},"properties":{"id":6976,"name":"Red Hill","state_code":"QLD","country_code":"AU"}},{"type":"Feature","geometry":{"type":"Point","coordinates":[152.86667,-27.6]},"properties":{"id":6979,"name":"Redbank","state_code":"QLD","country_code":"AU"}},{"type":"Feature","geometry":{"type":"Point","coordinates":[152.85965,-27.64613]},"properties":{"id":6980,"name":"Redbank Plains","state_code":"QLD","country_code":"AU"}},{"type":"Feature","geometry":{"type":"Point","coordinates":[153.24829,-27.53791]},"properties":{"id":6984,"name":"Redland","state_code":"QLD","country_code":"AU"}},{"type":"Feature","geometry":{"type":"Point","coordinates":[153.30022,-27.6113]},"properties":{"id":6985,"name":"Redland Bay","state_code":"QLD","country_code":"AU"}},{"type":"Feature","geometry":{"type":"Point","coordinates":[145.69559,-16.9254]},"properties":{"id":6986,"name":"Redlynch","state_code":"QLD","country_code":"AU"}},{"type":"Feature","geometry":{"type":"Point","coordinates":[153.39638,-28.11243]},"properties":{"id":6988,"name":"Reedy Creek","state_code":"QLD","country_code":"AU"}},{"type":"Feature","geometry":{"type":"Point","coordinates":[152.44049,-27.53359]},"properties":{"id":6989,"name":"Regency Downs","state_code":"QLD","country_code":"AU"}},{"type":"Feature","geometry":{"type":"Point","coordinates":[153.04165,-27.67664]},"properties":{"id":6991,"name":"Regents Park","state_code":"QLD","country_code":"AU"}},{"type":"Feature","geometry":{"type":"Point","coordinates":[152.95321,-27.59616]},"properties":{"id":7005,"name":"Richlands","state_code":"QLD","country_code":"AU"}},{"type":"Feature","geometry":{"type":"Point","coordinates":[142.91384,-20.56967]},"properties":{"id":7008,"name":"Richmond","state_code":"QLD","country_code":"AU"}},{"type":"Feature","geometry":{"type":"Point","coordinates":[152.91315,-25.41551]},"properties":{"id":7022,"name":"River Heads","state_code":"QLD","country_code":"AU"}},{"type":"Feature","geometry":{"type":"Point","coordinates":[152.91106,-27.55928]},"properties":{"id":7023,"name":"Riverhills","state_code":"QLD","country_code":"AU"}},{"type":"Feature","geometry":{"type":"Point","coordinates":[152.85,-27.6]},"properties":{"id":7028,"name":"Riverview","state_code":"QLD","country_code":"AU"}},{"type":"Feature","geometry":{"type":"Point","coordinates":[153.05738,-27.56583]},"properties":{"id":7033,"name":"Robertson","state_code":"QLD","country_code":"AU"}},{"type":"Feature","geometry":{"type":"Point","coordinates":[153.39329,-28.07071]},"properties":{"id":7035,"name":"Robina","state_code":"QLD","country_code":"AU"}},{"type":"Feature","geometry":{"type":"Point","coordinates":[153.13333,-27.56667]},"properties":{"id":7037,"name":"Rochedale","state_code":"QLD","country_code":"AU"}},{"type":"Feature","geometry":{"type":"Point","coordinates":[153.12332,-27.59521]},"properties":{"id":7038,"name":"Rochedale South","state_code":"QLD","country_code":"AU"}},{"type":"Feature","geometry":{"type":"Point","coordinates":[150.50595,-23.38032]},"properties":{"id":7043,"name":"Rockhampton","state_code":"QLD","country_code":"AU"}},{"type":"Feature","geometry":{"type":"Point","coordinates":[153.00402,-27.53917]},"properties":{"id":7046,"name":"Rocklea","state_code":"QLD","country_code":"AU"}},{"type":"Feature","geometry":{"type":"Point","coordinates":[151.93805,-27.53611]},"properties":{"id":7047,"name":"Rockville","state_code":"QLD","country_code":"AU"}},{"type":"Feature","geometry":{"type":"Point","coordinates":[148.78751,-26.56741]},"properties":{"id":7052,"name":"Roma","state_code":"QLD","country_code":"AU"}},{"type":"Feature","geometry":{"type":"Point","coordinates":[152.9997,-26.6303]},"properties":{"id":7068,"name":"Rosemount","state_code":"QLD","country_code":"AU"}},{"type":"Feature","geometry":{"type":"Point","coordinates":[152.01327,-28.24013]},"properties":{"id":7069,"name":"Rosenthal Heights","state_code":"QLD","country_code":"AU"}},{"type":"Feature","geometry":{"type":"Point","coordinates":[152.58949,-27.6335]},"properties":{"id":7074,"name":"Rosewood","state_code":"QLD","country_code":"AU"}},{"type":"Feature","geometry":{"type":"Point","coordinates":[146.79824,-19.29871]},"properties":{"id":7077,"name":"Rosslea","state_code":"QLD","country_code":"AU"}},{"type":"Feature","geometry":{"type":"Point","coordinates":[153.04676,-27.21433]},"properties":{"id":7081,"name":"Rothwell","state_code":"QLD","country_code":"AU"}},{"type":"Feature","geometry":{"type":"Point","coordinates":[153.39775,-27.91386]},"properties":{"id":7089,"name":"Runaway Bay","state_code":"QLD","country_code":"AU"}},{"type":"Feature","geometry":{"type":"Point","coordinates":[153.07699,-27.59756]},"properties":{"id":7090,"name":"Runcorn","state_code":"QLD","country_code":"AU"}},{"type":"Feature","geometry":{"type":"Point","coordinates":[149.1646,-21.06447]},"properties":{"id":7091,"name":"Rural View","state_code":"QLD","country_code":"AU"}},{"type":"Feature","geometry":{"type":"Point","coordinates":[153.38124,-27.64867]},"properties":{"id":7095,"name":"Russell Island","state_code":"QLD","country_code":"AU"}},{"type":"Feature","geometry":{"type":"Point","coordinates":[152.74577,-27.61251]},"properties":{"id":7105,"name":"Sadliers Crossing","state_code":"QLD","country_code":"AU"}},{"type":"Feature","geometry":{"type":"Point","coordinates":[153.0325,-27.55145]},"properties":{"id":7120,"name":"Salisbury","state_code":"QLD","country_code":"AU"}},{"type":"Feature","geometry":{"type":"Point","coordinates":[152.86699,-27.3727]},"properties":{"id":7129,"name":"Samford Valley","state_code":"QLD","country_code":"AU"}},{"type":"Feature","geometry":{"type":"Point","coordinates":[153.06951,-27.32198]},"properties":{"id":7135,"name":"Sandgate","state_code":"QLD","country_code":"AU"}},{"type":"Feature","geometry":{"type":"Point","coordinates":[153.13235,-27.08374]},"properties":{"id":7140,"name":"Sandstone Point","state_code":"QLD","country_code":"AU"}},{"type":"Feature","geometry":{"type":"Point","coordinates":[149.21677,-21.4191]},"properties":{"id":7146,"name":"Sarina","state_code":"QLD","country_code":"AU"}},{"type":"Feature","geometry":{"type":"Point","coordinates":[153.10939,-27.20118]},"properties":{"id":7150,"name":"Scarborough","state_code":"QLD","country_code":"AU"}},{"type":"Feature","geometry":{"type":"Point","coordinates":[152.856,-25.28405]},"properties":{"id":7151,"name":"Scarness","state_code":"QLD","country_code":"AU"}},{"type":"Feature","geometry":{"type":"Point","coordinates":[152.80688,-28.04021]},"properties":{"id":7152,"name":"Scenic Rim","state_code":"QLD","country_code":"AU"}},{"type":"Feature","geometry":{"type":"Point","coordinates":[153.07474,-27.48341]},"properties":{"id":7183,"name":"Seven Hills","state_code":"QLD","country_code":"AU"}},{"type":"Feature","geometry":{"type":"Point","coordinates":[152.95896,-27.5507]},"properties":{"id":7186,"name":"Seventeen Mile Rocks","state_code":"QLD","country_code":"AU"}},{"type":"Feature","geometry":{"type":"Point","coordinates":[153.17753,-27.6498]},"properties":{"id":7190,"name":"Shailer Park","state_code":"QLD","country_code":"AU"}},{"type":"Feature","geometry":{"type":"Point","coordinates":[152.26994,-24.87593]},"properties":{"id":7193,"name":"Sharon","state_code":"QLD","country_code":"AU"}},{"type":"Feature","geometry":{"type":"Point","coordinates":[153.20042,-27.58436]},"properties":{"id":7197,"name":"Sheldon","state_code":"QLD","country_code":"AU"}},{"type":"Feature","geometry":{"type":"Point","coordinates":[153.08161,-27.32759]},"properties":{"id":7210,"name":"Shorncliffe","state_code":"QLD","country_code":"AU"}},{"type":"Feature","geometry":{"type":"Point","coordinates":[152.78768,-27.62126]},"properties":{"id":7212,"name":"Silkstone","state_code":"QLD","country_code":"AU"}},{"type":"Feature","geometry":{"type":"Point","coordinates":[152.9489,-27.54436]},"properties":{"id":7221,"name":"Sinnamon Park","state_code":"QLD","country_code":"AU"}},{"type":"Feature","geometry":{"type":"Point","coordinates":[153.05475,-26.71793]},"properties":{"id":7222,"name":"Sippy Downs","state_code":"QLD","country_code":"AU"}},{"type":"Feature","geometry":{"type":"Point","coordinates":[153.15,-27.65]},"properties":{"id":7225,"name":"Slacks Creek","state_code":"QLD","country_code":"AU"}},{"type":"Feature","geometry":{"type":"Point","coordinates":[149.225,-21.075]},"properties":{"id":7226,"name":"Slade Point","state_code":"QLD","country_code":"AU"}},{"type":"Feature","geometry":{"type":"Point","coordinates":[139.48988,-20.70533]},"properties":{"id":7236,"name":"Soldiers Hill","state_code":"QLD","country_code":"AU"}},{"type":"Feature","geometry":{"type":"Point","coordinates":[152.41521,-27.01133]},"properties":{"id":7241,"name":"Somerset","state_code":"QLD","country_code":"AU"}},{"type":"Feature","geometry":{"type":"Point","coordinates":[153.02049,-27.48034]},"properties":{"id":7253,"name":"South Brisbane","state_code":"QLD","country_code":"AU"}},{"type":"Feature","geometry":{"type":"Point","coordinates":[151.60166,-26.40077]},"properties":{"id":7255,"name":"South Burnett","state_code":"QLD","country_code":"AU"}},{"type":"Feature","geometry":{"type":"Point","coordinates":[151.26801,-23.86221]},"properties":{"id":7260,"name":"South Gladstone","state_code":"QLD","country_code":"AU"}},{"type":"Feature","geometry":{"type":"Point","coordinates":[152.1679,-24.93202]},"properties":{"id":7270,"name":"South Kolan","state_code":"QLD","country_code":"AU"}},{"type":"Feature","geometry":{"type":"Point","coordinates":[149.17751,-21.16288]},"properties":{"id":7274,"name":"South Mackay","state_code":"QLD","country_code":"AU"}},{"type":"Feature","geometry":{"type":"Point","coordinates":[153.01603,-27.79245]},"properties":{"id":7275,"name":"South Maclean","state_code":"QLD","country_code":"AU"}},{"type":"Feature","geometry":{"type":"Point","coordinates":[151.9465,-27.57101]},"properties":{"id":7284,"name":"South Toowoomba","state_code":"QLD","country_code":"AU"}},{"type":"Feature","geometry":{"type":"Point","coordinates":[146.83331,-19.26618]},"properties":{"id":7285,"name":"South Townsville","state_code":"QLD","country_code":"AU"}},{"type":"Feature","geometry":{"type":"Point","coordinates":[151.92165,-28.50265]},"properties":{"id":7293,"name":"Southern Downs","state_code":"QLD","country_code":"AU"}},{"type":"Feature","geometry":{"type":"Point","coordinates":[153.39796,-27.96724]},"properties":{"id":7298,"name":"Southport","state_code":"QLD","country_code":"AU"}},{"type":"Feature","geometry":{"type":"Point","coordinates":[152.64719,-26.20997]},"properties":{"id":7299,"name":"Southside","state_code":"QLD","country_code":"AU"}},{"type":"Feature","geometry":{"type":"Point","coordinates":[153.02311,-27.46141]},"properties":{"id":7308,"name":"Spring Hill","state_code":"QLD","country_code":"AU"}},{"type":"Feature","geometry":{"type":"Point","coordinates":[152.91716,-27.65365]},"properties":{"id":7310,"name":"Springfield","state_code":"QLD","country_code":"AU"}},{"type":"Feature","geometry":{"type":"Point","coordinates":[152.92488,-27.66757]},"properties":{"id":7311,"name":"Springfield Lakes","state_code":"QLD","country_code":"AU"}},{"type":"Feature","geometry":{"type":"Point","coordinates":[148.08849,-24.11478]},"properties":{"id":7312,"name":"Springsure","state_code":"QLD","country_code":"AU"}},{"type":"Feature","geometry":{"type":"Point","coordinates":[153.12899,-27.61183]},"properties":{"id":7316,"name":"Springwood","state_code":"QLD","country_code":"AU"}},{"type":"Feature","geometry":{"type":"Point","coordinates":[148.60986,-27.94763]},"properties":{"id":7322,"name":"St George","state_code":"QLD","country_code":"AU"}},{"type":"Feature","geometry":{"type":"Point","coordinates":[153.01105,-27.41044]},"properties":{"id":7339,"name":"Stafford","state_code":"QLD","country_code":"AU"}},{"type":"Feature","geometry":{"type":"Point","coordinates":[153.0105,-27.39354]},"properties":{"id":7340,"name":"Stafford Heights","state_code":"QLD","country_code":"AU"}},{"type":"Feature","geometry":{"type":"Point","coordinates":[151.93388,-28.65425]},"properties":{"id":7343,"name":"Stanthorpe","state_code":"QLD","country_code":"AU"}},{"type":"Feature","geometry":{"type":"Point","coordinates":[152.98977,-27.30414]},"properties":{"id":7364,"name":"Strathpine","state_code":"QLD","country_code":"AU"}},{"type":"Feature","geometry":{"type":"Point","coordinates":[153.06609,-27.62205]},"properties":{"id":7367,"name":"Stretton","state_code":"QLD","country_code":"AU"}},{"type":"Feature","geometry":{"type":"Point","coordinates":[146.84378,-19.34702]},"properties":{"id":7368,"name":"Stuart","state_code":"QLD","country_code":"AU"}},{"type":"Feature","geometry":{"type":"Point","coordinates":[151.25752,-23.87516]},"properties":{"id":7377,"name":"Sun Valley","state_code":"QLD","country_code":"AU"}},{"type":"Feature","geometry":{"type":"Point","coordinates":[153.06064,-27.58003]},"properties":{"id":7379,"name":"Sunnybank","state_code":"QLD","country_code":"AU"}},{"type":"Feature","geometry":{"type":"Point","coordinates":[153.05388,-27.61025]},"properties":{"id":7380,"name":"Sunnybank Hills","state_code":"QLD","country_code":"AU"}},{"type":"Feature","geometry":{"type":"Point","coordinates":[153.10305,-26.41646]},"properties":{"id":7381,"name":"Sunrise Beach","state_code":"QLD","country_code":"AU"}},{"type":"Feature","geometry":{"type":"Point","coordinates":[139.50824,-20.71026]},"properties":{"id":7382,"name":"Sunset","state_code":"QLD","country_code":"AU"}},{"type":"Feature","geometry":{"type":"Point","coordinates":[153.10779,-26.40579]},"properties":{"id":7386,"name":"Sunshine Beach","state_code":"QLD","country_code":"AU"}},{"type":"Feature","geometry":{"type":"Point","coordinates":[152.85113,-26.56098]},"properties":{"id":7387,"name":"Sunshine Coast","state_code":"QLD","country_code":"AU"}},{"type":"Feature","geometry":{"type":"Point","coordinates":[153.42999,-28.00274]},"properties":{"id":7391,"name":"Surfers Paradise","state_code":"QLD","country_code":"AU"}},{"type":"Feature","geometry":{"type":"Point","coordinates":[152.33183,-24.88566]},"properties":{"id":7400,"name":"Svensson Heights","state_code":"QLD","country_code":"AU"}},{"type":"Feature","geometry":{"type":"Point","coordinates":[153.04444,-27.34265]},"properties":{"id":7415,"name":"Taigum","state_code":"QLD","country_code":"AU"}},{"type":"Feature","geometry":{"type":"Point","coordinates":[153.32589,-28.06407]},"properties":{"id":7417,"name":"Tallai","state_code":"QLD","country_code":"AU"}},{"type":"Feature","geometry":{"type":"Point","coordinates":[153.43333,-28.15]},"properties":{"id":7419,"name":"Tallebudgera","state_code":"QLD","country_code":"AU"}},{"type":"Feature","geometry":{"type":"Point","coordinates":[153.35489,-28.1927]},"properties":{"id":7420,"name":"Tallebudgera Valley","state_code":"QLD","country_code":"AU"}},{"type":"Feature","geometry":{"type":"Point","coordinates":[153.13333,-27.88333]},"properties":{"id":7422,"name":"Tamborine","state_code":"QLD","country_code":"AU"}},{"type":"Feature","geometry":{"type":"Point","coordinates":[153.19937,-27.96954]},"properties":{"id":7423,"name":"Tamborine Mountain","state_code":"QLD","country_code":"AU"}},{"type":"Feature","geometry":{"type":"Point","coordinates":[153.17019,-27.67151]},"properties":{"id":7427,"name":"Tanah Merah","state_code":"QLD","country_code":"AU"}},{"type":"Feature","geometry":{"type":"Point","coordinates":[153.03018,-26.71981]},"properties":{"id":7428,"name":"Tanawha","state_code":"QLD","country_code":"AU"}},{"type":"Feature","geometry":{"type":"Point","coordinates":[151.36749,-23.94749]},"properties":{"id":7430,"name":"Tannum Sands","state_code":"QLD","country_code":"AU"}},{"type":"Feature","geometry":{"type":"Point","coordinates":[150.45676,-27.27613]},"properties":{"id":7434,"name":"Tara","state_code":"QLD","country_code":"AU"}},{"type":"Feature","geometry":{"type":"Point","coordinates":[150.75139,-23.14435]},"properties":{"id":7435,"name":"Taranganba","state_code":"QLD","country_code":"AU"}},{"type":"Feature","geometry":{"type":"Point","coordinates":[152.97861,-27.49061]},"properties":{"id":7439,"name":"Taringa","state_code":"QLD","country_code":"AU"}},{"type":"Feature","geometry":{"type":"Point","coordinates":[153.04556,-27.52713]},"properties":{"id":7442,"name":"Tarragindi","state_code":"QLD","country_code":"AU"}},{"type":"Feature","geometry":{"type":"Point","coordinates":[151.25379,-23.88834]},"properties":{"id":7459,"name":"Telina","state_code":"QLD","country_code":"AU"}},{"type":"Feature","geometry":{"type":"Point","coordinates":[153.04696,-27.45587]},"properties":{"id":7467,"name":"Teneriffe","state_code":"QLD","country_code":"AU"}},{"type":"Feature","geometry":{"type":"Point","coordinates":[153.03432,-26.39104]},"properties":{"id":7478,"name":"Tewantin","state_code":"QLD","country_code":"AU"}},{"type":"Feature","geometry":{"type":"Point","coordinates":[152.35,-24.9]},"properties":{"id":7479,"name":"Thabeban","state_code":"QLD","country_code":"AU"}},{"type":"Feature","geometry":{"type":"Point","coordinates":[152.93861,-27.44187]},"properties":{"id":7484,"name":"The Gap","state_code":"QLD","country_code":"AU"}},{"type":"Feature","geometry":{"type":"Point","coordinates":[147.79679,-23.53014]},"properties":{"id":7486,"name":"The Gemfields","state_code":"QLD","country_code":"AU"}},{"type":"Feature","geometry":{"type":"Point","coordinates":[150.49624,-23.392]},"properties":{"id":7493,"name":"The Range","state_code":"QLD","country_code":"AU"}},{"type":"Feature","geometry":{"type":"Point","coordinates":[153.19821,-27.48777]},"properties":{"id":7504,"name":"Thorneside","state_code":"QLD","country_code":"AU"}},{"type":"Feature","geometry":{"type":"Point","coordinates":[153.26481,-27.55751]},"properties":{"id":7505,"name":"Thornlands","state_code":"QLD","country_code":"AU"}},{"type":"Feature","geometry":{"type":"Point","coordinates":[142.2189206,-10.5786459]},"properties":{"id":7511,"name":"Thursday Island","state_code":"QLD","country_code":"AU"}},{"type":"Feature","geometry":{"type":"Point","coordinates":[148.34463,-23.03829]},"properties":{"id":7512,"name":"Tieri","state_code":"QLD","country_code":"AU"}},{"type":"Feature","geometry":{"type":"Point","coordinates":[153.0032,-25.91914]},"properties":{"id":7515,"name":"Tin Can Bay","state_code":"QLD","country_code":"AU"}},{"type":"Feature","geometry":{"type":"Point","coordinates":[152.6659,-25.55196]},"properties":{"id":7516,"name":"Tinana","state_code":"QLD","country_code":"AU"}},{"type":"Feature","geometry":{"type":"Point","coordinates":[153.12704,-27.4736]},"properties":{"id":7517,"name":"Tingalpa","state_code":"QLD","country_code":"AU"}},{"type":"Feature","geometry":{"type":"Point","coordinates":[152.76798,-27.59278]},"properties":{"id":7520,"name":"Tivoli","state_code":"QLD","country_code":"AU"}},{"type":"Feature","geometry":{"type":"Point","coordinates":[145.47707,-17.18557]},"properties":{"id":7524,"name":"Tolga","state_code":"QLD","country_code":"AU"}},{"type":"Feature","geometry":{"type":"Point","coordinates":[152.37636,-27.08661]},"properties":{"id":7531,"name":"Toogoolawah","state_code":"QLD","country_code":"AU"}},{"type":"Feature","geometry":{"type":"Point","coordinates":[152.69025,-25.25637]},"properties":{"id":7532,"name":"Toogoom","state_code":"QLD","country_code":"AU"}},{"type":"Feature","geometry":{"type":"Point","coordinates":[152.98333,-27.48333]},"properties":{"id":7539,"name":"Toowong","state_code":"QLD","country_code":"AU"}},{"type":"Feature","geometry":{"type":"Point","coordinates":[151.47705,-27.47958]},"properties":{"id":7540,"name":"Toowoomba","state_code":"QLD","country_code":"AU"}},{"type":"Feature","geometry":{"type":"Point","coordinates":[152.87886,-25.28496]},"properties":{"id":7542,"name":"Torquay","state_code":"QLD","country_code":"AU"}},{"type":"Feature","geometry":{"type":"Point","coordinates":[142.2401977,-10.3923659]},"properties":{"id":7547,"name":"Torres","state_code":"QLD","country_code":"AU"}},{"type":"Feature","geometry":{"type":"Point","coordinates":[142.27295,-10.20141]},"properties":{"id":7548,"name":"Torres Strait Island","state_code":"QLD","country_code":"AU"}},{"type":"Feature","geometry":{"type":"Point","coordinates":[146.80569,-19.26639]},"properties":{"id":7550,"name":"Townsville","state_code":"QLD","country_code":"AU"}},{"type":"Feature","geometry":{"type":"Point","coordinates":[139.50482,-20.73252]},"properties":{"id":7551,"name":"Townview","state_code":"QLD","country_code":"AU"}},{"type":"Feature","geometry":{"type":"Point","coordinates":[145.69682,-16.78876]},"properties":{"id":7565,"name":"Trinity Beach","state_code":"QLD","country_code":"AU"}},{"type":"Feature","geometry":{"type":"Point","coordinates":[145.70549,-16.80684]},"properties":{"id":7567,"name":"Trinity Park","state_code":"QLD","country_code":"AU"}},{"type":"Feature","geometry":{"type":"Point","coordinates":[141.86963,-12.63422]},"properties":{"id":7570,"name":"Trunding","state_code":"QLD","country_code":"AU"}},{"type":"Feature","geometry":{"type":"Point","coordinates":[153.5,-28.15]},"properties":{"id":7573,"name":"Tugun","state_code":"QLD","country_code":"AU"}},{"type":"Feature","geometry":{"type":"Point","coordinates":[145.92277,-17.93264]},"properties":{"id":7575,"name":"Tully","state_code":"QLD","country_code":"AU"}},{"type":"Feature","geometry":{"type":"Point","coordinates":[153.08114,-26.63422]},"properties":{"id":7593,"name":"Twin Waters","state_code":"QLD","country_code":"AU"}},{"type":"Feature","geometry":{"type":"Point","coordinates":[153.1113,-27.60885]},"properties":{"id":7603,"name":"Underwood","state_code":"QLD","country_code":"AU"}},{"type":"Feature","geometry":{"type":"Point","coordinates":[152.88333,-27.11667]},"properties":{"id":7607,"name":"Upper Caboolture","state_code":"QLD","country_code":"AU"}},{"type":"Feature","geometry":{"type":"Point","coordinates":[153.28572,-27.87683]},"properties":{"id":7608,"name":"Upper Coomera","state_code":"QLD","country_code":"AU"}},{"type":"Feature","geometry":{"type":"Point","coordinates":[152.91777,-27.41879]},"properties":{"id":7611,"name":"Upper Kedron","state_code":"QLD","country_code":"AU"}},{"type":"Feature","geometry":{"type":"Point","coordinates":[153.08453,-27.56128]},"properties":{"id":7613,"name":"Upper Mount Gravatt","state_code":"QLD","country_code":"AU"}},{"type":"Feature","geometry":{"type":"Point","coordinates":[152.90535,-25.29214]},"properties":{"id":7616,"name":"Urangan","state_code":"QLD","country_code":"AU"}},{"type":"Feature","geometry":{"type":"Point","coordinates":[152.82206,-25.29522]},"properties":{"id":7617,"name":"Urraween","state_code":"QLD","country_code":"AU"}},{"type":"Feature","geometry":{"type":"Point","coordinates":[153.4122,-28.0894]},"properties":{"id":7626,"name":"Varsity Lakes","state_code":"QLD","country_code":"AU"}},{"type":"Feature","geometry":{"type":"Point","coordinates":[153.31172,-27.58329]},"properties":{"id":7635,"name":"Victoria Point","state_code":"QLD","country_code":"AU"}},{"type":"Feature","geometry":{"type":"Point","coordinates":[146.76463,-19.28341]},"properties":{"id":7639,"name":"Vincent","state_code":"QLD","country_code":"AU"}},{"type":"Feature","geometry":{"type":"Point","coordinates":[153.06667,-27.38333]},"properties":{"id":7644,"name":"Virginia","state_code":"QLD","country_code":"AU"}},{"type":"Feature","geometry":{"type":"Point","coordinates":[152.93333,-27.58333]},"properties":{"id":7647,"name":"Wacol","state_code":"QLD","country_code":"AU"}},{"type":"Feature","geometry":{"type":"Point","coordinates":[153.15589,-27.483]},"properties":{"id":7662,"name":"Wakerley","state_code":"QLD","country_code":"AU"}},{"type":"Feature","geometry":{"type":"Point","coordinates":[149.05814,-21.16097]},"properties":{"id":7665,"name":"Walkerston","state_code":"QLD","country_code":"AU"}},{"type":"Feature","geometry":{"type":"Point","coordinates":[152.35886,-24.88266]},"properties":{"id":7666,"name":"Walkervale","state_code":"QLD","country_code":"AU"}},{"type":"Feature","geometry":{"type":"Point","coordinates":[152.66429,-27.60545]},"properties":{"id":7675,"name":"Walloon","state_code":"QLD","country_code":"AU"}},{"type":"Feature","geometry":{"type":"Point","coordinates":[152.86542,-27.03909]},"properties":{"id":7679,"name":"Wamuran","state_code":"QLD","country_code":"AU"}},{"type":"Feature","geometry":{"type":"Point","coordinates":[150.49381,-23.36878]},"properties":{"id":7680,"name":"Wandal","state_code":"QLD","country_code":"AU"}},{"type":"Feature","geometry":{"type":"Point","coordinates":[149.96028,-26.12285]},"properties":{"id":7686,"name":"Wandoan","state_code":"QLD","country_code":"AU"}},{"type":"Feature","geometry":{"type":"Point","coordinates":[153.12688,-26.72273]},"properties":{"id":7698,"name":"Warana","state_code":"QLD","country_code":"AU"}},{"type":"Feature","geometry":{"type":"Point","coordinates":[152.94981,-27.31222]},"properties":{"id":7707,"name":"Warner","state_code":"QLD","country_code":"AU"}},{"type":"Feature","geometry":{"type":"Point","coordinates":[152.03438,-28.21901]},"properties":{"id":7725,"name":"Warwick","state_code":"QLD","country_code":"AU"}},{"type":"Feature","geometry":{"type":"Point","coordinates":[153.13319,-27.69056]},"properties":{"id":7730,"name":"Waterford West","state_code":"QLD","country_code":"AU"}},{"type":"Feature","geometry":{"type":"Point","coordinates":[153.04698,-27.39385]},"properties":{"id":7746,"name":"Wavell Heights","state_code":"QLD","country_code":"AU"}},{"type":"Feature","geometry":{"type":"Point","coordinates":[141.87555,-12.63671]},"properties":{"id":7754,"name":"Weipa","state_code":"QLD","country_code":"AU"}},{"type":"Feature","geometry":{"type":"Point","coordinates":[139.4014,-16.63184]},"properties":{"id":7756,"name":"Wellesley Islands","state_code":"QLD","country_code":"AU"}},{"type":"Feature","geometry":{"type":"Point","coordinates":[153.25,-27.48333]},"properties":{"id":7759,"name":"Wellington Point","state_code":"QLD","country_code":"AU"}},{"type":"Feature","geometry":{"type":"Point","coordinates":[153.0096,-27.47923]},"properties":{"id":7784,"name":"West End","state_code":"QLD","country_code":"AU"}},{"type":"Feature","geometry":{"type":"Point","coordinates":[151.2453,-23.86123]},"properties":{"id":7786,"name":"West Gladstone","state_code":"QLD","country_code":"AU"}},{"type":"Feature","geometry":{"type":"Point","coordinates":[149.16181,-21.15467]},"properties":{"id":7798,"name":"West Mackay","state_code":"QLD","country_code":"AU"}},{"type":"Feature","geometry":{"type":"Point","coordinates":[150.48175,-23.37941]},"properties":{"id":7805,"name":"West Rockhampton","state_code":"QLD","country_code":"AU"}},{"type":"Feature","geometry":{"type":"Point","coordinates":[152.92557,-26.66644]},"properties":{"id":7814,"name":"West Woombye","state_code":"QLD","country_code":"AU"}},{"type":"Feature","geometry":{"type":"Point","coordinates":[151.86667,-27.61667]},"properties":{"id":7817,"name":"Westbrook","state_code":"QLD","country_code":"AU"}},{"type":"Feature","geometry":{"type":"Point","coordinates":[150.15,-26.8]},"properties":{"id":7819,"name":"Westcourt","state_code":"QLD","country_code":"AU"}},{"type":"Feature","geometry":{"type":"Point","coordinates":[150.3859,-26.80665]},"properties":{"id":7821,"name":"Western Downs","state_code":"QLD","country_code":"AU"}},{"type":"Feature","geometry":{"type":"Point","coordinates":[152.91276,-27.54862]},"properties":{"id":7822,"name":"Westlake","state_code":"QLD","country_code":"AU"}},{"type":"Feature","geometry":{"type":"Point","coordinates":[145.7633,-16.97438]},"properties":{"id":7835,"name":"White Rock","state_code":"QLD","country_code":"AU"}},{"type":"Feature","geometry":{"type":"Point","coordinates":[145.73335,-16.89508]},"properties":{"id":7838,"name":"Whitfield","state_code":"QLD","country_code":"AU"}},{"type":"Feature","geometry":{"type":"Point","coordinates":[148.01349,-20.6978]},"properties":{"id":7839,"name":"Whitsunday","state_code":"QLD","country_code":"AU"}},{"type":"Feature","geometry":{"type":"Point","coordinates":[148.91325,-20.11943]},"properties":{"id":7840,"name":"Whitsundays","state_code":"QLD","country_code":"AU"}},{"type":"Feature","geometry":{"type":"Point","coordinates":[153.2631,-27.84499]},"properties":{"id":7865,"name":"Willow Vale","state_code":"QLD","country_code":"AU"}},{"type":"Feature","geometry":{"type":"Point","coordinates":[152.67407,-27.68215]},"properties":{"id":7866,"name":"Willowbank","state_code":"QLD","country_code":"AU"}},{"type":"Feature","geometry":{"type":"Point","coordinates":[151.91684,-27.54312]},"properties":{"id":7869,"name":"Wilsonton","state_code":"QLD","country_code":"AU"}},{"type":"Feature","geometry":{"type":"Point","coordinates":[151.92444,-27.53227]},"properties":{"id":7870,"name":"Wilsonton Heights","state_code":"QLD","country_code":"AU"}},{"type":"Feature","geometry":{"type":"Point","coordinates":[153.01904,-27.43218]},"properties":{"id":7871,"name":"Wilston","state_code":"QLD","country_code":"AU"}},{"type":"Feature","geometry":{"type":"Point","coordinates":[153.19339,-27.74587]},"properties":{"id":7877,"name":"Windaroo","state_code":"QLD","country_code":"AU"}},{"type":"Feature","geometry":{"type":"Point","coordinates":[153.02882,-27.43631]},"properties":{"id":7880,"name":"Windsor","state_code":"QLD","country_code":"AU"}},{"type":"Feature","geometry":{"type":"Point","coordinates":[139.49913,-20.70374]},"properties":{"id":7887,"name":"Winston","state_code":"QLD","country_code":"AU"}},{"type":"Feature","geometry":{"type":"Point","coordinates":[142.66199,-22.50749]},"properties":{"id":7890,"name":"Winton","state_code":"QLD","country_code":"AU"}},{"type":"Feature","geometry":{"type":"Point","coordinates":[153.10107,-27.55448]},"properties":{"id":7891,"name":"Wishart","state_code":"QLD","country_code":"AU"}},{"type":"Feature","geometry":{"type":"Point","coordinates":[152.02432,-27.55408]},"properties":{"id":7892,"name":"Withcott","state_code":"QLD","country_code":"AU"}},{"type":"Feature","geometry":{"type":"Point","coordinates":[152.81667,-26.7]},"properties":{"id":7894,"name":"Witta","state_code":"QLD","country_code":"AU"}},{"type":"Feature","geometry":{"type":"Point","coordinates":[151.87242,-26.3177]},"properties":{"id":7903,"name":"Wondai","state_code":"QLD","country_code":"AU"}},{"type":"Feature","geometry":{"type":"Point","coordinates":[152.85912,-25.31758]},"properties":{"id":7904,"name":"Wondunna","state_code":"QLD","country_code":"AU"}},{"type":"Feature","geometry":{"type":"Point","coordinates":[146.09611,-17.91327]},"properties":{"id":7906,"name":"Wongaling Beach","state_code":"QLD","country_code":"AU"}},{"type":"Feature","geometry":{"type":"Point","coordinates":[153.22865,-27.87553]},"properties":{"id":7908,"name":"Wongawallan","state_code":"QLD","country_code":"AU"}},{"type":"Feature","geometry":{"type":"Point","coordinates":[152.75307,-27.60554]},"properties":{"id":7918,"name":"Woodend","state_code":"QLD","country_code":"AU"}},{"type":"Feature","geometry":{"type":"Point","coordinates":[152.77747,-26.95291]},"properties":{"id":7919,"name":"Woodford","state_code":"QLD","country_code":"AU"}},{"type":"Feature","geometry":{"type":"Point","coordinates":[152.56254,-25.1083]},"properties":{"id":7921,"name":"Woodgate","state_code":"QLD","country_code":"AU"}},{"type":"Feature","geometry":{"type":"Point","coordinates":[153.1,-27.63333]},"properties":{"id":7923,"name":"Woodridge","state_code":"QLD","country_code":"AU"}},{"type":"Feature","geometry":{"type":"Point","coordinates":[153.10427,-27.25608]},"properties":{"id":7934,"name":"Woody Point","state_code":"QLD","country_code":"AU"}},{"type":"Feature","geometry":{"type":"Point","coordinates":[153.03655,-27.48855]},"properties":{"id":7938,"name":"Woolloongabba","state_code":"QLD","country_code":"AU"}},{"type":"Feature","geometry":{"type":"Point","coordinates":[153.04204,-27.42244]},"properties":{"id":7940,"name":"Wooloowin","state_code":"QLD","country_code":"AU"}},{"type":"Feature","geometry":{"type":"Point","coordinates":[152.96947,-26.66054]},"properties":{"id":7941,"name":"Woombye","state_code":"QLD","country_code":"AU"}},{"type":"Feature","geometry":{"type":"Point","coordinates":[149.44977,-24.1501]},"properties":{"id":7944,"name":"Woorabinda","state_code":"QLD","country_code":"AU"}},{"type":"Feature","geometry":{"type":"Point","coordinates":[153.20427,-27.06931]},"properties":{"id":7946,"name":"Woorim","state_code":"QLD","country_code":"AU"}},{"type":"Feature","geometry":{"type":"Point","coordinates":[145.75,-16.95]},"properties":{"id":7949,"name":"Woree","state_code":"QLD","country_code":"AU"}},{"type":"Feature","geometry":{"type":"Point","coordinates":[153.35,-28.05]},"properties":{"id":7950,"name":"Worongary","state_code":"QLD","country_code":"AU"}},{"type":"Feature","geometry":{"type":"Point","coordinates":[145.3152,-15.96904]},"properties":{"id":7957,"name":"Wujal Wujal","state_code":"QLD","country_code":"AU"}},{"type":"Feature","geometry":{"type":"Point","coordinates":[146.81842,-19.3285]},"properties":{"id":7959,"name":"Wulguru","state_code":"QLD","country_code":"AU"}},{"type":"Feature","geometry":{"type":"Point","coordinates":[152.72191,-27.61429]},"properties":{"id":7960,"name":"Wulkuraka","state_code":"QLD","country_code":"AU"}},{"type":"Feature","geometry":{"type":"Point","coordinates":[153.12805,-26.75648]},"properties":{"id":7964,"name":"Wurtulla","state_code":"QLD","country_code":"AU"}},{"type":"Feature","geometry":{"type":"Point","coordinates":[153.15813,-27.44527]},"properties":{"id":7973,"name":"Wynnum","state_code":"QLD","country_code":"AU"}},{"type":"Feature","geometry":{"type":"Point","coordinates":[153.15319,-27.45824]},"properties":{"id":7974,"name":"Wynnum West","state_code":"QLD","country_code":"AU"}},{"type":"Feature","geometry":{"type":"Point","coordinates":[151.85532,-27.65583]},"properties":{"id":7979,"name":"Wyreema","state_code":"QLD","country_code":"AU"}},{"type":"Feature","geometry":{"type":"Point","coordinates":[152.73863,-27.66027]},"properties":{"id":7988,"name":"Yamanto","state_code":"QLD","country_code":"AU"}},{"type":"Feature","geometry":{"type":"Point","coordinates":[152.95595,-26.56165]},"properties":{"id":7991,"name":"Yandina","state_code":"QLD","country_code":"AU"}},{"type":"Feature","geometry":{"type":"Point","coordinates":[153.09701,-26.55126]},"properties":{"id":7994,"name":"Yaroomba","state_code":"QLD","country_code":"AU"}},{"type":"Feature","geometry":{"type":"Point","coordinates":[145.88058,-16.99463]},"properties":{"id":7999,"name":"Yarrabah","state_code":"QLD","country_code":"AU"}},{"type":"Feature","geometry":{"type":"Point","coordinates":[153.11163,-27.80864]},"properties":{"id":8000,"name":"Yarrabilba","state_code":"QLD","country_code":"AU"}},{"type":"Feature","geometry":{"type":"Point","coordinates":[151.98138,-26.84167]},"properties":{"id":8004,"name":"Yarraman","state_code":"QLD","country_code":"AU"}},{"type":"Feature","geometry":{"type":"Point","coordinates":[153.21667,-27.71667]},"properties":{"id":8013,"name":"Yatala","state_code":"QLD","country_code":"AU"}},{"type":"Feature","geometry":{"type":"Point","coordinates":[153.00935,-27.53097]},"properties":{"id":8015,"name":"Yeerongpilly","state_code":"QLD","country_code":"AU"}},{"type":"Feature","geometry":{"type":"Point","coordinates":[150.74406,-23.12683]},"properties":{"id":8018,"name":"Yeppoon","state_code":"QLD","country_code":"AU"}},{"type":"Feature","geometry":{"type":"Point","coordinates":[150.73639,-23.1295]},"properties":{"id":8019,"name":"Yeppoon city centre","state_code":"QLD","country_code":"AU"}},{"type":"Feature","geometry":{"type":"Point","coordinates":[153.01642,-27.51571]},"properties":{"id":8020,"name":"Yeronga","state_code":"QLD","country_code":"AU"}},{"type":"Feature","geometry":{"type":"Point","coordinates":[145.72083,-16.80278]},"properties":{"id":8027,"name":"Yorkeys Knob","state_code":"QLD","country_code":"AU"}},{"type":"Feature","geometry":{"type":"Point","coordinates":[145.58335,-17.27058]},"properties":{"id":8032,"name":"Yungaburra","state_code":"QLD","country_code":"AU"}},{"type":"Feature","geometry":{"type":"Point","coordinates":[153.04453,-27.35591]},"properties":{"id":8034,"name":"Zillmere","state_code":"QLD","country_code":"AU"}},{"type":"Feature","geometry":{"type":"Point","coordinates":[150.7982,-23.28867]},"properties":{"id":8035,"name":"Zilzie","state_code":"QLD","country_code":"AU"}}]}