{"type":"FeatureCollection","features":[{"type":"Feature","geometry":{"type":"Point","coordinates":[145,-37.8]},"properties":{"id":3904,"name":"Abbotsford","state_code":"VIC","country_code":"AU"}},{"type":"Feature","geometry":{"type":"Point","coordinates":[144.8974,-37.75959]},"properties":{"id":3909,"name":"Aberfeldie","state_code":"VIC","country_code":"AU"}},{"type":"Feature","geometry":{"type":"Point","coordinates":[144.88126,-37.7247]},"properties":{"id":3926,"name":"Airport West","state_code":"VIC","country_code":"AU"}},{"type":"Feature","geometry":{"type":"Point","coordinates":[144.76856,-37.74609]},"properties":{"id":3929,"name":"Albanvale","state_code":"VIC","country_code":"AU"}},{"type":"Feature","geometry":{"type":"Point","coordinates":[144.95198,-37.84107]},"properties":{"id":3934,"name":"Albert Park","state_code":"VIC","country_code":"AU"}},{"type":"Feature","geometry":{"type":"Point","coordinates":[144.81724,-37.78017]},"properties":{"id":3936,"name":"Albion","state_code":"VIC","country_code":"AU"}},{"type":"Feature","geometry":{"type":"Point","coordinates":[145.7112,-37.19132]},"properties":{"id":3947,"name":"Alexandra","state_code":"VIC","country_code":"AU"}},{"type":"Feature","geometry":{"type":"Point","coordinates":[143.81667,-37.56667]},"properties":{"id":3954,"name":"Alfredton","state_code":"VIC","country_code":"AU"}},{"type":"Feature","geometry":{"type":"Point","coordinates":[142.59431,-38.38639]},"properties":{"id":3960,"name":"Allansford","state_code":"VIC","country_code":"AU"}},{"type":"Feature","geometry":{"type":"Point","coordinates":[145.03333,-37.78333]},"properties":{"id":3966,"name":"Alphington","state_code":"VIC","country_code":"AU"}},{"type":"Feature","geometry":{"type":"Point","coordinates":[146.97936,-36.83412]},"properties":{"id":3967,"name":"Alpine","state_code":"VIC","country_code":"AU"}},{"type":"Feature","geometry":{"type":"Point","coordinates":[144.83036,-37.86964]},"properties":{"id":3970,"name":"Altona","state_code":"VIC","country_code":"AU"}},{"type":"Feature","geometry":{"type":"Point","coordinates":[144.78367,-37.88413]},"properties":{"id":3971,"name":"Altona Meadows","state_code":"VIC","country_code":"AU"}},{"type":"Feature","geometry":{"type":"Point","coordinates":[144.84735,-37.83487]},"properties":{"id":3972,"name":"Altona North","state_code":"VIC","country_code":"AU"}},{"type":"Feature","geometry":{"type":"Point","coordinates":[144.18587,-38.4073]},"properties":{"id":3982,"name":"Anglesea","state_code":"VIC","country_code":"AU"}},{"type":"Feature","geometry":{"type":"Point","coordinates":[143.67219,-38.7594]},"properties":{"id":3990,"name":"Apollo Bay","state_code":"VIC","country_code":"AU"}},{"type":"Feature","geometry":{"type":"Point","coordinates":[142.82239,-37.48925]},"properties":{"id":3996,"name":"Ararat","state_code":"VIC","country_code":"AU"}},{"type":"Feature","geometry":{"type":"Point","coordinates":[144.80144,-37.77586]},"properties":{"id":3999,"name":"Ardeer","state_code":"VIC","country_code":"AU"}},{"type":"Feature","geometry":{"type":"Point","coordinates":[145.02052,-37.85544]},"properties":{"id":4004,"name":"Armadale","state_code":"VIC","country_code":"AU"}},{"type":"Feature","geometry":{"type":"Point","coordinates":[144.37374,-38.23121]},"properties":{"id":4006,"name":"Armstrong Creek","state_code":"VIC","country_code":"AU"}},{"type":"Feature","geometry":{"type":"Point","coordinates":[144.33333,-36.7]},"properties":{"id":4012,"name":"Ascot","state_code":"VIC","country_code":"AU"}},{"type":"Feature","geometry":{"type":"Point","coordinates":[144.92276,-37.77988]},"properties":{"id":4015,"name":"Ascot Vale","state_code":"VIC","country_code":"AU"}},{"type":"Feature","geometry":{"type":"Point","coordinates":[145.08333,-37.86667]},"properties":{"id":4016,"name":"Ashburton","state_code":"VIC","country_code":"AU"}},{"type":"Feature","geometry":{"type":"Point","coordinates":[145.10553,-37.86659]},"properties":{"id":4028,"name":"Ashwood","state_code":"VIC","country_code":"AU"}},{"type":"Feature","geometry":{"type":"Point","coordinates":[145.10266,-38.02913]},"properties":{"id":4029,"name":"Aspendale","state_code":"VIC","country_code":"AU"}},{"type":"Feature","geometry":{"type":"Point","coordinates":[145.11798,-38.02277]},"properties":{"id":4030,"name":"Aspendale Gardens","state_code":"VIC","country_code":"AU"}},{"type":"Feature","geometry":{"type":"Point","coordinates":[144.88675,-37.66955]},"properties":{"id":4037,"name":"Attwood","state_code":"VIC","country_code":"AU"}},{"type":"Feature","geometry":{"type":"Point","coordinates":[145.23367,-36.90088]},"properties":{"id":4051,"name":"Avenel","state_code":"VIC","country_code":"AU"}},{"type":"Feature","geometry":{"type":"Point","coordinates":[143.47365,-37.09044]},"properties":{"id":4053,"name":"Avoca","state_code":"VIC","country_code":"AU"}},{"type":"Feature","geometry":{"type":"Point","coordinates":[144.86261,-37.76155]},"properties":{"id":4057,"name":"Avondale Heights","state_code":"VIC","country_code":"AU"}},{"type":"Feature","geometry":{"type":"Point","coordinates":[144.43829,-37.67268]},"properties":{"id":4060,"name":"Bacchus Marsh","state_code":"VIC","country_code":"AU"}},{"type":"Feature","geometry":{"type":"Point","coordinates":[145.51667,-37.7]},"properties":{"id":4061,"name":"Badger Creek","state_code":"VIC","country_code":"AU"}},{"type":"Feature","geometry":{"type":"Point","coordinates":[147.61041,-37.82289]},"properties":{"id":4064,"name":"Bairnsdale","state_code":"VIC","country_code":"AU"}},{"type":"Feature","geometry":{"type":"Point","coordinates":[145,-37.86667]},"properties":{"id":4068,"name":"Balaclava","state_code":"VIC","country_code":"AU"}},{"type":"Feature","geometry":{"type":"Point","coordinates":[144.2289,-37.59987]},"properties":{"id":4079,"name":"Ballan","state_code":"VIC","country_code":"AU"}},{"type":"Feature","geometry":{"type":"Point","coordinates":[143.84957,-37.56622]},"properties":{"id":4080,"name":"Ballarat","state_code":"VIC","country_code":"AU"}},{"type":"Feature","geometry":{"type":"Point","coordinates":[143.85082,-37.56206]},"properties":{"id":4081,"name":"Ballarat Central","state_code":"VIC","country_code":"AU"}},{"type":"Feature","geometry":{"type":"Point","coordinates":[143.86667,-37.56667]},"properties":{"id":4082,"name":"Ballarat East","state_code":"VIC","country_code":"AU"}},{"type":"Feature","geometry":{"type":"Point","coordinates":[143.77284,-37.51884]},"properties":{"id":4083,"name":"Ballarat North","state_code":"VIC","country_code":"AU"}},{"type":"Feature","geometry":{"type":"Point","coordinates":[145.13333,-38.36667]},"properties":{"id":4088,"name":"Balnarring","state_code":"VIC","country_code":"AU"}},{"type":"Feature","geometry":{"type":"Point","coordinates":[145.0789,-37.80914]},"properties":{"id":4091,"name":"Balwyn","state_code":"VIC","country_code":"AU"}},{"type":"Feature","geometry":{"type":"Point","coordinates":[145.09386,-37.79086]},"properties":{"id":4092,"name":"Balwyn North","state_code":"VIC","country_code":"AU"}},{"type":"Feature","geometry":{"type":"Point","coordinates":[144.16882,-38.04894]},"properties":{"id":4104,"name":"Bannockburn","state_code":"VIC","country_code":"AU"}},{"type":"Feature","geometry":{"type":"Point","coordinates":[145.08576,-37.73386]},"properties":{"id":4107,"name":"Banyule","state_code":"VIC","country_code":"AU"}},{"type":"Feature","geometry":{"type":"Point","coordinates":[146.9538,-36.19114]},"properties":{"id":4109,"name":"Baranduda","state_code":"VIC","country_code":"AU"}},{"type":"Feature","geometry":{"type":"Point","coordinates":[144.48853,-38.27448]},"properties":{"id":4131,"name":"Barwon Heads","state_code":"VIC","country_code":"AU"}},{"type":"Feature","geometry":{"type":"Point","coordinates":[145.4639,-38.48507]},"properties":{"id":4133,"name":"Bass Coast","state_code":"VIC","country_code":"AU"}},{"type":"Feature","geometry":{"type":"Point","coordinates":[146.14404,-37.96998]},"properties":{"id":4147,"name":"Baw Baw","state_code":"VIC","country_code":"AU"}},{"type":"Feature","geometry":{"type":"Point","coordinates":[145.15,-38.2]},"properties":{"id":4148,"name":"Baxter","state_code":"VIC","country_code":"AU"}},{"type":"Feature","geometry":{"type":"Point","coordinates":[145.01932,-37.93986]},"properties":{"id":4152,"name":"Bayside","state_code":"VIC","country_code":"AU"}},{"type":"Feature","geometry":{"type":"Point","coordinates":[145.26667,-37.85]},"properties":{"id":4153,"name":"Bayswater","state_code":"VIC","country_code":"AU"}},{"type":"Feature","geometry":{"type":"Point","coordinates":[145.29831,-37.82612]},"properties":{"id":4155,"name":"Bayswater North","state_code":"VIC","country_code":"AU"}},{"type":"Feature","geometry":{"type":"Point","coordinates":[145.36667,-38.05]},"properties":{"id":4161,"name":"Beaconsfield","state_code":"VIC","country_code":"AU"}},{"type":"Feature","geometry":{"type":"Point","coordinates":[145.4142,-37.99415]},"properties":{"id":4164,"name":"Beaconsfield Upper","state_code":"VIC","country_code":"AU"}},{"type":"Feature","geometry":{"type":"Point","coordinates":[143.38347,-37.42996]},"properties":{"id":4166,"name":"Beaufort","state_code":"VIC","country_code":"AU"}},{"type":"Feature","geometry":{"type":"Point","coordinates":[145.03361,-37.98534]},"properties":{"id":4167,"name":"Beaumaris","state_code":"VIC","country_code":"AU"}},{"type":"Feature","geometry":{"type":"Point","coordinates":[146.68584,-36.35828]},"properties":{"id":4176,"name":"Beechworth","state_code":"VIC","country_code":"AU"}},{"type":"Feature","geometry":{"type":"Point","coordinates":[145.35359,-37.91093]},"properties":{"id":4188,"name":"Belgrave","state_code":"VIC","country_code":"AU"}},{"type":"Feature","geometry":{"type":"Point","coordinates":[145.34367,-37.92624]},"properties":{"id":4189,"name":"Belgrave Heights","state_code":"VIC","country_code":"AU"}},{"type":"Feature","geometry":{"type":"Point","coordinates":[145.33333,-37.93333]},"properties":{"id":4190,"name":"Belgrave South","state_code":"VIC","country_code":"AU"}},{"type":"Feature","geometry":{"type":"Point","coordinates":[144.33839,-38.10793]},"properties":{"id":4191,"name":"Bell Park","state_code":"VIC","country_code":"AU"}},{"type":"Feature","geometry":{"type":"Point","coordinates":[144.31968,-38.09564]},"properties":{"id":4192,"name":"Bell Post Hill","state_code":"VIC","country_code":"AU"}},{"type":"Feature","geometry":{"type":"Point","coordinates":[145.03848,-37.75309]},"properties":{"id":4204,"name":"Bellfield","state_code":"VIC","country_code":"AU"}},{"type":"Feature","geometry":{"type":"Point","coordinates":[144.34276,-38.17485]},"properties":{"id":4210,"name":"Belmont","state_code":"VIC","country_code":"AU"}},{"type":"Feature","geometry":{"type":"Point","coordinates":[146.02812,-36.59041]},"properties":{"id":4216,"name":"Benalla","state_code":"VIC","country_code":"AU"}},{"type":"Feature","geometry":{"type":"Point","coordinates":[144.28024,-36.75818]},"properties":{"id":4218,"name":"Bendigo","state_code":"VIC","country_code":"AU"}},{"type":"Feature","geometry":{"type":"Point","coordinates":[144.27957,-36.75698]},"properties":{"id":4219,"name":"Bendigo city centre","state_code":"VIC","country_code":"AU"}},{"type":"Feature","geometry":{"type":"Point","coordinates":[145.03544,-37.91806]},"properties":{"id":4223,"name":"Bentleigh","state_code":"VIC","country_code":"AU"}},{"type":"Feature","geometry":{"type":"Point","coordinates":[145.05301,-37.91928]},"properties":{"id":4224,"name":"Bentleigh East","state_code":"VIC","country_code":"AU"}},{"type":"Feature","geometry":{"type":"Point","coordinates":[145.35,-38.03333]},"properties":{"id":4246,"name":"Berwick","state_code":"VIC","country_code":"AU"}},{"type":"Feature","geometry":{"type":"Point","coordinates":[144.98333,-37.48333]},"properties":{"id":4248,"name":"Beveridge","state_code":"VIC","country_code":"AU"}},{"type":"Feature","geometry":{"type":"Point","coordinates":[145.16667,-38.33333]},"properties":{"id":4274,"name":"Bittern","state_code":"VIC","country_code":"AU"}},{"type":"Feature","geometry":{"type":"Point","coordinates":[143.86667,-37.55]},"properties":{"id":4276,"name":"Black Hill","state_code":"VIC","country_code":"AU"}},{"type":"Feature","geometry":{"type":"Point","coordinates":[145.01636,-37.97357]},"properties":{"id":4279,"name":"Black Rock","state_code":"VIC","country_code":"AU"}},{"type":"Feature","geometry":{"type":"Point","coordinates":[145.15326,-37.81901]},"properties":{"id":4283,"name":"Blackburn","state_code":"VIC","country_code":"AU"}},{"type":"Feature","geometry":{"type":"Point","coordinates":[145.1518,-37.80931]},"properties":{"id":4284,"name":"Blackburn North","state_code":"VIC","country_code":"AU"}},{"type":"Feature","geometry":{"type":"Point","coordinates":[145.15549,-37.83975]},"properties":{"id":4285,"name":"Blackburn South","state_code":"VIC","country_code":"AU"}},{"type":"Feature","geometry":{"type":"Point","coordinates":[144.77955,-38.36131]},"properties":{"id":4299,"name":"Blairgowrie","state_code":"VIC","country_code":"AU"}},{"type":"Feature","geometry":{"type":"Point","coordinates":[145.3377,-38.21427]},"properties":{"id":4307,"name":"Blind Bight","state_code":"VIC","country_code":"AU"}},{"type":"Feature","geometry":{"type":"Point","coordinates":[145.12278,-38.06528]},"properties":{"id":4325,"name":"Bonbeach","state_code":"VIC","country_code":"AU"}},{"type":"Feature","geometry":{"type":"Point","coordinates":[145.28333,-37.86667]},"properties":{"id":4349,"name":"Boronia","state_code":"VIC","country_code":"AU"}},{"type":"Feature","geometry":{"type":"Point","coordinates":[145.05299,-37.8264]},"properties":{"id":4351,"name":"Boroondara","state_code":"VIC","country_code":"AU"}},{"type":"Feature","geometry":{"type":"Point","coordinates":[145.26841,-38.13922]},"properties":{"id":4353,"name":"Botanic Ridge","state_code":"VIC","country_code":"AU"}},{"type":"Feature","geometry":{"type":"Point","coordinates":[145.12545,-37.81887]},"properties":{"id":4368,"name":"Box Hill","state_code":"VIC","country_code":"AU"}},{"type":"Feature","geometry":{"type":"Point","coordinates":[145.12656,-37.80266]},"properties":{"id":4369,"name":"Box Hill North","state_code":"VIC","country_code":"AU"}},{"type":"Feature","geometry":{"type":"Point","coordinates":[145.12098,-37.83236]},"properties":{"id":4370,"name":"Box Hill South","state_code":"VIC","country_code":"AU"}},{"type":"Feature","geometry":{"type":"Point","coordinates":[144.85484,-37.78671]},"properties":{"id":4386,"name":"Braybrook","state_code":"VIC","country_code":"AU"}},{"type":"Feature","geometry":{"type":"Point","coordinates":[147.07268,-37.84356]},"properties":{"id":4392,"name":"Briagolong","state_code":"VIC","country_code":"AU"}},{"type":"Feature","geometry":{"type":"Point","coordinates":[145.121,-37.70631]},"properties":{"id":4393,"name":"Briar Hill","state_code":"VIC","country_code":"AU"}},{"type":"Feature","geometry":{"type":"Point","coordinates":[146.95978,-36.72998]},"properties":{"id":4400,"name":"Bright","state_code":"VIC","country_code":"AU"}},{"type":"Feature","geometry":{"type":"Point","coordinates":[145.00279,-37.90561]},"properties":{"id":4403,"name":"Brighton","state_code":"VIC","country_code":"AU"}},{"type":"Feature","geometry":{"type":"Point","coordinates":[145.01734,-37.90232]},"properties":{"id":4405,"name":"Brighton East","state_code":"VIC","country_code":"AU"}},{"type":"Feature","geometry":{"type":"Point","coordinates":[144.81644,-37.74287]},"properties":{"id":4407,"name":"Brimbank","state_code":"VIC","country_code":"AU"}},{"type":"Feature","geometry":{"type":"Point","coordinates":[145.04837,-37.20276]},"properties":{"id":4414,"name":"Broadford","state_code":"VIC","country_code":"AU"}},{"type":"Feature","geometry":{"type":"Point","coordinates":[144.91877,-37.68015]},"properties":{"id":4416,"name":"Broadmeadows","state_code":"VIC","country_code":"AU"}},{"type":"Feature","geometry":{"type":"Point","coordinates":[144.56025,-37.7008]},"properties":{"id":4425,"name":"Brookfield","state_code":"VIC","country_code":"AU"}},{"type":"Feature","geometry":{"type":"Point","coordinates":[144.8415,-37.81609]},"properties":{"id":4427,"name":"Brooklyn","state_code":"VIC","country_code":"AU"}},{"type":"Feature","geometry":{"type":"Point","coordinates":[143.91553,-37.54654]},"properties":{"id":4435,"name":"Brown Hill","state_code":"VIC","country_code":"AU"}},{"type":"Feature","geometry":{"type":"Point","coordinates":[144.96667,-37.76667]},"properties":{"id":4438,"name":"Brunswick","state_code":"VIC","country_code":"AU"}},{"type":"Feature","geometry":{"type":"Point","coordinates":[144.97241,-37.77255]},"properties":{"id":4440,"name":"Brunswick East","state_code":"VIC","country_code":"AU"}},{"type":"Feature","geometry":{"type":"Point","coordinates":[144.94383,-37.76461]},"properties":{"id":4442,"name":"Brunswick West","state_code":"VIC","country_code":"AU"}},{"type":"Feature","geometry":{"type":"Point","coordinates":[145.08333,-37.76667]},"properties":{"id":4455,"name":"Bulleen","state_code":"VIC","country_code":"AU"}},{"type":"Feature","geometry":{"type":"Point","coordinates":[143.05201,-35.84638]},"properties":{"id":4459,"name":"Buloke","state_code":"VIC","country_code":"AU"}},{"type":"Feature","geometry":{"type":"Point","coordinates":[145.05967,-37.69825]},"properties":{"id":4470,"name":"Bundoora","state_code":"VIC","country_code":"AU"}},{"type":"Feature","geometry":{"type":"Point","coordinates":[143.88388,-37.65019]},"properties":{"id":4474,"name":"Buninyong","state_code":"VIC","country_code":"AU"}},{"type":"Feature","geometry":{"type":"Point","coordinates":[145.71606,-38.09789]},"properties":{"id":4476,"name":"Bunyip","state_code":"VIC","country_code":"AU"}},{"type":"Feature","geometry":{"type":"Point","coordinates":[144.75301,-37.74937]},"properties":{"id":4487,"name":"Burnside","state_code":"VIC","country_code":"AU"}},{"type":"Feature","geometry":{"type":"Point","coordinates":[144.75225,-37.72691]},"properties":{"id":4489,"name":"Burnside Heights","state_code":"VIC","country_code":"AU"}},{"type":"Feature","geometry":{"type":"Point","coordinates":[145.11901,-37.84978]},"properties":{"id":4500,"name":"Burwood","state_code":"VIC","country_code":"AU"}},{"type":"Feature","geometry":{"type":"Point","coordinates":[145.15,-37.85]},"properties":{"id":4502,"name":"Burwood East","state_code":"VIC","country_code":"AU"}},{"type":"Feature","geometry":{"type":"Point","coordinates":[144.78781,-37.75931]},"properties":{"id":4523,"name":"Cairnlea","state_code":"VIC","country_code":"AU"}},{"type":"Feature","geometry":{"type":"Point","coordinates":[144.26089,-36.72887]},"properties":{"id":4529,"name":"California Gully","state_code":"VIC","country_code":"AU"}},{"type":"Feature","geometry":{"type":"Point","coordinates":[145.0694,-37.84205]},"properties":{"id":4537,"name":"Camberwell","state_code":"VIC","country_code":"AU"}},{"type":"Feature","geometry":{"type":"Point","coordinates":[144.70844,-36.32338]},"properties":{"id":4554,"name":"Campaspe","state_code":"VIC","country_code":"AU"}},{"type":"Feature","geometry":{"type":"Point","coordinates":[144.95953,-37.66386]},"properties":{"id":4556,"name":"Campbellfield","state_code":"VIC","country_code":"AU"}},{"type":"Feature","geometry":{"type":"Point","coordinates":[144.20203,-37.08665]},"properties":{"id":4557,"name":"Campbells Creek","state_code":"VIC","country_code":"AU"}},{"type":"Feature","geometry":{"type":"Point","coordinates":[143.14983,-38.23392]},"properties":{"id":4562,"name":"Camperdown","state_code":"VIC","country_code":"AU"}},{"type":"Feature","geometry":{"type":"Point","coordinates":[143.87742,-37.57606]},"properties":{"id":4565,"name":"Canadian","state_code":"VIC","country_code":"AU"}},{"type":"Feature","geometry":{"type":"Point","coordinates":[145.08476,-37.8247]},"properties":{"id":4575,"name":"Canterbury","state_code":"VIC","country_code":"AU"}},{"type":"Feature","geometry":{"type":"Point","coordinates":[145.34407,-38.54285]},"properties":{"id":4580,"name":"Cape Woolamai","state_code":"VIC","country_code":"AU"}},{"type":"Feature","geometry":{"type":"Point","coordinates":[145.56455,-38.09508]},"properties":{"id":4588,"name":"Cardinia","state_code":"VIC","country_code":"AU"}},{"type":"Feature","geometry":{"type":"Point","coordinates":[143.81665,-37.04808]},"properties":{"id":4597,"name":"Carisbrook","state_code":"VIC","country_code":"AU"}},{"type":"Feature","geometry":{"type":"Point","coordinates":[144.96667,-37.8]},"properties":{"id":4600,"name":"Carlton","state_code":"VIC","country_code":"AU"}},{"type":"Feature","geometry":{"type":"Point","coordinates":[144.97014,-37.78818]},"properties":{"id":4602,"name":"Carlton North","state_code":"VIC","country_code":"AU"}},{"type":"Feature","geometry":{"type":"Point","coordinates":[145.05534,-37.89359]},"properties":{"id":4605,"name":"Carnegie","state_code":"VIC","country_code":"AU"}},{"type":"Feature","geometry":{"type":"Point","coordinates":[144.73631,-37.74124]},"properties":{"id":4607,"name":"Caroline Springs","state_code":"VIC","country_code":"AU"}},{"type":"Feature","geometry":{"type":"Point","coordinates":[145.13333,-38.08333]},"properties":{"id":4614,"name":"Carrum","state_code":"VIC","country_code":"AU"}},{"type":"Feature","geometry":{"type":"Point","coordinates":[145.17248,-38.09968]},"properties":{"id":4615,"name":"Carrum Downs","state_code":"VIC","country_code":"AU"}},{"type":"Feature","geometry":{"type":"Point","coordinates":[145.32279,-38.09519]},"properties":{"id":4620,"name":"Casey","state_code":"VIC","country_code":"AU"}},{"type":"Feature","geometry":{"type":"Point","coordinates":[141.40297,-37.58489]},"properties":{"id":4625,"name":"Casterton","state_code":"VIC","country_code":"AU"}},{"type":"Feature","geometry":{"type":"Point","coordinates":[144.21684,-37.06709]},"properties":{"id":4629,"name":"Castlemaine","state_code":"VIC","country_code":"AU"}},{"type":"Feature","geometry":{"type":"Point","coordinates":[145.02288,-37.88251]},"properties":{"id":4637,"name":"Caulfield","state_code":"VIC","country_code":"AU"}},{"type":"Feature","geometry":{"type":"Point","coordinates":[145.04208,-37.88121]},"properties":{"id":4638,"name":"Caulfield East","state_code":"VIC","country_code":"AU"}},{"type":"Feature","geometry":{"type":"Point","coordinates":[145.02485,-37.8739]},"properties":{"id":4639,"name":"Caulfield North","state_code":"VIC","country_code":"AU"}},{"type":"Feature","geometry":{"type":"Point","coordinates":[145.02597,-37.89562]},"properties":{"id":4640,"name":"Caulfield South","state_code":"VIC","country_code":"AU"}},{"type":"Feature","geometry":{"type":"Point","coordinates":[143.73857,-36.97889]},"properties":{"id":4652,"name":"Central Goldfields","state_code":"VIC","country_code":"AU"}},{"type":"Feature","geometry":{"type":"Point","coordinates":[145.09519,-37.88766]},"properties":{"id":4656,"name":"Chadstone","state_code":"VIC","country_code":"AU"}},{"type":"Feature","geometry":{"type":"Point","coordinates":[143.34901,-36.26437]},"properties":{"id":4667,"name":"Charlton","state_code":"VIC","country_code":"AU"}},{"type":"Feature","geometry":{"type":"Point","coordinates":[145.11667,-38.05]},"properties":{"id":4676,"name":"Chelsea","state_code":"VIC","country_code":"AU"}},{"type":"Feature","geometry":{"type":"Point","coordinates":[145.13333,-38.03333]},"properties":{"id":4677,"name":"Chelsea Heights","state_code":"VIC","country_code":"AU"}},{"type":"Feature","geometry":{"type":"Point","coordinates":[145.04806,-37.96944]},"properties":{"id":4679,"name":"Cheltenham","state_code":"VIC","country_code":"AU"}},{"type":"Feature","geometry":{"type":"Point","coordinates":[144.25682,-37.08137]},"properties":{"id":4685,"name":"Chewton","state_code":"VIC","country_code":"AU"}},{"type":"Feature","geometry":{"type":"Point","coordinates":[146.60843,-36.15044]},"properties":{"id":4691,"name":"Chiltern","state_code":"VIC","country_code":"AU"}},{"type":"Feature","geometry":{"type":"Point","coordinates":[145.31431,-37.7386]},"properties":{"id":4696,"name":"Chirnside Park","state_code":"VIC","country_code":"AU"}},{"type":"Feature","geometry":{"type":"Point","coordinates":[146.41367,-38.30776]},"properties":{"id":4704,"name":"Churchill","state_code":"VIC","country_code":"AU"}},{"type":"Feature","geometry":{"type":"Point","coordinates":[145.10238,-37.94066]},"properties":{"id":4726,"name":"Clarinda","state_code":"VIC","country_code":"AU"}},{"type":"Feature","geometry":{"type":"Point","coordinates":[145.11667,-37.91667]},"properties":{"id":4730,"name":"Clayton","state_code":"VIC","country_code":"AU"}},{"type":"Feature","geometry":{"type":"Point","coordinates":[145.11667,-37.93333]},"properties":{"id":4731,"name":"Clayton South","state_code":"VIC","country_code":"AU"}},{"type":"Feature","geometry":{"type":"Point","coordinates":[144.99533,-37.79798]},"properties":{"id":4740,"name":"Clifton Hill","state_code":"VIC","country_code":"AU"}},{"type":"Feature","geometry":{"type":"Point","coordinates":[144.5551,-38.1567]},"properties":{"id":4741,"name":"Clifton Springs","state_code":"VIC","country_code":"AU"}},{"type":"Feature","geometry":{"type":"Point","coordinates":[143.78636,-37.29473]},"properties":{"id":4749,"name":"Clunes","state_code":"VIC","country_code":"AU"}},{"type":"Feature","geometry":{"type":"Point","coordinates":[145.33333,-38.13333]},"properties":{"id":4750,"name":"Clyde","state_code":"VIC","country_code":"AU"}},{"type":"Feature","geometry":{"type":"Point","coordinates":[145.33333,-38.11667]},"properties":{"id":4751,"name":"Clyde North","state_code":"VIC","country_code":"AU"}},{"type":"Feature","geometry":{"type":"Point","coordinates":[143.07484,-38.3286]},"properties":{"id":4755,"name":"Cobden","state_code":"VIC","country_code":"AU"}},{"type":"Feature","geometry":{"type":"Point","coordinates":[145.64066,-35.92069]},"properties":{"id":4756,"name":"Cobram","state_code":"VIC","country_code":"AU"}},{"type":"Feature","geometry":{"type":"Point","coordinates":[144.96667,-37.75]},"properties":{"id":4757,"name":"Coburg","state_code":"VIC","country_code":"AU"}},{"type":"Feature","geometry":{"type":"Point","coordinates":[144.96134,-37.72867]},"properties":{"id":4758,"name":"Coburg North","state_code":"VIC","country_code":"AU"}},{"type":"Feature","geometry":{"type":"Point","coordinates":[145.49376,-37.93677]},"properties":{"id":4759,"name":"Cockatoo","state_code":"VIC","country_code":"AU"}},{"type":"Feature","geometry":{"type":"Point","coordinates":[144.21886,-35.80697]},"properties":{"id":4764,"name":"Cohuna","state_code":"VIC","country_code":"AU"}},{"type":"Feature","geometry":{"type":"Point","coordinates":[143.58489,-38.339]},"properties":{"id":4765,"name":"Colac","state_code":"VIC","country_code":"AU"}},{"type":"Feature","geometry":{"type":"Point","coordinates":[143.59669,-38.43873]},"properties":{"id":4766,"name":"Colac-Otway","state_code":"VIC","country_code":"AU"}},{"type":"Feature","geometry":{"type":"Point","coordinates":[145.37804,-37.7249]},"properties":{"id":4767,"name":"Coldstream","state_code":"VIC","country_code":"AU"}},{"type":"Feature","geometry":{"type":"Point","coordinates":[144.98872,-37.80253]},"properties":{"id":4775,"name":"Collingwood","state_code":"VIC","country_code":"AU"}},{"type":"Feature","geometry":{"type":"Point","coordinates":[144.9346,-37.65675]},"properties":{"id":4806,"name":"Coolaroo","state_code":"VIC","country_code":"AU"}},{"type":"Feature","geometry":{"type":"Point","coordinates":[143.23542,-38.21596]},"properties":{"id":4834,"name":"Corangamite","state_code":"VIC","country_code":"AU"}},{"type":"Feature","geometry":{"type":"Point","coordinates":[144.38333,-38.08333]},"properties":{"id":4838,"name":"Corio","state_code":"VIC","country_code":"AU"}},{"type":"Feature","geometry":{"type":"Point","coordinates":[147.90256,-36.19705]},"properties":{"id":4845,"name":"Corryong","state_code":"VIC","country_code":"AU"}},{"type":"Feature","geometry":{"type":"Point","coordinates":[145.23865,-38.45231]},"properties":{"id":4853,"name":"Cowes","state_code":"VIC","country_code":"AU"}},{"type":"Feature","geometry":{"type":"Point","coordinates":[144.95,-37.6]},"properties":{"id":4860,"name":"Craigieburn","state_code":"VIC","country_code":"AU"}},{"type":"Feature","geometry":{"type":"Point","coordinates":[145.28326,-38.11342]},"properties":{"id":4864,"name":"Cranbourne","state_code":"VIC","country_code":"AU"}},{"type":"Feature","geometry":{"type":"Point","coordinates":[145.29814,-38.11531]},"properties":{"id":4865,"name":"Cranbourne East","state_code":"VIC","country_code":"AU"}},{"type":"Feature","geometry":{"type":"Point","coordinates":[145.29871,-38.07758]},"properties":{"id":4866,"name":"Cranbourne North","state_code":"VIC","country_code":"AU"}},{"type":"Feature","geometry":{"type":"Point","coordinates":[145.23958,-38.13502]},"properties":{"id":4867,"name":"Cranbourne South","state_code":"VIC","country_code":"AU"}},{"type":"Feature","geometry":{"type":"Point","coordinates":[145.26707,-38.0965]},"properties":{"id":4868,"name":"Cranbourne West","state_code":"VIC","country_code":"AU"}},{"type":"Feature","geometry":{"type":"Point","coordinates":[144.9938,-37.8318]},"properties":{"id":4874,"name":"Cremorne","state_code":"VIC","country_code":"AU"}},{"type":"Feature","geometry":{"type":"Point","coordinates":[143.8947,-37.42404]},"properties":{"id":4881,"name":"Creswick","state_code":"VIC","country_code":"AU"}},{"type":"Feature","geometry":{"type":"Point","coordinates":[145.2,-38.35]},"properties":{"id":4882,"name":"Crib Point","state_code":"VIC","country_code":"AU"}},{"type":"Feature","geometry":{"type":"Point","coordinates":[145.28333,-37.8]},"properties":{"id":4890,"name":"Croydon","state_code":"VIC","country_code":"AU"}},{"type":"Feature","geometry":{"type":"Point","coordinates":[145.26355,-37.77651]},"properties":{"id":4892,"name":"Croydon Hills","state_code":"VIC","country_code":"AU"}},{"type":"Feature","geometry":{"type":"Point","coordinates":[145.29073,-37.76741]},"properties":{"id":4893,"name":"Croydon North","state_code":"VIC","country_code":"AU"}},{"type":"Feature","geometry":{"type":"Point","coordinates":[145.2681,-37.81232]},"properties":{"id":4895,"name":"Croydon South","state_code":"VIC","country_code":"AU"}},{"type":"Feature","geometry":{"type":"Point","coordinates":[144.93542,-37.67083]},"properties":{"id":4924,"name":"Dallas","state_code":"VIC","country_code":"AU"}},{"type":"Feature","geometry":{"type":"Point","coordinates":[145.2,-37.98333]},"properties":{"id":4931,"name":"Dandenong","state_code":"VIC","country_code":"AU"}},{"type":"Feature","geometry":{"type":"Point","coordinates":[145.2081,-37.96649]},"properties":{"id":4932,"name":"Dandenong North","state_code":"VIC","country_code":"AU"}},{"type":"Feature","geometry":{"type":"Point","coordinates":[145.02193,-37.75153]},"properties":{"id":4936,"name":"Darebin","state_code":"VIC","country_code":"AU"}},{"type":"Feature","geometry":{"type":"Point","coordinates":[144.44344,-37.65807]},"properties":{"id":4937,"name":"Darley","state_code":"VIC","country_code":"AU"}},{"type":"Feature","geometry":{"type":"Point","coordinates":[144.14256,-37.34113]},"properties":{"id":4954,"name":"Daylesford","state_code":"VIC","country_code":"AU"}},{"type":"Feature","geometry":{"type":"Point","coordinates":[144.76657,-37.76722]},"properties":{"id":4962,"name":"Deer Park","state_code":"VIC","country_code":"AU"}},{"type":"Feature","geometry":{"type":"Point","coordinates":[143.81472,-37.58911]},"properties":{"id":4964,"name":"Delacombe","state_code":"VIC","country_code":"AU"}},{"type":"Feature","geometry":{"type":"Point","coordinates":[144.77732,-37.7198]},"properties":{"id":4965,"name":"Delahey","state_code":"VIC","country_code":"AU"}},{"type":"Feature","geometry":{"type":"Point","coordinates":[142.43361,-38.35519]},"properties":{"id":4975,"name":"Dennington","state_code":"VIC","country_code":"AU"}},{"type":"Feature","geometry":{"type":"Point","coordinates":[144.76994,-37.79238]},"properties":{"id":4980,"name":"Derrimut","state_code":"VIC","country_code":"AU"}},{"type":"Feature","geometry":{"type":"Point","coordinates":[145.3,-38.16667]},"properties":{"id":4983,"name":"Devon Meadows","state_code":"VIC","country_code":"AU"}},{"type":"Feature","geometry":{"type":"Point","coordinates":[145.15,-37.66667]},"properties":{"id":4987,"name":"Diamond Creek","state_code":"VIC","country_code":"AU"}},{"type":"Feature","geometry":{"type":"Point","coordinates":[144.71881,-37.62597]},"properties":{"id":4992,"name":"Diggers Rest","state_code":"VIC","country_code":"AU"}},{"type":"Feature","geometry":{"type":"Point","coordinates":[142.03287,-36.45616]},"properties":{"id":4993,"name":"Dimboola","state_code":"VIC","country_code":"AU"}},{"type":"Feature","geometry":{"type":"Point","coordinates":[145.1342,-37.9827]},"properties":{"id":4995,"name":"Dingley Village","state_code":"VIC","country_code":"AU"}},{"type":"Feature","geometry":{"type":"Point","coordinates":[147.24124,-37.0236]},"properties":{"id":4996,"name":"Dinner Plain","state_code":"VIC","country_code":"AU"}},{"type":"Feature","geometry":{"type":"Point","coordinates":[144.95052,-37.8149]},"properties":{"id":4998,"name":"Docklands","state_code":"VIC","country_code":"AU"}},{"type":"Feature","geometry":{"type":"Point","coordinates":[142.98106,-36.36864]},"properties":{"id":5001,"name":"Donald","state_code":"VIC","country_code":"AU"}},{"type":"Feature","geometry":{"type":"Point","coordinates":[145.12373,-37.78828]},"properties":{"id":5002,"name":"Doncaster","state_code":"VIC","country_code":"AU"}},{"type":"Feature","geometry":{"type":"Point","coordinates":[145.14888,-37.78761]},"properties":{"id":5003,"name":"Doncaster East","state_code":"VIC","country_code":"AU"}},{"type":"Feature","geometry":{"type":"Point","coordinates":[145.17488,-37.7891]},"properties":{"id":5007,"name":"Donvale","state_code":"VIC","country_code":"AU"}},{"type":"Feature","geometry":{"type":"Point","coordinates":[145.15,-37.6]},"properties":{"id":5013,"name":"Doreen","state_code":"VIC","country_code":"AU"}},{"type":"Feature","geometry":{"type":"Point","coordinates":[145.23891,-37.99346]},"properties":{"id":5022,"name":"Doveton","state_code":"VIC","country_code":"AU"}},{"type":"Feature","geometry":{"type":"Point","coordinates":[144.96458,-38.33375]},"properties":{"id":5028,"name":"Dromana","state_code":"VIC","country_code":"AU"}},{"type":"Feature","geometry":{"type":"Point","coordinates":[145.85838,-38.13658]},"properties":{"id":5029,"name":"Drouin","state_code":"VIC","country_code":"AU"}},{"type":"Feature","geometry":{"type":"Point","coordinates":[144.56988,-38.17237]},"properties":{"id":5032,"name":"Drysdale","state_code":"VIC","country_code":"AU"}},{"type":"Feature","geometry":{"type":"Point","coordinates":[147.68333,-37.9]},"properties":{"id":5055,"name":"Eagle Point","state_code":"VIC","country_code":"AU"}},{"type":"Feature","geometry":{"type":"Point","coordinates":[144.25049,-36.71611]},"properties":{"id":5058,"name":"Eaglehawk","state_code":"VIC","country_code":"AU"}},{"type":"Feature","geometry":{"type":"Point","coordinates":[145.0638,-37.76379]},"properties":{"id":5059,"name":"Eaglemont","state_code":"VIC","country_code":"AU"}},{"type":"Feature","geometry":{"type":"Point","coordinates":[147.65548,-37.83426]},"properties":{"id":5064,"name":"East Bairnsdale","state_code":"VIC","country_code":"AU"}},{"type":"Feature","geometry":{"type":"Point","coordinates":[144.31894,-36.74157]},"properties":{"id":5066,"name":"East Bendigo","state_code":"VIC","country_code":"AU"}},{"type":"Feature","geometry":{"type":"Point","coordinates":[144.37202,-38.15568]},"properties":{"id":5075,"name":"East Geelong","state_code":"VIC","country_code":"AU"}},{"type":"Feature","geometry":{"type":"Point","coordinates":[148.58295,-37.34564]},"properties":{"id":5076,"name":"East Gippsland","state_code":"VIC","country_code":"AU"}},{"type":"Feature","geometry":{"type":"Point","coordinates":[144.9879,-37.81667]},"properties":{"id":5090,"name":"East Melbourne","state_code":"VIC","country_code":"AU"}},{"type":"Feature","geometry":{"type":"Point","coordinates":[144.75185,-36.14057]},"properties":{"id":5103,"name":"Echuca","state_code":"VIC","country_code":"AU"}},{"type":"Feature","geometry":{"type":"Point","coordinates":[145.08333,-37.48333]},"properties":{"id":5108,"name":"Eden Park","state_code":"VIC","country_code":"AU"}},{"type":"Feature","geometry":{"type":"Point","coordinates":[145.10974,-38.03724]},"properties":{"id":5115,"name":"Edithvale","state_code":"VIC","country_code":"AU"}},{"type":"Feature","geometry":{"type":"Point","coordinates":[143.58003,-38.3711]},"properties":{"id":5142,"name":"Elliminyt","state_code":"VIC","country_code":"AU"}},{"type":"Feature","geometry":{"type":"Point","coordinates":[145.0025,-37.88639]},"properties":{"id":5145,"name":"Elsternwick","state_code":"VIC","country_code":"AU"}},{"type":"Feature","geometry":{"type":"Point","coordinates":[145.15,-37.73333]},"properties":{"id":5146,"name":"Eltham","state_code":"VIC","country_code":"AU"}},{"type":"Feature","geometry":{"type":"Point","coordinates":[145.15,-37.7]},"properties":{"id":5147,"name":"Eltham North","state_code":"VIC","country_code":"AU"}},{"type":"Feature","geometry":{"type":"Point","coordinates":[144.98215,-37.88214]},"properties":{"id":5148,"name":"Elwood","state_code":"VIC","country_code":"AU"}},{"type":"Feature","geometry":{"type":"Point","coordinates":[145.44093,-37.93167]},"properties":{"id":5150,"name":"Emerald","state_code":"VIC","country_code":"AU"}},{"type":"Feature","geometry":{"type":"Point","coordinates":[145.25866,-37.97695]},"properties":{"id":5159,"name":"Endeavour Hills","state_code":"VIC","country_code":"AU"}},{"type":"Feature","geometry":{"type":"Point","coordinates":[145.03333,-37.65]},"properties":{"id":5164,"name":"Epping","state_code":"VIC","country_code":"AU"}},{"type":"Feature","geometry":{"type":"Point","coordinates":[144.31667,-36.71667]},"properties":{"id":5166,"name":"Epsom","state_code":"VIC","country_code":"AU"}},{"type":"Feature","geometry":{"type":"Point","coordinates":[144.9109,-37.74981]},"properties":{"id":5177,"name":"Essendon","state_code":"VIC","country_code":"AU"}},{"type":"Feature","geometry":{"type":"Point","coordinates":[144.90546,-37.74225]},"properties":{"id":5178,"name":"Essendon North","state_code":"VIC","country_code":"AU"}},{"type":"Feature","geometry":{"type":"Point","coordinates":[144.88338,-37.75489]},"properties":{"id":5179,"name":"Essendon West","state_code":"VIC","country_code":"AU"}},{"type":"Feature","geometry":{"type":"Point","coordinates":[145.24821,-37.9978]},"properties":{"id":5187,"name":"Eumemmerring","state_code":"VIC","country_code":"AU"}},{"type":"Feature","geometry":{"type":"Point","coordinates":[145.57075,-36.75555]},"properties":{"id":5189,"name":"Euroa","state_code":"VIC","country_code":"AU"}},{"type":"Feature","geometry":{"type":"Point","coordinates":[144.57458,-37.80043]},"properties":{"id":5203,"name":"Eynesbury","state_code":"VIC","country_code":"AU"}},{"type":"Feature","geometry":{"type":"Point","coordinates":[145.01764,-37.77977]},"properties":{"id":5205,"name":"Fairfield","state_code":"VIC","country_code":"AU"}},{"type":"Feature","geometry":{"type":"Point","coordinates":[147.27782,-36.86535]},"properties":{"id":5215,"name":"Falls Creek","state_code":"VIC","country_code":"AU"}},{"type":"Feature","geometry":{"type":"Point","coordinates":[144.96667,-37.71667]},"properties":{"id":5221,"name":"Fawkner","state_code":"VIC","country_code":"AU"}},{"type":"Feature","geometry":{"type":"Point","coordinates":[145.29539,-37.88461]},"properties":{"id":5227,"name":"Ferntree Gully","state_code":"VIC","country_code":"AU"}},{"type":"Feature","geometry":{"type":"Point","coordinates":[145.33333,-37.88333]},"properties":{"id":5229,"name":"Ferny Creek","state_code":"VIC","country_code":"AU"}},{"type":"Feature","geometry":{"type":"Point","coordinates":[144.97833,-37.79839]},"properties":{"id":5241,"name":"Fitzroy","state_code":"VIC","country_code":"AU"}},{"type":"Feature","geometry":{"type":"Point","coordinates":[144.97885,-37.78862]},"properties":{"id":5243,"name":"Fitzroy North","state_code":"VIC","country_code":"AU"}},{"type":"Feature","geometry":{"type":"Point","coordinates":[144.93001,-37.78825]},"properties":{"id":5246,"name":"Flemington","state_code":"VIC","country_code":"AU"}},{"type":"Feature","geometry":{"type":"Point","coordinates":[144.29562,-36.78123]},"properties":{"id":5254,"name":"Flora Hill","state_code":"VIC","country_code":"AU"}},{"type":"Feature","geometry":{"type":"Point","coordinates":[144.9,-37.8]},"properties":{"id":5259,"name":"Footscray","state_code":"VIC","country_code":"AU"}},{"type":"Feature","geometry":{"type":"Point","coordinates":[145.18333,-37.83333]},"properties":{"id":5264,"name":"Forest Hill","state_code":"VIC","country_code":"AU"}},{"type":"Feature","geometry":{"type":"Point","coordinates":[146.20073,-38.65275]},"properties":{"id":5276,"name":"Foster","state_code":"VIC","country_code":"AU"}},{"type":"Feature","geometry":{"type":"Point","coordinates":[145.16875,-38.13402]},"properties":{"id":5280,"name":"Frankston","state_code":"VIC","country_code":"AU"}},{"type":"Feature","geometry":{"type":"Point","coordinates":[145.13333,-38.13333]},"properties":{"id":5281,"name":"Frankston East","state_code":"VIC","country_code":"AU"}},{"type":"Feature","geometry":{"type":"Point","coordinates":[145.14836,-38.12352]},"properties":{"id":5282,"name":"Frankston North","state_code":"VIC","country_code":"AU"}},{"type":"Feature","geometry":{"type":"Point","coordinates":[145.13643,-38.16604]},"properties":{"id":5283,"name":"Frankston South","state_code":"VIC","country_code":"AU"}},{"type":"Feature","geometry":{"type":"Point","coordinates":[143.85316,-35.73211]},"properties":{"id":5301,"name":"Gannawarra","state_code":"VIC","country_code":"AU"}},{"type":"Feature","geometry":{"type":"Point","coordinates":[145.67502,-38.08985]},"properties":{"id":5305,"name":"Garfield","state_code":"VIC","country_code":"AU"}},{"type":"Feature","geometry":{"type":"Point","coordinates":[144.36069,-38.14711]},"properties":{"id":5316,"name":"Geelong","state_code":"VIC","country_code":"AU"}},{"type":"Feature","geometry":{"type":"Point","coordinates":[144.36176,-38.14996]},"properties":{"id":5318,"name":"Geelong city centre","state_code":"VIC","country_code":"AU"}},{"type":"Feature","geometry":{"type":"Point","coordinates":[144.34842,-38.13888]},"properties":{"id":5317,"name":"Geelong West","state_code":"VIC","country_code":"AU"}},{"type":"Feature","geometry":{"type":"Point","coordinates":[145.55536,-37.95321]},"properties":{"id":5322,"name":"Gembrook","state_code":"VIC","country_code":"AU"}},{"type":"Feature","geometry":{"type":"Point","coordinates":[144.59421,-37.48858]},"properties":{"id":5345,"name":"Gisborne","state_code":"VIC","country_code":"AU"}},{"type":"Feature","geometry":{"type":"Point","coordinates":[144.88675,-37.68742]},"properties":{"id":5349,"name":"Gladstone Park","state_code":"VIC","country_code":"AU"}},{"type":"Feature","geometry":{"type":"Point","coordinates":[145.04099,-37.89949]},"properties":{"id":5356,"name":"Glen Eira","state_code":"VIC","country_code":"AU"}},{"type":"Feature","geometry":{"type":"Point","coordinates":[145.04135,-37.89237]},"properties":{"id":5358,"name":"Glen Huntly","state_code":"VIC","country_code":"AU"}},{"type":"Feature","geometry":{"type":"Point","coordinates":[145.06667,-37.86667]},"properties":{"id":5362,"name":"Glen Iris","state_code":"VIC","country_code":"AU"}},{"type":"Feature","geometry":{"type":"Point","coordinates":[145.16476,-37.87811]},"properties":{"id":5364,"name":"Glen Waverley","state_code":"VIC","country_code":"AU"}},{"type":"Feature","geometry":{"type":"Point","coordinates":[141.44238,-37.89083]},"properties":{"id":5372,"name":"Glenelg","state_code":"VIC","country_code":"AU"}},{"type":"Feature","geometry":{"type":"Point","coordinates":[145.05,-37.83333]},"properties":{"id":5377,"name":"Glenferrie","state_code":"VIC","country_code":"AU"}},{"type":"Feature","geometry":{"type":"Point","coordinates":[146.56667,-38.11667]},"properties":{"id":5380,"name":"Glengarry","state_code":"VIC","country_code":"AU"}},{"type":"Feature","geometry":{"type":"Point","coordinates":[144.93333,-37.7]},"properties":{"id":5387,"name":"Glenroy","state_code":"VIC","country_code":"AU"}},{"type":"Feature","geometry":{"type":"Point","coordinates":[143.86352,-37.85231]},"properties":{"id":5404,"name":"Golden Plains","state_code":"VIC","country_code":"AU"}},{"type":"Feature","geometry":{"type":"Point","coordinates":[143.8687,-37.57493]},"properties":{"id":5405,"name":"Golden Point","state_code":"VIC","country_code":"AU"}},{"type":"Feature","geometry":{"type":"Point","coordinates":[144.25271,-36.77265]},"properties":{"id":5406,"name":"Golden Square","state_code":"VIC","country_code":"AU"}},{"type":"Feature","geometry":{"type":"Point","coordinates":[144.10925,-37.5823]},"properties":{"id":5419,"name":"Gordon","state_code":"VIC","country_code":"AU"}},{"type":"Feature","geometry":{"type":"Point","coordinates":[144.89079,-37.70823]},"properties":{"id":5428,"name":"Gowanbrae","state_code":"VIC","country_code":"AU"}},{"type":"Feature","geometry":{"type":"Point","coordinates":[144.43974,-36.72278]},"properties":{"id":5445,"name":"Greater Bendigo","state_code":"VIC","country_code":"AU"}},{"type":"Feature","geometry":{"type":"Point","coordinates":[145.19073,-38.00112]},"properties":{"id":5446,"name":"Greater Dandenong","state_code":"VIC","country_code":"AU"}},{"type":"Feature","geometry":{"type":"Point","coordinates":[144.46137,-38.05182]},"properties":{"id":5447,"name":"Greater Geelong","state_code":"VIC","country_code":"AU"}},{"type":"Feature","geometry":{"type":"Point","coordinates":[145.41519,-36.42742]},"properties":{"id":5449,"name":"Greater Shepparton","state_code":"VIC","country_code":"AU"}},{"type":"Feature","geometry":{"type":"Point","coordinates":[145.10302,-37.70462]},"properties":{"id":5458,"name":"Greensborough","state_code":"VIC","country_code":"AU"}},{"type":"Feature","geometry":{"type":"Point","coordinates":[144.86667,-37.63333]},"properties":{"id":5460,"name":"Greenvale","state_code":"VIC","country_code":"AU"}},{"type":"Feature","geometry":{"type":"Point","coordinates":[144.35,-38.2]},"properties":{"id":5474,"name":"Grovedale","state_code":"VIC","country_code":"AU"}},{"type":"Feature","geometry":{"type":"Point","coordinates":[143.71667,-37.6]},"properties":{"id":5501,"name":"Haddon","state_code":"VIC","country_code":"AU"}},{"type":"Feature","geometry":{"type":"Point","coordinates":[144.9416,-37.70728]},"properties":{"id":5502,"name":"Hadfield","state_code":"VIC","country_code":"AU"}},{"type":"Feature","geometry":{"type":"Point","coordinates":[145.26667,-38.01667]},"properties":{"id":5506,"name":"Hallam","state_code":"VIC","country_code":"AU"}},{"type":"Feature","geometry":{"type":"Point","coordinates":[142.02202,-37.74425]},"properties":{"id":5511,"name":"Hamilton","state_code":"VIC","country_code":"AU"}},{"type":"Feature","geometry":{"type":"Point","coordinates":[144.32799,-38.12108]},"properties":{"id":5515,"name":"Hamlyn Heights","state_code":"VIC","country_code":"AU"}},{"type":"Feature","geometry":{"type":"Point","coordinates":[145,-37.95]},"properties":{"id":5520,"name":"Hampton","state_code":"VIC","country_code":"AU"}},{"type":"Feature","geometry":{"type":"Point","coordinates":[145.02863,-37.93695]},"properties":{"id":5521,"name":"Hampton East","state_code":"VIC","country_code":"AU"}},{"type":"Feature","geometry":{"type":"Point","coordinates":[145.25,-38.03333]},"properties":{"id":5522,"name":"Hampton Park","state_code":"VIC","country_code":"AU"}},{"type":"Feature","geometry":{"type":"Point","coordinates":[145.18333,-38.3]},"properties":{"id":5535,"name":"Hastings","state_code":"VIC","country_code":"AU"}},{"type":"Feature","geometry":{"type":"Point","coordinates":[142.19426,-36.76072]},"properties":{"id":5537,"name":"Haven","state_code":"VIC","country_code":"AU"}},{"type":"Feature","geometry":{"type":"Point","coordinates":[145.0358,-37.81992]},"properties":{"id":5541,"name":"Hawthorn","state_code":"VIC","country_code":"AU"}},{"type":"Feature","geometry":{"type":"Point","coordinates":[145.0464,-37.82484]},"properties":{"id":5543,"name":"Hawthorn East","state_code":"VIC","country_code":"AU"}},{"type":"Feature","geometry":{"type":"Point","coordinates":[145.0367,-37.8329]},"properties":{"id":5544,"name":"Hawthorn South","state_code":"VIC","country_code":"AU"}},{"type":"Feature","geometry":{"type":"Point","coordinates":[146.48286,-38.26763]},"properties":{"id":5552,"name":"Hazelwood North","state_code":"VIC","country_code":"AU"}},{"type":"Feature","geometry":{"type":"Point","coordinates":[145.51718,-37.65395]},"properties":{"id":5554,"name":"Healesville","state_code":"VIC","country_code":"AU"}},{"type":"Feature","geometry":{"type":"Point","coordinates":[144.70837,-36.92214]},"properties":{"id":5557,"name":"Heathcote","state_code":"VIC","country_code":"AU"}},{"type":"Feature","geometry":{"type":"Point","coordinates":[145.1,-37.96667]},"properties":{"id":5558,"name":"Heatherton","state_code":"VIC","country_code":"AU"}},{"type":"Feature","geometry":{"type":"Point","coordinates":[145.25,-37.83333]},"properties":{"id":5559,"name":"Heathmont","state_code":"VIC","country_code":"AU"}},{"type":"Feature","geometry":{"type":"Point","coordinates":[145.06667,-37.75]},"properties":{"id":5567,"name":"Heidelberg","state_code":"VIC","country_code":"AU"}},{"type":"Feature","geometry":{"type":"Point","coordinates":[145.05695,-37.74313]},"properties":{"id":5568,"name":"Heidelberg Heights","state_code":"VIC","country_code":"AU"}},{"type":"Feature","geometry":{"type":"Point","coordinates":[145.04034,-37.73922]},"properties":{"id":5569,"name":"Heidelberg West","state_code":"VIC","country_code":"AU"}},{"type":"Feature","geometry":{"type":"Point","coordinates":[144.03355,-37.31707]},"properties":{"id":5580,"name":"Hepburn","state_code":"VIC","country_code":"AU"}},{"type":"Feature","geometry":{"type":"Point","coordinates":[144.32406,-38.13427]},"properties":{"id":5586,"name":"Herne Hill","state_code":"VIC","country_code":"AU"}},{"type":"Feature","geometry":{"type":"Point","coordinates":[146.78559,-37.9813]},"properties":{"id":5590,"name":"Heyfield","state_code":"VIC","country_code":"AU"}},{"type":"Feature","geometry":{"type":"Point","coordinates":[141.62949,-38.13294]},"properties":{"id":5591,"name":"Heywood","state_code":"VIC","country_code":"AU"}},{"type":"Feature","geometry":{"type":"Point","coordinates":[145.05,-37.95]},"properties":{"id":5595,"name":"Highett","state_code":"VIC","country_code":"AU"}},{"type":"Feature","geometry":{"type":"Point","coordinates":[144.3114,-38.17058]},"properties":{"id":5601,"name":"Highton","state_code":"VIC","country_code":"AU"}},{"type":"Feature","geometry":{"type":"Point","coordinates":[144.74172,-37.69047]},"properties":{"id":5612,"name":"Hillside","state_code":"VIC","country_code":"AU"}},{"type":"Feature","geometry":{"type":"Point","coordinates":[141.73282,-36.03293]},"properties":{"id":5618,"name":"Hindmarsh","state_code":"VIC","country_code":"AU"}},{"type":"Feature","geometry":{"type":"Point","coordinates":[145.20038,-38.36491]},"properties":{"id":5620,"name":"Hmas Cerberus","state_code":"VIC","country_code":"AU"}},{"type":"Feature","geometry":{"type":"Point","coordinates":[144.83347,-37.85694]},"properties":{"id":5624,"name":"Hobsons Bay","state_code":"VIC","country_code":"AU"}},{"type":"Feature","geometry":{"type":"Point","coordinates":[144.7003,-37.88264]},"properties":{"id":5647,"name":"Hoppers Crossing","state_code":"VIC","country_code":"AU"}},{"type":"Feature","geometry":{"type":"Point","coordinates":[142.11448,-36.82857]},"properties":{"id":5652,"name":"Horsham","state_code":"VIC","country_code":"AU"}},{"type":"Feature","geometry":{"type":"Point","coordinates":[147.15225,-36.99298]},"properties":{"id":5655,"name":"Hotham Heights","state_code":"VIC","country_code":"AU"}},{"type":"Feature","geometry":{"type":"Point","coordinates":[145.08333,-37.9]},"properties":{"id":5664,"name":"Hughesdale","state_code":"VIC","country_code":"AU"}},{"type":"Feature","geometry":{"type":"Point","coordinates":[144.80511,-37.59717]},"properties":{"id":5665,"name":"Hume","state_code":"VIC","country_code":"AU"}},{"type":"Feature","geometry":{"type":"Point","coordinates":[145.10847,-37.90766]},"properties":{"id":5670,"name":"Huntingdale","state_code":"VIC","country_code":"AU"}},{"type":"Feature","geometry":{"type":"Point","coordinates":[144.33382,-36.66451]},"properties":{"id":5672,"name":"Huntly","state_code":"VIC","country_code":"AU"}},{"type":"Feature","geometry":{"type":"Point","coordinates":[145.19408,-37.64157]},"properties":{"id":5676,"name":"Hurstbridge","state_code":"VIC","country_code":"AU"}},{"type":"Feature","geometry":{"type":"Point","coordinates":[144.71343,-38.14305]},"properties":{"id":5686,"name":"Indented Head","state_code":"VIC","country_code":"AU"}},{"type":"Feature","geometry":{"type":"Point","coordinates":[146.68628,-36.20854]},"properties":{"id":5687,"name":"Indigo","state_code":"VIC","country_code":"AU"}},{"type":"Feature","geometry":{"type":"Point","coordinates":[144.05132,-38.10177]},"properties":{"id":5698,"name":"Inverleigh","state_code":"VIC","country_code":"AU"}},{"type":"Feature","geometry":{"type":"Point","coordinates":[145.7226,-38.62659]},"properties":{"id":5699,"name":"Inverloch","state_code":"VIC","country_code":"AU"}},{"type":"Feature","geometry":{"type":"Point","coordinates":[143.85798,-37.53063]},"properties":{"id":5701,"name":"Invermay Park","state_code":"VIC","country_code":"AU"}},{"type":"Feature","geometry":{"type":"Point","coordinates":[144.26378,-36.75478]},"properties":{"id":5703,"name":"Ironbark","state_code":"VIC","country_code":"AU"}},{"type":"Feature","geometry":{"type":"Point","coordinates":[142.17101,-34.23537]},"properties":{"id":5705,"name":"Irymple","state_code":"VIC","country_code":"AU"}},{"type":"Feature","geometry":{"type":"Point","coordinates":[145.04308,-37.76903]},"properties":{"id":5710,"name":"Ivanhoe","state_code":"VIC","country_code":"AU"}},{"type":"Feature","geometry":{"type":"Point","coordinates":[145.06195,-37.7734]},"properties":{"id":5711,"name":"Ivanhoe East","state_code":"VIC","country_code":"AU"}},{"type":"Feature","geometry":{"type":"Point","coordinates":[144.91111,-37.68778]},"properties":{"id":5713,"name":"Jacana","state_code":"VIC","country_code":"AU"}},{"type":"Feature","geometry":{"type":"Point","coordinates":[144.28597,-36.71589]},"properties":{"id":5714,"name":"Jackass Flat","state_code":"VIC","country_code":"AU"}},{"type":"Feature","geometry":{"type":"Point","coordinates":[144.29518,-38.34455]},"properties":{"id":5720,"name":"Jan Juc","state_code":"VIC","country_code":"AU"}},{"type":"Feature","geometry":{"type":"Point","coordinates":[145.29684,-38.13636]},"properties":{"id":5749,"name":"Junction Village","state_code":"VIC","country_code":"AU"}},{"type":"Feature","geometry":{"type":"Point","coordinates":[144.36311,-36.77106]},"properties":{"id":5751,"name":"Junortoun","state_code":"VIC","country_code":"AU"}},{"type":"Feature","geometry":{"type":"Point","coordinates":[147.96664,-37.87011]},"properties":{"id":5761,"name":"Kalimna","state_code":"VIC","country_code":"AU"}},{"type":"Feature","geometry":{"type":"Point","coordinates":[145.38226,-37.89815]},"properties":{"id":5766,"name":"Kallista","state_code":"VIC","country_code":"AU"}},{"type":"Feature","geometry":{"type":"Point","coordinates":[145.36667,-37.81667]},"properties":{"id":5767,"name":"Kalorama","state_code":"VIC","country_code":"AU"}},{"type":"Feature","geometry":{"type":"Point","coordinates":[144.25,-36.8]},"properties":{"id":5774,"name":"Kangaroo Flat","state_code":"VIC","country_code":"AU"}},{"type":"Feature","geometry":{"type":"Point","coordinates":[145.2317,-37.68919]},"properties":{"id":5775,"name":"Kangaroo Ground","state_code":"VIC","country_code":"AU"}},{"type":"Feature","geometry":{"type":"Point","coordinates":[144.8283,-37.7371]},"properties":{"id":5803,"name":"Kealba","state_code":"VIC","country_code":"AU"}},{"type":"Feature","geometry":{"type":"Point","coordinates":[144.83333,-37.71667]},"properties":{"id":5807,"name":"Keilor","state_code":"VIC","country_code":"AU"}},{"type":"Feature","geometry":{"type":"Point","coordinates":[144.80839,-37.72337]},"properties":{"id":5808,"name":"Keilor Downs","state_code":"VIC","country_code":"AU"}},{"type":"Feature","geometry":{"type":"Point","coordinates":[144.86504,-37.73261]},"properties":{"id":5809,"name":"Keilor East","state_code":"VIC","country_code":"AU"}},{"type":"Feature","geometry":{"type":"Point","coordinates":[144.80332,-37.69997]},"properties":{"id":5810,"name":"Keilor Lodge","state_code":"VIC","country_code":"AU"}},{"type":"Feature","geometry":{"type":"Point","coordinates":[144.85422,-37.72025]},"properties":{"id":5811,"name":"Keilor Park","state_code":"VIC","country_code":"AU"}},{"type":"Feature","geometry":{"type":"Point","coordinates":[144.30298,-36.77128]},"properties":{"id":5826,"name":"Kennington","state_code":"VIC","country_code":"AU"}},{"type":"Feature","geometry":{"type":"Point","coordinates":[144.93114,-37.79188]},"properties":{"id":5827,"name":"Kensington","state_code":"VIC","country_code":"AU"}},{"type":"Feature","geometry":{"type":"Point","coordinates":[143.92027,-35.73489]},"properties":{"id":5839,"name":"Kerang","state_code":"VIC","country_code":"AU"}},{"type":"Feature","geometry":{"type":"Point","coordinates":[145.03086,-37.80639]},"properties":{"id":5841,"name":"Kew","state_code":"VIC","country_code":"AU"}},{"type":"Feature","geometry":{"type":"Point","coordinates":[145.05378,-37.79758]},"properties":{"id":5843,"name":"Kew East","state_code":"VIC","country_code":"AU"}},{"type":"Feature","geometry":{"type":"Point","coordinates":[145.17385,-37.99116]},"properties":{"id":5846,"name":"Keysborough","state_code":"VIC","country_code":"AU"}},{"type":"Feature","geometry":{"type":"Point","coordinates":[145.41422,-36.44729]},"properties":{"id":5847,"name":"Kialla","state_code":"VIC","country_code":"AU"}},{"type":"Feature","geometry":{"type":"Point","coordinates":[144.95252,-37.29577]},"properties":{"id":5859,"name":"Kilmore","state_code":"VIC","country_code":"AU"}},{"type":"Feature","geometry":{"type":"Point","coordinates":[145.31667,-37.8]},"properties":{"id":5860,"name":"Kilsyth","state_code":"VIC","country_code":"AU"}},{"type":"Feature","geometry":{"type":"Point","coordinates":[145.31599,-37.82033]},"properties":{"id":5861,"name":"Kilsyth South","state_code":"VIC","country_code":"AU"}},{"type":"Feature","geometry":{"type":"Point","coordinates":[145.33964,-37.53291]},"properties":{"id":5868,"name":"Kinglake","state_code":"VIC","country_code":"AU"}},{"type":"Feature","geometry":{"type":"Point","coordinates":[145.23333,-37.46667]},"properties":{"id":5869,"name":"Kinglake West","state_code":"VIC","country_code":"AU"}},{"type":"Feature","geometry":{"type":"Point","coordinates":[144.77766,-37.73397]},"properties":{"id":5874,"name":"Kings Park","state_code":"VIC","country_code":"AU"}},{"type":"Feature","geometry":{"type":"Point","coordinates":[145.03509,-37.71406]},"properties":{"id":5875,"name":"Kingsbury","state_code":"VIC","country_code":"AU"}},{"type":"Feature","geometry":{"type":"Point","coordinates":[145.09531,-38.0045]},"properties":{"id":5884,"name":"Kingston","state_code":"VIC","country_code":"AU"}},{"type":"Feature","geometry":{"type":"Point","coordinates":[144.87911,-37.80819]},"properties":{"id":5889,"name":"Kingsville","state_code":"VIC","country_code":"AU"}},{"type":"Feature","geometry":{"type":"Point","coordinates":[145.26923,-37.89895]},"properties":{"id":5899,"name":"Knox","state_code":"VIC","country_code":"AU"}},{"type":"Feature","geometry":{"type":"Point","coordinates":[145.24962,-37.88978]},"properties":{"id":5900,"name":"Knoxfield","state_code":"VIC","country_code":"AU"}},{"type":"Feature","geometry":{"type":"Point","coordinates":[145.49081,-38.19941]},"properties":{"id":5905,"name":"Koo-Wee-Rup","state_code":"VIC","country_code":"AU"}},{"type":"Feature","geometry":{"type":"Point","coordinates":[142.36729,-38.2918]},"properties":{"id":5913,"name":"Koroit","state_code":"VIC","country_code":"AU"}},{"type":"Feature","geometry":{"type":"Point","coordinates":[145.82355,-38.43194]},"properties":{"id":5915,"name":"Korumburra","state_code":"VIC","country_code":"AU"}},{"type":"Feature","geometry":{"type":"Point","coordinates":[144.5969,-37.67587]},"properties":{"id":5931,"name":"Kurunjang","state_code":"VIC","country_code":"AU"}},{"type":"Feature","geometry":{"type":"Point","coordinates":[145.05035,-36.31335]},"properties":{"id":5934,"name":"Kyabram","state_code":"VIC","country_code":"AU"}},{"type":"Feature","geometry":{"type":"Point","coordinates":[144.45148,-37.24444]},"properties":{"id":5936,"name":"Kyneton","state_code":"VIC","country_code":"AU"}},{"type":"Feature","geometry":{"type":"Point","coordinates":[143.81653,-37.54632]},"properties":{"id":5944,"name":"Lake Gardens","state_code":"VIC","country_code":"AU"}},{"type":"Feature","geometry":{"type":"Point","coordinates":[143.8473,-37.54993]},"properties":{"id":5952,"name":"Lake Wendouree","state_code":"VIC","country_code":"AU"}},{"type":"Feature","geometry":{"type":"Point","coordinates":[148.00159,-37.86679]},"properties":{"id":5956,"name":"Lakes Entrance","state_code":"VIC","country_code":"AU"}},{"type":"Feature","geometry":{"type":"Point","coordinates":[145.01667,-37.66667]},"properties":{"id":5958,"name":"Lalor","state_code":"VIC","country_code":"AU"}},{"type":"Feature","geometry":{"type":"Point","coordinates":[144.73596,-37.27733]},"properties":{"id":5963,"name":"Lancefield","state_code":"VIC","country_code":"AU"}},{"type":"Feature","geometry":{"type":"Point","coordinates":[145.5621,-38.26605]},"properties":{"id":5969,"name":"Lang Lang","state_code":"VIC","country_code":"AU"}},{"type":"Feature","geometry":{"type":"Point","coordinates":[145.16667,-38.16667]},"properties":{"id":5971,"name":"Langwarrin","state_code":"VIC","country_code":"AU"}},{"type":"Feature","geometry":{"type":"Point","coordinates":[145.1935,-38.18947]},"properties":{"id":5972,"name":"Langwarrin South","state_code":"VIC","country_code":"AU"}},{"type":"Feature","geometry":{"type":"Point","coordinates":[144.40617,-38.02388]},"properties":{"id":5974,"name":"Lara","state_code":"VIC","country_code":"AU"}},{"type":"Feature","geometry":{"type":"Point","coordinates":[146.46124,-38.25379]},"properties":{"id":5983,"name":"Latrobe","state_code":"VIC","country_code":"AU"}},{"type":"Feature","geometry":{"type":"Point","coordinates":[145.56834,-37.78058]},"properties":{"id":5987,"name":"Launching Place","state_code":"VIC","country_code":"AU"}},{"type":"Feature","geometry":{"type":"Point","coordinates":[144.76979,-37.86201]},"properties":{"id":5988,"name":"Laverton","state_code":"VIC","country_code":"AU"}},{"type":"Feature","geometry":{"type":"Point","coordinates":[145.94685,-38.47607]},"properties":{"id":6008,"name":"Leongatha","state_code":"VIC","country_code":"AU"}},{"type":"Feature","geometry":{"type":"Point","coordinates":[144.46825,-38.19001]},"properties":{"id":6010,"name":"Leopold","state_code":"VIC","country_code":"AU"}},{"type":"Feature","geometry":{"type":"Point","coordinates":[145.35,-37.75]},"properties":{"id":6024,"name":"Lilydale","state_code":"VIC","country_code":"AU"}},{"type":"Feature","geometry":{"type":"Point","coordinates":[144.5,-37.96667]},"properties":{"id":6039,"name":"Little River","state_code":"VIC","country_code":"AU"}},{"type":"Feature","geometry":{"type":"Point","coordinates":[143.82964,-36.40406]},"properties":{"id":6051,"name":"Loddon","state_code":"VIC","country_code":"AU"}},{"type":"Feature","geometry":{"type":"Point","coordinates":[144.25788,-36.74305]},"properties":{"id":6062,"name":"Long Gully","state_code":"VIC","country_code":"AU"}},{"type":"Feature","geometry":{"type":"Point","coordinates":[147.08591,-38.16237]},"properties":{"id":6065,"name":"Longford","state_code":"VIC","country_code":"AU"}},{"type":"Feature","geometry":{"type":"Point","coordinates":[145.76849,-38.11279]},"properties":{"id":6068,"name":"Longwarry","state_code":"VIC","country_code":"AU"}},{"type":"Feature","geometry":{"type":"Point","coordinates":[143.97636,-38.54043]},"properties":{"id":6070,"name":"Lorne","state_code":"VIC","country_code":"AU"}},{"type":"Feature","geometry":{"type":"Point","coordinates":[144.33333,-38.06667]},"properties":{"id":6072,"name":"Lovely Banks","state_code":"VIC","country_code":"AU"}},{"type":"Feature","geometry":{"type":"Point","coordinates":[145.11667,-37.73333]},"properties":{"id":6078,"name":"Lower Plenty","state_code":"VIC","country_code":"AU"}},{"type":"Feature","geometry":{"type":"Point","coordinates":[147.65,-37.81667]},"properties":{"id":6082,"name":"Lucknow","state_code":"VIC","country_code":"AU"}},{"type":"Feature","geometry":{"type":"Point","coordinates":[145.25615,-38.05588]},"properties":{"id":6089,"name":"Lynbrook","state_code":"VIC","country_code":"AU"}},{"type":"Feature","geometry":{"type":"Point","coordinates":[145.3,-37.93333]},"properties":{"id":6095,"name":"Lysterfield","state_code":"VIC","country_code":"AU"}},{"type":"Feature","geometry":{"type":"Point","coordinates":[144.56242,-37.41963]},"properties":{"id":6099,"name":"Macedon","state_code":"VIC","country_code":"AU"}},{"type":"Feature","geometry":{"type":"Point","coordinates":[144.61581,-37.33343]},"properties":{"id":6100,"name":"Macedon Ranges","state_code":"VIC","country_code":"AU"}},{"type":"Feature","geometry":{"type":"Point","coordinates":[145.06667,-37.73333]},"properties":{"id":6110,"name":"Macleod","state_code":"VIC","country_code":"AU"}},{"type":"Feature","geometry":{"type":"Point","coordinates":[144.43245,-37.68518]},"properties":{"id":6117,"name":"Maddingley","state_code":"VIC","country_code":"AU"}},{"type":"Feature","geometry":{"type":"Point","coordinates":[146.98366,-37.97132]},"properties":{"id":6121,"name":"Maffra","state_code":"VIC","country_code":"AU"}},{"type":"Feature","geometry":{"type":"Point","coordinates":[144.20789,-36.75389]},"properties":{"id":6125,"name":"Maiden Gully","state_code":"VIC","country_code":"AU"}},{"type":"Feature","geometry":{"type":"Point","coordinates":[144.87353,-37.78035]},"properties":{"id":6126,"name":"Maidstone","state_code":"VIC","country_code":"AU"}},{"type":"Feature","geometry":{"type":"Point","coordinates":[144.06834,-36.9957]},"properties":{"id":6135,"name":"Maldon","state_code":"VIC","country_code":"AU"}},{"type":"Feature","geometry":{"type":"Point","coordinates":[149.75407,-37.55896]},"properties":{"id":6137,"name":"Mallacoota","state_code":"VIC","country_code":"AU"}},{"type":"Feature","geometry":{"type":"Point","coordinates":[145.02811,-37.86259]},"properties":{"id":6140,"name":"Malvern","state_code":"VIC","country_code":"AU"}},{"type":"Feature","geometry":{"type":"Point","coordinates":[145.04253,-37.87397]},"properties":{"id":6142,"name":"Malvern East","state_code":"VIC","country_code":"AU"}},{"type":"Feature","geometry":{"type":"Point","coordinates":[144.33369,-38.13762]},"properties":{"id":6147,"name":"Manifold Heights","state_code":"VIC","country_code":"AU"}},{"type":"Feature","geometry":{"type":"Point","coordinates":[145.18053,-37.7571]},"properties":{"id":6156,"name":"Manningham","state_code":"VIC","country_code":"AU"}},{"type":"Feature","geometry":{"type":"Point","coordinates":[146.14803,-37.2413]},"properties":{"id":6161,"name":"Mansfield","state_code":"VIC","country_code":"AU"}},{"type":"Feature","geometry":{"type":"Point","coordinates":[144.87786,-37.79141]},"properties":{"id":6180,"name":"Maribyrnong","state_code":"VIC","country_code":"AU"}},{"type":"Feature","geometry":{"type":"Point","coordinates":[144.13333,-36.73333]},"properties":{"id":6186,"name":"Marong","state_code":"VIC","country_code":"AU"}},{"type":"Feature","geometry":{"type":"Point","coordinates":[145.26603,-37.80288]},"properties":{"id":6189,"name":"Maroondah","state_code":"VIC","country_code":"AU"}},{"type":"Feature","geometry":{"type":"Point","coordinates":[143.73923,-37.04562]},"properties":{"id":6197,"name":"Maryborough","state_code":"VIC","country_code":"AU"}},{"type":"Feature","geometry":{"type":"Point","coordinates":[144.92806,-38.34972]},"properties":{"id":6214,"name":"McCrae","state_code":"VIC","country_code":"AU"}},{"type":"Feature","geometry":{"type":"Point","coordinates":[145.05,-37.91667]},"properties":{"id":6220,"name":"McKinnon","state_code":"VIC","country_code":"AU"}},{"type":"Feature","geometry":{"type":"Point","coordinates":[144.91855,-37.65117]},"properties":{"id":6224,"name":"Meadow Heights","state_code":"VIC","country_code":"AU"}},{"type":"Feature","geometry":{"type":"Point","coordinates":[144.96332,-37.814]},"properties":{"id":6235,"name":"Melbourne","state_code":"VIC","country_code":"AU"}},{"type":"Feature","geometry":{"type":"Point","coordinates":[144.96657,-37.81501]},"properties":{"id":6236,"name":"Melbourne City Centre","state_code":"VIC","country_code":"AU"}},{"type":"Feature","geometry":{"type":"Point","coordinates":[144.62292,-37.68144]},"properties":{"id":6239,"name":"Melton","state_code":"VIC","country_code":"AU"}},{"type":"Feature","geometry":{"type":"Point","coordinates":[144.57493,-37.70773]},"properties":{"id":6240,"name":"Melton South","state_code":"VIC","country_code":"AU"}},{"type":"Feature","geometry":{"type":"Point","coordinates":[144.56883,-37.67852]},"properties":{"id":6241,"name":"Melton West","state_code":"VIC","country_code":"AU"}},{"type":"Feature","geometry":{"type":"Point","coordinates":[145.06667,-37.98333]},"properties":{"id":6247,"name":"Mentone","state_code":"VIC","country_code":"AU"}},{"type":"Feature","geometry":{"type":"Point","coordinates":[142.06599,-34.16802]},"properties":{"id":6250,"name":"Merbein","state_code":"VIC","country_code":"AU"}},{"type":"Feature","geometry":{"type":"Point","coordinates":[145.09555,-37.60075]},"properties":{"id":6258,"name":"Mernda","state_code":"VIC","country_code":"AU"}},{"type":"Feature","geometry":{"type":"Point","coordinates":[147.853,-37.89154]},"properties":{"id":6266,"name":"Metung","state_code":"VIC","country_code":"AU"}},{"type":"Feature","geometry":{"type":"Point","coordinates":[144.90204,-37.53664]},"properties":{"id":6269,"name":"Mickleham","state_code":"VIC","country_code":"AU"}},{"type":"Feature","geometry":{"type":"Point","coordinates":[144.96201,-37.85116]},"properties":{"id":6273,"name":"Middle Park","state_code":"VIC","country_code":"AU"}},{"type":"Feature","geometry":{"type":"Point","coordinates":[142.16251,-34.18551]},"properties":{"id":6283,"name":"Mildura","state_code":"VIC","country_code":"AU"}},{"type":"Feature","geometry":{"type":"Point","coordinates":[141.85232,-34.8645]},"properties":{"id":6284,"name":"Mildura Shire","state_code":"VIC","country_code":"AU"}},{"type":"Feature","geometry":{"type":"Point","coordinates":[145.06667,-37.66667]},"properties":{"id":6288,"name":"Mill Park","state_code":"VIC","country_code":"AU"}},{"type":"Feature","geometry":{"type":"Point","coordinates":[145.65347,-37.75527]},"properties":{"id":6294,"name":"Millgrove","state_code":"VIC","country_code":"AU"}},{"type":"Feature","geometry":{"type":"Point","coordinates":[143.80107,-37.4808]},"properties":{"id":6308,"name":"Miners Rest","state_code":"VIC","country_code":"AU"}},{"type":"Feature","geometry":{"type":"Point","coordinates":[146.16135,-38.40101]},"properties":{"id":6316,"name":"Mirboo North","state_code":"VIC","country_code":"AU"}},{"type":"Feature","geometry":{"type":"Point","coordinates":[145.2,-37.81667]},"properties":{"id":6320,"name":"Mitcham","state_code":"VIC","country_code":"AU"}},{"type":"Feature","geometry":{"type":"Point","coordinates":[144.97999,-37.17535]},"properties":{"id":6322,"name":"Mitchell","state_code":"VIC","country_code":"AU"}},{"type":"Feature","geometry":{"type":"Point","coordinates":[146.26099,-38.17828]},"properties":{"id":6333,"name":"Moe","state_code":"VIC","country_code":"AU"}},{"type":"Feature","geometry":{"type":"Point","coordinates":[145.53815,-36.0506]},"properties":{"id":6337,"name":"Moira","state_code":"VIC","country_code":"AU"}},{"type":"Feature","geometry":{"type":"Point","coordinates":[145.14714,-37.89675]},"properties":{"id":6344,"name":"Monash","state_code":"VIC","country_code":"AU"}},{"type":"Feature","geometry":{"type":"Point","coordinates":[145.42592,-37.87427]},"properties":{"id":6346,"name":"Monbulk","state_code":"VIC","country_code":"AU"}},{"type":"Feature","geometry":{"type":"Point","coordinates":[145.10799,-37.81788]},"properties":{"id":6348,"name":"Mont Albert","state_code":"VIC","country_code":"AU"}},{"type":"Feature","geometry":{"type":"Point","coordinates":[145.10828,-37.80043]},"properties":{"id":6349,"name":"Mont Albert North","state_code":"VIC","country_code":"AU"}},{"type":"Feature","geometry":{"type":"Point","coordinates":[145.11667,-37.71667]},"properties":{"id":6352,"name":"Montmorency","state_code":"VIC","country_code":"AU"}},{"type":"Feature","geometry":{"type":"Point","coordinates":[145.35,-37.81667]},"properties":{"id":6354,"name":"Montrose","state_code":"VIC","country_code":"AU"}},{"type":"Feature","geometry":{"type":"Point","coordinates":[144.43333,-38.18333]},"properties":{"id":6357,"name":"Moolap","state_code":"VIC","country_code":"AU"}},{"type":"Feature","geometry":{"type":"Point","coordinates":[144.91667,-37.76667]},"properties":{"id":6362,"name":"Moonee Ponds","state_code":"VIC","country_code":"AU"}},{"type":"Feature","geometry":{"type":"Point","coordinates":[144.89325,-37.74941]},"properties":{"id":6363,"name":"Moonee Valley","state_code":"VIC","country_code":"AU"}},{"type":"Feature","geometry":{"type":"Point","coordinates":[145.05779,-37.94146]},"properties":{"id":6366,"name":"Moorabbin","state_code":"VIC","country_code":"AU"}},{"type":"Feature","geometry":{"type":"Point","coordinates":[144.21946,-37.63338]},"properties":{"id":6367,"name":"Moorabool","state_code":"VIC","country_code":"AU"}},{"type":"Feature","geometry":{"type":"Point","coordinates":[145.11667,-38.21667]},"properties":{"id":6372,"name":"Moorooduc","state_code":"VIC","country_code":"AU"}},{"type":"Feature","geometry":{"type":"Point","coordinates":[145.31682,-37.78247]},"properties":{"id":6374,"name":"Mooroolbark","state_code":"VIC","country_code":"AU"}},{"type":"Feature","geometry":{"type":"Point","coordinates":[145.35,-36.4]},"properties":{"id":6375,"name":"Mooroopna","state_code":"VIC","country_code":"AU"}},{"type":"Feature","geometry":{"type":"Point","coordinates":[145.08333,-38]},"properties":{"id":6379,"name":"Mordialloc","state_code":"VIC","country_code":"AU"}},{"type":"Feature","geometry":{"type":"Point","coordinates":[144.93745,-37.73557]},"properties":{"id":6382,"name":"Moreland","state_code":"VIC","country_code":"AU"}},{"type":"Feature","geometry":{"type":"Point","coordinates":[145.03876,-38.21792]},"properties":{"id":6387,"name":"Mornington","state_code":"VIC","country_code":"AU"}},{"type":"Feature","geometry":{"type":"Point","coordinates":[145.05455,-38.34004]},"properties":{"id":6390,"name":"Mornington Peninsula","state_code":"VIC","country_code":"AU"}},{"type":"Feature","geometry":{"type":"Point","coordinates":[142.80827,-38.08102]},"properties":{"id":6395,"name":"Mortlake","state_code":"VIC","country_code":"AU"}},{"type":"Feature","geometry":{"type":"Point","coordinates":[146.39499,-38.23476]},"properties":{"id":6398,"name":"Morwell","state_code":"VIC","country_code":"AU"}},{"type":"Feature","geometry":{"type":"Point","coordinates":[144.18825,-37.07607]},"properties":{"id":6404,"name":"Mount Alexander","state_code":"VIC","country_code":"AU"}},{"type":"Feature","geometry":{"type":"Point","coordinates":[146.43694,-37.14595]},"properties":{"id":6409,"name":"Mount Buller","state_code":"VIC","country_code":"AU"}},{"type":"Feature","geometry":{"type":"Point","coordinates":[143.88333,-37.6]},"properties":{"id":6411,"name":"Mount Clear","state_code":"VIC","country_code":"AU"}},{"type":"Feature","geometry":{"type":"Point","coordinates":[145.36667,-37.83333]},"properties":{"id":6417,"name":"Mount Dandenong","state_code":"VIC","country_code":"AU"}},{"type":"Feature","geometry":{"type":"Point","coordinates":[144.33748,-38.24089]},"properties":{"id":6419,"name":"Mount Duneed","state_code":"VIC","country_code":"AU"}},{"type":"Feature","geometry":{"type":"Point","coordinates":[145.08333,-38.18333]},"properties":{"id":6420,"name":"Mount Eliza","state_code":"VIC","country_code":"AU"}},{"type":"Feature","geometry":{"type":"Point","coordinates":[145.38333,-37.78333]},"properties":{"id":6421,"name":"Mount Evelyn","state_code":"VIC","country_code":"AU"}},{"type":"Feature","geometry":{"type":"Point","coordinates":[143.8789,-37.62463]},"properties":{"id":6426,"name":"Mount Helen","state_code":"VIC","country_code":"AU"}},{"type":"Feature","geometry":{"type":"Point","coordinates":[144.58412,-37.40048]},"properties":{"id":6438,"name":"Mount Macedon","state_code":"VIC","country_code":"AU"}},{"type":"Feature","geometry":{"type":"Point","coordinates":[145.01667,-38.26667]},"properties":{"id":6441,"name":"Mount Martha","state_code":"VIC","country_code":"AU"}},{"type":"Feature","geometry":{"type":"Point","coordinates":[143.86667,-37.58333]},"properties":{"id":6449,"name":"Mount Pleasant","state_code":"VIC","country_code":"AU"}},{"type":"Feature","geometry":{"type":"Point","coordinates":[145.12939,-37.87709]},"properties":{"id":6464,"name":"Mount Waverley","state_code":"VIC","country_code":"AU"}},{"type":"Feature","geometry":{"type":"Point","coordinates":[142.46217,-38.18785]},"properties":{"id":6468,"name":"Moyne","state_code":"VIC","country_code":"AU"}},{"type":"Feature","geometry":{"type":"Point","coordinates":[145.17708,-37.92845]},"properties":{"id":6476,"name":"Mulgrave","state_code":"VIC","country_code":"AU"}},{"type":"Feature","geometry":{"type":"Point","coordinates":[145.67437,-37.28104]},"properties":{"id":6496,"name":"Murrindindi","state_code":"VIC","country_code":"AU"}},{"type":"Feature","geometry":{"type":"Point","coordinates":[145.06667,-37.9]},"properties":{"id":6499,"name":"Murrumbeena","state_code":"VIC","country_code":"AU"}},{"type":"Feature","geometry":{"type":"Point","coordinates":[146.72371,-36.56104]},"properties":{"id":6507,"name":"Myrtleford","state_code":"VIC","country_code":"AU"}},{"type":"Feature","geometry":{"type":"Point","coordinates":[145.15375,-36.78515]},"properties":{"id":6509,"name":"Nagambie","state_code":"VIC","country_code":"AU"}},{"type":"Feature","geometry":{"type":"Point","coordinates":[145.3,-38.03333]},"properties":{"id":6537,"name":"Narre Warren","state_code":"VIC","country_code":"AU"}},{"type":"Feature","geometry":{"type":"Point","coordinates":[145.31667,-37.98333]},"properties":{"id":6538,"name":"Narre Warren North","state_code":"VIC","country_code":"AU"}},{"type":"Feature","geometry":{"type":"Point","coordinates":[145.2923,-38.04369]},"properties":{"id":6539,"name":"Narre Warren South","state_code":"VIC","country_code":"AU"}},{"type":"Feature","geometry":{"type":"Point","coordinates":[145.20406,-36.05772]},"properties":{"id":6543,"name":"Nathalia","state_code":"VIC","country_code":"AU"}},{"type":"Feature","geometry":{"type":"Point","coordinates":[145.95447,-38.01683]},"properties":{"id":6547,"name":"Neerim South","state_code":"VIC","country_code":"AU"}},{"type":"Feature","geometry":{"type":"Point","coordinates":[144.5993,-37.46065]},"properties":{"id":6557,"name":"New Gisborne","state_code":"VIC","country_code":"AU"}},{"type":"Feature","geometry":{"type":"Point","coordinates":[146.29264,-38.17171]},"properties":{"id":6562,"name":"Newborough","state_code":"VIC","country_code":"AU"}},{"type":"Feature","geometry":{"type":"Point","coordinates":[144.39429,-38.16623]},"properties":{"id":6566,"name":"Newcomb","state_code":"VIC","country_code":"AU"}},{"type":"Feature","geometry":{"type":"Point","coordinates":[143.82485,-37.55846]},"properties":{"id":6567,"name":"Newington","state_code":"VIC","country_code":"AU"}},{"type":"Feature","geometry":{"type":"Point","coordinates":[144.88483,-37.84427]},"properties":{"id":6573,"name":"Newport","state_code":"VIC","country_code":"AU"}},{"type":"Feature","geometry":{"type":"Point","coordinates":[144.33507,-38.15391]},"properties":{"id":6580,"name":"Newtown","state_code":"VIC","country_code":"AU"}},{"type":"Feature","geometry":{"type":"Point","coordinates":[141.65006,-36.33333]},"properties":{"id":6584,"name":"Nhill","state_code":"VIC","country_code":"AU"}},{"type":"Feature","geometry":{"type":"Point","coordinates":[142.21443,-34.2121]},"properties":{"id":6588,"name":"Nichols Point","state_code":"VIC","country_code":"AU"}},{"type":"Feature","geometry":{"type":"Point","coordinates":[147.73333,-37.81667]},"properties":{"id":6589,"name":"Nicholson","state_code":"VIC","country_code":"AU"}},{"type":"Feature","geometry":{"type":"Point","coordinates":[144.89212,-37.7375]},"properties":{"id":6591,"name":"Niddrie","state_code":"VIC","country_code":"AU"}},{"type":"Feature","geometry":{"type":"Point","coordinates":[145.21706,-37.61474]},"properties":{"id":6593,"name":"Nillumbik","state_code":"VIC","country_code":"AU"}},{"type":"Feature","geometry":{"type":"Point","coordinates":[145.16667,-37.96667]},"properties":{"id":6598,"name":"Noble Park","state_code":"VIC","country_code":"AU"}},{"type":"Feature","geometry":{"type":"Point","coordinates":[145.19257,-37.94978]},"properties":{"id":6599,"name":"Noble Park North","state_code":"VIC","country_code":"AU"}},{"type":"Feature","geometry":{"type":"Point","coordinates":[144.35417,-38.10139]},"properties":{"id":6606,"name":"Norlane","state_code":"VIC","country_code":"AU"}},{"type":"Feature","geometry":{"type":"Point","coordinates":[144.28791,-36.74363]},"properties":{"id":6617,"name":"North Bendigo","state_code":"VIC","country_code":"AU"}},{"type":"Feature","geometry":{"type":"Point","coordinates":[145.00528,-37.90694]},"properties":{"id":6621,"name":"North Brighton","state_code":"VIC","country_code":"AU"}},{"type":"Feature","geometry":{"type":"Point","coordinates":[144.35134,-38.10953]},"properties":{"id":6628,"name":"North Geelong","state_code":"VIC","country_code":"AU"}},{"type":"Feature","geometry":{"type":"Point","coordinates":[144.94512,-37.79798]},"properties":{"id":6640,"name":"North Melbourne","state_code":"VIC","country_code":"AU"}},{"type":"Feature","geometry":{"type":"Point","coordinates":[145.21574,-37.72924]},"properties":{"id":6657,"name":"North Warrandyte","state_code":"VIC","country_code":"AU"}},{"type":"Feature","geometry":{"type":"Point","coordinates":[145.59302,-38.57769]},"properties":{"id":6660,"name":"North Wonthaggi","state_code":"VIC","country_code":"AU"}},{"type":"Feature","geometry":{"type":"Point","coordinates":[145,-37.76667]},"properties":{"id":6665,"name":"Northcote","state_code":"VIC","country_code":"AU"}},{"type":"Feature","geometry":{"type":"Point","coordinates":[142.87303,-36.84962]},"properties":{"id":6667,"name":"Northern Grampians","state_code":"VIC","country_code":"AU"}},{"type":"Feature","geometry":{"type":"Point","coordinates":[145.1427,-37.905]},"properties":{"id":6677,"name":"Notting Hill","state_code":"VIC","country_code":"AU"}},{"type":"Feature","geometry":{"type":"Point","coordinates":[145.44215,-36.08846]},"properties":{"id":6684,"name":"Numurkah","state_code":"VIC","country_code":"AU"}},{"type":"Feature","geometry":{"type":"Point","coordinates":[145.17308,-37.82043]},"properties":{"id":6685,"name":"Nunawading","state_code":"VIC","country_code":"AU"}},{"type":"Feature","geometry":{"type":"Point","coordinates":[145.67248,-38.33364]},"properties":{"id":6690,"name":"Nyora","state_code":"VIC","country_code":"AU"}},{"type":"Feature","geometry":{"type":"Point","coordinates":[144.91945,-37.71842]},"properties":{"id":6694,"name":"Oak Park","state_code":"VIC","country_code":"AU"}},{"type":"Feature","geometry":{"type":"Point","coordinates":[145.08837,-37.89809]},"properties":{"id":6703,"name":"Oakleigh","state_code":"VIC","country_code":"AU"}},{"type":"Feature","geometry":{"type":"Point","coordinates":[145.11667,-37.9]},"properties":{"id":6704,"name":"Oakleigh East","state_code":"VIC","country_code":"AU"}},{"type":"Feature","geometry":{"type":"Point","coordinates":[145.09146,-37.92416]},"properties":{"id":6705,"name":"Oakleigh South","state_code":"VIC","country_code":"AU"}},{"type":"Feature","geometry":{"type":"Point","coordinates":[144.51919,-38.25772]},"properties":{"id":6710,"name":"Ocean Grove","state_code":"VIC","country_code":"AU"}},{"type":"Feature","geometry":{"type":"Point","coordinates":[145.40947,-38.05916]},"properties":{"id":6713,"name":"Officer","state_code":"VIC","country_code":"AU"}},{"type":"Feature","geometry":{"type":"Point","coordinates":[145.36667,-37.85]},"properties":{"id":6721,"name":"Olinda","state_code":"VIC","country_code":"AU"}},{"type":"Feature","geometry":{"type":"Point","coordinates":[148.457,-37.69644]},"properties":{"id":6734,"name":"Orbost","state_code":"VIC","country_code":"AU"}},{"type":"Feature","geometry":{"type":"Point","coordinates":[145.03333,-37.9]},"properties":{"id":6740,"name":"Ormond","state_code":"VIC","country_code":"AU"}},{"type":"Feature","geometry":{"type":"Point","coordinates":[142.32034,-35.07087]},"properties":{"id":6746,"name":"Ouyen","state_code":"VIC","country_code":"AU"}},{"type":"Feature","geometry":{"type":"Point","coordinates":[145.47411,-38.07018]},"properties":{"id":6763,"name":"Pakenham","state_code":"VIC","country_code":"AU"}},{"type":"Feature","geometry":{"type":"Point","coordinates":[145.51667,-38.01667]},"properties":{"id":6764,"name":"Pakenham Upper","state_code":"VIC","country_code":"AU"}},{"type":"Feature","geometry":{"type":"Point","coordinates":[145.23991,-37.64082]},"properties":{"id":6775,"name":"Panton Hill","state_code":"VIC","country_code":"AU"}},{"type":"Feature","geometry":{"type":"Point","coordinates":[145.21463,-37.77688]},"properties":{"id":6789,"name":"Park Orchards","state_code":"VIC","country_code":"AU"}},{"type":"Feature","geometry":{"type":"Point","coordinates":[145.08128,-37.99187]},"properties":{"id":6792,"name":"Parkdale","state_code":"VIC","country_code":"AU"}},{"type":"Feature","geometry":{"type":"Point","coordinates":[144.95,-37.78333]},"properties":{"id":6800,"name":"Parkville","state_code":"VIC","country_code":"AU"}},{"type":"Feature","geometry":{"type":"Point","coordinates":[144.93333,-37.73333]},"properties":{"id":6809,"name":"Pascoe Vale","state_code":"VIC","country_code":"AU"}},{"type":"Feature","geometry":{"type":"Point","coordinates":[144.94615,-37.73973]},"properties":{"id":6810,"name":"Pascoe Vale South","state_code":"VIC","country_code":"AU"}},{"type":"Feature","geometry":{"type":"Point","coordinates":[145.14327,-38.06934]},"properties":{"id":6811,"name":"Patterson Lakes","state_code":"VIC","country_code":"AU"}},{"type":"Feature","geometry":{"type":"Point","coordinates":[147.71944,-37.91886]},"properties":{"id":6814,"name":"Paynesville","state_code":"VIC","country_code":"AU"}},{"type":"Feature","geometry":{"type":"Point","coordinates":[145.23488,-38.203]},"properties":{"id":6821,"name":"Pearcedale","state_code":"VIC","country_code":"AU"}},{"type":"Feature","geometry":{"type":"Point","coordinates":[145.23102,-38.48349]},"properties":{"id":6849,"name":"Phillip Island","state_code":"VIC","country_code":"AU"}},{"type":"Feature","geometry":{"type":"Point","coordinates":[145.11667,-37.66667]},"properties":{"id":6867,"name":"Plenty","state_code":"VIC","country_code":"AU"}},{"type":"Feature","geometry":{"type":"Point","coordinates":[144.69082,-37.68701]},"properties":{"id":6868,"name":"Plumpton","state_code":"VIC","country_code":"AU"}},{"type":"Feature","geometry":{"type":"Point","coordinates":[144.75088,-37.91482]},"properties":{"id":6873,"name":"Point Cook","state_code":"VIC","country_code":"AU"}},{"type":"Feature","geometry":{"type":"Point","coordinates":[144.61055,-38.28173]},"properties":{"id":6875,"name":"Point Lonsdale","state_code":"VIC","country_code":"AU"}},{"type":"Feature","geometry":{"type":"Point","coordinates":[142.2371,-38.38535]},"properties":{"id":6890,"name":"Port Fairy","state_code":"VIC","country_code":"AU"}},{"type":"Feature","geometry":{"type":"Point","coordinates":[144.94228,-37.83961]},"properties":{"id":6898,"name":"Port Melbourne","state_code":"VIC","country_code":"AU"}},{"type":"Feature","geometry":{"type":"Point","coordinates":[144.96992,-37.85159]},"properties":{"id":6901,"name":"Port Phillip","state_code":"VIC","country_code":"AU"}},{"type":"Feature","geometry":{"type":"Point","coordinates":[144.65559,-38.11542]},"properties":{"id":6909,"name":"Portarlington","state_code":"VIC","country_code":"AU"}},{"type":"Feature","geometry":{"type":"Point","coordinates":[141.60257,-38.3462]},"properties":{"id":6911,"name":"Portland","state_code":"VIC","country_code":"AU"}},{"type":"Feature","geometry":{"type":"Point","coordinates":[144.99318,-37.85114]},"properties":{"id":6915,"name":"Prahran","state_code":"VIC","country_code":"AU"}},{"type":"Feature","geometry":{"type":"Point","coordinates":[145.01667,-37.75]},"properties":{"id":6917,"name":"Preston","state_code":"VIC","country_code":"AU"}},{"type":"Feature","geometry":{"type":"Point","coordinates":[144.96656,-37.78185]},"properties":{"id":6920,"name":"Princes Hill","state_code":"VIC","country_code":"AU"}},{"type":"Feature","geometry":{"type":"Point","coordinates":[145.04005,-36.99493]},"properties":{"id":6925,"name":"Puckapunyal","state_code":"VIC","country_code":"AU"}},{"type":"Feature","geometry":{"type":"Point","coordinates":[143.36472,-37.32756]},"properties":{"id":6930,"name":"Pyrenees","state_code":"VIC","country_code":"AU"}},{"type":"Feature","geometry":{"type":"Point","coordinates":[144.28024,-36.77646]},"properties":{"id":6934,"name":"Quarry Hill","state_code":"VIC","country_code":"AU"}},{"type":"Feature","geometry":{"type":"Point","coordinates":[144.66193,-38.26789]},"properties":{"id":6940,"name":"Queenscliff","state_code":"VIC","country_code":"AU"}},{"type":"Feature","geometry":{"type":"Point","coordinates":[144.66248,-38.26896]},"properties":{"id":6942,"name":"Queenscliffe","state_code":"VIC","country_code":"AU"}},{"type":"Feature","geometry":{"type":"Point","coordinates":[144.75105,-37.76552]},"properties":{"id":6967,"name":"Ravenhall","state_code":"VIC","country_code":"AU"}},{"type":"Feature","geometry":{"type":"Point","coordinates":[142.18971,-34.30942]},"properties":{"id":6975,"name":"Red Cliffs","state_code":"VIC","country_code":"AU"}},{"type":"Feature","geometry":{"type":"Point","coordinates":[143.83862,-37.57649]},"properties":{"id":6978,"name":"Redan","state_code":"VIC","country_code":"AU"}},{"type":"Feature","geometry":{"type":"Point","coordinates":[145.18333,-37.7]},"properties":{"id":6997,"name":"Research","state_code":"VIC","country_code":"AU"}},{"type":"Feature","geometry":{"type":"Point","coordinates":[145,-37.71667]},"properties":{"id":6998,"name":"Reservoir","state_code":"VIC","country_code":"AU"}},{"type":"Feature","geometry":{"type":"Point","coordinates":[145.00176,-37.81819]},"properties":{"id":7007,"name":"Richmond","state_code":"VIC","country_code":"AU"}},{"type":"Feature","geometry":{"type":"Point","coordinates":[145.23333,-37.81667]},"properties":{"id":7015,"name":"Ringwood","state_code":"VIC","country_code":"AU"}},{"type":"Feature","geometry":{"type":"Point","coordinates":[145.25,-37.81667]},"properties":{"id":7016,"name":"Ringwood East","state_code":"VIC","country_code":"AU"}},{"type":"Feature","geometry":{"type":"Point","coordinates":[145.23333,-37.8]},"properties":{"id":7017,"name":"Ringwood North","state_code":"VIC","country_code":"AU"}},{"type":"Feature","geometry":{"type":"Point","coordinates":[145,-37.88333]},"properties":{"id":7018,"name":"Ripponlea","state_code":"VIC","country_code":"AU"}},{"type":"Feature","geometry":{"type":"Point","coordinates":[142.77228,-34.58356]},"properties":{"id":7036,"name":"Robinvale","state_code":"VIC","country_code":"AU"}},{"type":"Feature","geometry":{"type":"Point","coordinates":[144.70077,-36.36352]},"properties":{"id":7040,"name":"Rochester","state_code":"VIC","country_code":"AU"}},{"type":"Feature","geometry":{"type":"Point","coordinates":[144.67003,-37.73353]},"properties":{"id":7041,"name":"Rockbank","state_code":"VIC","country_code":"AU"}},{"type":"Feature","geometry":{"type":"Point","coordinates":[144.743,-37.35075]},"properties":{"id":7054,"name":"Romsey","state_code":"VIC","country_code":"AU"}},{"type":"Feature","geometry":{"type":"Point","coordinates":[145.06735,-37.73895]},"properties":{"id":7058,"name":"Rosanna","state_code":"VIC","country_code":"AU"}},{"type":"Feature","geometry":{"type":"Point","coordinates":[144.9068,-38.35542]},"properties":{"id":7062,"name":"Rosebud","state_code":"VIC","country_code":"AU"}},{"type":"Feature","geometry":{"type":"Point","coordinates":[144.87748,-38.36444]},"properties":{"id":7063,"name":"Rosebud West","state_code":"VIC","country_code":"AU"}},{"type":"Feature","geometry":{"type":"Point","coordinates":[146.7886,-38.15452]},"properties":{"id":7064,"name":"Rosedale","state_code":"VIC","country_code":"AU"}},{"type":"Feature","geometry":{"type":"Point","coordinates":[143.75,-37.65]},"properties":{"id":7076,"name":"Ross Creek","state_code":"VIC","country_code":"AU"}},{"type":"Feature","geometry":{"type":"Point","coordinates":[145.23333,-37.93333]},"properties":{"id":7083,"name":"Rowville","state_code":"VIC","country_code":"AU"}},{"type":"Feature","geometry":{"type":"Point","coordinates":[144.92555,-37.62581]},"properties":{"id":7084,"name":"Roxburgh Park","state_code":"VIC","country_code":"AU"}},{"type":"Feature","geometry":{"type":"Point","coordinates":[145.0175,-36.58669]},"properties":{"id":7094,"name":"Rushworth","state_code":"VIC","country_code":"AU"}},{"type":"Feature","geometry":{"type":"Point","coordinates":[146.46212,-36.0543]},"properties":{"id":7099,"name":"Rutherglen","state_code":"VIC","country_code":"AU"}},{"type":"Feature","geometry":{"type":"Point","coordinates":[144.81221,-38.38528]},"properties":{"id":7102,"name":"Rye","state_code":"VIC","country_code":"AU"}},{"type":"Feature","geometry":{"type":"Point","coordinates":[145.00027,-38.31535]},"properties":{"id":7107,"name":"Safety Beach","state_code":"VIC","country_code":"AU"}},{"type":"Feature","geometry":{"type":"Point","coordinates":[144.8,-37.73333]},"properties":{"id":7108,"name":"Saint Albans","state_code":"VIC","country_code":"AU"}},{"type":"Feature","geometry":{"type":"Point","coordinates":[145.27235,-37.60151]},"properties":{"id":7109,"name":"Saint Andrews","state_code":"VIC","country_code":"AU"}},{"type":"Feature","geometry":{"type":"Point","coordinates":[144.82436,-38.4141]},"properties":{"id":7110,"name":"Saint Andrews Beach","state_code":"VIC","country_code":"AU"}},{"type":"Feature","geometry":{"type":"Point","coordinates":[145.13333,-37.7]},"properties":{"id":7111,"name":"Saint Helena","state_code":"VIC","country_code":"AU"}},{"type":"Feature","geometry":{"type":"Point","coordinates":[144.98099,-37.8676]},"properties":{"id":7113,"name":"Saint Kilda","state_code":"VIC","country_code":"AU"}},{"type":"Feature","geometry":{"type":"Point","coordinates":[144.71803,-38.17051]},"properties":{"id":7114,"name":"Saint Leonards","state_code":"VIC","country_code":"AU"}},{"type":"Feature","geometry":{"type":"Point","coordinates":[147.06802,-38.11095]},"properties":{"id":7118,"name":"Sale","state_code":"VIC","country_code":"AU"}},{"type":"Feature","geometry":{"type":"Point","coordinates":[145.37616,-38.52547]},"properties":{"id":7131,"name":"San Remo","state_code":"VIC","country_code":"AU"}},{"type":"Feature","geometry":{"type":"Point","coordinates":[145.20767,-38.081]},"properties":{"id":7136,"name":"Sandhurst","state_code":"VIC","country_code":"AU"}},{"type":"Feature","geometry":{"type":"Point","coordinates":[145.01129,-37.95218]},"properties":{"id":7137,"name":"Sandringham","state_code":"VIC","country_code":"AU"}},{"type":"Feature","geometry":{"type":"Point","coordinates":[145.35,-37.86667]},"properties":{"id":7147,"name":"Sassafras","state_code":"VIC","country_code":"AU"}},{"type":"Feature","geometry":{"type":"Point","coordinates":[145.23333,-37.9]},"properties":{"id":7155,"name":"Scoresby","state_code":"VIC","country_code":"AU"}},{"type":"Feature","geometry":{"type":"Point","coordinates":[144.75866,-37.88092]},"properties":{"id":7158,"name":"Seabrook","state_code":"VIC","country_code":"AU"}},{"type":"Feature","geometry":{"type":"Point","coordinates":[145.13333,-38.1]},"properties":{"id":7163,"name":"Seaford","state_code":"VIC","country_code":"AU"}},{"type":"Feature","geometry":{"type":"Point","coordinates":[144.84504,-37.864]},"properties":{"id":7168,"name":"Seaholme","state_code":"VIC","country_code":"AU"}},{"type":"Feature","geometry":{"type":"Point","coordinates":[143.83953,-37.58532]},"properties":{"id":7171,"name":"Sebastopol","state_code":"VIC","country_code":"AU"}},{"type":"Feature","geometry":{"type":"Point","coordinates":[144.8907,-37.80607]},"properties":{"id":7173,"name":"Seddon","state_code":"VIC","country_code":"AU"}},{"type":"Feature","geometry":{"type":"Point","coordinates":[145.38333,-37.91667]},"properties":{"id":7176,"name":"Selby","state_code":"VIC","country_code":"AU"}},{"type":"Feature","geometry":{"type":"Point","coordinates":[145.48763,-37.79802]},"properties":{"id":7187,"name":"Seville","state_code":"VIC","country_code":"AU"}},{"type":"Feature","geometry":{"type":"Point","coordinates":[145.13924,-37.02655]},"properties":{"id":7189,"name":"Seymour","state_code":"VIC","country_code":"AU"}},{"type":"Feature","geometry":{"type":"Point","coordinates":[145.39867,-36.38047]},"properties":{"id":7203,"name":"Shepparton","state_code":"VIC","country_code":"AU"}},{"type":"Feature","geometry":{"type":"Point","coordinates":[145.47765,-36.40156]},"properties":{"id":7204,"name":"Shepparton East","state_code":"VIC","country_code":"AU"}},{"type":"Feature","geometry":{"type":"Point","coordinates":[145.41667,-37.81667]},"properties":{"id":7213,"name":"Silvan","state_code":"VIC","country_code":"AU"}},{"type":"Feature","geometry":{"type":"Point","coordinates":[145.2163,-38.10505]},"properties":{"id":7224,"name":"Skye","state_code":"VIC","country_code":"AU"}},{"type":"Feature","geometry":{"type":"Point","coordinates":[143.78333,-37.6]},"properties":{"id":7232,"name":"Smythes Creek","state_code":"VIC","country_code":"AU"}},{"type":"Feature","geometry":{"type":"Point","coordinates":[143.68617,-37.64308]},"properties":{"id":7233,"name":"Smythesdale","state_code":"VIC","country_code":"AU"}},{"type":"Feature","geometry":{"type":"Point","coordinates":[143.85872,-37.54962]},"properties":{"id":7235,"name":"Soldiers Hill","state_code":"VIC","country_code":"AU"}},{"type":"Feature","geometry":{"type":"Point","coordinates":[145.15898,-38.38134]},"properties":{"id":7239,"name":"Somers","state_code":"VIC","country_code":"AU"}},{"type":"Feature","geometry":{"type":"Point","coordinates":[145.16667,-38.21667]},"properties":{"id":7244,"name":"Somerville","state_code":"VIC","country_code":"AU"}},{"type":"Feature","geometry":{"type":"Point","coordinates":[144.74126,-38.33958]},"properties":{"id":7247,"name":"Sorrento","state_code":"VIC","country_code":"AU"}},{"type":"Feature","geometry":{"type":"Point","coordinates":[146.06702,-38.69897]},"properties":{"id":7259,"name":"South Gippsland","state_code":"VIC","country_code":"AU"}},{"type":"Feature","geometry":{"type":"Point","coordinates":[144.8709,-37.83018]},"properties":{"id":7269,"name":"South Kingsville","state_code":"VIC","country_code":"AU"}},{"type":"Feature","geometry":{"type":"Point","coordinates":[144.96667,-37.83333]},"properties":{"id":7276,"name":"South Melbourne","state_code":"VIC","country_code":"AU"}},{"type":"Feature","geometry":{"type":"Point","coordinates":[145.1,-37.65]},"properties":{"id":7277,"name":"South Morang","state_code":"VIC","country_code":"AU"}},{"type":"Feature","geometry":{"type":"Point","coordinates":[144.99149,-37.83834]},"properties":{"id":7290,"name":"South Yarra","state_code":"VIC","country_code":"AU"}},{"type":"Feature","geometry":{"type":"Point","coordinates":[144.96434,-37.8228]},"properties":{"id":7292,"name":"Southbank","state_code":"VIC","country_code":"AU"}},{"type":"Feature","geometry":{"type":"Point","coordinates":[142.02533,-37.52989]},"properties":{"id":7294,"name":"Southern Grampians","state_code":"VIC","country_code":"AU"}},{"type":"Feature","geometry":{"type":"Point","coordinates":[144.88516,-37.82975]},"properties":{"id":7305,"name":"Spotswood","state_code":"VIC","country_code":"AU"}},{"type":"Feature","geometry":{"type":"Point","coordinates":[145.15274,-37.94853]},"properties":{"id":7313,"name":"Springvale","state_code":"VIC","country_code":"AU"}},{"type":"Feature","geometry":{"type":"Point","coordinates":[145.15,-37.96667]},"properties":{"id":7315,"name":"Springvale South","state_code":"VIC","country_code":"AU"}},{"type":"Feature","geometry":{"type":"Point","coordinates":[144.39207,-38.18802]},"properties":{"id":7319,"name":"St Albans Park","state_code":"VIC","country_code":"AU"}},{"type":"Feature","geometry":{"type":"Point","coordinates":[145.12315,-37.68988]},"properties":{"id":7325,"name":"St Helena","state_code":"VIC","country_code":"AU"}},{"type":"Feature","geometry":{"type":"Point","coordinates":[145.00018,-37.86594]},"properties":{"id":7332,"name":"St Kilda East","state_code":"VIC","country_code":"AU"}},{"type":"Feature","geometry":{"type":"Point","coordinates":[144.97108,-37.85988]},"properties":{"id":7333,"name":"St Kilda West","state_code":"VIC","country_code":"AU"}},{"type":"Feature","geometry":{"type":"Point","coordinates":[142.78088,-37.05632]},"properties":{"id":7345,"name":"Stawell","state_code":"VIC","country_code":"AU"}},{"type":"Feature","geometry":{"type":"Point","coordinates":[145.03776,-37.8613]},"properties":{"id":7352,"name":"Stonnington","state_code":"VIC","country_code":"AU"}},{"type":"Feature","geometry":{"type":"Point","coordinates":[147.0826,-37.9634]},"properties":{"id":7354,"name":"Stratford","state_code":"VIC","country_code":"AU"}},{"type":"Feature","geometry":{"type":"Point","coordinates":[145.32938,-36.72402]},"properties":{"id":7357,"name":"Strathbogie","state_code":"VIC","country_code":"AU"}},{"type":"Feature","geometry":{"type":"Point","coordinates":[144.31548,-36.76572]},"properties":{"id":7358,"name":"Strathdale","state_code":"VIC","country_code":"AU"}},{"type":"Feature","geometry":{"type":"Point","coordinates":[144.35487,-36.80667]},"properties":{"id":7361,"name":"Strathfieldsaye","state_code":"VIC","country_code":"AU"}},{"type":"Feature","geometry":{"type":"Point","coordinates":[145.47865,-35.92533]},"properties":{"id":7362,"name":"Strathmerton","state_code":"VIC","country_code":"AU"}},{"type":"Feature","geometry":{"type":"Point","coordinates":[144.92065,-37.73563]},"properties":{"id":7363,"name":"Strathmore","state_code":"VIC","country_code":"AU"}},{"type":"Feature","geometry":{"type":"Point","coordinates":[144.72607,-37.57742]},"properties":{"id":7378,"name":"Sunbury","state_code":"VIC","country_code":"AU"}},{"type":"Feature","geometry":{"type":"Point","coordinates":[144.83333,-37.78333]},"properties":{"id":7384,"name":"Sunshine","state_code":"VIC","country_code":"AU"}},{"type":"Feature","geometry":{"type":"Point","coordinates":[144.82787,-37.76987]},"properties":{"id":7388,"name":"Sunshine North","state_code":"VIC","country_code":"AU"}},{"type":"Feature","geometry":{"type":"Point","coordinates":[144.81637,-37.79117]},"properties":{"id":7389,"name":"Sunshine West","state_code":"VIC","country_code":"AU"}},{"type":"Feature","geometry":{"type":"Point","coordinates":[144.1153,-38.33997]},"properties":{"id":7390,"name":"Surf Coast","state_code":"VIC","country_code":"AU"}},{"type":"Feature","geometry":{"type":"Point","coordinates":[145.1,-37.81667]},"properties":{"id":7394,"name":"Surrey Hills","state_code":"VIC","country_code":"AU"}},{"type":"Feature","geometry":{"type":"Point","coordinates":[143.1681,-35.10061]},"properties":{"id":7402,"name":"Swan Hill","state_code":"VIC","country_code":"AU"}},{"type":"Feature","geometry":{"type":"Point","coordinates":[144.76667,-37.7]},"properties":{"id":7406,"name":"Sydenham","state_code":"VIC","country_code":"AU"}},{"type":"Feature","geometry":{"type":"Point","coordinates":[147.17699,-36.21791]},"properties":{"id":7418,"name":"Tallangatta","state_code":"VIC","country_code":"AU"}},{"type":"Feature","geometry":{"type":"Point","coordinates":[144.65952,-37.83634]},"properties":{"id":7440,"name":"Tarneit","state_code":"VIC","country_code":"AU"}},{"type":"Feature","geometry":{"type":"Point","coordinates":[145.22994,-36.43962]},"properties":{"id":7450,"name":"Tatura","state_code":"VIC","country_code":"AU"}},{"type":"Feature","geometry":{"type":"Point","coordinates":[144.75483,-37.70988]},"properties":{"id":7451,"name":"Taylors Hill","state_code":"VIC","country_code":"AU"}},{"type":"Feature","geometry":{"type":"Point","coordinates":[144.78631,-37.69863]},"properties":{"id":7452,"name":"Taylors Lakes","state_code":"VIC","country_code":"AU"}},{"type":"Feature","geometry":{"type":"Point","coordinates":[145.34468,-37.90303]},"properties":{"id":7455,"name":"Tecoma","state_code":"VIC","country_code":"AU"}},{"type":"Feature","geometry":{"type":"Point","coordinates":[144.05,-38.03333]},"properties":{"id":7456,"name":"Teesdale","state_code":"VIC","country_code":"AU"}},{"type":"Feature","geometry":{"type":"Point","coordinates":[145.14864,-37.75405]},"properties":{"id":7464,"name":"Templestowe","state_code":"VIC","country_code":"AU"}},{"type":"Feature","geometry":{"type":"Point","coordinates":[145.11667,-37.76667]},"properties":{"id":7465,"name":"Templestowe Lower","state_code":"VIC","country_code":"AU"}},{"type":"Feature","geometry":{"type":"Point","coordinates":[142.92123,-38.24084]},"properties":{"id":7474,"name":"Terang","state_code":"VIC","country_code":"AU"}},{"type":"Feature","geometry":{"type":"Point","coordinates":[145.31667,-37.85]},"properties":{"id":7480,"name":"The Basin","state_code":"VIC","country_code":"AU"}},{"type":"Feature","geometry":{"type":"Point","coordinates":[145.40216,-37.89187]},"properties":{"id":7491,"name":"The Patch","state_code":"VIC","country_code":"AU"}},{"type":"Feature","geometry":{"type":"Point","coordinates":[145.01667,-37.68333]},"properties":{"id":7501,"name":"Thomastown","state_code":"VIC","country_code":"AU"}},{"type":"Feature","geometry":{"type":"Point","coordinates":[144.3789,-38.16984]},"properties":{"id":7502,"name":"Thomson","state_code":"VIC","country_code":"AU"}},{"type":"Feature","geometry":{"type":"Point","coordinates":[145.00583,-37.75819]},"properties":{"id":7503,"name":"Thornbury","state_code":"VIC","country_code":"AU"}},{"type":"Feature","geometry":{"type":"Point","coordinates":[142.98033,-38.48434]},"properties":{"id":7514,"name":"Timboon","state_code":"VIC","country_code":"AU"}},{"type":"Feature","geometry":{"type":"Point","coordinates":[144.95622,-36.25466]},"properties":{"id":7529,"name":"Tongala","state_code":"VIC","country_code":"AU"}},{"type":"Feature","geometry":{"type":"Point","coordinates":[145.38325,-38.21475]},"properties":{"id":7534,"name":"Tooradin","state_code":"VIC","country_code":"AU"}},{"type":"Feature","geometry":{"type":"Point","coordinates":[145.01438,-37.84165]},"properties":{"id":7535,"name":"Toorak","state_code":"VIC","country_code":"AU"}},{"type":"Feature","geometry":{"type":"Point","coordinates":[144.85015,-38.3777]},"properties":{"id":7538,"name":"Tootgarook","state_code":"VIC","country_code":"AU"}},{"type":"Feature","geometry":{"type":"Point","coordinates":[144.32638,-38.33085]},"properties":{"id":7543,"name":"Torquay","state_code":"VIC","country_code":"AU"}},{"type":"Feature","geometry":{"type":"Point","coordinates":[147.62717,-36.36587]},"properties":{"id":7552,"name":"Towong","state_code":"VIC","country_code":"AU"}},{"type":"Feature","geometry":{"type":"Point","coordinates":[146.15347,-38.20906]},"properties":{"id":7554,"name":"Trafalgar","state_code":"VIC","country_code":"AU"}},{"type":"Feature","geometry":{"type":"Point","coordinates":[146.5415,-38.19528]},"properties":{"id":7558,"name":"Traralgon","state_code":"VIC","country_code":"AU"}},{"type":"Feature","geometry":{"type":"Point","coordinates":[144.93545,-37.78076]},"properties":{"id":7559,"name":"Travancore","state_code":"VIC","country_code":"AU"}},{"type":"Feature","geometry":{"type":"Point","coordinates":[144.32164,-37.38876]},"properties":{"id":7562,"name":"Trentham","state_code":"VIC","country_code":"AU"}},{"type":"Feature","geometry":{"type":"Point","coordinates":[144.75,-37.81667]},"properties":{"id":7569,"name":"Truganina","state_code":"VIC","country_code":"AU"}},{"type":"Feature","geometry":{"type":"Point","coordinates":[144.881,-37.70128]},"properties":{"id":7574,"name":"Tullamarine","state_code":"VIC","country_code":"AU"}},{"type":"Feature","geometry":{"type":"Point","coordinates":[145.18333,-38.25]},"properties":{"id":7596,"name":"Tyabb","state_code":"VIC","country_code":"AU"}},{"type":"Feature","geometry":{"type":"Point","coordinates":[145.33333,-37.9]},"properties":{"id":7614,"name":"Upwey","state_code":"VIC","country_code":"AU"}},{"type":"Feature","geometry":{"type":"Point","coordinates":[145.19428,-37.83616]},"properties":{"id":7629,"name":"Vermont","state_code":"VIC","country_code":"AU"}},{"type":"Feature","geometry":{"type":"Point","coordinates":[145.1827,-37.85747]},"properties":{"id":7630,"name":"Vermont South","state_code":"VIC","country_code":"AU"}},{"type":"Feature","geometry":{"type":"Point","coordinates":[145.09323,-37.73991]},"properties":{"id":7636,"name":"Viewbank","state_code":"VIC","country_code":"AU"}},{"type":"Feature","geometry":{"type":"Point","coordinates":[146.39714,-36.01178]},"properties":{"id":7655,"name":"Wahgunyah","state_code":"VIC","country_code":"AU"}},{"type":"Feature","geometry":{"type":"Point","coordinates":[144.97859,-37.41625]},"properties":{"id":7671,"name":"Wallan","state_code":"VIC","country_code":"AU"}},{"type":"Feature","geometry":{"type":"Point","coordinates":[144.51199,-38.22641]},"properties":{"id":7674,"name":"Wallington","state_code":"VIC","country_code":"AU"}},{"type":"Feature","geometry":{"type":"Point","coordinates":[144.30387,-38.17577]},"properties":{"id":7681,"name":"Wandana Heights","state_code":"VIC","country_code":"AU"}},{"type":"Feature","geometry":{"type":"Point","coordinates":[145.43333,-37.78333]},"properties":{"id":7684,"name":"Wandin North","state_code":"VIC","country_code":"AU"}},{"type":"Feature","geometry":{"type":"Point","coordinates":[145.03207,-37.3719]},"properties":{"id":7687,"name":"Wandong","state_code":"VIC","country_code":"AU"}},{"type":"Feature","geometry":{"type":"Point","coordinates":[146.42839,-36.61599]},"properties":{"id":7688,"name":"Wangaratta","state_code":"VIC","country_code":"AU"}},{"type":"Feature","geometry":{"type":"Point","coordinates":[145.21667,-37.85]},"properties":{"id":7694,"name":"Wantirna","state_code":"VIC","country_code":"AU"}},{"type":"Feature","geometry":{"type":"Point","coordinates":[145.21667,-37.88333]},"properties":{"id":7695,"name":"Wantirna South","state_code":"VIC","country_code":"AU"}},{"type":"Feature","geometry":{"type":"Point","coordinates":[145.69037,-37.75375]},"properties":{"id":7702,"name":"Warburton","state_code":"VIC","country_code":"AU"}},{"type":"Feature","geometry":{"type":"Point","coordinates":[142.39281,-36.25326]},"properties":{"id":7710,"name":"Warracknabeal","state_code":"VIC","country_code":"AU"}},{"type":"Feature","geometry":{"type":"Point","coordinates":[145.93118,-38.15912]},"properties":{"id":7713,"name":"Warragul","state_code":"VIC","country_code":"AU"}},{"type":"Feature","geometry":{"type":"Point","coordinates":[145.23333,-37.75]},"properties":{"id":7714,"name":"Warrandyte","state_code":"VIC","country_code":"AU"}},{"type":"Feature","geometry":{"type":"Point","coordinates":[145.24728,-37.77555]},"properties":{"id":7716,"name":"Warranwood","state_code":"VIC","country_code":"AU"}},{"type":"Feature","geometry":{"type":"Point","coordinates":[142.48799,-38.38176]},"properties":{"id":7723,"name":"Warrnambool","state_code":"VIC","country_code":"AU"}},{"type":"Feature","geometry":{"type":"Point","coordinates":[145.1305,-38.01478]},"properties":{"id":7734,"name":"Waterways","state_code":"VIC","country_code":"AU"}},{"type":"Feature","geometry":{"type":"Point","coordinates":[145.08333,-37.71667]},"properties":{"id":7736,"name":"Watsonia","state_code":"VIC","country_code":"AU"}},{"type":"Feature","geometry":{"type":"Point","coordinates":[145.08468,-37.69981]},"properties":{"id":7737,"name":"Watsonia North","state_code":"VIC","country_code":"AU"}},{"type":"Feature","geometry":{"type":"Point","coordinates":[145.18333,-37.66667]},"properties":{"id":7743,"name":"Wattleglen","state_code":"VIC","country_code":"AU"}},{"type":"Feature","geometry":{"type":"Point","coordinates":[144.28333,-38.21667]},"properties":{"id":7745,"name":"Waurn Ponds","state_code":"VIC","country_code":"AU"}},{"type":"Feature","geometry":{"type":"Point","coordinates":[147.01697,-38.03765]},"properties":{"id":7757,"name":"Wellington","state_code":"VIC","country_code":"AU"}},{"type":"Feature","geometry":{"type":"Point","coordinates":[143.82838,-37.53078]},"properties":{"id":7762,"name":"Wendouree","state_code":"VIC","country_code":"AU"}},{"type":"Feature","geometry":{"type":"Point","coordinates":[144.66667,-37.9]},"properties":{"id":7767,"name":"Werribee","state_code":"VIC","country_code":"AU"}},{"type":"Feature","geometry":{"type":"Point","coordinates":[144.71667,-37.9475]},"properties":{"id":7768,"name":"Werribee South","state_code":"VIC","country_code":"AU"}},{"type":"Feature","geometry":{"type":"Point","coordinates":[145.63333,-37.76667]},"properties":{"id":7773,"name":"Wesburn","state_code":"VIC","country_code":"AU"}},{"type":"Feature","geometry":{"type":"Point","coordinates":[144.87727,-37.79746]},"properties":{"id":7785,"name":"West Footscray","state_code":"VIC","country_code":"AU"}},{"type":"Feature","geometry":{"type":"Point","coordinates":[144.95,-37.81014]},"properties":{"id":7799,"name":"West Melbourne","state_code":"VIC","country_code":"AU"}},{"type":"Feature","geometry":{"type":"Point","coordinates":[141.40038,-36.59921]},"properties":{"id":7811,"name":"West Wimmera","state_code":"VIC","country_code":"AU"}},{"type":"Feature","geometry":{"type":"Point","coordinates":[146.85193,-36.12346]},"properties":{"id":7812,"name":"West Wodonga","state_code":"VIC","country_code":"AU"}},{"type":"Feature","geometry":{"type":"Point","coordinates":[144.88701,-37.67604]},"properties":{"id":7825,"name":"Westmeadows","state_code":"VIC","country_code":"AU"}},{"type":"Feature","geometry":{"type":"Point","coordinates":[145.18333,-37.9]},"properties":{"id":7832,"name":"Wheelers Hill","state_code":"VIC","country_code":"AU"}},{"type":"Feature","geometry":{"type":"Point","coordinates":[144.30525,-36.72875]},"properties":{"id":7834,"name":"White Hills","state_code":"VIC","country_code":"AU"}},{"type":"Feature","geometry":{"type":"Point","coordinates":[145.15432,-37.82868]},"properties":{"id":7837,"name":"Whitehorse","state_code":"VIC","country_code":"AU"}},{"type":"Feature","geometry":{"type":"Point","coordinates":[144.39322,-38.1808]},"properties":{"id":7841,"name":"Whittington","state_code":"VIC","country_code":"AU"}},{"type":"Feature","geometry":{"type":"Point","coordinates":[145.09375,-37.55087]},"properties":{"id":7842,"name":"Whittlesea","state_code":"VIC","country_code":"AU"}},{"type":"Feature","geometry":{"type":"Point","coordinates":[144.74371,-37.8619]},"properties":{"id":7857,"name":"Williams Landing","state_code":"VIC","country_code":"AU"}},{"type":"Feature","geometry":{"type":"Point","coordinates":[144.899,-37.86349]},"properties":{"id":7858,"name":"Williamstown","state_code":"VIC","country_code":"AU"}},{"type":"Feature","geometry":{"type":"Point","coordinates":[144.88259,-37.85515]},"properties":{"id":7860,"name":"Williamstown North","state_code":"VIC","country_code":"AU"}},{"type":"Feature","geometry":{"type":"Point","coordinates":[143.98322,-38.24485]},"properties":{"id":7874,"name":"Winchelsea","state_code":"VIC","country_code":"AU"}},{"type":"Feature","geometry":{"type":"Point","coordinates":[144.99241,-37.85344]},"properties":{"id":7879,"name":"Windsor","state_code":"VIC","country_code":"AU"}},{"type":"Feature","geometry":{"type":"Point","coordinates":[146.88818,-36.14469]},"properties":{"id":7895,"name":"Wodonga","state_code":"VIC","country_code":"AU"}},{"type":"Feature","geometry":{"type":"Point","coordinates":[145.03333,-37.58333]},"properties":{"id":7896,"name":"Wollert","state_code":"VIC","country_code":"AU"}},{"type":"Feature","geometry":{"type":"Point","coordinates":[145.26667,-37.73333]},"properties":{"id":7905,"name":"Wonga Park","state_code":"VIC","country_code":"AU"}},{"type":"Feature","geometry":{"type":"Point","coordinates":[145.59355,-38.60586]},"properties":{"id":7909,"name":"Wonthaggi","state_code":"VIC","country_code":"AU"}},{"type":"Feature","geometry":{"type":"Point","coordinates":[144.52902,-37.35469]},"properties":{"id":7917,"name":"Woodend","state_code":"VIC","country_code":"AU"}},{"type":"Feature","geometry":{"type":"Point","coordinates":[145.53819,-37.78062]},"properties":{"id":7945,"name":"Woori Yallock","state_code":"VIC","country_code":"AU"}},{"type":"Feature","geometry":{"type":"Point","coordinates":[147.03333,-38.11667]},"properties":{"id":7962,"name":"Wurruk","state_code":"VIC","country_code":"AU"}},{"type":"Feature","geometry":{"type":"Point","coordinates":[147.58333,-37.8]},"properties":{"id":7965,"name":"Wy Yung","state_code":"VIC","country_code":"AU"}},{"type":"Feature","geometry":{"type":"Point","coordinates":[144.63573,-37.8928]},"properties":{"id":7969,"name":"Wyndham","state_code":"VIC","country_code":"AU"}},{"type":"Feature","geometry":{"type":"Point","coordinates":[144.62368,-37.89138]},"properties":{"id":7970,"name":"Wyndham Vale","state_code":"VIC","country_code":"AU"}},{"type":"Feature","geometry":{"type":"Point","coordinates":[146.83958,-36.31371]},"properties":{"id":7980,"name":"Yackandandah","state_code":"VIC","country_code":"AU"}},{"type":"Feature","geometry":{"type":"Point","coordinates":[145.09352,-37.72515]},"properties":{"id":7984,"name":"Yallambie","state_code":"VIC","country_code":"AU"}},{"type":"Feature","geometry":{"type":"Point","coordinates":[146.36449,-38.16053]},"properties":{"id":7986,"name":"Yallourn North","state_code":"VIC","country_code":"AU"}},{"type":"Feature","geometry":{"type":"Point","coordinates":[144.99593,-37.80178]},"properties":{"id":7995,"name":"Yarra","state_code":"VIC","country_code":"AU"}},{"type":"Feature","geometry":{"type":"Point","coordinates":[145.37416,-37.65794]},"properties":{"id":7996,"name":"Yarra Glen","state_code":"VIC","country_code":"AU"}},{"type":"Feature","geometry":{"type":"Point","coordinates":[145.6143,-37.78192]},"properties":{"id":7997,"name":"Yarra Junction","state_code":"VIC","country_code":"AU"}},{"type":"Feature","geometry":{"type":"Point","coordinates":[145.73708,-37.75006]},"properties":{"id":7998,"name":"Yarra Ranges","state_code":"VIC","country_code":"AU"}},{"type":"Feature","geometry":{"type":"Point","coordinates":[146.06079,-38.20525]},"properties":{"id":8001,"name":"Yarragon","state_code":"VIC","country_code":"AU"}},{"type":"Feature","geometry":{"type":"Point","coordinates":[146.67557,-38.56479]},"properties":{"id":8003,"name":"Yarram","state_code":"VIC","country_code":"AU"}},{"type":"Feature","geometry":{"type":"Point","coordinates":[145.13486,-37.63751]},"properties":{"id":8005,"name":"Yarrambat","state_code":"VIC","country_code":"AU"}},{"type":"Feature","geometry":{"type":"Point","coordinates":[144.9,-37.81667]},"properties":{"id":8007,"name":"Yarraville","state_code":"VIC","country_code":"AU"}},{"type":"Feature","geometry":{"type":"Point","coordinates":[145.99973,-36.01923]},"properties":{"id":8009,"name":"Yarrawonga","state_code":"VIC","country_code":"AU"}},{"type":"Feature","geometry":{"type":"Point","coordinates":[142.40452,-36.02618]},"properties":{"id":8010,"name":"Yarriambiack","state_code":"VIC","country_code":"AU"}},{"type":"Feature","geometry":{"type":"Point","coordinates":[145.42755,-37.21067]},"properties":{"id":8014,"name":"Yea","state_code":"VIC","country_code":"AU"}}]}