{"type":"FeatureCollection","features":[{"type":"Feature","geometry":{"type":"Point","coordinates":[-47.46997,-18.36347]},"properties":{"id":10054,"name":"Abadia dos Dourados","state_code":"MG","country_code":"BR"}},{"type":"Feature","geometry":{"type":"Point","coordinates":[-45.43051,-19.11099]},"properties":{"id":10057,"name":"Abaeté","state_code":"MG","country_code":"BR"}},{"type":"Feature","geometry":{"type":"Point","coordinates":[-42.43908,-20.27265]},"properties":{"id":10065,"name":"Abre Campo","state_code":"MG","country_code":"BR"}},{"type":"Feature","geometry":{"type":"Point","coordinates":[-43.10077,-20.4036]},"properties":{"id":10068,"name":"Acaiaca","state_code":"MG","country_code":"BR"}},{"type":"Feature","geometry":{"type":"Point","coordinates":[-42.54639,-19.07306]},"properties":{"id":10465,"name":"Açucena","state_code":"MG","country_code":"BR"}},{"type":"Feature","geometry":{"type":"Point","coordinates":[-42.23027,-18.06423]},"properties":{"id":15650,"name":"Água Boa","state_code":"MG","country_code":"BR"}},{"type":"Feature","geometry":{"type":"Point","coordinates":[-48.11035,-19.99124]},"properties":{"id":15655,"name":"Água Comprida","state_code":"MG","country_code":"BR"}},{"type":"Feature","geometry":{"type":"Point","coordinates":[-45.41717,-20.96959]},"properties":{"id":10095,"name":"Aguanil","state_code":"MG","country_code":"BR"}},{"type":"Feature","geometry":{"type":"Point","coordinates":[-40.93583,-17.08222]},"properties":{"id":15666,"name":"Águas Formosas","state_code":"MG","country_code":"BR"}},{"type":"Feature","geometry":{"type":"Point","coordinates":[-41.46,-15.74722]},"properties":{"id":15670,"name":"Águas Vermelhas","state_code":"MG","country_code":"BR"}},{"type":"Feature","geometry":{"type":"Point","coordinates":[-41.20955,-19.62552]},"properties":{"id":10102,"name":"Aimorés","state_code":"MG","country_code":"BR"}},{"type":"Feature","geometry":{"type":"Point","coordinates":[-44.64779,-21.94703]},"properties":{"id":10105,"name":"Aiuruoca","state_code":"MG","country_code":"BR"}},{"type":"Feature","geometry":{"type":"Point","coordinates":[-44.66024,-22.18147]},"properties":{"id":10107,"name":"Alagoa","state_code":"MG","country_code":"BR"}},{"type":"Feature","geometry":{"type":"Point","coordinates":[-46.62076,-22.19908]},"properties":{"id":10115,"name":"Albertina","state_code":"MG","country_code":"BR"}},{"type":"Feature","geometry":{"type":"Point","coordinates":[-42.7574,-21.80936]},"properties":{"id":10201,"name":"Além Paraíba","state_code":"MG","country_code":"BR"}},{"type":"Feature","geometry":{"type":"Point","coordinates":[-45.99521,-21.39287]},"properties":{"id":10130,"name":"Alfenas","state_code":"MG","country_code":"BR"}},{"type":"Feature","geometry":{"type":"Point","coordinates":[-43.71114,-21.1424]},"properties":{"id":10133,"name":"Alfredo Vasconcelos","state_code":"MG","country_code":"BR"}},{"type":"Feature","geometry":{"type":"Point","coordinates":[-40.71006,-16.10053]},"properties":{"id":10142,"name":"Almenara","state_code":"MG","country_code":"BR"}},{"type":"Feature","geometry":{"type":"Point","coordinates":[-42.00135,-18.98379]},"properties":{"id":10147,"name":"Alpercata","state_code":"MG","country_code":"BR"}},{"type":"Feature","geometry":{"type":"Point","coordinates":[-46.37937,-20.81822]},"properties":{"id":10149,"name":"Alpinópolis","state_code":"MG","country_code":"BR"}},{"type":"Feature","geometry":{"type":"Point","coordinates":[-46.18694,-21.21904]},"properties":{"id":10157,"name":"Alterosa","state_code":"MG","country_code":"BR"}},{"type":"Feature","geometry":{"type":"Point","coordinates":[-41.87096,-20.44669]},"properties":{"id":10168,"name":"Alto Caparaó","state_code":"MG","country_code":"BR"}},{"type":"Feature","geometry":{"type":"Point","coordinates":[-41.95113,-20.43703]},"properties":{"id":10172,"name":"Alto Jequitibá","state_code":"MG","country_code":"BR"}},{"type":"Feature","geometry":{"type":"Point","coordinates":[-43.40538,-21.01929]},"properties":{"id":10181,"name":"Alto Rio Doce","state_code":"MG","country_code":"BR"}},{"type":"Feature","geometry":{"type":"Point","coordinates":[-41.68138,-19.3987]},"properties":{"id":10190,"name":"Alvarenga","state_code":"MG","country_code":"BR"}},{"type":"Feature","geometry":{"type":"Point","coordinates":[-43.15399,-20.12078]},"properties":{"id":10193,"name":"Alvinópolis","state_code":"MG","country_code":"BR"}},{"type":"Feature","geometry":{"type":"Point","coordinates":[-43.37002,-18.79532]},"properties":{"id":10197,"name":"Alvorada de Minas","state_code":"MG","country_code":"BR"}},{"type":"Feature","geometry":{"type":"Point","coordinates":[-42.79878,-20.52383]},"properties":{"id":10220,"name":"Amparo da Serra","state_code":"MG","country_code":"BR"}},{"type":"Feature","geometry":{"type":"Point","coordinates":[-46.5723,-22.06984]},"properties":{"id":10245,"name":"Andradas","state_code":"MG","country_code":"BR"}},{"type":"Feature","geometry":{"type":"Point","coordinates":[-44.27912,-21.71132]},"properties":{"id":10247,"name":"Andrelândia","state_code":"MG","country_code":"BR"}},{"type":"Feature","geometry":{"type":"Point","coordinates":[-42.26234,-17.72394]},"properties":{"id":10252,"name":"Angelândia","state_code":"MG","country_code":"BR"}},{"type":"Feature","geometry":{"type":"Point","coordinates":[-43.76937,-21.40838]},"properties":{"id":10273,"name":"Antônio Carlos","state_code":"MG","country_code":"BR"}},{"type":"Feature","geometry":{"type":"Point","coordinates":[-42.88855,-19.56225]},"properties":{"id":10275,"name":"Antônio Dias","state_code":"MG","country_code":"BR"}},{"type":"Feature","geometry":{"type":"Point","coordinates":[-42.15497,-21.02658]},"properties":{"id":10281,"name":"Antônio Prado de Minas","state_code":"MG","country_code":"BR"}},{"type":"Feature","geometry":{"type":"Point","coordinates":[-44.22429,-19.242]},"properties":{"id":10369,"name":"Araçaí","state_code":"MG","country_code":"BR"}},{"type":"Feature","geometry":{"type":"Point","coordinates":[-43.40862,-21.35243]},"properties":{"id":10312,"name":"Aracitaba","state_code":"MG","country_code":"BR"}},{"type":"Feature","geometry":{"type":"Point","coordinates":[-41.98596,-16.90822]},"properties":{"id":10373,"name":"Araçuaí","state_code":"MG","country_code":"BR"}},{"type":"Feature","geometry":{"type":"Point","coordinates":[-48.18722,-18.64722]},"properties":{"id":10324,"name":"Araguari","state_code":"MG","country_code":"BR"}},{"type":"Feature","geometry":{"type":"Point","coordinates":[-44.22633,-21.89632]},"properties":{"id":10335,"name":"Arantina","state_code":"MG","country_code":"BR"}},{"type":"Feature","geometry":{"type":"Point","coordinates":[-42.51113,-20.66607]},"properties":{"id":10339,"name":"Araponga","state_code":"MG","country_code":"BR"}},{"type":"Feature","geometry":{"type":"Point","coordinates":[-49.13761,-18.49061]},"properties":{"id":10341,"name":"Araporã","state_code":"MG","country_code":"BR"}},{"type":"Feature","geometry":{"type":"Point","coordinates":[-46.09585,-19.03065]},"properties":{"id":10344,"name":"Arapuá","state_code":"MG","country_code":"BR"}},{"type":"Feature","geometry":{"type":"Point","coordinates":[-45.15682,-19.87542]},"properties":{"id":10375,"name":"Araújos","state_code":"MG","country_code":"BR"}},{"type":"Feature","geometry":{"type":"Point","coordinates":[-46.94056,-19.59333]},"properties":{"id":10365,"name":"Araxá","state_code":"MG","country_code":"BR"}},{"type":"Feature","geometry":{"type":"Point","coordinates":[-46.94472,-21.36655]},"properties":{"id":10376,"name":"Arceburgo","state_code":"MG","country_code":"BR"}},{"type":"Feature","geometry":{"type":"Point","coordinates":[-45.5676,-20.24351]},"properties":{"id":10378,"name":"Arcos","state_code":"MG","country_code":"BR"}},{"type":"Feature","geometry":{"type":"Point","coordinates":[-46.16798,-21.33401]},"properties":{"id":10380,"name":"Areado","state_code":"MG","country_code":"BR"}},{"type":"Feature","geometry":{"type":"Point","coordinates":[-42.82857,-21.63912]},"properties":{"id":10392,"name":"Argirita","state_code":"MG","country_code":"BR"}},{"type":"Feature","geometry":{"type":"Point","coordinates":[-42.59791,-17.85789]},"properties":{"id":10393,"name":"Aricanduva","state_code":"MG","country_code":"BR"}},{"type":"Feature","geometry":{"type":"Point","coordinates":[-45.94198,-15.80332]},"properties":{"id":10394,"name":"Arinos","state_code":"MG","country_code":"BR"}},{"type":"Feature","geometry":{"type":"Point","coordinates":[-42.88194,-21.30413]},"properties":{"id":10432,"name":"Astolfo Dutra","state_code":"MG","country_code":"BR"}},{"type":"Feature","geometry":{"type":"Point","coordinates":[-41.16721,-18.18353]},"properties":{"id":10438,"name":"Ataléia","state_code":"MG","country_code":"BR"}},{"type":"Feature","geometry":{"type":"Point","coordinates":[-44.16792,-18.1072]},"properties":{"id":10446,"name":"Augusto de Lima","state_code":"MG","country_code":"BR"}},{"type":"Feature","geometry":{"type":"Point","coordinates":[-44.85558,-21.97623]},"properties":{"id":10472,"name":"Baependi","state_code":"MG","country_code":"BR"}},{"type":"Feature","geometry":{"type":"Point","coordinates":[-43.84684,-19.23659]},"properties":{"id":10482,"name":"Baldim","state_code":"MG","country_code":"BR"}},{"type":"Feature","geometry":{"type":"Point","coordinates":[-45.98743,-20.10451]},"properties":{"id":10493,"name":"Bambuí","state_code":"MG","country_code":"BR"}},{"type":"Feature","geometry":{"type":"Point","coordinates":[-40.59969,-15.88042]},"properties":{"id":10497,"name":"Bandeira","state_code":"MG","country_code":"BR"}},{"type":"Feature","geometry":{"type":"Point","coordinates":[-46.38283,-21.72907]},"properties":{"id":10498,"name":"Bandeira do Sul","state_code":"MG","country_code":"BR"}},{"type":"Feature","geometry":{"type":"Point","coordinates":[-43.49476,-19.8798]},"properties":{"id":10572,"name":"Barão de Cocais","state_code":"MG","country_code":"BR"}},{"type":"Feature","geometry":{"type":"Point","coordinates":[-42.27886,-21.26536]},"properties":{"id":10576,"name":"Barão de Monte Alto","state_code":"MG","country_code":"BR"}},{"type":"Feature","geometry":{"type":"Point","coordinates":[-43.84171,-21.25031]},"properties":{"id":10507,"name":"Barbacena","state_code":"MG","country_code":"BR"}},{"type":"Feature","geometry":{"type":"Point","coordinates":[-43.0717,-20.27861]},"properties":{"id":10519,"name":"Barra Longa","state_code":"MG","country_code":"BR"}},{"type":"Feature","geometry":{"type":"Point","coordinates":[-43.59187,-15.61532]},"properties":{"id":10555,"name":"Barreiro do Jaíba","state_code":"MG","country_code":"BR"}},{"type":"Feature","geometry":{"type":"Point","coordinates":[-43.95708,-21.17886]},"properties":{"id":10568,"name":"Barroso","state_code":"MG","country_code":"BR"}},{"type":"Feature","geometry":{"type":"Point","coordinates":[-43.10273,-19.80136]},"properties":{"id":10597,"name":"Bela Vista de Minas","state_code":"MG","country_code":"BR"}},{"type":"Feature","geometry":{"type":"Point","coordinates":[-43.45933,-21.9644]},"properties":{"id":10603,"name":"Belmiro Braga","state_code":"MG","country_code":"BR"}},{"type":"Feature","geometry":{"type":"Point","coordinates":[-43.93778,-19.92083]},"properties":{"id":10607,"name":"Belo Horizonte","state_code":"MG","country_code":"BR"}},{"type":"Feature","geometry":{"type":"Point","coordinates":[-42.44289,-19.25558]},"properties":{"id":10610,"name":"Belo Oriente","state_code":"MG","country_code":"BR"}},{"type":"Feature","geometry":{"type":"Point","coordinates":[-44.0647,-20.41584]},"properties":{"id":10611,"name":"Belo Vale","state_code":"MG","country_code":"BR"}},{"type":"Feature","geometry":{"type":"Point","coordinates":[-42.48889,-16.8634]},"properties":{"id":10632,"name":"Berilo","state_code":"MG","country_code":"BR"}},{"type":"Feature","geometry":{"type":"Point","coordinates":[-41.77137,-15.67761]},"properties":{"id":10633,"name":"Berizal","state_code":"MG","country_code":"BR"}},{"type":"Feature","geometry":{"type":"Point","coordinates":[-40.56435,-16.95442]},"properties":{"id":10640,"name":"Bertópolis","state_code":"MG","country_code":"BR"}},{"type":"Feature","geometry":{"type":"Point","coordinates":[-44.19833,-19.96778]},"properties":{"id":10642,"name":"Betim","state_code":"MG","country_code":"BR"}},{"type":"Feature","geometry":{"type":"Point","coordinates":[-43.75508,-21.63008]},"properties":{"id":10646,"name":"Bias Fortes","state_code":"MG","country_code":"BR"}},{"type":"Feature","geometry":{"type":"Point","coordinates":[-43.10454,-21.73237]},"properties":{"id":10647,"name":"Bicas","state_code":"MG","country_code":"BR"}},{"type":"Feature","geometry":{"type":"Point","coordinates":[-45.54853,-18.76231]},"properties":{"id":10650,"name":"Biquinhas","state_code":"MG","country_code":"BR"}},{"type":"Feature","geometry":{"type":"Point","coordinates":[-45.62433,-21.08132]},"properties":{"id":10658,"name":"Boa Esperança","state_code":"MG","country_code":"BR"}},{"type":"Feature","geometry":{"type":"Point","coordinates":[-44.49342,-22.23436]},"properties":{"id":10681,"name":"Bocaina de Minas","state_code":"MG","country_code":"BR"}},{"type":"Feature","geometry":{"type":"Point","coordinates":[-43.83571,-17.38916]},"properties":{"id":10683,"name":"Bocaiúva","state_code":"MG","country_code":"BR"}},{"type":"Feature","geometry":{"type":"Point","coordinates":[-45.25297,-19.69145]},"properties":{"id":10691,"name":"Bom Despacho","state_code":"MG","country_code":"BR"}},{"type":"Feature","geometry":{"type":"Point","coordinates":[-44.12193,-21.9439]},"properties":{"id":10697,"name":"Bom Jardim de Minas","state_code":"MG","country_code":"BR"}},{"type":"Feature","geometry":{"type":"Point","coordinates":[-46.54769,-20.99902]},"properties":{"id":10704,"name":"Bom Jesus da Penha","state_code":"MG","country_code":"BR"}},{"type":"Feature","geometry":{"type":"Point","coordinates":[-43.4684,-19.71668]},"properties":{"id":10708,"name":"Bom Jesus do Amparo","state_code":"MG","country_code":"BR"}},{"type":"Feature","geometry":{"type":"Point","coordinates":[-42.37558,-19.71687]},"properties":{"id":10710,"name":"Bom Jesus do Galho","state_code":"MG","country_code":"BR"}},{"type":"Feature","geometry":{"type":"Point","coordinates":[-46.18632,-22.44963]},"properties":{"id":10722,"name":"Bom Repouso","state_code":"MG","country_code":"BR"}},{"type":"Feature","geometry":{"type":"Point","coordinates":[-44.79501,-21.03029]},"properties":{"id":10726,"name":"Bom Sucesso","state_code":"MG","country_code":"BR"}},{"type":"Feature","geometry":{"type":"Point","coordinates":[-44.2074,-20.31591]},"properties":{"id":10731,"name":"Bonfim","state_code":"MG","country_code":"BR"}},{"type":"Feature","geometry":{"type":"Point","coordinates":[-46.13266,-16.54416]},"properties":{"id":10734,"name":"Bonfinópolis de Minas","state_code":"MG","country_code":"BR"}},{"type":"Feature","geometry":{"type":"Point","coordinates":[-44.88471,-14.91015]},"properties":{"id":10740,"name":"Bonito de Minas","state_code":"MG","country_code":"BR"}},{"type":"Feature","geometry":{"type":"Point","coordinates":[-46.16707,-22.25106]},"properties":{"id":10752,"name":"Borda da Mata","state_code":"MG","country_code":"BR"}},{"type":"Feature","geometry":{"type":"Point","coordinates":[-46.42831,-21.64903]},"properties":{"id":10757,"name":"Botelhos","state_code":"MG","country_code":"BR"}},{"type":"Feature","geometry":{"type":"Point","coordinates":[-43.00848,-16.9095]},"properties":{"id":10759,"name":"Botumirim","state_code":"MG","country_code":"BR"}},{"type":"Feature","geometry":{"type":"Point","coordinates":[-43.22442,-20.87837]},"properties":{"id":10813,"name":"Brás Pires","state_code":"MG","country_code":"BR"}},{"type":"Feature","geometry":{"type":"Point","coordinates":[-45.96385,-16.93061]},"properties":{"id":10771,"name":"Brasilândia de Minas","state_code":"MG","country_code":"BR"}},{"type":"Feature","geometry":{"type":"Point","coordinates":[-44.45712,-16.25246]},"properties":{"id":10777,"name":"Brasília de Minas","state_code":"MG","country_code":"BR"}},{"type":"Feature","geometry":{"type":"Point","coordinates":[-42.71399,-19.02181]},"properties":{"id":10783,"name":"Braúnas","state_code":"MG","country_code":"BR"}},{"type":"Feature","geometry":{"type":"Point","coordinates":[-45.62802,-22.48169]},"properties":{"id":10779,"name":"Brazópolis","state_code":"MG","country_code":"BR"}},{"type":"Feature","geometry":{"type":"Point","coordinates":[-44.15388,-20.20447]},"properties":{"id":10809,"name":"Brumadinho","state_code":"MG","country_code":"BR"}},{"type":"Feature","geometry":{"type":"Point","coordinates":[-46.35271,-22.50459]},"properties":{"id":10814,"name":"Bueno Brandão","state_code":"MG","country_code":"BR"}},{"type":"Feature","geometry":{"type":"Point","coordinates":[-44.02374,-17.87455]},"properties":{"id":10816,"name":"Buenópolis","state_code":"MG","country_code":"BR"}},{"type":"Feature","geometry":{"type":"Point","coordinates":[-42.30815,-19.36701]},"properties":{"id":10818,"name":"Bugre","state_code":"MG","country_code":"BR"}},{"type":"Feature","geometry":{"type":"Point","coordinates":[-46.5547,-15.41389]},"properties":{"id":10835,"name":"Buritis","state_code":"MG","country_code":"BR"}},{"type":"Feature","geometry":{"type":"Point","coordinates":[-45.30446,-17.40582]},"properties":{"id":10837,"name":"Buritizeiro","state_code":"MG","country_code":"BR"}},{"type":"Feature","geometry":{"type":"Point","coordinates":[-47.17573,-16.06178]},"properties":{"id":10847,"name":"Cabeceira Grande","state_code":"MG","country_code":"BR"}},{"type":"Feature","geometry":{"type":"Point","coordinates":[-46.37999,-21.48702]},"properties":{"id":10854,"name":"Cabo Verde","state_code":"MG","country_code":"BR"}},{"type":"Feature","geometry":{"type":"Point","coordinates":[-44.4625,-19.51865]},"properties":{"id":10867,"name":"Cachoeira da Prata","state_code":"MG","country_code":"BR"}},{"type":"Feature","geometry":{"type":"Point","coordinates":[-45.79447,-22.35563]},"properties":{"id":10869,"name":"Cachoeira de Minas","state_code":"MG","country_code":"BR"}},{"type":"Feature","geometry":{"type":"Point","coordinates":[-41.49303,-15.97163]},"properties":{"id":10870,"name":"Cachoeira de Pajeú","state_code":"MG","country_code":"BR"}},{"type":"Feature","geometry":{"type":"Point","coordinates":[-49.47013,-18.59094]},"properties":{"id":10863,"name":"Cachoeira Dourada","state_code":"MG","country_code":"BR"}},{"type":"Feature","geometry":{"type":"Point","coordinates":[-44.41002,-19.33473]},"properties":{"id":10889,"name":"Caetanópolis","state_code":"MG","country_code":"BR"}},{"type":"Feature","geometry":{"type":"Point","coordinates":[-43.6506,-19.87017]},"properties":{"id":10891,"name":"Caeté","state_code":"MG","country_code":"BR"}},{"type":"Feature","geometry":{"type":"Point","coordinates":[-41.90016,-20.7308]},"properties":{"id":10899,"name":"Caiana","state_code":"MG","country_code":"BR"}},{"type":"Feature","geometry":{"type":"Point","coordinates":[-42.76259,-20.78744]},"properties":{"id":10921,"name":"Cajuri","state_code":"MG","country_code":"BR"}},{"type":"Feature","geometry":{"type":"Point","coordinates":[-46.35924,-21.88671]},"properties":{"id":10923,"name":"Caldas","state_code":"MG","country_code":"BR"}},{"type":"Feature","geometry":{"type":"Point","coordinates":[-45.14334,-20.64216]},"properties":{"id":10935,"name":"Camacho","state_code":"MG","country_code":"BR"}},{"type":"Feature","geometry":{"type":"Point","coordinates":[-46.14472,-22.75528]},"properties":{"id":10938,"name":"Camanducaia","state_code":"MG","country_code":"BR"}},{"type":"Feature","geometry":{"type":"Point","coordinates":[-46.06121,-22.58243]},"properties":{"id":10950,"name":"Cambuí","state_code":"MG","country_code":"BR"}},{"type":"Feature","geometry":{"type":"Point","coordinates":[-45.2717,-21.85379]},"properties":{"id":10949,"name":"Cambuquira","state_code":"MG","country_code":"BR"}},{"type":"Feature","geometry":{"type":"Point","coordinates":[-41.73907,-18.2749]},"properties":{"id":10956,"name":"Campanário","state_code":"MG","country_code":"BR"}},{"type":"Feature","geometry":{"type":"Point","coordinates":[-45.39753,-21.81412]},"properties":{"id":10955,"name":"Campanha","state_code":"MG","country_code":"BR"}},{"type":"Feature","geometry":{"type":"Point","coordinates":[-46.22571,-21.73436]},"properties":{"id":10958,"name":"Campestre","state_code":"MG","country_code":"BR"}},{"type":"Feature","geometry":{"type":"Point","coordinates":[-49.73967,-19.46113]},"properties":{"id":10964,"name":"Campina Verde","state_code":"MG","country_code":"BR"}},{"type":"Feature","geometry":{"type":"Point","coordinates":[-44.80679,-16.52161]},"properties":{"id":10981,"name":"Campo Azul","state_code":"MG","country_code":"BR"}},{"type":"Feature","geometry":{"type":"Point","coordinates":[-45.27722,-20.89722]},"properties":{"id":10982,"name":"Campo Belo","state_code":"MG","country_code":"BR"}},{"type":"Feature","geometry":{"type":"Point","coordinates":[-45.79572,-21.12604]},"properties":{"id":11006,"name":"Campo do Meio","state_code":"MG","country_code":"BR"}},{"type":"Feature","geometry":{"type":"Point","coordinates":[-48.65664,-19.69262]},"properties":{"id":10987,"name":"Campo Florido","state_code":"MG","country_code":"BR"}},{"type":"Feature","geometry":{"type":"Point","coordinates":[-46.19815,-19.63694]},"properties":{"id":11008,"name":"Campos Altos","state_code":"MG","country_code":"BR"}},{"type":"Feature","geometry":{"type":"Point","coordinates":[-45.75861,-21.235]},"properties":{"id":11011,"name":"Campos Gerais","state_code":"MG","country_code":"BR"}},{"type":"Feature","geometry":{"type":"Point","coordinates":[-45.18335,-21.02062]},"properties":{"id":11021,"name":"Cana Verde","state_code":"MG","country_code":"BR"}},{"type":"Feature","geometry":{"type":"Point","coordinates":[-42.63787,-20.66128]},"properties":{"id":11030,"name":"Canaã","state_code":"MG","country_code":"BR"}},{"type":"Feature","geometry":{"type":"Point","coordinates":[-49.27579,-18.77777]},"properties":{"id":11061,"name":"Canápolis","state_code":"MG","country_code":"BR"}},{"type":"Feature","geometry":{"type":"Point","coordinates":[-45.28719,-20.73894]},"properties":{"id":11034,"name":"Candeias","state_code":"MG","country_code":"BR"}},{"type":"Feature","geometry":{"type":"Point","coordinates":[-42.6498,-18.51033]},"properties":{"id":11053,"name":"Cantagalo","state_code":"MG","country_code":"BR"}},{"type":"Feature","geometry":{"type":"Point","coordinates":[-41.9022,-20.52613]},"properties":{"id":11064,"name":"Caparaó","state_code":"MG","country_code":"BR"}},{"type":"Feature","geometry":{"type":"Point","coordinates":[-43.61587,-20.91843]},"properties":{"id":11067,"name":"Capela Nova","state_code":"MG","country_code":"BR"}},{"type":"Feature","geometry":{"type":"Point","coordinates":[-42.50214,-17.69167]},"properties":{"id":11071,"name":"Capelinha","state_code":"MG","country_code":"BR"}},{"type":"Feature","geometry":{"type":"Point","coordinates":[-47.01826,-20.65301]},"properties":{"id":11072,"name":"Capetinga","state_code":"MG","country_code":"BR"}},{"type":"Feature","geometry":{"type":"Point","coordinates":[-44.16662,-19.57826]},"properties":{"id":11074,"name":"Capim Branco","state_code":"MG","country_code":"BR"}},{"type":"Feature","geometry":{"type":"Point","coordinates":[-49.57943,-18.69222]},"properties":{"id":11078,"name":"Capinópolis","state_code":"MG","country_code":"BR"}},{"type":"Feature","geometry":{"type":"Point","coordinates":[-41.82608,-19.04293]},"properties":{"id":11081,"name":"Capitão Andrade","state_code":"MG","country_code":"BR"}},{"type":"Feature","geometry":{"type":"Point","coordinates":[-43.6747,-16.05629]},"properties":{"id":11082,"name":"Capitão Enéas","state_code":"MG","country_code":"BR"}},{"type":"Feature","geometry":{"type":"Point","coordinates":[-46.05,-20.61528]},"properties":{"id":11087,"name":"Capitólio","state_code":"MG","country_code":"BR"}},{"type":"Feature","geometry":{"type":"Point","coordinates":[-42.25284,-20.18512]},"properties":{"id":11093,"name":"Caputira","state_code":"MG","country_code":"BR"}},{"type":"Feature","geometry":{"type":"Point","coordinates":[-41.54964,-17.18089]},"properties":{"id":11115,"name":"Caraí","state_code":"MG","country_code":"BR"}},{"type":"Feature","geometry":{"type":"Point","coordinates":[-43.71231,-20.88526]},"properties":{"id":11105,"name":"Caranaíba","state_code":"MG","country_code":"BR"}},{"type":"Feature","geometry":{"type":"Point","coordinates":[-43.83413,-20.9884]},"properties":{"id":11106,"name":"Carandaí","state_code":"MG","country_code":"BR"}},{"type":"Feature","geometry":{"type":"Point","coordinates":[-42.10486,-20.70784]},"properties":{"id":11107,"name":"Carangola","state_code":"MG","country_code":"BR"}},{"type":"Feature","geometry":{"type":"Point","coordinates":[-41.88778,-19.68877]},"properties":{"id":11110,"name":"Caratinga","state_code":"MG","country_code":"BR"}},{"type":"Feature","geometry":{"type":"Point","coordinates":[-43.04885,-17.47884]},"properties":{"id":11120,"name":"Carbonita","state_code":"MG","country_code":"BR"}},{"type":"Feature","geometry":{"type":"Point","coordinates":[-45.66541,-22.07964]},"properties":{"id":11124,"name":"Careaçu","state_code":"MG","country_code":"BR"}},{"type":"Feature","geometry":{"type":"Point","coordinates":[-40.88519,-17.67817]},"properties":{"id":11139,"name":"Carlos Chagas","state_code":"MG","country_code":"BR"}},{"type":"Feature","geometry":{"type":"Point","coordinates":[-43.18402,-19.06534]},"properties":{"id":11151,"name":"Carmésia","state_code":"MG","country_code":"BR"}},{"type":"Feature","geometry":{"type":"Point","coordinates":[-45.18036,-21.43323]},"properties":{"id":11143,"name":"Carmo da Cachoeira","state_code":"MG","country_code":"BR"}},{"type":"Feature","geometry":{"type":"Point","coordinates":[-44.88516,-20.56847]},"properties":{"id":11144,"name":"Carmo da Mata","state_code":"MG","country_code":"BR"}},{"type":"Feature","geometry":{"type":"Point","coordinates":[-45.14949,-22.08863]},"properties":{"id":11145,"name":"Carmo de Minas","state_code":"MG","country_code":"BR"}},{"type":"Feature","geometry":{"type":"Point","coordinates":[-44.71399,-20.18782]},"properties":{"id":11146,"name":"Carmo do Cajuru","state_code":"MG","country_code":"BR"}},{"type":"Feature","geometry":{"type":"Point","coordinates":[-46.14425,-18.87335]},"properties":{"id":11147,"name":"Carmo do Paranaíba","state_code":"MG","country_code":"BR"}},{"type":"Feature","geometry":{"type":"Point","coordinates":[-46.10445,-20.97974]},"properties":{"id":11148,"name":"Carmo do Rio Claro","state_code":"MG","country_code":"BR"}},{"type":"Feature","geometry":{"type":"Point","coordinates":[-44.64527,-20.54914]},"properties":{"id":11153,"name":"Carmópolis de Minas","state_code":"MG","country_code":"BR"}},{"type":"Feature","geometry":{"type":"Point","coordinates":[-50.80874,-19.71424]},"properties":{"id":11159,"name":"Carneirinho","state_code":"MG","country_code":"BR"}},{"type":"Feature","geometry":{"type":"Point","coordinates":[-44.61042,-21.49589]},"properties":{"id":11163,"name":"Carrancas","state_code":"MG","country_code":"BR"}},{"type":"Feature","geometry":{"type":"Point","coordinates":[-45.82688,-21.77488]},"properties":{"id":11169,"name":"Carvalhópolis","state_code":"MG","country_code":"BR"}},{"type":"Feature","geometry":{"type":"Point","coordinates":[-44.47544,-22.03096]},"properties":{"id":11168,"name":"Carvalhos","state_code":"MG","country_code":"BR"}},{"type":"Feature","geometry":{"type":"Point","coordinates":[-43.93951,-20.84072]},"properties":{"id":11172,"name":"Casa Grande","state_code":"MG","country_code":"BR"}},{"type":"Feature","geometry":{"type":"Point","coordinates":[-47.85132,-18.54617]},"properties":{"id":11175,"name":"Cascalho Rico","state_code":"MG","country_code":"BR"}},{"type":"Feature","geometry":{"type":"Point","coordinates":[-46.91761,-20.59294]},"properties":{"id":11543,"name":"Cássia","state_code":"MG","country_code":"BR"}},{"type":"Feature","geometry":{"type":"Point","coordinates":[-42.64976,-21.34548]},"properties":{"id":11193,"name":"Cataguases","state_code":"MG","country_code":"BR"}},{"type":"Feature","geometry":{"type":"Point","coordinates":[-43.42197,-20.07049]},"properties":{"id":11199,"name":"Catas Altas","state_code":"MG","country_code":"BR"}},{"type":"Feature","geometry":{"type":"Point","coordinates":[-43.4978,-20.68094]},"properties":{"id":11200,"name":"Catas Altas da Noruega","state_code":"MG","country_code":"BR"}},{"type":"Feature","geometry":{"type":"Point","coordinates":[-41.48183,-17.36328]},"properties":{"id":11207,"name":"Catuji","state_code":"MG","country_code":"BR"}},{"type":"Feature","geometry":{"type":"Point","coordinates":[-43.11391,-15.3236]},"properties":{"id":11212,"name":"Catuti","state_code":"MG","country_code":"BR"}},{"type":"Feature","geometry":{"type":"Point","coordinates":[-44.9325,-21.97722]},"properties":{"id":11216,"name":"Caxambu","state_code":"MG","country_code":"BR"}},{"type":"Feature","geometry":{"type":"Point","coordinates":[-45.7007,-19.11465]},"properties":{"id":11233,"name":"Cedro do Abaeté","state_code":"MG","country_code":"BR"}},{"type":"Feature","geometry":{"type":"Point","coordinates":[-41.28963,-18.76784]},"properties":{"id":11239,"name":"Central de Minas","state_code":"MG","country_code":"BR"}},{"type":"Feature","geometry":{"type":"Point","coordinates":[-49.16062,-18.60922]},"properties":{"id":11241,"name":"Centralina","state_code":"MG","country_code":"BR"}},{"type":"Feature","geometry":{"type":"Point","coordinates":[-43.21835,-21.67919]},"properties":{"id":11285,"name":"Chácara","state_code":"MG","country_code":"BR"}},{"type":"Feature","geometry":{"type":"Point","coordinates":[-41.67809,-20.03354]},"properties":{"id":11258,"name":"Chalé","state_code":"MG","country_code":"BR"}},{"type":"Feature","geometry":{"type":"Point","coordinates":[-42.37718,-17.16293]},"properties":{"id":11263,"name":"Chapada do Norte","state_code":"MG","country_code":"BR"}},{"type":"Feature","geometry":{"type":"Point","coordinates":[-45.41242,-15.57934]},"properties":{"id":11260,"name":"Chapada Gaúcha","state_code":"MG","country_code":"BR"}},{"type":"Feature","geometry":{"type":"Point","coordinates":[-43.00735,-21.97253]},"properties":{"id":11276,"name":"Chiador","state_code":"MG","country_code":"BR"}},{"type":"Feature","geometry":{"type":"Point","coordinates":[-43.36547,-20.93027]},"properties":{"id":11294,"name":"Cipotânea","state_code":"MG","country_code":"BR"}},{"type":"Feature","geometry":{"type":"Point","coordinates":[-47.25241,-20.35681]},"properties":{"id":11297,"name":"Claraval","state_code":"MG","country_code":"BR"}},{"type":"Feature","geometry":{"type":"Point","coordinates":[-44.233,-17.09679]},"properties":{"id":11298,"name":"Claro dos Poções","state_code":"MG","country_code":"BR"}},{"type":"Feature","geometry":{"type":"Point","coordinates":[-44.79135,-20.39006]},"properties":{"id":11302,"name":"Cláudio","state_code":"MG","country_code":"BR"}},{"type":"Feature","geometry":{"type":"Point","coordinates":[-42.79834,-20.84494]},"properties":{"id":11316,"name":"Coimbra","state_code":"MG","country_code":"BR"}},{"type":"Feature","geometry":{"type":"Point","coordinates":[-42.82813,-18.26842]},"properties":{"id":11332,"name":"Coluna","state_code":"MG","country_code":"BR"}},{"type":"Feature","geometry":{"type":"Point","coordinates":[-49.08738,-19.6533]},"properties":{"id":11340,"name":"Comendador Gomes","state_code":"MG","country_code":"BR"}},{"type":"Feature","geometry":{"type":"Point","coordinates":[-41.77346,-16.28896]},"properties":{"id":11342,"name":"Comercinho","state_code":"MG","country_code":"BR"}},{"type":"Feature","geometry":{"type":"Point","coordinates":[-46.22626,-21.1012]},"properties":{"id":11345,"name":"Conceição da Aparecida","state_code":"MG","country_code":"BR"}},{"type":"Feature","geometry":{"type":"Point","coordinates":[-44.48863,-21.14228]},"properties":{"id":11347,"name":"Conceição da Barra de Minas","state_code":"MG","country_code":"BR"}},{"type":"Feature","geometry":{"type":"Point","coordinates":[-48.3051,-19.95627]},"properties":{"id":11349,"name":"Conceição das Alagoas","state_code":"MG","country_code":"BR"}},{"type":"Feature","geometry":{"type":"Point","coordinates":[-45.42694,-22.13866]},"properties":{"id":11350,"name":"Conceição das Pedras","state_code":"MG","country_code":"BR"}},{"type":"Feature","geometry":{"type":"Point","coordinates":[-41.70024,-19.91781]},"properties":{"id":11351,"name":"Conceição de Ipanema","state_code":"MG","country_code":"BR"}},{"type":"Feature","geometry":{"type":"Point","coordinates":[-43.50229,-18.9001]},"properties":{"id":11360,"name":"Conceição do Mato Dentro","state_code":"MG","country_code":"BR"}},{"type":"Feature","geometry":{"type":"Point","coordinates":[-44.87016,-19.7855]},"properties":{"id":11361,"name":"Conceição do Pará","state_code":"MG","country_code":"BR"}},{"type":"Feature","geometry":{"type":"Point","coordinates":[-45.07975,-21.90132]},"properties":{"id":11362,"name":"Conceição do Rio Verde","state_code":"MG","country_code":"BR"}},{"type":"Feature","geometry":{"type":"Point","coordinates":[-45.77976,-22.45037]},"properties":{"id":11364,"name":"Conceição dos Ouros","state_code":"MG","country_code":"BR"}},{"type":"Feature","geometry":{"type":"Point","coordinates":[-44.60965,-14.98755]},"properties":{"id":11558,"name":"Cônego Marinho","state_code":"MG","country_code":"BR"}},{"type":"Feature","geometry":{"type":"Point","coordinates":[-43.98131,-19.65686]},"properties":{"id":11375,"name":"Confins","state_code":"MG","country_code":"BR"}},{"type":"Feature","geometry":{"type":"Point","coordinates":[-46.03992,-22.13543]},"properties":{"id":11378,"name":"Congonhal","state_code":"MG","country_code":"BR"}},{"type":"Feature","geometry":{"type":"Point","coordinates":[-43.8588,-20.50525]},"properties":{"id":11379,"name":"Congonhas","state_code":"MG","country_code":"BR"}},{"type":"Feature","geometry":{"type":"Point","coordinates":[-43.6962,-18.88604]},"properties":{"id":11380,"name":"Congonhas do Norte","state_code":"MG","country_code":"BR"}},{"type":"Feature","geometry":{"type":"Point","coordinates":[-47.63352,-19.86841]},"properties":{"id":11382,"name":"Conquista","state_code":"MG","country_code":"BR"}},{"type":"Feature","geometry":{"type":"Point","coordinates":[-43.78611,-20.66028]},"properties":{"id":11384,"name":"Conselheiro Lafaiete","state_code":"MG","country_code":"BR"}},{"type":"Feature","geometry":{"type":"Point","coordinates":[-41.458,-19.17411]},"properties":{"id":11386,"name":"Conselheiro Pena","state_code":"MG","country_code":"BR"}},{"type":"Feature","geometry":{"type":"Point","coordinates":[-45.90414,-22.54002]},"properties":{"id":11387,"name":"Consolação","state_code":"MG","country_code":"BR"}},{"type":"Feature","geometry":{"type":"Point","coordinates":[-44.05361,-19.93167]},"properties":{"id":11389,"name":"Contagem","state_code":"MG","country_code":"BR"}},{"type":"Feature","geometry":{"type":"Point","coordinates":[-45.43619,-21.17947]},"properties":{"id":11392,"name":"Coqueiral","state_code":"MG","country_code":"BR"}},{"type":"Feature","geometry":{"type":"Point","coordinates":[-44.36279,-16.68619]},"properties":{"id":11396,"name":"Coração de Jesus","state_code":"MG","country_code":"BR"}},{"type":"Feature","geometry":{"type":"Point","coordinates":[-44.16458,-19.09925]},"properties":{"id":11403,"name":"Cordisburgo","state_code":"MG","country_code":"BR"}},{"type":"Feature","geometry":{"type":"Point","coordinates":[-45.67156,-21.7875]},"properties":{"id":11404,"name":"Cordislândia","state_code":"MG","country_code":"BR"}},{"type":"Feature","geometry":{"type":"Point","coordinates":[-44.60589,-18.35246]},"properties":{"id":11409,"name":"Corinto","state_code":"MG","country_code":"BR"}},{"type":"Feature","geometry":{"type":"Point","coordinates":[-42.25835,-18.61187]},"properties":{"id":11411,"name":"Coroaci","state_code":"MG","country_code":"BR"}},{"type":"Feature","geometry":{"type":"Point","coordinates":[-47.15161,-18.40456]},"properties":{"id":11414,"name":"Coromandel","state_code":"MG","country_code":"BR"}},{"type":"Feature","geometry":{"type":"Point","coordinates":[-42.62889,-19.51861]},"properties":{"id":11419,"name":"Coronel Fabriciano","state_code":"MG","country_code":"BR"}},{"type":"Feature","geometry":{"type":"Point","coordinates":[-42.19742,-16.58925]},"properties":{"id":11426,"name":"Coronel Murta","state_code":"MG","country_code":"BR"}},{"type":"Feature","geometry":{"type":"Point","coordinates":[-43.29006,-21.60865]},"properties":{"id":11427,"name":"Coronel Pacheco","state_code":"MG","country_code":"BR"}},{"type":"Feature","geometry":{"type":"Point","coordinates":[-44.20221,-21.02869]},"properties":{"id":11431,"name":"Coronel Xavier Chaves","state_code":"MG","country_code":"BR"}},{"type":"Feature","geometry":{"type":"Point","coordinates":[-45.96149,-19.81349]},"properties":{"id":11553,"name":"Córrego Danta","state_code":"MG","country_code":"BR"}},{"type":"Feature","geometry":{"type":"Point","coordinates":[-45.99681,-22.62998]},"properties":{"id":11556,"name":"Córrego do Bom Jesus","state_code":"MG","country_code":"BR"}},{"type":"Feature","geometry":{"type":"Point","coordinates":[-45.53592,-20.45029]},"properties":{"id":11554,"name":"Córrego Fundo","state_code":"MG","country_code":"BR"}},{"type":"Feature","geometry":{"type":"Point","coordinates":[-42.44214,-19.82874]},"properties":{"id":11555,"name":"Córrego Novo","state_code":"MG","country_code":"BR"}},{"type":"Feature","geometry":{"type":"Point","coordinates":[-43.41813,-18.11856]},"properties":{"id":11456,"name":"Couto de Magalhães de Minas","state_code":"MG","country_code":"BR"}},{"type":"Feature","geometry":{"type":"Point","coordinates":[-40.97498,-17.24147]},"properties":{"id":11481,"name":"Crisólita","state_code":"MG","country_code":"BR"}},{"type":"Feature","geometry":{"type":"Point","coordinates":[-45.52448,-20.80957]},"properties":{"id":11467,"name":"Cristais","state_code":"MG","country_code":"BR"}},{"type":"Feature","geometry":{"type":"Point","coordinates":[-42.8187,-16.72547]},"properties":{"id":11479,"name":"Cristália","state_code":"MG","country_code":"BR"}},{"type":"Feature","geometry":{"type":"Point","coordinates":[-43.82931,-20.83688]},"properties":{"id":11474,"name":"Cristiano Otoni","state_code":"MG","country_code":"BR"}},{"type":"Feature","geometry":{"type":"Point","coordinates":[-45.2882,-22.21592]},"properties":{"id":11476,"name":"Cristina","state_code":"MG","country_code":"BR"}},{"type":"Feature","geometry":{"type":"Point","coordinates":[-44.35991,-20.4066]},"properties":{"id":11487,"name":"Crucilândia","state_code":"MG","country_code":"BR"}},{"type":"Feature","geometry":{"type":"Point","coordinates":[-46.65779,-18.96712]},"properties":{"id":11495,"name":"Cruzeiro da Fortaleza","state_code":"MG","country_code":"BR"}},{"type":"Feature","geometry":{"type":"Point","coordinates":[-44.79827,-21.73596]},"properties":{"id":11504,"name":"Cruzília","state_code":"MG","country_code":"BR"}},{"type":"Feature","geometry":{"type":"Point","coordinates":[-41.13368,-18.99664]},"properties":{"id":11519,"name":"Cuparaque","state_code":"MG","country_code":"BR"}},{"type":"Feature","geometry":{"type":"Point","coordinates":[-41.75405,-15.84632]},"properties":{"id":11532,"name":"Curral de Dentro","state_code":"MG","country_code":"BR"}},{"type":"Feature","geometry":{"type":"Point","coordinates":[-44.41599,-18.78525]},"properties":{"id":11538,"name":"Curvelo","state_code":"MG","country_code":"BR"}},{"type":"Feature","geometry":{"type":"Point","coordinates":[-43.65216,-18.48073]},"properties":{"id":11563,"name":"Datas","state_code":"MG","country_code":"BR"}},{"type":"Feature","geometry":{"type":"Point","coordinates":[-45.28972,-22.51165]},"properties":{"id":11567,"name":"Delfim Moreira","state_code":"MG","country_code":"BR"}},{"type":"Feature","geometry":{"type":"Point","coordinates":[-46.83952,-20.34248]},"properties":{"id":11568,"name":"Delfinópolis","state_code":"MG","country_code":"BR"}},{"type":"Feature","geometry":{"type":"Point","coordinates":[-47.80435,-19.93414]},"properties":{"id":11570,"name":"Delta","state_code":"MG","country_code":"BR"}},{"type":"Feature","geometry":{"type":"Point","coordinates":[-42.97128,-21.45167]},"properties":{"id":11578,"name":"Descoberto","state_code":"MG","country_code":"BR"}},{"type":"Feature","geometry":{"type":"Point","coordinates":[-44.28135,-20.64186]},"properties":{"id":11580,"name":"Desterro de Entre Rios","state_code":"MG","country_code":"BR"}},{"type":"Feature","geometry":{"type":"Point","coordinates":[-43.52011,-21.1429]},"properties":{"id":11581,"name":"Desterro do Melo","state_code":"MG","country_code":"BR"}},{"type":"Feature","geometry":{"type":"Point","coordinates":[-43.60415,-17.97795]},"properties":{"id":11588,"name":"Diamantina","state_code":"MG","country_code":"BR"}},{"type":"Feature","geometry":{"type":"Point","coordinates":[-43.19094,-20.47593]},"properties":{"id":11593,"name":"Diogo de Vasconcelos","state_code":"MG","country_code":"BR"}},{"type":"Feature","geometry":{"type":"Point","coordinates":[-42.68817,-19.83679]},"properties":{"id":11594,"name":"Dionísio","state_code":"MG","country_code":"BR"}},{"type":"Feature","geometry":{"type":"Point","coordinates":[-42.99513,-20.99465]},"properties":{"id":11605,"name":"Divinésia","state_code":"MG","country_code":"BR"}},{"type":"Feature","geometry":{"type":"Point","coordinates":[-42.1755,-20.58996]},"properties":{"id":11600,"name":"Divino","state_code":"MG","country_code":"BR"}},{"type":"Feature","geometry":{"type":"Point","coordinates":[-41.47972,-18.77778]},"properties":{"id":11601,"name":"Divino das Laranjeiras","state_code":"MG","country_code":"BR"}},{"type":"Feature","geometry":{"type":"Point","coordinates":[-42.57075,-18.77559]},"properties":{"id":11604,"name":"Divinolândia de Minas","state_code":"MG","country_code":"BR"}},{"type":"Feature","geometry":{"type":"Point","coordinates":[-44.89065,-20.14355]},"properties":{"id":11606,"name":"Divinópolis","state_code":"MG","country_code":"BR"}},{"type":"Feature","geometry":{"type":"Point","coordinates":[-41.39107,-15.69447]},"properties":{"id":11609,"name":"Divisa Alegre","state_code":"MG","country_code":"BR"}},{"type":"Feature","geometry":{"type":"Point","coordinates":[-46.24417,-21.52382]},"properties":{"id":11610,"name":"Divisa Nova","state_code":"MG","country_code":"BR"}},{"type":"Feature","geometry":{"type":"Point","coordinates":[-40.92393,-15.7674]},"properties":{"id":11611,"name":"Divisópolis","state_code":"MG","country_code":"BR"}},{"type":"Feature","geometry":{"type":"Point","coordinates":[-46.28457,-16.81133]},"properties":{"id":11624,"name":"Dom Bosco","state_code":"MG","country_code":"BR"}},{"type":"Feature","geometry":{"type":"Point","coordinates":[-42.09365,-19.38835]},"properties":{"id":11625,"name":"Dom Cavati","state_code":"MG","country_code":"BR"}},{"type":"Feature","geometry":{"type":"Point","coordinates":[-43.26602,-18.92927]},"properties":{"id":11630,"name":"Dom Joaquim","state_code":"MG","country_code":"BR"}},{"type":"Feature","geometry":{"type":"Point","coordinates":[-42.94651,-20.12728]},"properties":{"id":11635,"name":"Dom Silvério","state_code":"MG","country_code":"BR"}},{"type":"Feature","geometry":{"type":"Point","coordinates":[-45.1488,-22.23185]},"properties":{"id":11636,"name":"Dom Viçoso","state_code":"MG","country_code":"BR"}},{"type":"Feature","geometry":{"type":"Point","coordinates":[-42.80829,-21.32337]},"properties":{"id":11640,"name":"Dona Eusébia","state_code":"MG","country_code":"BR"}},{"type":"Feature","geometry":{"type":"Point","coordinates":[-43.99358,-21.11373]},"properties":{"id":11643,"name":"Dores de Campos","state_code":"MG","country_code":"BR"}},{"type":"Feature","geometry":{"type":"Point","coordinates":[-42.92816,-19.04398]},"properties":{"id":11644,"name":"Dores de Guanhães","state_code":"MG","country_code":"BR"}},{"type":"Feature","geometry":{"type":"Point","coordinates":[-45.54046,-19.47427]},"properties":{"id":11645,"name":"Dores do Indaiá","state_code":"MG","country_code":"BR"}},{"type":"Feature","geometry":{"type":"Point","coordinates":[-43.16365,-21.02779]},"properties":{"id":11647,"name":"Dores do Turvo","state_code":"MG","country_code":"BR"}},{"type":"Feature","geometry":{"type":"Point","coordinates":[-45.86864,-20.29693]},"properties":{"id":11648,"name":"Doresópolis","state_code":"MG","country_code":"BR"}},{"type":"Feature","geometry":{"type":"Point","coordinates":[-47.61478,-18.44204]},"properties":{"id":11653,"name":"Douradoquara","state_code":"MG","country_code":"BR"}},{"type":"Feature","geometry":{"type":"Point","coordinates":[-41.7824,-20.15179]},"properties":{"id":11670,"name":"Durandé","state_code":"MG","country_code":"BR"}},{"type":"Feature","geometry":{"type":"Point","coordinates":[-45.59466,-21.60067]},"properties":{"id":11686,"name":"Elói Mendes","state_code":"MG","country_code":"BR"}},{"type":"Feature","geometry":{"type":"Point","coordinates":[-42.01786,-19.1135]},"properties":{"id":11699,"name":"Engenheiro Caldas","state_code":"MG","country_code":"BR"}},{"type":"Feature","geometry":{"type":"Point","coordinates":[-44.03465,-17.30933]},"properties":{"id":11701,"name":"Engenheiro Navarro","state_code":"MG","country_code":"BR"}},{"type":"Feature","geometry":{"type":"Point","coordinates":[-42.24102,-19.65964]},"properties":{"id":11704,"name":"Entre Folhas","state_code":"MG","country_code":"BR"}},{"type":"Feature","geometry":{"type":"Point","coordinates":[-44.10687,-20.70275]},"properties":{"id":11707,"name":"Entre Rios de Minas","state_code":"MG","country_code":"BR"}},{"type":"Feature","geometry":{"type":"Point","coordinates":[-42.61968,-20.84684]},"properties":{"id":11723,"name":"Ervália","state_code":"MG","country_code":"BR"}},{"type":"Feature","geometry":{"type":"Point","coordinates":[-44.31389,-19.7625]},"properties":{"id":11726,"name":"Esmeraldas","state_code":"MG","country_code":"BR"}},{"type":"Feature","geometry":{"type":"Point","coordinates":[-41.91981,-20.59349]},"properties":{"id":11727,"name":"Espera Feliz","state_code":"MG","country_code":"BR"}},{"type":"Feature","geometry":{"type":"Point","coordinates":[-42.99177,-14.85978]},"properties":{"id":11736,"name":"Espinosa","state_code":"MG","country_code":"BR"}},{"type":"Feature","geometry":{"type":"Point","coordinates":[-45.99,-22.006]},"properties":{"id":11740,"name":"Espírito Santo do Dourado","state_code":"MG","country_code":"BR"}},{"type":"Feature","geometry":{"type":"Point","coordinates":[-46.02238,-22.45283]},"properties":{"id":11745,"name":"Estiva","state_code":"MG","country_code":"BR"}},{"type":"Feature","geometry":{"type":"Point","coordinates":[-42.46834,-21.69328]},"properties":{"id":11749,"name":"Estrela Dalva","state_code":"MG","country_code":"BR"}},{"type":"Feature","geometry":{"type":"Point","coordinates":[-45.81189,-19.58083]},"properties":{"id":11753,"name":"Estrela do Indaiá","state_code":"MG","country_code":"BR"}},{"type":"Feature","geometry":{"type":"Point","coordinates":[-47.69732,-18.72229]},"properties":{"id":11756,"name":"Estrela do Sul","state_code":"MG","country_code":"BR"}},{"type":"Feature","geometry":{"type":"Point","coordinates":[-42.24618,-20.99897]},"properties":{"id":11761,"name":"Eugenópolis","state_code":"MG","country_code":"BR"}},{"type":"Feature","geometry":{"type":"Point","coordinates":[-43.55342,-21.57233]},"properties":{"id":11765,"name":"Ewbank da Câmara","state_code":"MG","country_code":"BR"}},{"type":"Feature","geometry":{"type":"Point","coordinates":[-46.28351,-22.8265]},"properties":{"id":11767,"name":"Extrema","state_code":"MG","country_code":"BR"}},{"type":"Feature","geometry":{"type":"Point","coordinates":[-45.82005,-21.46845]},"properties":{"id":11773,"name":"Fama","state_code":"MG","country_code":"BR"}},{"type":"Feature","geometry":{"type":"Point","coordinates":[-42.02787,-20.78262]},"properties":{"id":11774,"name":"Faria Lemos","state_code":"MG","country_code":"BR"}},{"type":"Feature","geometry":{"type":"Point","coordinates":[-43.24046,-18.15506]},"properties":{"id":11801,"name":"Felício dos Santos","state_code":"MG","country_code":"BR"}},{"type":"Feature","geometry":{"type":"Point","coordinates":[-40.71814,-16.66153]},"properties":{"id":11796,"name":"Felisburgo","state_code":"MG","country_code":"BR"}},{"type":"Feature","geometry":{"type":"Point","coordinates":[-44.91938,-18.69406]},"properties":{"id":11797,"name":"Felixlândia","state_code":"MG","country_code":"BR"}},{"type":"Feature","geometry":{"type":"Point","coordinates":[-42.09459,-19.10298]},"properties":{"id":11803,"name":"Fernandes Tourinho","state_code":"MG","country_code":"BR"}},{"type":"Feature","geometry":{"type":"Point","coordinates":[-42.97023,-19.23796]},"properties":{"id":11814,"name":"Ferros","state_code":"MG","country_code":"BR"}},{"type":"Feature","geometry":{"type":"Point","coordinates":[-42.34214,-20.68788]},"properties":{"id":11815,"name":"Fervedouro","state_code":"MG","country_code":"BR"}},{"type":"Feature","geometry":{"type":"Point","coordinates":[-44.44251,-19.86521]},"properties":{"id":11839,"name":"Florestal","state_code":"MG","country_code":"BR"}},{"type":"Feature","geometry":{"type":"Point","coordinates":[-45.42639,-20.46444]},"properties":{"id":11850,"name":"Formiga","state_code":"MG","country_code":"BR"}},{"type":"Feature","geometry":{"type":"Point","coordinates":[-46.09371,-15.14747]},"properties":{"id":11857,"name":"Formoso","state_code":"MG","country_code":"BR"}},{"type":"Feature","geometry":{"type":"Point","coordinates":[-46.77437,-20.88169]},"properties":{"id":11864,"name":"Fortaleza de Minas","state_code":"MG","country_code":"BR"}},{"type":"Feature","geometry":{"type":"Point","coordinates":[-44.5023,-19.54845]},"properties":{"id":11870,"name":"Fortuna de Minas","state_code":"MG","country_code":"BR"}},{"type":"Feature","geometry":{"type":"Point","coordinates":[-42.28055,-16.95297]},"properties":{"id":11878,"name":"Francisco Badaró","state_code":"MG","country_code":"BR"}},{"type":"Feature","geometry":{"type":"Point","coordinates":[-44.21775,-17.39766]},"properties":{"id":11881,"name":"Francisco Dumont","state_code":"MG","country_code":"BR"}},{"type":"Feature","geometry":{"type":"Point","coordinates":[-43.48833,-16.47583]},"properties":{"id":11885,"name":"Francisco Sá","state_code":"MG","country_code":"BR"}},{"type":"Feature","geometry":{"type":"Point","coordinates":[-41.98437,-18.00982]},"properties":{"id":11886,"name":"Franciscópolis","state_code":"MG","country_code":"BR"}},{"type":"Feature","geometry":{"type":"Point","coordinates":[-41.49292,-18.14006]},"properties":{"id":11891,"name":"Frei Gaspar","state_code":"MG","country_code":"BR"}},{"type":"Feature","geometry":{"type":"Point","coordinates":[-41.87101,-18.51403]},"properties":{"id":11892,"name":"Frei Inocêncio","state_code":"MG","country_code":"BR"}},{"type":"Feature","geometry":{"type":"Point","coordinates":[-42.76064,-18.14293]},"properties":{"id":11893,"name":"Frei Lagonegro","state_code":"MG","country_code":"BR"}},{"type":"Feature","geometry":{"type":"Point","coordinates":[-49.1764,-20.22276]},"properties":{"id":11898,"name":"Fronteira","state_code":"MG","country_code":"BR"}},{"type":"Feature","geometry":{"type":"Point","coordinates":[-40.83008,-16.89172]},"properties":{"id":11899,"name":"Fronteira dos Vales","state_code":"MG","country_code":"BR"}},{"type":"Feature","geometry":{"type":"Point","coordinates":[-42.52859,-16.16212]},"properties":{"id":11901,"name":"Fruta de Leite","state_code":"MG","country_code":"BR"}},{"type":"Feature","geometry":{"type":"Point","coordinates":[-48.94056,-20.02472]},"properties":{"id":11902,"name":"Frutal","state_code":"MG","country_code":"BR"}},{"type":"Feature","geometry":{"type":"Point","coordinates":[-44.08205,-19.35187]},"properties":{"id":11905,"name":"Funilândia","state_code":"MG","country_code":"BR"}},{"type":"Feature","geometry":{"type":"Point","coordinates":[-41.52503,-18.86897]},"properties":{"id":11912,"name":"Galiléia","state_code":"MG","country_code":"BR"}},{"type":"Feature","geometry":{"type":"Point","coordinates":[-43.3061,-14.97096]},"properties":{"id":11917,"name":"Gameleiras","state_code":"MG","country_code":"BR"}},{"type":"Feature","geometry":{"type":"Point","coordinates":[-43.66081,-16.89532]},"properties":{"id":11947,"name":"Glaucilândia","state_code":"MG","country_code":"BR"}},{"type":"Feature","geometry":{"type":"Point","coordinates":[-41.22725,-19.02964]},"properties":{"id":11956,"name":"Goiabeira","state_code":"MG","country_code":"BR"}},{"type":"Feature","geometry":{"type":"Point","coordinates":[-43.18511,-21.56063]},"properties":{"id":11962,"name":"Goianá","state_code":"MG","country_code":"BR"}},{"type":"Feature","geometry":{"type":"Point","coordinates":[-45.8378,-22.67479]},"properties":{"id":11974,"name":"Gonçalves","state_code":"MG","country_code":"BR"}},{"type":"Feature","geometry":{"type":"Point","coordinates":[-42.49507,-18.87874]},"properties":{"id":11973,"name":"Gonzaga","state_code":"MG","country_code":"BR"}},{"type":"Feature","geometry":{"type":"Point","coordinates":[-43.85363,-18.5358]},"properties":{"id":11976,"name":"Gouveia","state_code":"MG","country_code":"BR"}},{"type":"Feature","geometry":{"type":"Point","coordinates":[-41.94944,-18.85111]},"properties":{"id":11990,"name":"Governador Valadares","state_code":"MG","country_code":"BR"}},{"type":"Feature","geometry":{"type":"Point","coordinates":[-42.96535,-16.49009]},"properties":{"id":12008,"name":"Grão Mogol","state_code":"MG","country_code":"BR"}},{"type":"Feature","geometry":{"type":"Point","coordinates":[-47.77141,-18.47962]},"properties":{"id":12007,"name":"Grupiara","state_code":"MG","country_code":"BR"}},{"type":"Feature","geometry":{"type":"Point","coordinates":[-42.8052,-18.85705]},"properties":{"id":12025,"name":"Guanhães","state_code":"MG","country_code":"BR"}},{"type":"Feature","geometry":{"type":"Point","coordinates":[-45.89935,-20.77404]},"properties":{"id":12032,"name":"Guapé","state_code":"MG","country_code":"BR"}},{"type":"Feature","geometry":{"type":"Point","coordinates":[-43.01146,-20.56919]},"properties":{"id":12037,"name":"Guaraciaba","state_code":"MG","country_code":"BR"}},{"type":"Feature","geometry":{"type":"Point","coordinates":[-43.60308,-17.08074]},"properties":{"id":12040,"name":"Guaraciama","state_code":"MG","country_code":"BR"}},{"type":"Feature","geometry":{"type":"Point","coordinates":[-46.82229,-21.2882]},"properties":{"id":12050,"name":"Guaranésia","state_code":"MG","country_code":"BR"}},{"type":"Feature","geometry":{"type":"Point","coordinates":[-43.05888,-21.35038]},"properties":{"id":12043,"name":"Guarani","state_code":"MG","country_code":"BR"}},{"type":"Feature","geometry":{"type":"Point","coordinates":[-43.02469,-21.75802]},"properties":{"id":12056,"name":"Guarará","state_code":"MG","country_code":"BR"}},{"type":"Feature","geometry":{"type":"Point","coordinates":[-47.14784,-17.76393]},"properties":{"id":12063,"name":"Guarda-Mor","state_code":"MG","country_code":"BR"}},{"type":"Feature","geometry":{"type":"Point","coordinates":[-46.6811,-21.29181]},"properties":{"id":12074,"name":"Guaxupé","state_code":"MG","country_code":"BR"}},{"type":"Feature","geometry":{"type":"Point","coordinates":[-42.79015,-21.17678]},"properties":{"id":12080,"name":"Guidoval","state_code":"MG","country_code":"BR"}},{"type":"Feature","geometry":{"type":"Point","coordinates":[-46.73553,-18.81689]},"properties":{"id":12081,"name":"Guimarânia","state_code":"MG","country_code":"BR"}},{"type":"Feature","geometry":{"type":"Point","coordinates":[-42.69893,-21.01294]},"properties":{"id":12084,"name":"Guiricema","state_code":"MG","country_code":"BR"}},{"type":"Feature","geometry":{"type":"Point","coordinates":[-49.86875,-19.06643]},"properties":{"id":12085,"name":"Gurinhatã","state_code":"MG","country_code":"BR"}},{"type":"Feature","geometry":{"type":"Point","coordinates":[-45.5443,-22.04159]},"properties":{"id":12094,"name":"Heliodora","state_code":"MG","country_code":"BR"}},{"type":"Feature","geometry":{"type":"Point","coordinates":[-42.23727,-19.3509]},"properties":{"id":12116,"name":"Iapu","state_code":"MG","country_code":"BR"}},{"type":"Feature","geometry":{"type":"Point","coordinates":[-43.94316,-21.4514]},"properties":{"id":12127,"name":"Ibertioga","state_code":"MG","country_code":"BR"}},{"type":"Feature","geometry":{"type":"Point","coordinates":[-46.61732,-19.54368]},"properties":{"id":12164,"name":"Ibiá","state_code":"MG","country_code":"BR"}},{"type":"Feature","geometry":{"type":"Point","coordinates":[-44.79235,-16.81004]},"properties":{"id":12133,"name":"Ibiaí","state_code":"MG","country_code":"BR"}},{"type":"Feature","geometry":{"type":"Point","coordinates":[-44.13281,-15.66695]},"properties":{"id":12144,"name":"Ibiracatu","state_code":"MG","country_code":"BR"}},{"type":"Feature","geometry":{"type":"Point","coordinates":[-47.14267,-20.40137]},"properties":{"id":12145,"name":"Ibiraci","state_code":"MG","country_code":"BR"}},{"type":"Feature","geometry":{"type":"Point","coordinates":[-44.05889,-20.02194]},"properties":{"id":12155,"name":"Ibirité","state_code":"MG","country_code":"BR"}},{"type":"Feature","geometry":{"type":"Point","coordinates":[-46.40735,-22.06721]},"properties":{"id":12162,"name":"Ibitiúra de Minas","state_code":"MG","country_code":"BR"}},{"type":"Feature","geometry":{"type":"Point","coordinates":[-44.77552,-21.16363]},"properties":{"id":12163,"name":"Ibituruna","state_code":"MG","country_code":"BR"}},{"type":"Feature","geometry":{"type":"Point","coordinates":[-44.85922,-16.22108]},"properties":{"id":12168,"name":"Icaraí de Minas","state_code":"MG","country_code":"BR"}},{"type":"Feature","geometry":{"type":"Point","coordinates":[-44.31636,-20.05423]},"properties":{"id":12181,"name":"Igarapé","state_code":"MG","country_code":"BR"}},{"type":"Feature","geometry":{"type":"Point","coordinates":[-44.72106,-19.96011]},"properties":{"id":12189,"name":"Igaratinga","state_code":"MG","country_code":"BR"}},{"type":"Feature","geometry":{"type":"Point","coordinates":[-45.74194,-20.14528]},"properties":{"id":12199,"name":"Iguatama","state_code":"MG","country_code":"BR"}},{"type":"Feature","geometry":{"type":"Point","coordinates":[-44.9224,-21.18351]},"properties":{"id":12204,"name":"Ijaci","state_code":"MG","country_code":"BR"}},{"type":"Feature","geometry":{"type":"Point","coordinates":[-45.81821,-20.93023]},"properties":{"id":12215,"name":"Ilicínea","state_code":"MG","country_code":"BR"}},{"type":"Feature","geometry":{"type":"Point","coordinates":[-41.96773,-19.61863]},"properties":{"id":12224,"name":"Imbé de Minas","state_code":"MG","country_code":"BR"}},{"type":"Feature","geometry":{"type":"Point","coordinates":[-46.28495,-22.34042]},"properties":{"id":12230,"name":"Inconfidentes","state_code":"MG","country_code":"BR"}},{"type":"Feature","geometry":{"type":"Point","coordinates":[-42.15728,-15.57633]},"properties":{"id":12231,"name":"Indaiabira","state_code":"MG","country_code":"BR"}},{"type":"Feature","geometry":{"type":"Point","coordinates":[-47.88555,-18.97216]},"properties":{"id":12237,"name":"Indianópolis","state_code":"MG","country_code":"BR"}},{"type":"Feature","geometry":{"type":"Point","coordinates":[-44.93685,-21.41317]},"properties":{"id":12244,"name":"Ingaí","state_code":"MG","country_code":"BR"}},{"type":"Feature","geometry":{"type":"Point","coordinates":[-42.10953,-19.48349]},"properties":{"id":12250,"name":"Inhapim","state_code":"MG","country_code":"BR"}},{"type":"Feature","geometry":{"type":"Point","coordinates":[-44.42415,-19.49972]},"properties":{"id":12251,"name":"Inhaúma","state_code":"MG","country_code":"BR"}},{"type":"Feature","geometry":{"type":"Point","coordinates":[-44.27571,-18.71149]},"properties":{"id":12254,"name":"Inimutaba","state_code":"MG","country_code":"BR"}},{"type":"Feature","geometry":{"type":"Point","coordinates":[-42.36072,-19.4056]},"properties":{"id":12259,"name":"Ipaba","state_code":"MG","country_code":"BR"}},{"type":"Feature","geometry":{"type":"Point","coordinates":[-41.76801,-19.75724]},"properties":{"id":12261,"name":"Ipanema","state_code":"MG","country_code":"BR"}},{"type":"Feature","geometry":{"type":"Point","coordinates":[-42.53667,-19.46833]},"properties":{"id":12264,"name":"Ipatinga","state_code":"MG","country_code":"BR"}},{"type":"Feature","geometry":{"type":"Point","coordinates":[-49.91749,-18.70679]},"properties":{"id":12271,"name":"Ipiaçu","state_code":"MG","country_code":"BR"}},{"type":"Feature","geometry":{"type":"Point","coordinates":[-46.12468,-22.00732]},"properties":{"id":12295,"name":"Ipuiúna","state_code":"MG","country_code":"BR"}},{"type":"Feature","geometry":{"type":"Point","coordinates":[-47.43698,-19.0633]},"properties":{"id":12316,"name":"Iraí de Minas","state_code":"MG","country_code":"BR"}},{"type":"Feature","geometry":{"type":"Point","coordinates":[-43.22694,-19.61917]},"properties":{"id":12333,"name":"Itabira","state_code":"MG","country_code":"BR"}},{"type":"Feature","geometry":{"type":"Point","coordinates":[-41.2537,-18.52982]},"properties":{"id":12334,"name":"Itabirinha","state_code":"MG","country_code":"BR"}},{"type":"Feature","geometry":{"type":"Point","coordinates":[-43.78016,-20.23843]},"properties":{"id":12335,"name":"Itabirito","state_code":"MG","country_code":"BR"}},{"type":"Feature","geometry":{"type":"Point","coordinates":[-43.30766,-16.88654]},"properties":{"id":12339,"name":"Itacambira","state_code":"MG","country_code":"BR"}},{"type":"Feature","geometry":{"type":"Point","coordinates":[-44.09194,-15.10222]},"properties":{"id":12340,"name":"Itacarambi","state_code":"MG","country_code":"BR"}},{"type":"Feature","geometry":{"type":"Point","coordinates":[-44.54609,-20.37868]},"properties":{"id":12351,"name":"Itaguara","state_code":"MG","country_code":"BR"}},{"type":"Feature","geometry":{"type":"Point","coordinates":[-41.65509,-17.42738]},"properties":{"id":12361,"name":"Itaipé","state_code":"MG","country_code":"BR"}},{"type":"Feature","geometry":{"type":"Point","coordinates":[-45.42137,-22.42051]},"properties":{"id":12370,"name":"Itajubá","state_code":"MG","country_code":"BR"}},{"type":"Feature","geometry":{"type":"Point","coordinates":[-42.89409,-17.85429]},"properties":{"id":12377,"name":"Itamarandiba","state_code":"MG","country_code":"BR"}},{"type":"Feature","geometry":{"type":"Point","coordinates":[-42.83387,-21.41883]},"properties":{"id":12379,"name":"Itamarati de Minas","state_code":"MG","country_code":"BR"}},{"type":"Feature","geometry":{"type":"Point","coordinates":[-41.88894,-18.1851]},"properties":{"id":12381,"name":"Itambacuri","state_code":"MG","country_code":"BR"}},{"type":"Feature","geometry":{"type":"Point","coordinates":[-43.34103,-19.40318]},"properties":{"id":12386,"name":"Itambé do Mato Dentro","state_code":"MG","country_code":"BR"}},{"type":"Feature","geometry":{"type":"Point","coordinates":[-47.05061,-21.08608]},"properties":{"id":12387,"name":"Itamogi","state_code":"MG","country_code":"BR"}},{"type":"Feature","geometry":{"type":"Point","coordinates":[-44.75274,-22.28733]},"properties":{"id":12388,"name":"Itamonte","state_code":"MG","country_code":"BR"}},{"type":"Feature","geometry":{"type":"Point","coordinates":[-44.93472,-22.29583]},"properties":{"id":12390,"name":"Itanhandu","state_code":"MG","country_code":"BR"}},{"type":"Feature","geometry":{"type":"Point","coordinates":[-41.83333,-19.15484]},"properties":{"id":12393,"name":"Itanhomi","state_code":"MG","country_code":"BR"}},{"type":"Feature","geometry":{"type":"Point","coordinates":[-41.53486,-16.56326]},"properties":{"id":12395,"name":"Itaobim","state_code":"MG","country_code":"BR"}},{"type":"Feature","geometry":{"type":"Point","coordinates":[-49.42853,-19.75086]},"properties":{"id":12399,"name":"Itapagipe","state_code":"MG","country_code":"BR"}},{"type":"Feature","geometry":{"type":"Point","coordinates":[-45.08814,-20.45398]},"properties":{"id":12404,"name":"Itapecerica","state_code":"MG","country_code":"BR"}},{"type":"Feature","geometry":{"type":"Point","coordinates":[-46.21291,-22.69829]},"properties":{"id":12415,"name":"Itapeva","state_code":"MG","country_code":"BR"}},{"type":"Feature","geometry":{"type":"Point","coordinates":[-44.46588,-20.22155]},"properties":{"id":12455,"name":"Itatiaiuçu","state_code":"MG","country_code":"BR"}},{"type":"Feature","geometry":{"type":"Point","coordinates":[-46.77932,-20.7179]},"properties":{"id":12469,"name":"Itaú de Minas","state_code":"MG","country_code":"BR"}},{"type":"Feature","geometry":{"type":"Point","coordinates":[-44.58626,-20.0744]},"properties":{"id":12471,"name":"Itaúna","state_code":"MG","country_code":"BR"}},{"type":"Feature","geometry":{"type":"Point","coordinates":[-43.59276,-20.70813]},"properties":{"id":12465,"name":"Itaverava","state_code":"MG","country_code":"BR"}},{"type":"Feature","geometry":{"type":"Point","coordinates":[-41.83181,-16.60721]},"properties":{"id":12473,"name":"Itinga","state_code":"MG","country_code":"BR"}},{"type":"Feature","geometry":{"type":"Point","coordinates":[-41.09757,-19.37775]},"properties":{"id":12485,"name":"Itueta","state_code":"MG","country_code":"BR"}},{"type":"Feature","geometry":{"type":"Point","coordinates":[-49.55042,-19.01507]},"properties":{"id":12486,"name":"Ituiutaba","state_code":"MG","country_code":"BR"}},{"type":"Feature","geometry":{"type":"Point","coordinates":[-44.83316,-21.28468]},"properties":{"id":12488,"name":"Itumirim","state_code":"MG","country_code":"BR"}},{"type":"Feature","geometry":{"type":"Point","coordinates":[-50.38219,-19.6946]},"properties":{"id":12492,"name":"Iturama","state_code":"MG","country_code":"BR"}},{"type":"Feature","geometry":{"type":"Point","coordinates":[-44.72387,-21.34817]},"properties":{"id":12493,"name":"Itutinga","state_code":"MG","country_code":"BR"}},{"type":"Feature","geometry":{"type":"Point","coordinates":[-43.74554,-19.41909]},"properties":{"id":12516,"name":"Jaboticatubas","state_code":"MG","country_code":"BR"}},{"type":"Feature","geometry":{"type":"Point","coordinates":[-40.33175,-16.19209]},"properties":{"id":12525,"name":"Jacinto","state_code":"MG","country_code":"BR"}},{"type":"Feature","geometry":{"type":"Point","coordinates":[-46.71842,-21.01103]},"properties":{"id":12534,"name":"Jacuí","state_code":"MG","country_code":"BR"}},{"type":"Feature","geometry":{"type":"Point","coordinates":[-46.61044,-22.29632]},"properties":{"id":12533,"name":"Jacutinga","state_code":"MG","country_code":"BR"}},{"type":"Feature","geometry":{"type":"Point","coordinates":[-42.71705,-19.63591]},"properties":{"id":12539,"name":"Jaguaraçu","state_code":"MG","country_code":"BR"}},{"type":"Feature","geometry":{"type":"Point","coordinates":[-43.67032,-15.21645]},"properties":{"id":12608,"name":"Jaíba","state_code":"MG","country_code":"BR"}},{"type":"Feature","geometry":{"type":"Point","coordinates":[-41.75735,-18.47226]},"properties":{"id":12554,"name":"Jampruca","state_code":"MG","country_code":"BR"}},{"type":"Feature","geometry":{"type":"Point","coordinates":[-43.36757,-15.77877]},"properties":{"id":12555,"name":"Janaúba","state_code":"MG","country_code":"BR"}},{"type":"Feature","geometry":{"type":"Point","coordinates":[-45.20135,-15.32133]},"properties":{"id":12564,"name":"Januária","state_code":"MG","country_code":"BR"}},{"type":"Feature","geometry":{"type":"Point","coordinates":[-45.53733,-20.12931]},"properties":{"id":12568,"name":"Japaraíba","state_code":"MG","country_code":"BR"}},{"type":"Feature","geometry":{"type":"Point","coordinates":[-44.34835,-15.9472]},"properties":{"id":12573,"name":"Japonvar","state_code":"MG","country_code":"BR"}},{"type":"Feature","geometry":{"type":"Point","coordinates":[-44.03107,-20.55578]},"properties":{"id":12611,"name":"Jeceaba","state_code":"MG","country_code":"BR"}},{"type":"Feature","geometry":{"type":"Point","coordinates":[-42.21222,-17.18727]},"properties":{"id":12612,"name":"Jenipapo de Minas","state_code":"MG","country_code":"BR"}},{"type":"Feature","geometry":{"type":"Point","coordinates":[-42.61567,-20.48079]},"properties":{"id":12614,"name":"Jequeri","state_code":"MG","country_code":"BR"}},{"type":"Feature","geometry":{"type":"Point","coordinates":[-44.46191,-17.16894]},"properties":{"id":12615,"name":"Jequitaí","state_code":"MG","country_code":"BR"}},{"type":"Feature","geometry":{"type":"Point","coordinates":[-44.03049,-19.21472]},"properties":{"id":12616,"name":"Jequitibá","state_code":"MG","country_code":"BR"}},{"type":"Feature","geometry":{"type":"Point","coordinates":[-41.05778,-16.40683]},"properties":{"id":12617,"name":"Jequitinhonha","state_code":"MG","country_code":"BR"}},{"type":"Feature","geometry":{"type":"Point","coordinates":[-45.28235,-22.00846]},"properties":{"id":12625,"name":"Jesuânia","state_code":"MG","country_code":"BR"}},{"type":"Feature","geometry":{"type":"Point","coordinates":[-41.01105,-16.80375]},"properties":{"id":12642,"name":"Joaíma","state_code":"MG","country_code":"BR"}},{"type":"Feature","geometry":{"type":"Point","coordinates":[-42.70665,-19.20319]},"properties":{"id":12634,"name":"Joanésia","state_code":"MG","country_code":"BR"}},{"type":"Feature","geometry":{"type":"Point","coordinates":[-43.15561,-19.83861]},"properties":{"id":12663,"name":"João Monlevade","state_code":"MG","country_code":"BR"}},{"type":"Feature","geometry":{"type":"Point","coordinates":[-45.97307,-17.55732]},"properties":{"id":12666,"name":"João Pinheiro","state_code":"MG","country_code":"BR"}},{"type":"Feature","geometry":{"type":"Point","coordinates":[-44.09366,-17.62324]},"properties":{"id":12636,"name":"Joaquim Felício","state_code":"MG","country_code":"BR"}},{"type":"Feature","geometry":{"type":"Point","coordinates":[-40.30532,-15.87487]},"properties":{"id":12646,"name":"Jordânia","state_code":"MG","country_code":"BR"}},{"type":"Feature","geometry":{"type":"Point","coordinates":[-42.66905,-16.90496]},"properties":{"id":12652,"name":"José Gonçalves de Minas","state_code":"MG","country_code":"BR"}},{"type":"Feature","geometry":{"type":"Point","coordinates":[-42.46528,-18.26371]},"properties":{"id":12653,"name":"José Raydan","state_code":"MG","country_code":"BR"}},{"type":"Feature","geometry":{"type":"Point","coordinates":[-42.51701,-16.55307]},"properties":{"id":12649,"name":"Josenópolis","state_code":"MG","country_code":"BR"}},{"type":"Feature","geometry":{"type":"Point","coordinates":[-44.34278,-19.95194]},"properties":{"id":12671,"name":"Juatuba","state_code":"MG","country_code":"BR"}},{"type":"Feature","geometry":{"type":"Point","coordinates":[-43.35028,-21.76417]},"properties":{"id":12680,"name":"Juiz de Fora","state_code":"MG","country_code":"BR"}},{"type":"Feature","geometry":{"type":"Point","coordinates":[-43.58833,-16.83343]},"properties":{"id":12694,"name":"Juramento","state_code":"MG","country_code":"BR"}},{"type":"Feature","geometry":{"type":"Point","coordinates":[-46.51449,-21.22649]},"properties":{"id":12700,"name":"Juruaia","state_code":"MG","country_code":"BR"}},{"type":"Feature","geometry":{"type":"Point","coordinates":[-43.95055,-14.3993]},"properties":{"id":12712,"name":"Juvenília","state_code":"MG","country_code":"BR"}},{"type":"Feature","geometry":{"type":"Point","coordinates":[-41.83262,-17.64365]},"properties":{"id":12722,"name":"Ladainha","state_code":"MG","country_code":"BR"}},{"type":"Feature","geometry":{"type":"Point","coordinates":[-46.70095,-17.97706]},"properties":{"id":12725,"name":"Lagamar","state_code":"MG","country_code":"BR"}},{"type":"Feature","geometry":{"type":"Point","coordinates":[-45.49952,-19.99802]},"properties":{"id":12751,"name":"Lagoa da Prata","state_code":"MG","country_code":"BR"}},{"type":"Feature","geometry":{"type":"Point","coordinates":[-44.66633,-17.01433]},"properties":{"id":12766,"name":"Lagoa dos Patos","state_code":"MG","country_code":"BR"}},{"type":"Feature","geometry":{"type":"Point","coordinates":[-44.06512,-20.91034]},"properties":{"id":12736,"name":"Lagoa Dourada","state_code":"MG","country_code":"BR"}},{"type":"Feature","geometry":{"type":"Point","coordinates":[-46.29006,-18.76494]},"properties":{"id":12737,"name":"Lagoa Formosa","state_code":"MG","country_code":"BR"}},{"type":"Feature","geometry":{"type":"Point","coordinates":[-46.53558,-17.74523]},"properties":{"id":12739,"name":"Lagoa Grande","state_code":"MG","country_code":"BR"}},{"type":"Feature","geometry":{"type":"Point","coordinates":[-43.87993,-19.62683]},"properties":{"id":12744,"name":"Lagoa Santa","state_code":"MG","country_code":"BR"}},{"type":"Feature","geometry":{"type":"Point","coordinates":[-41.61531,-20.12411]},"properties":{"id":12786,"name":"Lajinha","state_code":"MG","country_code":"BR"}},{"type":"Feature","geometry":{"type":"Point","coordinates":[-45.35167,-21.9859]},"properties":{"id":12788,"name":"Lambari","state_code":"MG","country_code":"BR"}},{"type":"Feature","geometry":{"type":"Point","coordinates":[-43.48487,-20.77481]},"properties":{"id":12790,"name":"Lamim","state_code":"MG","country_code":"BR"}},{"type":"Feature","geometry":{"type":"Point","coordinates":[-42.45663,-21.3592]},"properties":{"id":12795,"name":"Laranjal","state_code":"MG","country_code":"BR"}},{"type":"Feature","geometry":{"type":"Point","coordinates":[-44.70859,-17.91014]},"properties":{"id":12801,"name":"Lassance","state_code":"MG","country_code":"BR"}},{"type":"Feature","geometry":{"type":"Point","coordinates":[-45.0419,-21.26738]},"properties":{"id":12808,"name":"Lavras","state_code":"MG","country_code":"BR"}},{"type":"Feature","geometry":{"type":"Point","coordinates":[-45.06134,-19.67492]},"properties":{"id":12813,"name":"Leandro Ferreira","state_code":"MG","country_code":"BR"}},{"type":"Feature","geometry":{"type":"Point","coordinates":[-42.74591,-17.05253]},"properties":{"id":12816,"name":"Leme do Prado","state_code":"MG","country_code":"BR"}},{"type":"Feature","geometry":{"type":"Point","coordinates":[-42.64473,-21.53489]},"properties":{"id":12820,"name":"Leopoldina","state_code":"MG","country_code":"BR"}},{"type":"Feature","geometry":{"type":"Point","coordinates":[-44.34756,-22.01634]},"properties":{"id":12824,"name":"Liberdade","state_code":"MG","country_code":"BR"}},{"type":"Feature","geometry":{"type":"Point","coordinates":[-43.89583,-21.79037]},"properties":{"id":12828,"name":"Lima Duarte","state_code":"MG","country_code":"BR"}},{"type":"Feature","geometry":{"type":"Point","coordinates":[-50.6128,-19.38786]},"properties":{"id":12830,"name":"Limeira do Oeste","state_code":"MG","country_code":"BR"}},{"type":"Feature","geometry":{"type":"Point","coordinates":[-44.27821,-15.83942]},"properties":{"id":12850,"name":"Lontra","state_code":"MG","country_code":"BR"}},{"type":"Feature","geometry":{"type":"Point","coordinates":[-42.07286,-20.44641]},"properties":{"id":12863,"name":"Luisburgo","state_code":"MG","country_code":"BR"}},{"type":"Feature","geometry":{"type":"Point","coordinates":[-44.60969,-16.19922]},"properties":{"id":12864,"name":"Luislândia","state_code":"MG","country_code":"BR"}},{"type":"Feature","geometry":{"type":"Point","coordinates":[-44.92617,-21.51526]},"properties":{"id":12868,"name":"Luminárias","state_code":"MG","country_code":"BR"}},{"type":"Feature","geometry":{"type":"Point","coordinates":[-45.67539,-19.8419]},"properties":{"id":12873,"name":"Luz","state_code":"MG","country_code":"BR"}},{"type":"Feature","geometry":{"type":"Point","coordinates":[-40.71826,-17.0881]},"properties":{"id":12897,"name":"Machacalis","state_code":"MG","country_code":"BR"}},{"type":"Feature","geometry":{"type":"Point","coordinates":[-45.88809,-21.69549]},"properties":{"id":12900,"name":"Machado","state_code":"MG","country_code":"BR"}},{"type":"Feature","geometry":{"type":"Point","coordinates":[-44.33264,-21.48464]},"properties":{"id":12908,"name":"Madre de Deus de Minas","state_code":"MG","country_code":"BR"}},{"type":"Feature","geometry":{"type":"Point","coordinates":[-42.08895,-17.838]},"properties":{"id":12924,"name":"Malacacheta","state_code":"MG","country_code":"BR"}},{"type":"Feature","geometry":{"type":"Point","coordinates":[-42.94513,-15.03302]},"properties":{"id":12934,"name":"Mamonas","state_code":"MG","country_code":"BR"}},{"type":"Feature","geometry":{"type":"Point","coordinates":[-44.12621,-14.65871]},"properties":{"id":12946,"name":"Manga","state_code":"MG","country_code":"BR"}},{"type":"Feature","geometry":{"type":"Point","coordinates":[-42.08653,-20.18647]},"properties":{"id":12949,"name":"Manhuaçu","state_code":"MG","country_code":"BR"}},{"type":"Feature","geometry":{"type":"Point","coordinates":[-41.93559,-20.34755]},"properties":{"id":12950,"name":"Manhumirim","state_code":"MG","country_code":"BR"}},{"type":"Feature","geometry":{"type":"Point","coordinates":[-41.10755,-18.6855]},"properties":{"id":12958,"name":"Mantena","state_code":"MG","country_code":"BR"}},{"type":"Feature","geometry":{"type":"Point","coordinates":[-43.02192,-21.87597]},"properties":{"id":12962,"name":"Mar de Espanha","state_code":"MG","country_code":"BR"}},{"type":"Feature","geometry":{"type":"Point","coordinates":[-44.67995,-19.51232]},"properties":{"id":12987,"name":"Maravilhas","state_code":"MG","country_code":"BR"}},{"type":"Feature","geometry":{"type":"Point","coordinates":[-45.3172,-22.32718]},"properties":{"id":13005,"name":"Maria da Fé","state_code":"MG","country_code":"BR"}},{"type":"Feature","geometry":{"type":"Point","coordinates":[-43.41611,-20.37778]},"properties":{"id":13007,"name":"Mariana","state_code":"MG","country_code":"BR"}},{"type":"Feature","geometry":{"type":"Point","coordinates":[-42.06556,-18.49516]},"properties":{"id":13013,"name":"Marilac","state_code":"MG","country_code":"BR"}},{"type":"Feature","geometry":{"type":"Point","coordinates":[-44.17602,-20.0723]},"properties":{"id":13290,"name":"Mário Campos","state_code":"MG","country_code":"BR"}},{"type":"Feature","geometry":{"type":"Point","coordinates":[-42.95929,-21.70096]},"properties":{"id":13021,"name":"Maripá de Minas","state_code":"MG","country_code":"BR"}},{"type":"Feature","geometry":{"type":"Point","coordinates":[-42.62724,-19.69241]},"properties":{"id":13026,"name":"Marliéria","state_code":"MG","country_code":"BR"}},{"type":"Feature","geometry":{"type":"Point","coordinates":[-45.16973,-22.4597]},"properties":{"id":13028,"name":"Marmelópolis","state_code":"MG","country_code":"BR"}},{"type":"Feature","geometry":{"type":"Point","coordinates":[-45.17974,-19.42013]},"properties":{"id":13031,"name":"Martinho Campos","state_code":"MG","country_code":"BR"}},{"type":"Feature","geometry":{"type":"Point","coordinates":[-41.8398,-20.25994]},"properties":{"id":13033,"name":"Martins Soares","state_code":"MG","country_code":"BR"}},{"type":"Feature","geometry":{"type":"Point","coordinates":[-40.69882,-15.76794]},"properties":{"id":13048,"name":"Mata Verde","state_code":"MG","country_code":"BR"}},{"type":"Feature","geometry":{"type":"Point","coordinates":[-43.01437,-18.44658]},"properties":{"id":13053,"name":"Materlândia","state_code":"MG","country_code":"BR"}},{"type":"Feature","geometry":{"type":"Point","coordinates":[-44.43422,-20.0163]},"properties":{"id":13054,"name":"Mateus Leme","state_code":"MG","country_code":"BR"}},{"type":"Feature","geometry":{"type":"Point","coordinates":[-41.96192,-18.60479]},"properties":{"id":13055,"name":"Mathias Lobato","state_code":"MG","country_code":"BR"}},{"type":"Feature","geometry":{"type":"Point","coordinates":[-43.30507,-21.87484]},"properties":{"id":13056,"name":"Matias Barbosa","state_code":"MG","country_code":"BR"}},{"type":"Feature","geometry":{"type":"Point","coordinates":[-43.69791,-14.84562]},"properties":{"id":13057,"name":"Matias Cardoso","state_code":"MG","country_code":"BR"}},{"type":"Feature","geometry":{"type":"Point","coordinates":[-42.31613,-20.30226]},"properties":{"id":13063,"name":"Matipó","state_code":"MG","country_code":"BR"}},{"type":"Feature","geometry":{"type":"Point","coordinates":[-42.87463,-15.42884]},"properties":{"id":13069,"name":"Mato Verde","state_code":"MG","country_code":"BR"}},{"type":"Feature","geometry":{"type":"Point","coordinates":[-44.05031,-19.5207]},"properties":{"id":13071,"name":"Matozinhos","state_code":"MG","country_code":"BR"}},{"type":"Feature","geometry":{"type":"Point","coordinates":[-45.99564,-19.19364]},"properties":{"id":13076,"name":"Matutina","state_code":"MG","country_code":"BR"}},{"type":"Feature","geometry":{"type":"Point","coordinates":[-46.358,-20.01139]},"properties":{"id":13090,"name":"Medeiros","state_code":"MG","country_code":"BR"}},{"type":"Feature","geometry":{"type":"Point","coordinates":[-41.53818,-16.30152]},"properties":{"id":13094,"name":"Medina","state_code":"MG","country_code":"BR"}},{"type":"Feature","geometry":{"type":"Point","coordinates":[-41.34871,-18.62642]},"properties":{"id":13098,"name":"Mendes Pimentel","state_code":"MG","country_code":"BR"}},{"type":"Feature","geometry":{"type":"Point","coordinates":[-43.33657,-21.18716]},"properties":{"id":13101,"name":"Mercês","state_code":"MG","country_code":"BR"}},{"type":"Feature","geometry":{"type":"Point","coordinates":[-42.61603,-19.24964]},"properties":{"id":13105,"name":"Mesquita","state_code":"MG","country_code":"BR"}},{"type":"Feature","geometry":{"type":"Point","coordinates":[-42.40892,-17.355]},"properties":{"id":13122,"name":"Minas Novas","state_code":"MG","country_code":"BR"}},{"type":"Feature","geometry":{"type":"Point","coordinates":[-44.59475,-21.66835]},"properties":{"id":13125,"name":"Minduri","state_code":"MG","country_code":"BR"}},{"type":"Feature","geometry":{"type":"Point","coordinates":[-44.16713,-16.2791]},"properties":{"id":13130,"name":"Mirabela","state_code":"MG","country_code":"BR"}},{"type":"Feature","geometry":{"type":"Point","coordinates":[-42.38714,-20.85191]},"properties":{"id":13136,"name":"Miradouro","state_code":"MG","country_code":"BR"}},{"type":"Feature","geometry":{"type":"Point","coordinates":[-42.60077,-21.14581]},"properties":{"id":13153,"name":"Miraí","state_code":"MG","country_code":"BR"}},{"type":"Feature","geometry":{"type":"Point","coordinates":[-44.42057,-14.75285]},"properties":{"id":13152,"name":"Miravânia","state_code":"MG","country_code":"BR"}},{"type":"Feature","geometry":{"type":"Point","coordinates":[-44.0166,-20.33273]},"properties":{"id":13162,"name":"Moeda","state_code":"MG","country_code":"BR"}},{"type":"Feature","geometry":{"type":"Point","coordinates":[-45.42119,-19.84295]},"properties":{"id":13163,"name":"Moema","state_code":"MG","country_code":"BR"}},{"type":"Feature","geometry":{"type":"Point","coordinates":[-44.02596,-18.37562]},"properties":{"id":13176,"name":"Monjolos","state_code":"MG","country_code":"BR"}},{"type":"Feature","geometry":{"type":"Point","coordinates":[-45.46795,-21.72267]},"properties":{"id":13179,"name":"Monsenhor Paulo","state_code":"MG","country_code":"BR"}},{"type":"Feature","geometry":{"type":"Point","coordinates":[-44.44214,-14.41086]},"properties":{"id":13182,"name":"Montalvânia","state_code":"MG","country_code":"BR"}},{"type":"Feature","geometry":{"type":"Point","coordinates":[-48.91823,-18.81882]},"properties":{"id":13189,"name":"Monte Alegre de Minas","state_code":"MG","country_code":"BR"}},{"type":"Feature","geometry":{"type":"Point","coordinates":[-43.02334,-15.21266]},"properties":{"id":13196,"name":"Monte Azul","state_code":"MG","country_code":"BR"}},{"type":"Feature","geometry":{"type":"Point","coordinates":[-46.33519,-21.32001]},"properties":{"id":13198,"name":"Monte Belo","state_code":"MG","country_code":"BR"}},{"type":"Feature","geometry":{"type":"Point","coordinates":[-47.49788,-18.6396]},"properties":{"id":13201,"name":"Monte Carmelo","state_code":"MG","country_code":"BR"}},{"type":"Feature","geometry":{"type":"Point","coordinates":[-41.27134,-16.87599]},"properties":{"id":13204,"name":"Monte Formoso","state_code":"MG","country_code":"BR"}},{"type":"Feature","geometry":{"type":"Point","coordinates":[-46.95403,-21.20428]},"properties":{"id":13209,"name":"Monte Santo de Minas","state_code":"MG","country_code":"BR"}},{"type":"Feature","geometry":{"type":"Point","coordinates":[-46.56796,-22.43134]},"properties":{"id":13211,"name":"Monte Sião","state_code":"MG","country_code":"BR"}},{"type":"Feature","geometry":{"type":"Point","coordinates":[-46.035,-22.86417]},"properties":{"id":13212,"name":"Monte Verde","state_code":"MG","country_code":"BR"}},{"type":"Feature","geometry":{"type":"Point","coordinates":[-43.89995,-16.58789]},"properties":{"id":13220,"name":"Montes Claros","state_code":"MG","country_code":"BR"}},{"type":"Feature","geometry":{"type":"Point","coordinates":[-42.48132,-15.19248]},"properties":{"id":13222,"name":"Montezuma","state_code":"MG","country_code":"BR"}},{"type":"Feature","geometry":{"type":"Point","coordinates":[-45.47222,-18.56612]},"properties":{"id":13228,"name":"Morada Nova de Minas","state_code":"MG","country_code":"BR"}},{"type":"Feature","geometry":{"type":"Point","coordinates":[-44.63238,-18.61746]},"properties":{"id":13247,"name":"Morro da Garça","state_code":"MG","country_code":"BR"}},{"type":"Feature","geometry":{"type":"Point","coordinates":[-43.4014,-19.23372]},"properties":{"id":13250,"name":"Morro do Pilar","state_code":"MG","country_code":"BR"}},{"type":"Feature","geometry":{"type":"Point","coordinates":[-46.30889,-22.62898]},"properties":{"id":13272,"name":"Munhoz","state_code":"MG","country_code":"BR"}},{"type":"Feature","geometry":{"type":"Point","coordinates":[-42.36639,-21.13056]},"properties":{"id":13278,"name":"Muriaé","state_code":"MG","country_code":"BR"}},{"type":"Feature","geometry":{"type":"Point","coordinates":[-41.44835,-19.92677]},"properties":{"id":13285,"name":"Mutum","state_code":"MG","country_code":"BR"}},{"type":"Feature","geometry":{"type":"Point","coordinates":[-46.51842,-21.3524]},"properties":{"id":13288,"name":"Muzambinho","state_code":"MG","country_code":"BR"}},{"type":"Feature","geometry":{"type":"Point","coordinates":[-42.17506,-18.47447]},"properties":{"id":13294,"name":"Nacip Raydan","state_code":"MG","country_code":"BR"}},{"type":"Feature","geometry":{"type":"Point","coordinates":[-40.44441,-17.73565]},"properties":{"id":13296,"name":"Nanuque","state_code":"MG","country_code":"BR"}},{"type":"Feature","geometry":{"type":"Point","coordinates":[-42.33843,-19.18321]},"properties":{"id":13297,"name":"Naque","state_code":"MG","country_code":"BR"}},{"type":"Feature","geometry":{"type":"Point","coordinates":[-46.51392,-16.56307]},"properties":{"id":13300,"name":"Natalândia","state_code":"MG","country_code":"BR"}},{"type":"Feature","geometry":{"type":"Point","coordinates":[-45.49689,-22.13227]},"properties":{"id":13305,"name":"Natércia","state_code":"MG","country_code":"BR"}},{"type":"Feature","geometry":{"type":"Point","coordinates":[-44.60851,-21.20793]},"properties":{"id":13308,"name":"Nazareno","state_code":"MG","country_code":"BR"}},{"type":"Feature","geometry":{"type":"Point","coordinates":[-45.24015,-21.24027]},"properties":{"id":13317,"name":"Nepomuceno","state_code":"MG","country_code":"BR"}},{"type":"Feature","geometry":{"type":"Point","coordinates":[-41.65775,-15.42231]},"properties":{"id":13327,"name":"Ninheira","state_code":"MG","country_code":"BR"}},{"type":"Feature","geometry":{"type":"Point","coordinates":[-41.11879,-18.49977]},"properties":{"id":13357,"name":"Nova Belém","state_code":"MG","country_code":"BR"}},{"type":"Feature","geometry":{"type":"Point","coordinates":[-43.01401,-19.7097]},"properties":{"id":13372,"name":"Nova Era","state_code":"MG","country_code":"BR"}},{"type":"Feature","geometry":{"type":"Point","coordinates":[-43.84667,-19.98556]},"properties":{"id":13398,"name":"Nova Lima","state_code":"MG","country_code":"BR"}},{"type":"Feature","geometry":{"type":"Point","coordinates":[-41.51304,-18.45009]},"properties":{"id":13406,"name":"Nova Módica","state_code":"MG","country_code":"BR"}},{"type":"Feature","geometry":{"type":"Point","coordinates":[-47.71367,-19.28646]},"properties":{"id":13419,"name":"Nova Ponte","state_code":"MG","country_code":"BR"}},{"type":"Feature","geometry":{"type":"Point","coordinates":[-43.28155,-15.71578]},"properties":{"id":13420,"name":"Nova Porteirinha","state_code":"MG","country_code":"BR"}},{"type":"Feature","geometry":{"type":"Point","coordinates":[-46.41684,-21.09898]},"properties":{"id":13426,"name":"Nova Resende","state_code":"MG","country_code":"BR"}},{"type":"Feature","geometry":{"type":"Point","coordinates":[-44.97669,-19.84529]},"properties":{"id":13436,"name":"Nova Serrana","state_code":"MG","country_code":"BR"}},{"type":"Feature","geometry":{"type":"Point","coordinates":[-43.57796,-19.64356]},"properties":{"id":13443,"name":"Nova União","state_code":"MG","country_code":"BR"}},{"type":"Feature","geometry":{"type":"Point","coordinates":[-41.96978,-17.39233]},"properties":{"id":13457,"name":"Novo Cruzeiro","state_code":"MG","country_code":"BR"}},{"type":"Feature","geometry":{"type":"Point","coordinates":[-41.22927,-17.25169]},"properties":{"id":13472,"name":"Novo Oriente de Minas","state_code":"MG","country_code":"BR"}},{"type":"Feature","geometry":{"type":"Point","coordinates":[-42.38889,-16.01733]},"properties":{"id":13483,"name":"Novorizonte","state_code":"MG","country_code":"BR"}},{"type":"Feature","geometry":{"type":"Point","coordinates":[-43.96851,-21.90638]},"properties":{"id":13493,"name":"Olaria","state_code":"MG","country_code":"BR"}},{"type":"Feature","geometry":{"type":"Point","coordinates":[-43.54347,-17.48888]},"properties":{"id":13501,"name":"Olhos-d'Água","state_code":"MG","country_code":"BR"}},{"type":"Feature","geometry":{"type":"Point","coordinates":[-45.2873,-22.08551]},"properties":{"id":13512,"name":"Olímpio Noronha","state_code":"MG","country_code":"BR"}},{"type":"Feature","geometry":{"type":"Point","coordinates":[-44.71612,-20.7382]},"properties":{"id":13506,"name":"Oliveira","state_code":"MG","country_code":"BR"}},{"type":"Feature","geometry":{"type":"Point","coordinates":[-43.51985,-21.33869]},"properties":{"id":13507,"name":"Oliveira Fortes","state_code":"MG","country_code":"BR"}},{"type":"Feature","geometry":{"type":"Point","coordinates":[-44.74654,-19.71041]},"properties":{"id":13514,"name":"Onça de Pitangui","state_code":"MG","country_code":"BR"}},{"type":"Feature","geometry":{"type":"Point","coordinates":[-42.79741,-20.43729]},"properties":{"id":13515,"name":"Oratórios","state_code":"MG","country_code":"BR"}},{"type":"Feature","geometry":{"type":"Point","coordinates":[-42.21156,-20.50549]},"properties":{"id":13520,"name":"Orizânia","state_code":"MG","country_code":"BR"}},{"type":"Feature","geometry":{"type":"Point","coordinates":[-43.69422,-20.52994]},"properties":{"id":13540,"name":"Ouro Branco","state_code":"MG","country_code":"BR"}},{"type":"Feature","geometry":{"type":"Point","coordinates":[-46.37384,-22.25689]},"properties":{"id":13541,"name":"Ouro Fino","state_code":"MG","country_code":"BR"}},{"type":"Feature","geometry":{"type":"Point","coordinates":[-43.64191,-20.39304]},"properties":{"id":13542,"name":"Ouro Preto","state_code":"MG","country_code":"BR"}},{"type":"Feature","geometry":{"type":"Point","coordinates":[-41.29473,-18.03431]},"properties":{"id":13548,"name":"Ouro Verde de Minas","state_code":"MG","country_code":"BR"}},{"type":"Feature","geometry":{"type":"Point","coordinates":[-42.60251,-16.26316]},"properties":{"id":13562,"name":"Padre Carvalho","state_code":"MG","country_code":"BR"}},{"type":"Feature","geometry":{"type":"Point","coordinates":[-41.53826,-17.061]},"properties":{"id":13564,"name":"Padre Paraíso","state_code":"MG","country_code":"BR"}},{"type":"Feature","geometry":{"type":"Point","coordinates":[-43.19505,-15.32734]},"properties":{"id":13566,"name":"Pai Pedro","state_code":"MG","country_code":"BR"}},{"type":"Feature","geometry":{"type":"Point","coordinates":[-45.53737,-18.91817]},"properties":{"id":13569,"name":"Paineiras","state_code":"MG","country_code":"BR"}},{"type":"Feature","geometry":{"type":"Point","coordinates":[-45.73139,-20.37374]},"properties":{"id":13571,"name":"Pains","state_code":"MG","country_code":"BR"}},{"type":"Feature","geometry":{"type":"Point","coordinates":[-43.41715,-21.28809]},"properties":{"id":13572,"name":"Paiva","state_code":"MG","country_code":"BR"}},{"type":"Feature","geometry":{"type":"Point","coordinates":[-42.32065,-21.43106]},"properties":{"id":13581,"name":"Palma","state_code":"MG","country_code":"BR"}},{"type":"Feature","geometry":{"type":"Point","coordinates":[-40.37475,-16.77843]},"properties":{"id":13610,"name":"Palmópolis","state_code":"MG","country_code":"BR"}},{"type":"Feature","geometry":{"type":"Point","coordinates":[-44.69502,-19.39686]},"properties":{"id":13620,"name":"Papagaios","state_code":"MG","country_code":"BR"}},{"type":"Feature","geometry":{"type":"Point","coordinates":[-44.61286,-19.82122]},"properties":{"id":13684,"name":"Pará de Minas","state_code":"MG","country_code":"BR"}},{"type":"Feature","geometry":{"type":"Point","coordinates":[-46.88258,-17.13285]},"properties":{"id":13624,"name":"Paracatu","state_code":"MG","country_code":"BR"}},{"type":"Feature","geometry":{"type":"Point","coordinates":[-45.74296,-21.58081]},"properties":{"id":13627,"name":"Paraguaçu","state_code":"MG","country_code":"BR"}},{"type":"Feature","geometry":{"type":"Point","coordinates":[-45.84583,-22.57668]},"properties":{"id":13632,"name":"Paraisópolis","state_code":"MG","country_code":"BR"}},{"type":"Feature","geometry":{"type":"Point","coordinates":[-44.45274,-19.27228]},"properties":{"id":13650,"name":"Paraopeba","state_code":"MG","country_code":"BR"}},{"type":"Feature","geometry":{"type":"Point","coordinates":[-44.95994,-22.40871]},"properties":{"id":13685,"name":"Passa Quatro","state_code":"MG","country_code":"BR"}},{"type":"Feature","geometry":{"type":"Point","coordinates":[-44.49857,-20.6435]},"properties":{"id":13687,"name":"Passa Tempo","state_code":"MG","country_code":"BR"}},{"type":"Feature","geometry":{"type":"Point","coordinates":[-44.26002,-22.17877]},"properties":{"id":13689,"name":"Passa-Vinte","state_code":"MG","country_code":"BR"}},{"type":"Feature","geometry":{"type":"Point","coordinates":[-43.18735,-19.35651]},"properties":{"id":13690,"name":"Passabém","state_code":"MG","country_code":"BR"}},{"type":"Feature","geometry":{"type":"Point","coordinates":[-46.60972,-20.71889]},"properties":{"id":13700,"name":"Passos","state_code":"MG","country_code":"BR"}},{"type":"Feature","geometry":{"type":"Point","coordinates":[-44.11137,-16.05798]},"properties":{"id":13703,"name":"Patis","state_code":"MG","country_code":"BR"}},{"type":"Feature","geometry":{"type":"Point","coordinates":[-46.51806,-18.57889]},"properties":{"id":13707,"name":"Patos de Minas","state_code":"MG","country_code":"BR"}},{"type":"Feature","geometry":{"type":"Point","coordinates":[-47.0679,-19.01305]},"properties":{"id":13709,"name":"Patrocínio","state_code":"MG","country_code":"BR"}},{"type":"Feature","geometry":{"type":"Point","coordinates":[-42.25572,-21.16714]},"properties":{"id":13711,"name":"Patrocínio do Muriaé","state_code":"MG","country_code":"BR"}},{"type":"Feature","geometry":{"type":"Point","coordinates":[-42.98154,-20.86034]},"properties":{"id":13721,"name":"Paula Cândido","state_code":"MG","country_code":"BR"}},{"type":"Feature","geometry":{"type":"Point","coordinates":[-42.86603,-18.43393]},"properties":{"id":13729,"name":"Paulistas","state_code":"MG","country_code":"BR"}},{"type":"Feature","geometry":{"type":"Point","coordinates":[-41.07743,-17.4678]},"properties":{"id":13741,"name":"Pavão","state_code":"MG","country_code":"BR"}},{"type":"Feature","geometry":{"type":"Point","coordinates":[-42.49385,-18.5454]},"properties":{"id":13822,"name":"Peçanha","state_code":"MG","country_code":"BR"}},{"type":"Feature","geometry":{"type":"Point","coordinates":[-41.22145,-15.96404]},"properties":{"id":13746,"name":"Pedra Azul","state_code":"MG","country_code":"BR"}},{"type":"Feature","geometry":{"type":"Point","coordinates":[-42.37756,-20.46665]},"properties":{"id":13748,"name":"Pedra Bonita","state_code":"MG","country_code":"BR"}},{"type":"Feature","geometry":{"type":"Point","coordinates":[-42.71247,-20.59796]},"properties":{"id":13758,"name":"Pedra do Anta","state_code":"MG","country_code":"BR"}},{"type":"Feature","geometry":{"type":"Point","coordinates":[-45.21859,-20.282]},"properties":{"id":13759,"name":"Pedra do Indaiá","state_code":"MG","country_code":"BR"}},{"type":"Feature","geometry":{"type":"Point","coordinates":[-42.15154,-20.82636]},"properties":{"id":13752,"name":"Pedra Dourada","state_code":"MG","country_code":"BR"}},{"type":"Feature","geometry":{"type":"Point","coordinates":[-45.45324,-22.25067]},"properties":{"id":13760,"name":"Pedralva","state_code":"MG","country_code":"BR"}},{"type":"Feature","geometry":{"type":"Point","coordinates":[-44.30841,-15.63347]},"properties":{"id":13765,"name":"Pedras de Maria da Cruz","state_code":"MG","country_code":"BR"}},{"type":"Feature","geometry":{"type":"Point","coordinates":[-47.50212,-19.19064]},"properties":{"id":13771,"name":"Pedrinópolis","state_code":"MG","country_code":"BR"}},{"type":"Feature","geometry":{"type":"Point","coordinates":[-44.03938,-19.64468]},"properties":{"id":13779,"name":"Pedro Leopoldo","state_code":"MG","country_code":"BR"}},{"type":"Feature","geometry":{"type":"Point","coordinates":[-43.72046,-21.728]},"properties":{"id":13782,"name":"Pedro Teixeira","state_code":"MG","country_code":"BR"}},{"type":"Feature","geometry":{"type":"Point","coordinates":[-43.14007,-21.81623]},"properties":{"id":13799,"name":"Pequeri","state_code":"MG","country_code":"BR"}},{"type":"Feature","geometry":{"type":"Point","coordinates":[-44.63355,-19.61044]},"properties":{"id":13800,"name":"Pequi","state_code":"MG","country_code":"BR"}},{"type":"Feature","geometry":{"type":"Point","coordinates":[-45.0807,-19.92135]},"properties":{"id":13802,"name":"Perdigão","state_code":"MG","country_code":"BR"}},{"type":"Feature","geometry":{"type":"Point","coordinates":[-47.15986,-19.36522]},"properties":{"id":13803,"name":"Perdizes","state_code":"MG","country_code":"BR"}},{"type":"Feature","geometry":{"type":"Point","coordinates":[-45.0671,-21.0709]},"properties":{"id":13804,"name":"Perdões","state_code":"MG","country_code":"BR"}},{"type":"Feature","geometry":{"type":"Point","coordinates":[-42.21606,-19.04695]},"properties":{"id":13809,"name":"Periquito","state_code":"MG","country_code":"BR"}},{"type":"Feature","geometry":{"type":"Point","coordinates":[-41.55163,-18.32119]},"properties":{"id":13815,"name":"Pescador","state_code":"MG","country_code":"BR"}},{"type":"Feature","geometry":{"type":"Point","coordinates":[-43.31473,-21.50206]},"properties":{"id":13826,"name":"Piau","state_code":"MG","country_code":"BR"}},{"type":"Feature","geometry":{"type":"Point","coordinates":[-42.03936,-19.75899]},"properties":{"id":13832,"name":"Piedade de Caratinga","state_code":"MG","country_code":"BR"}},{"type":"Feature","geometry":{"type":"Point","coordinates":[-42.71587,-20.2441]},"properties":{"id":13833,"name":"Piedade de Ponte Nova","state_code":"MG","country_code":"BR"}},{"type":"Feature","geometry":{"type":"Point","coordinates":[-44.16154,-21.50287]},"properties":{"id":13834,"name":"Piedade do Rio Grande","state_code":"MG","country_code":"BR"}},{"type":"Feature","geometry":{"type":"Point","coordinates":[-44.2531,-20.48078]},"properties":{"id":13835,"name":"Piedade dos Gerais","state_code":"MG","country_code":"BR"}},{"type":"Feature","geometry":{"type":"Point","coordinates":[-45.83344,-20.48505]},"properties":{"id":13844,"name":"Pimenta","state_code":"MG","country_code":"BR"}},{"type":"Feature","geometry":{"type":"Point","coordinates":[-42.42838,-19.7372]},"properties":{"id":13857,"name":"Pingo-d'Água","state_code":"MG","country_code":"BR"}},{"type":"Feature","geometry":{"type":"Point","coordinates":[-45.21931,-16.0112]},"properties":{"id":13877,"name":"Pintópolis","state_code":"MG","country_code":"BR"}},{"type":"Feature","geometry":{"type":"Point","coordinates":[-44.41751,-20.51921]},"properties":{"id":13885,"name":"Piracema","state_code":"MG","country_code":"BR"}},{"type":"Feature","geometry":{"type":"Point","coordinates":[-48.70306,-19.94073]},"properties":{"id":13889,"name":"Pirajuba","state_code":"MG","country_code":"BR"}},{"type":"Feature","geometry":{"type":"Point","coordinates":[-43.28354,-20.62892]},"properties":{"id":13892,"name":"Piranga","state_code":"MG","country_code":"BR"}},{"type":"Feature","geometry":{"type":"Point","coordinates":[-45.51039,-22.56347]},"properties":{"id":13895,"name":"Piranguçu","state_code":"MG","country_code":"BR"}},{"type":"Feature","geometry":{"type":"Point","coordinates":[-45.59462,-22.34876]},"properties":{"id":13894,"name":"Piranguinho","state_code":"MG","country_code":"BR"}},{"type":"Feature","geometry":{"type":"Point","coordinates":[-42.36515,-21.66797]},"properties":{"id":13899,"name":"Pirapetinga","state_code":"MG","country_code":"BR"}},{"type":"Feature","geometry":{"type":"Point","coordinates":[-44.85974,-17.41957]},"properties":{"id":13900,"name":"Pirapora","state_code":"MG","country_code":"BR"}},{"type":"Feature","geometry":{"type":"Point","coordinates":[-43.01397,-21.26468]},"properties":{"id":13913,"name":"Piraúba","state_code":"MG","country_code":"BR"}},{"type":"Feature","geometry":{"type":"Point","coordinates":[-44.87568,-19.57287]},"properties":{"id":13924,"name":"Pitangui","state_code":"MG","country_code":"BR"}},{"type":"Feature","geometry":{"type":"Point","coordinates":[-45.95806,-20.46528]},"properties":{"id":13928,"name":"Piuí","state_code":"MG","country_code":"BR"}},{"type":"Feature","geometry":{"type":"Point","coordinates":[-46.06077,-20.43261]},"properties":{"id":13927,"name":"Piumhi","state_code":"MG","country_code":"BR"}},{"type":"Feature","geometry":{"type":"Point","coordinates":[-48.67523,-20.06924]},"properties":{"id":13943,"name":"Planura","state_code":"MG","country_code":"BR"}},{"type":"Feature","geometry":{"type":"Point","coordinates":[-45.98826,-21.82067]},"properties":{"id":14047,"name":"Poço Fundo","state_code":"MG","country_code":"BR"}},{"type":"Feature","geometry":{"type":"Point","coordinates":[-46.53571,-21.7934]},"properties":{"id":14053,"name":"Poços de Caldas","state_code":"MG","country_code":"BR"}},{"type":"Feature","geometry":{"type":"Point","coordinates":[-41.56271,-19.57501]},"properties":{"id":13948,"name":"Pocrane","state_code":"MG","country_code":"BR"}},{"type":"Feature","geometry":{"type":"Point","coordinates":[-44.91485,-19.14952]},"properties":{"id":13955,"name":"Pompéu","state_code":"MG","country_code":"BR"}},{"type":"Feature","geometry":{"type":"Point","coordinates":[-42.92058,-20.40703]},"properties":{"id":13970,"name":"Ponte Nova","state_code":"MG","country_code":"BR"}},{"type":"Feature","geometry":{"type":"Point","coordinates":[-44.93803,-16.63769]},"properties":{"id":13976,"name":"Ponto Chique","state_code":"MG","country_code":"BR"}},{"type":"Feature","geometry":{"type":"Point","coordinates":[-41.46344,-16.8544]},"properties":{"id":13978,"name":"Ponto dos Volantes","state_code":"MG","country_code":"BR"}},{"type":"Feature","geometry":{"type":"Point","coordinates":[-43.14041,-15.6869]},"properties":{"id":13988,"name":"Porteirinha","state_code":"MG","country_code":"BR"}},{"type":"Feature","geometry":{"type":"Point","coordinates":[-43.06871,-20.66732]},"properties":{"id":14006,"name":"Porto Firme","state_code":"MG","country_code":"BR"}},{"type":"Feature","geometry":{"type":"Point","coordinates":[-41.76522,-17.79279]},"properties":{"id":14037,"name":"Poté","state_code":"MG","country_code":"BR"}},{"type":"Feature","geometry":{"type":"Point","coordinates":[-45.93639,-22.23]},"properties":{"id":14038,"name":"Pouso Alegre","state_code":"MG","country_code":"BR"}},{"type":"Feature","geometry":{"type":"Point","coordinates":[-44.95271,-22.17957]},"properties":{"id":14039,"name":"Pouso Alto","state_code":"MG","country_code":"BR"}},{"type":"Feature","geometry":{"type":"Point","coordinates":[-44.06479,-21.10761]},"properties":{"id":14061,"name":"Prados","state_code":"MG","country_code":"BR"}},{"type":"Feature","geometry":{"type":"Point","coordinates":[-48.94362,-19.37346]},"properties":{"id":14069,"name":"Prata","state_code":"MG","country_code":"BR"}},{"type":"Feature","geometry":{"type":"Point","coordinates":[-46.84447,-20.78572]},"properties":{"id":14072,"name":"Pratápolis","state_code":"MG","country_code":"BR"}},{"type":"Feature","geometry":{"type":"Point","coordinates":[-46.42881,-19.74704]},"properties":{"id":14071,"name":"Pratinha","state_code":"MG","country_code":"BR"}},{"type":"Feature","geometry":{"type":"Point","coordinates":[-43.1621,-20.77329]},"properties":{"id":14076,"name":"Presidente Bernardes","state_code":"MG","country_code":"BR"}},{"type":"Feature","geometry":{"type":"Point","coordinates":[-44.07767,-18.73883]},"properties":{"id":14085,"name":"Presidente Juscelino","state_code":"MG","country_code":"BR"}},{"type":"Feature","geometry":{"type":"Point","coordinates":[-43.57979,-18.64982]},"properties":{"id":14089,"name":"Presidente Kubitschek","state_code":"MG","country_code":"BR"}},{"type":"Feature","geometry":{"type":"Point","coordinates":[-46.40629,-18.16191]},"properties":{"id":14094,"name":"Presidente Olegário","state_code":"MG","country_code":"BR"}},{"type":"Feature","geometry":{"type":"Point","coordinates":[-44.11363,-19.46809]},"properties":{"id":14113,"name":"Prudente de Morais","state_code":"MG","country_code":"BR"}},{"type":"Feature","geometry":{"type":"Point","coordinates":[-45.58434,-19.28715]},"properties":{"id":14127,"name":"Quartel Geral","state_code":"MG","country_code":"BR"}},{"type":"Feature","geometry":{"type":"Point","coordinates":[-43.89355,-20.73147]},"properties":{"id":14144,"name":"Queluzito","state_code":"MG","country_code":"BR"}},{"type":"Feature","geometry":{"type":"Point","coordinates":[-43.79018,-19.97619]},"properties":{"id":14175,"name":"Raposos","state_code":"MG","country_code":"BR"}},{"type":"Feature","geometry":{"type":"Point","coordinates":[-42.40893,-20.01424]},"properties":{"id":14176,"name":"Raul Soares","state_code":"MG","country_code":"BR"}},{"type":"Feature","geometry":{"type":"Point","coordinates":[-42.44327,-21.52854]},"properties":{"id":14180,"name":"Recreio","state_code":"MG","country_code":"BR"}},{"type":"Feature","geometry":{"type":"Point","coordinates":[-41.94273,-20.22867]},"properties":{"id":14187,"name":"Reduto","state_code":"MG","country_code":"BR"}},{"type":"Feature","geometry":{"type":"Point","coordinates":[-44.2811,-20.84128]},"properties":{"id":14198,"name":"Resende Costa","state_code":"MG","country_code":"BR"}},{"type":"Feature","geometry":{"type":"Point","coordinates":[-41.14336,-19.20265]},"properties":{"id":14203,"name":"Resplendor","state_code":"MG","country_code":"BR"}},{"type":"Feature","geometry":{"type":"Point","coordinates":[-43.78435,-21.09458]},"properties":{"id":14204,"name":"Ressaquinha","state_code":"MG","country_code":"BR"}},{"type":"Feature","geometry":{"type":"Point","coordinates":[-45.89421,-16.24455]},"properties":{"id":14209,"name":"Riachinho","state_code":"MG","country_code":"BR"}},{"type":"Feature","geometry":{"type":"Point","coordinates":[-42.97549,-16.06608]},"properties":{"id":14217,"name":"Riacho dos Machados","state_code":"MG","country_code":"BR"}},{"type":"Feature","geometry":{"type":"Point","coordinates":[-44.08667,-19.76694]},"properties":{"id":14247,"name":"Ribeirão das Neves","state_code":"MG","country_code":"BR"}},{"type":"Feature","geometry":{"type":"Point","coordinates":[-45.07881,-21.15385]},"properties":{"id":14245,"name":"Ribeirão Vermelho","state_code":"MG","country_code":"BR"}},{"type":"Feature","geometry":{"type":"Point","coordinates":[-43.76542,-20.11704]},"properties":{"id":14257,"name":"Rio Acima","state_code":"MG","country_code":"BR"}},{"type":"Feature","geometry":{"type":"Point","coordinates":[-42.66076,-20.12888]},"properties":{"id":14268,"name":"Rio Casca","state_code":"MG","country_code":"BR"}},{"type":"Feature","geometry":{"type":"Point","coordinates":[-40.56002,-16.68344]},"properties":{"id":14315,"name":"Rio do Prado","state_code":"MG","country_code":"BR"}},{"type":"Feature","geometry":{"type":"Point","coordinates":[-42.89246,-20.20614]},"properties":{"id":14272,"name":"Rio Doce","state_code":"MG","country_code":"BR"}},{"type":"Feature","geometry":{"type":"Point","coordinates":[-43.52051,-20.85358]},"properties":{"id":14273,"name":"Rio Espera","state_code":"MG","country_code":"BR"}},{"type":"Feature","geometry":{"type":"Point","coordinates":[-44.34028,-20.24916]},"properties":{"id":14280,"name":"Rio Manso","state_code":"MG","country_code":"BR"}},{"type":"Feature","geometry":{"type":"Point","coordinates":[-43.15069,-21.47241]},"properties":{"id":14285,"name":"Rio Novo","state_code":"MG","country_code":"BR"}},{"type":"Feature","geometry":{"type":"Point","coordinates":[-46.29215,-19.19894]},"properties":{"id":14287,"name":"Rio Paranaíba","state_code":"MG","country_code":"BR"}},{"type":"Feature","geometry":{"type":"Point","coordinates":[-42.5732,-15.73003]},"properties":{"id":14289,"name":"Rio Pardo de Minas","state_code":"MG","country_code":"BR"}},{"type":"Feature","geometry":{"type":"Point","coordinates":[-43.16111,-19.97486]},"properties":{"id":14290,"name":"Rio Piracicaba","state_code":"MG","country_code":"BR"}},{"type":"Feature","geometry":{"type":"Point","coordinates":[-43.17161,-21.25409]},"properties":{"id":14291,"name":"Rio Pomba","state_code":"MG","country_code":"BR"}},{"type":"Feature","geometry":{"type":"Point","coordinates":[-43.86975,-22.04485]},"properties":{"id":14292,"name":"Rio Preto","state_code":"MG","country_code":"BR"}},{"type":"Feature","geometry":{"type":"Point","coordinates":[-43.07424,-18.26867]},"properties":{"id":14302,"name":"Rio Vermelho","state_code":"MG","country_code":"BR"}},{"type":"Feature","geometry":{"type":"Point","coordinates":[-44.37052,-20.99288]},"properties":{"id":14323,"name":"Ritápolis","state_code":"MG","country_code":"BR"}},{"type":"Feature","geometry":{"type":"Point","coordinates":[-43.03311,-21.64268]},"properties":{"id":14327,"name":"Rochedo de Minas","state_code":"MG","country_code":"BR"}},{"type":"Feature","geometry":{"type":"Point","coordinates":[-42.84086,-21.21255]},"properties":{"id":14330,"name":"Rodeiro","state_code":"MG","country_code":"BR"}},{"type":"Feature","geometry":{"type":"Point","coordinates":[-47.5813,-18.89336]},"properties":{"id":14338,"name":"Romaria","state_code":"MG","country_code":"BR"}},{"type":"Feature","geometry":{"type":"Point","coordinates":[-42.51507,-20.986]},"properties":{"id":14352,"name":"Rosário da Limeira","state_code":"MG","country_code":"BR"}},{"type":"Feature","geometry":{"type":"Point","coordinates":[-42.228,-16.34214]},"properties":{"id":14357,"name":"Rubelita","state_code":"MG","country_code":"BR"}},{"type":"Feature","geometry":{"type":"Point","coordinates":[-40.49301,-16.45147]},"properties":{"id":14359,"name":"Rubim","state_code":"MG","country_code":"BR"}},{"type":"Feature","geometry":{"type":"Point","coordinates":[-43.78326,-19.85393]},"properties":{"id":14366,"name":"Sabará","state_code":"MG","country_code":"BR"}},{"type":"Feature","geometry":{"type":"Point","coordinates":[-43.06554,-18.64885]},"properties":{"id":14368,"name":"Sabinópolis","state_code":"MG","country_code":"BR"}},{"type":"Feature","geometry":{"type":"Point","coordinates":[-47.226,-19.88039]},"properties":{"id":14372,"name":"Sacramento","state_code":"MG","country_code":"BR"}},{"type":"Feature","geometry":{"type":"Point","coordinates":[-42.17403,-16.11853]},"properties":{"id":14387,"name":"Salinas","state_code":"MG","country_code":"BR"}},{"type":"Feature","geometry":{"type":"Point","coordinates":[-40.04463,-16.08589]},"properties":{"id":14398,"name":"Salto da Divisa","state_code":"MG","country_code":"BR"}},{"type":"Feature","geometry":{"type":"Point","coordinates":[-43.44495,-20.02361]},"properties":{"id":14423,"name":"Santa Bárbara","state_code":"MG","country_code":"BR"}},{"type":"Feature","geometry":{"type":"Point","coordinates":[-42.10329,-19.94064]},"properties":{"id":14426,"name":"Santa Bárbara do Leste","state_code":"MG","country_code":"BR"}},{"type":"Feature","geometry":{"type":"Point","coordinates":[-43.69324,-21.9769]},"properties":{"id":14427,"name":"Santa Bárbara do Monte Verde","state_code":"MG","country_code":"BR"}},{"type":"Feature","geometry":{"type":"Point","coordinates":[-43.5238,-21.23902]},"properties":{"id":14430,"name":"Santa Bárbara do Tugúrio","state_code":"MG","country_code":"BR"}},{"type":"Feature","geometry":{"type":"Point","coordinates":[-44.21369,-21.12001]},"properties":{"id":14448,"name":"Santa Cruz de Minas","state_code":"MG","country_code":"BR"}},{"type":"Feature","geometry":{"type":"Point","coordinates":[-41.79919,-16.06175]},"properties":{"id":14450,"name":"Santa Cruz de Salinas","state_code":"MG","country_code":"BR"}},{"type":"Feature","geometry":{"type":"Point","coordinates":[-42.8211,-20.23339]},"properties":{"id":14453,"name":"Santa Cruz do Escalvado","state_code":"MG","country_code":"BR"}},{"type":"Feature","geometry":{"type":"Point","coordinates":[-42.40032,-18.86234]},"properties":{"id":14459,"name":"Santa Efigênia de Minas","state_code":"MG","country_code":"BR"}},{"type":"Feature","geometry":{"type":"Point","coordinates":[-45.59725,-16.68124]},"properties":{"id":14466,"name":"Santa Fé de Minas","state_code":"MG","country_code":"BR"}},{"type":"Feature","geometry":{"type":"Point","coordinates":[-40.66215,-16.90289]},"properties":{"id":14475,"name":"Santa Helena de Minas","state_code":"MG","country_code":"BR"}},{"type":"Feature","geometry":{"type":"Point","coordinates":[-47.53705,-19.35572]},"properties":{"id":14486,"name":"Santa Juliana","state_code":"MG","country_code":"BR"}},{"type":"Feature","geometry":{"type":"Point","coordinates":[-43.85139,-19.76972]},"properties":{"id":14490,"name":"Santa Luzia","state_code":"MG","country_code":"BR"}},{"type":"Feature","geometry":{"type":"Point","coordinates":[-42.27056,-20.43571]},"properties":{"id":14500,"name":"Santa Margarida","state_code":"MG","country_code":"BR"}},{"type":"Feature","geometry":{"type":"Point","coordinates":[-43.06843,-19.43588]},"properties":{"id":14509,"name":"Santa Maria de Itabira","state_code":"MG","country_code":"BR"}},{"type":"Feature","geometry":{"type":"Point","coordinates":[-40.11096,-16.3044]},"properties":{"id":14515,"name":"Santa Maria do Salto","state_code":"MG","country_code":"BR"}},{"type":"Feature","geometry":{"type":"Point","coordinates":[-42.33882,-18.25258]},"properties":{"id":14516,"name":"Santa Maria do Suaçuí","state_code":"MG","country_code":"BR"}},{"type":"Feature","geometry":{"type":"Point","coordinates":[-46.27369,-22.01936]},"properties":{"id":14527,"name":"Santa Rita de Caldas","state_code":"MG","country_code":"BR"}},{"type":"Feature","geometry":{"type":"Point","coordinates":[-43.95797,-21.56153]},"properties":{"id":14529,"name":"Santa Rita de Ibitipoca","state_code":"MG","country_code":"BR"}},{"type":"Feature","geometry":{"type":"Point","coordinates":[-44.10325,-22.10905]},"properties":{"id":14530,"name":"Santa Rita de Jacutinga","state_code":"MG","country_code":"BR"}},{"type":"Feature","geometry":{"type":"Point","coordinates":[-42.127,-19.86922]},"properties":{"id":14531,"name":"Santa Rita de Minas","state_code":"MG","country_code":"BR"}},{"type":"Feature","geometry":{"type":"Point","coordinates":[-41.40277,-19.41798]},"properties":{"id":14533,"name":"Santa Rita do Itueto","state_code":"MG","country_code":"BR"}},{"type":"Feature","geometry":{"type":"Point","coordinates":[-45.67459,-22.25623]},"properties":{"id":14537,"name":"Santa Rita do Sapucaí","state_code":"MG","country_code":"BR"}},{"type":"Feature","geometry":{"type":"Point","coordinates":[-45.98,-19.53874]},"properties":{"id":14541,"name":"Santa Rosa da Serra","state_code":"MG","country_code":"BR"}},{"type":"Feature","geometry":{"type":"Point","coordinates":[-50.29906,-19.09193]},"properties":{"id":14565,"name":"Santa Vitória","state_code":"MG","country_code":"BR"}},{"type":"Feature","geometry":{"type":"Point","coordinates":[-45.48969,-21.26761]},"properties":{"id":14572,"name":"Santana da Vargem","state_code":"MG","country_code":"BR"}},{"type":"Feature","geometry":{"type":"Point","coordinates":[-42.5658,-21.28322]},"properties":{"id":14573,"name":"Santana de Cataguases","state_code":"MG","country_code":"BR"}},{"type":"Feature","geometry":{"type":"Point","coordinates":[-43.92702,-18.90777]},"properties":{"id":14576,"name":"Santana de Pirapama","state_code":"MG","country_code":"BR"}},{"type":"Feature","geometry":{"type":"Point","coordinates":[-43.17445,-21.94535]},"properties":{"id":14580,"name":"Santana do Deserto","state_code":"MG","country_code":"BR"}},{"type":"Feature","geometry":{"type":"Point","coordinates":[-44.06937,-21.64675]},"properties":{"id":14581,"name":"Santana do Garambéu","state_code":"MG","country_code":"BR"}},{"type":"Feature","geometry":{"type":"Point","coordinates":[-45.07914,-20.88867]},"properties":{"id":14584,"name":"Santana do Jacaré","state_code":"MG","country_code":"BR"}},{"type":"Feature","geometry":{"type":"Point","coordinates":[-41.8977,-20.05562]},"properties":{"id":14586,"name":"Santana do Manhuaçu","state_code":"MG","country_code":"BR"}},{"type":"Feature","geometry":{"type":"Point","coordinates":[-42.54068,-19.3801]},"properties":{"id":14590,"name":"Santana do Paraíso","state_code":"MG","country_code":"BR"}},{"type":"Feature","geometry":{"type":"Point","coordinates":[-43.6838,-19.1842]},"properties":{"id":14592,"name":"Santana do Riacho","state_code":"MG","country_code":"BR"}},{"type":"Feature","geometry":{"type":"Point","coordinates":[-43.64577,-20.79856]},"properties":{"id":14596,"name":"Santana dos Montes","state_code":"MG","country_code":"BR"}},{"type":"Feature","geometry":{"type":"Point","coordinates":[-44.95511,-20.9166]},"properties":{"id":14621,"name":"Santo Antônio do Amparo","state_code":"MG","country_code":"BR"}},{"type":"Feature","geometry":{"type":"Point","coordinates":[-42.811,-21.74424]},"properties":{"id":14623,"name":"Santo Antônio do Aventureiro","state_code":"MG","country_code":"BR"}},{"type":"Feature","geometry":{"type":"Point","coordinates":[-42.61551,-20.32329]},"properties":{"id":14626,"name":"Santo Antônio do Grama","state_code":"MG","country_code":"BR"}},{"type":"Feature","geometry":{"type":"Point","coordinates":[-43.26278,-18.49169]},"properties":{"id":14627,"name":"Santo Antônio do Itambé","state_code":"MG","country_code":"BR"}},{"type":"Feature","geometry":{"type":"Point","coordinates":[-40.27997,-16.50934]},"properties":{"id":14629,"name":"Santo Antônio do Jacinto","state_code":"MG","country_code":"BR"}},{"type":"Feature","geometry":{"type":"Point","coordinates":[-45.30587,-20.07993]},"properties":{"id":14633,"name":"Santo Antônio do Monte","state_code":"MG","country_code":"BR"}},{"type":"Feature","geometry":{"type":"Point","coordinates":[-42.64417,-15.30144]},"properties":{"id":14638,"name":"Santo Antônio do Retiro","state_code":"MG","country_code":"BR"}},{"type":"Feature","geometry":{"type":"Point","coordinates":[-43.253,-19.25051]},"properties":{"id":14639,"name":"Santo Antônio do Rio Abaixo","state_code":"MG","country_code":"BR"}},{"type":"Feature","geometry":{"type":"Point","coordinates":[-44.17728,-18.38378]},"properties":{"id":14649,"name":"Santo Hipólito","state_code":"MG","country_code":"BR"}},{"type":"Feature","geometry":{"type":"Point","coordinates":[-43.52573,-21.46453]},"properties":{"id":14654,"name":"Santos Dumont","state_code":"MG","country_code":"BR"}},{"type":"Feature","geometry":{"type":"Point","coordinates":[-45.06653,-21.55981]},"properties":{"id":14837,"name":"São Bento Abade","state_code":"MG","country_code":"BR"}},{"type":"Feature","geometry":{"type":"Point","coordinates":[-43.96923,-20.62195]},"properties":{"id":14851,"name":"São Brás do Suaçuí","state_code":"MG","country_code":"BR"}},{"type":"Feature","geometry":{"type":"Point","coordinates":[-42.03401,-19.51985]},"properties":{"id":14866,"name":"São Domingos das Dores","state_code":"MG","country_code":"BR"}},{"type":"Feature","geometry":{"type":"Point","coordinates":[-42.88422,-19.89785]},"properties":{"id":14873,"name":"São Domingos do Prata","state_code":"MG","country_code":"BR"}},{"type":"Feature","geometry":{"type":"Point","coordinates":[-41.44459,-18.55894]},"properties":{"id":14901,"name":"São Félix de Minas","state_code":"MG","country_code":"BR"}},{"type":"Feature","geometry":{"type":"Point","coordinates":[-44.84306,-15.88365]},"properties":{"id":14882,"name":"São Francisco","state_code":"MG","country_code":"BR"}},{"type":"Feature","geometry":{"type":"Point","coordinates":[-44.99234,-20.71868]},"properties":{"id":14888,"name":"São Francisco de Paula","state_code":"MG","country_code":"BR"}},{"type":"Feature","geometry":{"type":"Point","coordinates":[-49.8104,-19.77179]},"properties":{"id":14889,"name":"São Francisco de Sales","state_code":"MG","country_code":"BR"}},{"type":"Feature","geometry":{"type":"Point","coordinates":[-42.28488,-20.78528]},"properties":{"id":14892,"name":"São Francisco do Glória","state_code":"MG","country_code":"BR"}},{"type":"Feature","geometry":{"type":"Point","coordinates":[-42.82833,-20.90833]},"properties":{"id":14912,"name":"São Geraldo","state_code":"MG","country_code":"BR"}},{"type":"Feature","geometry":{"type":"Point","coordinates":[-42.31056,-18.91396]},"properties":{"id":14913,"name":"São Geraldo da Piedade","state_code":"MG","country_code":"BR"}},{"type":"Feature","geometry":{"type":"Point","coordinates":[-41.36253,-18.91798]},"properties":{"id":14915,"name":"São Geraldo do Baixio","state_code":"MG","country_code":"BR"}},{"type":"Feature","geometry":{"type":"Point","coordinates":[-45.61317,-18.23315]},"properties":{"id":14917,"name":"São Gonçalo do Abaeté","state_code":"MG","country_code":"BR"}},{"type":"Feature","geometry":{"type":"Point","coordinates":[-44.84024,-19.9729]},"properties":{"id":14921,"name":"São Gonçalo do Pará","state_code":"MG","country_code":"BR"}},{"type":"Feature","geometry":{"type":"Point","coordinates":[-43.32838,-19.81182]},"properties":{"id":14923,"name":"São Gonçalo do Rio Abaixo","state_code":"MG","country_code":"BR"}},{"type":"Feature","geometry":{"type":"Point","coordinates":[-43.35534,-18.0763]},"properties":{"id":14924,"name":"São Gonçalo do Rio Preto","state_code":"MG","country_code":"BR"}},{"type":"Feature","geometry":{"type":"Point","coordinates":[-45.60119,-21.91053]},"properties":{"id":14925,"name":"São Gonçalo do Sapucaí","state_code":"MG","country_code":"BR"}},{"type":"Feature","geometry":{"type":"Point","coordinates":[-46.04889,-19.31111]},"properties":{"id":14927,"name":"São Gotardo","state_code":"MG","country_code":"BR"}},{"type":"Feature","geometry":{"type":"Point","coordinates":[-46.4458,-20.53122]},"properties":{"id":15002,"name":"São João Batista do Glória","state_code":"MG","country_code":"BR"}},{"type":"Feature","geometry":{"type":"Point","coordinates":[-44.34205,-16.87872]},"properties":{"id":15010,"name":"São João da Lagoa","state_code":"MG","country_code":"BR"}},{"type":"Feature","geometry":{"type":"Point","coordinates":[-45.933,-21.93521]},"properties":{"id":15011,"name":"São João da Mata","state_code":"MG","country_code":"BR"}},{"type":"Feature","geometry":{"type":"Point","coordinates":[-43.83053,-15.90314]},"properties":{"id":15014,"name":"São João da Ponte","state_code":"MG","country_code":"BR"}},{"type":"Feature","geometry":{"type":"Point","coordinates":[-44.21265,-14.88665]},"properties":{"id":15019,"name":"São João das Missões","state_code":"MG","country_code":"BR"}},{"type":"Feature","geometry":{"type":"Point","coordinates":[-44.24481,-21.25033]},"properties":{"id":15023,"name":"São João del Rei","state_code":"MG","country_code":"BR"}},{"type":"Feature","geometry":{"type":"Point","coordinates":[-42.15632,-20.38351]},"properties":{"id":15032,"name":"São João do Manhuaçu","state_code":"MG","country_code":"BR"}},{"type":"Feature","geometry":{"type":"Point","coordinates":[-41.15749,-18.7395]},"properties":{"id":15033,"name":"São João do Manteninha","state_code":"MG","country_code":"BR"}},{"type":"Feature","geometry":{"type":"Point","coordinates":[-42.17407,-19.34848]},"properties":{"id":15035,"name":"São João do Oriente","state_code":"MG","country_code":"BR"}},{"type":"Feature","geometry":{"type":"Point","coordinates":[-44.54062,-16.53392]},"properties":{"id":15036,"name":"São João do Pacuí","state_code":"MG","country_code":"BR"}},{"type":"Feature","geometry":{"type":"Point","coordinates":[-41.95693,-15.37652]},"properties":{"id":15038,"name":"São João do Paraíso","state_code":"MG","country_code":"BR"}},{"type":"Feature","geometry":{"type":"Point","coordinates":[-42.78221,-18.50849]},"properties":{"id":15003,"name":"São João Evangelista","state_code":"MG","country_code":"BR"}},{"type":"Feature","geometry":{"type":"Point","coordinates":[-43.01503,-21.58615]},"properties":{"id":15004,"name":"São João Nepomuceno","state_code":"MG","country_code":"BR"}},{"type":"Feature","geometry":{"type":"Point","coordinates":[-44.24979,-20.05781]},"properties":{"id":14932,"name":"São Joaquim de Bicas","state_code":"MG","country_code":"BR"}},{"type":"Feature","geometry":{"type":"Point","coordinates":[-46.28526,-20.7505]},"properties":{"id":14939,"name":"São José da Barra","state_code":"MG","country_code":"BR"}},{"type":"Feature","geometry":{"type":"Point","coordinates":[-43.99106,-19.69017]},"properties":{"id":14945,"name":"São José da Lapa","state_code":"MG","country_code":"BR"}},{"type":"Feature","geometry":{"type":"Point","coordinates":[-42.10391,-18.33059]},"properties":{"id":14946,"name":"São José da Safira","state_code":"MG","country_code":"BR"}},{"type":"Feature","geometry":{"type":"Point","coordinates":[-44.55308,-19.6891]},"properties":{"id":14948,"name":"São José da Varginha","state_code":"MG","country_code":"BR"}},{"type":"Feature","geometry":{"type":"Point","coordinates":[-45.52023,-22.34058]},"properties":{"id":14959,"name":"São José do Alegre","state_code":"MG","country_code":"BR"}},{"type":"Feature","geometry":{"type":"Point","coordinates":[-41.37248,-18.40103]},"properties":{"id":14969,"name":"São José do Divino","state_code":"MG","country_code":"BR"}},{"type":"Feature","geometry":{"type":"Point","coordinates":[-42.69184,-19.9236]},"properties":{"id":14971,"name":"São José do Goiabal","state_code":"MG","country_code":"BR"}},{"type":"Feature","geometry":{"type":"Point","coordinates":[-42.67396,-18.2516]},"properties":{"id":14975,"name":"São José do Jacuri","state_code":"MG","country_code":"BR"}},{"type":"Feature","geometry":{"type":"Point","coordinates":[-41.76334,-20.02453]},"properties":{"id":14977,"name":"São José do Mantimento","state_code":"MG","country_code":"BR"}},{"type":"Feature","geometry":{"type":"Point","coordinates":[-45.03226,-22.11746]},"properties":{"id":15052,"name":"São Lourenço","state_code":"MG","country_code":"BR"}},{"type":"Feature","geometry":{"type":"Point","coordinates":[-42.69789,-20.73482]},"properties":{"id":15086,"name":"São Miguel do Anta","state_code":"MG","country_code":"BR"}},{"type":"Feature","geometry":{"type":"Point","coordinates":[-46.6476,-21.1129]},"properties":{"id":15111,"name":"São Pedro da União","state_code":"MG","country_code":"BR"}},{"type":"Feature","geometry":{"type":"Point","coordinates":[-42.5957,-18.35451]},"properties":{"id":15120,"name":"São Pedro do Suaçuí","state_code":"MG","country_code":"BR"}},{"type":"Feature","geometry":{"type":"Point","coordinates":[-42.56304,-20.06522]},"properties":{"id":15124,"name":"São Pedro dos Ferros","state_code":"MG","country_code":"BR"}},{"type":"Feature","geometry":{"type":"Point","coordinates":[-45.46775,-16.35912]},"properties":{"id":15130,"name":"São Romão","state_code":"MG","country_code":"BR"}},{"type":"Feature","geometry":{"type":"Point","coordinates":[-46.47292,-20.16741]},"properties":{"id":15132,"name":"São Roque de Minas","state_code":"MG","country_code":"BR"}},{"type":"Feature","geometry":{"type":"Point","coordinates":[-45.78515,-22.16425]},"properties":{"id":15138,"name":"São Sebastião da Bela Vista","state_code":"MG","country_code":"BR"}},{"type":"Feature","geometry":{"type":"Point","coordinates":[-42.59877,-21.02882]},"properties":{"id":15141,"name":"São Sebastião da Vargem Alegre","state_code":"MG","country_code":"BR"}},{"type":"Feature","geometry":{"type":"Point","coordinates":[-41.93921,-19.51787]},"properties":{"id":15144,"name":"São Sebastião do Anta","state_code":"MG","country_code":"BR"}},{"type":"Feature","geometry":{"type":"Point","coordinates":[-42.5373,-18.06833]},"properties":{"id":15146,"name":"São Sebastião do Maranhão","state_code":"MG","country_code":"BR"}},{"type":"Feature","geometry":{"type":"Point","coordinates":[-45.04068,-20.24378]},"properties":{"id":15147,"name":"São Sebastião do Oeste","state_code":"MG","country_code":"BR"}},{"type":"Feature","geometry":{"type":"Point","coordinates":[-46.99139,-20.91694]},"properties":{"id":15148,"name":"São Sebastião do Paraíso","state_code":"MG","country_code":"BR"}},{"type":"Feature","geometry":{"type":"Point","coordinates":[-43.22996,-19.29918]},"properties":{"id":15150,"name":"São Sebastião do Rio Preto","state_code":"MG","country_code":"BR"}},{"type":"Feature","geometry":{"type":"Point","coordinates":[-45.02049,-22.21276]},"properties":{"id":15151,"name":"São Sebastião do Rio Verde","state_code":"MG","country_code":"BR"}},{"type":"Feature","geometry":{"type":"Point","coordinates":[-44.96812,-21.73939]},"properties":{"id":15158,"name":"São Thomé das Letras","state_code":"MG","country_code":"BR"}},{"type":"Feature","geometry":{"type":"Point","coordinates":[-44.55961,-20.93607]},"properties":{"id":15159,"name":"São Tiago","state_code":"MG","country_code":"BR"}},{"type":"Feature","geometry":{"type":"Point","coordinates":[-47.13081,-20.80317]},"properties":{"id":15160,"name":"São Tomás de Aquino","state_code":"MG","country_code":"BR"}},{"type":"Feature","geometry":{"type":"Point","coordinates":[-44.4665,-21.67023]},"properties":{"id":15172,"name":"São Vicente de Minas","state_code":"MG","country_code":"BR"}},{"type":"Feature","geometry":{"type":"Point","coordinates":[-45.84222,-22.79166]},"properties":{"id":14664,"name":"Sapucaí-Mirim","state_code":"MG","country_code":"BR"}},{"type":"Feature","geometry":{"type":"Point","coordinates":[-42.40303,-18.77353]},"properties":{"id":14670,"name":"Sardoá","state_code":"MG","country_code":"BR"}},{"type":"Feature","geometry":{"type":"Point","coordinates":[-44.13442,-20.04463]},"properties":{"id":14672,"name":"Sarzedo","state_code":"MG","country_code":"BR"}},{"type":"Feature","geometry":{"type":"Point","coordinates":[-42.81556,-20.07337]},"properties":{"id":14691,"name":"Sem-Peixe","state_code":"MG","country_code":"BR"}},{"type":"Feature","geometry":{"type":"Point","coordinates":[-46.22421,-22.55358]},"properties":{"id":14694,"name":"Senador Amaral","state_code":"MG","country_code":"BR"}},{"type":"Feature","geometry":{"type":"Point","coordinates":[-42.91138,-21.76164]},"properties":{"id":14696,"name":"Senador Cortes","state_code":"MG","country_code":"BR"}},{"type":"Feature","geometry":{"type":"Point","coordinates":[-43.11033,-20.8968]},"properties":{"id":14698,"name":"Senador Firmino","state_code":"MG","country_code":"BR"}},{"type":"Feature","geometry":{"type":"Point","coordinates":[-46.14282,-22.15837]},"properties":{"id":14701,"name":"Senador José Bento","state_code":"MG","country_code":"BR"}},{"type":"Feature","geometry":{"type":"Point","coordinates":[-43.21328,-17.91341]},"properties":{"id":14704,"name":"Senador Modestino Gonçalves","state_code":"MG","country_code":"BR"}},{"type":"Feature","geometry":{"type":"Point","coordinates":[-43.34536,-20.8018]},"properties":{"id":14711,"name":"Senhora de Oliveira","state_code":"MG","country_code":"BR"}},{"type":"Feature","geometry":{"type":"Point","coordinates":[-43.08578,-18.90274]},"properties":{"id":14712,"name":"Senhora do Porto","state_code":"MG","country_code":"BR"}},{"type":"Feature","geometry":{"type":"Point","coordinates":[-43.5968,-21.02878]},"properties":{"id":14713,"name":"Senhora dos Remédios","state_code":"MG","country_code":"BR"}},{"type":"Feature","geometry":{"type":"Point","coordinates":[-42.45991,-20.49536]},"properties":{"id":14717,"name":"Sericita","state_code":"MG","country_code":"BR"}},{"type":"Feature","geometry":{"type":"Point","coordinates":[-44.463,-21.91887]},"properties":{"id":14719,"name":"Seritinga","state_code":"MG","country_code":"BR"}},{"type":"Feature","geometry":{"type":"Point","coordinates":[-43.20251,-18.38225]},"properties":{"id":14724,"name":"Serra Azul de Minas","state_code":"MG","country_code":"BR"}},{"type":"Feature","geometry":{"type":"Point","coordinates":[-45.80002,-19.38394]},"properties":{"id":14736,"name":"Serra da Saudade","state_code":"MG","country_code":"BR"}},{"type":"Feature","geometry":{"type":"Point","coordinates":[-46.65307,-19.1499]},"properties":{"id":14741,"name":"Serra do Salitre","state_code":"MG","country_code":"BR"}},{"type":"Feature","geometry":{"type":"Point","coordinates":[-40.27113,-17.75022]},"properties":{"id":14742,"name":"Serra dos Aimorés","state_code":"MG","country_code":"BR"}},{"type":"Feature","geometry":{"type":"Point","coordinates":[-46.10712,-21.5551]},"properties":{"id":14744,"name":"Serrania","state_code":"MG","country_code":"BR"}},{"type":"Feature","geometry":{"type":"Point","coordinates":[-42.85134,-15.89984]},"properties":{"id":14748,"name":"Serranópolis de Minas","state_code":"MG","country_code":"BR"}},{"type":"Feature","geometry":{"type":"Point","coordinates":[-44.54236,-21.82389]},"properties":{"id":14746,"name":"Serranos","state_code":"MG","country_code":"BR"}},{"type":"Feature","geometry":{"type":"Point","coordinates":[-43.38075,-18.52041]},"properties":{"id":14755,"name":"Serro","state_code":"MG","country_code":"BR"}},{"type":"Feature","geometry":{"type":"Point","coordinates":[-44.24667,-19.46583]},"properties":{"id":14765,"name":"Sete Lagoas","state_code":"MG","country_code":"BR"}},{"type":"Feature","geometry":{"type":"Point","coordinates":[-42.19505,-17.66692]},"properties":{"id":14768,"name":"Setubinha","state_code":"MG","country_code":"BR"}},{"type":"Feature","geometry":{"type":"Point","coordinates":[-43.19826,-21.14447]},"properties":{"id":14779,"name":"Silveirânia","state_code":"MG","country_code":"BR"}},{"type":"Feature","geometry":{"type":"Point","coordinates":[-45.81579,-22.05297]},"properties":{"id":14781,"name":"Silvianópolis","state_code":"MG","country_code":"BR"}},{"type":"Feature","geometry":{"type":"Point","coordinates":[-43.2903,-21.96631]},"properties":{"id":14787,"name":"Simão Pereira","state_code":"MG","country_code":"BR"}},{"type":"Feature","geometry":{"type":"Point","coordinates":[-41.98726,-19.99894]},"properties":{"id":14784,"name":"Simonésia","state_code":"MG","country_code":"BR"}},{"type":"Feature","geometry":{"type":"Point","coordinates":[-42.14818,-19.21309]},"properties":{"id":14799,"name":"Sobrália","state_code":"MG","country_code":"BR"}},{"type":"Feature","geometry":{"type":"Point","coordinates":[-45.04271,-22.02216]},"properties":{"id":14804,"name":"Soledade de Minas","state_code":"MG","country_code":"BR"}},{"type":"Feature","geometry":{"type":"Point","coordinates":[-43.24828,-21.35779]},"properties":{"id":15191,"name":"Tabuleiro","state_code":"MG","country_code":"BR"}},{"type":"Feature","geometry":{"type":"Point","coordinates":[-42.09039,-15.838]},"properties":{"id":15202,"name":"Taiobeiras","state_code":"MG","country_code":"BR"}},{"type":"Feature","geometry":{"type":"Point","coordinates":[-41.60277,-19.72752]},"properties":{"id":15224,"name":"Taparuba","state_code":"MG","country_code":"BR"}},{"type":"Feature","geometry":{"type":"Point","coordinates":[-46.91795,-19.9337]},"properties":{"id":15233,"name":"Tapira","state_code":"MG","country_code":"BR"}},{"type":"Feature","geometry":{"type":"Point","coordinates":[-46.13291,-19.87272]},"properties":{"id":15237,"name":"Tapiraí","state_code":"MG","country_code":"BR"}},{"type":"Feature","geometry":{"type":"Point","coordinates":[-43.69161,-19.63354]},"properties":{"id":15244,"name":"Taquaraçu de Minas","state_code":"MG","country_code":"BR"}},{"type":"Feature","geometry":{"type":"Point","coordinates":[-41.91984,-19.30041]},"properties":{"id":15256,"name":"Tarumirim","state_code":"MG","country_code":"BR"}},{"type":"Feature","geometry":{"type":"Point","coordinates":[-42.85443,-20.63003]},"properties":{"id":15268,"name":"Teixeiras","state_code":"MG","country_code":"BR"}},{"type":"Feature","geometry":{"type":"Point","coordinates":[-41.33738,-17.6791]},"properties":{"id":15301,"name":"Teófilo Otoni","state_code":"MG","country_code":"BR"}},{"type":"Feature","geometry":{"type":"Point","coordinates":[-42.64953,-19.58106]},"properties":{"id":15319,"name":"Timóteo","state_code":"MG","country_code":"BR"}},{"type":"Feature","geometry":{"type":"Point","coordinates":[-44.16072,-21.11854]},"properties":{"id":15321,"name":"Tiradentes","state_code":"MG","country_code":"BR"}},{"type":"Feature","geometry":{"type":"Point","coordinates":[-45.84049,-18.85727]},"properties":{"id":15323,"name":"Tiros","state_code":"MG","country_code":"BR"}},{"type":"Feature","geometry":{"type":"Point","coordinates":[-43.02555,-21.18115]},"properties":{"id":15325,"name":"Tocantins","state_code":"MG","country_code":"BR"}},{"type":"Feature","geometry":{"type":"Point","coordinates":[-46.14951,-22.35665]},"properties":{"id":15328,"name":"Tocos do Moji","state_code":"MG","country_code":"BR"}},{"type":"Feature","geometry":{"type":"Point","coordinates":[-46.39041,-22.70569]},"properties":{"id":15330,"name":"Toledo","state_code":"MG","country_code":"BR"}},{"type":"Feature","geometry":{"type":"Point","coordinates":[-42.06821,-20.88046]},"properties":{"id":15333,"name":"Tombos","state_code":"MG","country_code":"BR"}},{"type":"Feature","geometry":{"type":"Point","coordinates":[-45.21421,-21.7026]},"properties":{"id":15373,"name":"Três Corações","state_code":"MG","country_code":"BR"}},{"type":"Feature","geometry":{"type":"Point","coordinates":[-45.02559,-18.28891]},"properties":{"id":15378,"name":"Três Marias","state_code":"MG","country_code":"BR"}},{"type":"Feature","geometry":{"type":"Point","coordinates":[-45.49443,-21.40521]},"properties":{"id":15381,"name":"Três Pontas","state_code":"MG","country_code":"BR"}},{"type":"Feature","geometry":{"type":"Point","coordinates":[-41.72297,-19.02399]},"properties":{"id":15392,"name":"Tumiritinga","state_code":"MG","country_code":"BR"}},{"type":"Feature","geometry":{"type":"Point","coordinates":[-48.705,-18.59222]},"properties":{"id":15398,"name":"Tupaciguara","state_code":"MG","country_code":"BR"}},{"type":"Feature","geometry":{"type":"Point","coordinates":[-42.83041,-17.25347]},"properties":{"id":15413,"name":"Turmalina","state_code":"MG","country_code":"BR"}},{"type":"Feature","geometry":{"type":"Point","coordinates":[-45.80089,-21.87243]},"properties":{"id":15420,"name":"Turvolândia","state_code":"MG","country_code":"BR"}},{"type":"Feature","geometry":{"type":"Point","coordinates":[-42.94278,-21.12]},"properties":{"id":15438,"name":"Ubá","state_code":"MG","country_code":"BR"}},{"type":"Feature","geometry":{"type":"Point","coordinates":[-44.85525,-16.38337]},"properties":{"id":15431,"name":"Ubaí","state_code":"MG","country_code":"BR"}},{"type":"Feature","geometry":{"type":"Point","coordinates":[-42.05903,-19.66187]},"properties":{"id":15427,"name":"Ubaporanga","state_code":"MG","country_code":"BR"}},{"type":"Feature","geometry":{"type":"Point","coordinates":[-47.94144,-19.54826]},"properties":{"id":15433,"name":"Uberaba","state_code":"MG","country_code":"BR"}},{"type":"Feature","geometry":{"type":"Point","coordinates":[-48.33477,-19.02333]},"properties":{"id":15434,"name":"Uberlândia","state_code":"MG","country_code":"BR"}},{"type":"Feature","geometry":{"type":"Point","coordinates":[-40.66878,-17.25657]},"properties":{"id":15448,"name":"Umburatiba","state_code":"MG","country_code":"BR"}},{"type":"Feature","geometry":{"type":"Point","coordinates":[-46.77009,-16.58634]},"properties":{"id":15453,"name":"Unaí","state_code":"MG","country_code":"BR"}},{"type":"Feature","geometry":{"type":"Point","coordinates":[-50.35738,-19.34087]},"properties":{"id":15460,"name":"União de Minas","state_code":"MG","country_code":"BR"}},{"type":"Feature","geometry":{"type":"Point","coordinates":[-46.33829,-16.07488]},"properties":{"id":15470,"name":"Uruana de Minas","state_code":"MG","country_code":"BR"}},{"type":"Feature","geometry":{"type":"Point","coordinates":[-42.71972,-20.32243]},"properties":{"id":15478,"name":"Urucânia","state_code":"MG","country_code":"BR"}},{"type":"Feature","geometry":{"type":"Point","coordinates":[-45.61731,-16.01822]},"properties":{"id":15476,"name":"Urucuia","state_code":"MG","country_code":"BR"}},{"type":"Feature","geometry":{"type":"Point","coordinates":[-42.3233,-19.60085]},"properties":{"id":15508,"name":"Vargem Alegre","state_code":"MG","country_code":"BR"}},{"type":"Feature","geometry":{"type":"Point","coordinates":[-46.31426,-20.40556]},"properties":{"id":15510,"name":"Vargem Bonita","state_code":"MG","country_code":"BR"}},{"type":"Feature","geometry":{"type":"Point","coordinates":[-42.30107,-15.34182]},"properties":{"id":15514,"name":"Vargem Grande do Rio Pardo","state_code":"MG","country_code":"BR"}},{"type":"Feature","geometry":{"type":"Point","coordinates":[-45.43028,-21.55139]},"properties":{"id":15517,"name":"Varginha","state_code":"MG","country_code":"BR"}},{"type":"Feature","geometry":{"type":"Point","coordinates":[-45.89854,-18.45617]},"properties":{"id":15520,"name":"Varjão de MInas","state_code":"MG","country_code":"BR"}},{"type":"Feature","geometry":{"type":"Point","coordinates":[-44.74043,-17.46025]},"properties":{"id":15621,"name":"Várzea da Palma","state_code":"MG","country_code":"BR"}},{"type":"Feature","geometry":{"type":"Point","coordinates":[-43.92043,-15.65541]},"properties":{"id":15523,"name":"Varzelândia","state_code":"MG","country_code":"BR"}},{"type":"Feature","geometry":{"type":"Point","coordinates":[-46.79546,-17.78783]},"properties":{"id":15525,"name":"Vazante","state_code":"MG","country_code":"BR"}},{"type":"Feature","geometry":{"type":"Point","coordinates":[-43.68013,-15.54677]},"properties":{"id":15540,"name":"Verdelândia","state_code":"MG","country_code":"BR"}},{"type":"Feature","geometry":{"type":"Point","coordinates":[-42.74858,-17.50571]},"properties":{"id":15542,"name":"Veredinha","state_code":"MG","country_code":"BR"}},{"type":"Feature","geometry":{"type":"Point","coordinates":[-48.35893,-19.59178]},"properties":{"id":15547,"name":"Veríssimo","state_code":"MG","country_code":"BR"}},{"type":"Feature","geometry":{"type":"Point","coordinates":[-42.27068,-20.03087]},"properties":{"id":15543,"name":"Vermelho Novo","state_code":"MG","country_code":"BR"}},{"type":"Feature","geometry":{"type":"Point","coordinates":[-43.92333,-19.69194]},"properties":{"id":15548,"name":"Vespasiano","state_code":"MG","country_code":"BR"}},{"type":"Feature","geometry":{"type":"Point","coordinates":[-42.89525,-20.73527]},"properties":{"id":15607,"name":"Viçosa","state_code":"MG","country_code":"BR"}},{"type":"Feature","geometry":{"type":"Point","coordinates":[-42.28015,-20.90888]},"properties":{"id":15562,"name":"Vieiras","state_code":"MG","country_code":"BR"}},{"type":"Feature","geometry":{"type":"Point","coordinates":[-42.34853,-16.71637]},"properties":{"id":15582,"name":"Virgem da Lapa","state_code":"MG","country_code":"BR"}},{"type":"Feature","geometry":{"type":"Point","coordinates":[-45.11577,-22.35515]},"properties":{"id":15585,"name":"Virgínia","state_code":"MG","country_code":"BR"}},{"type":"Feature","geometry":{"type":"Point","coordinates":[-42.66943,-18.81508]},"properties":{"id":15583,"name":"Virginópolis","state_code":"MG","country_code":"BR"}},{"type":"Feature","geometry":{"type":"Point","coordinates":[-42.30736,-18.44284]},"properties":{"id":15584,"name":"Virgolândia","state_code":"MG","country_code":"BR"}},{"type":"Feature","geometry":{"type":"Point","coordinates":[-42.85289,-20.9951]},"properties":{"id":15587,"name":"Visconde do Rio Branco","state_code":"MG","country_code":"BR"}},{"type":"Feature","geometry":{"type":"Point","coordinates":[-42.57357,-21.75298]},"properties":{"id":15609,"name":"Volta Grande","state_code":"MG","country_code":"BR"}},{"type":"Feature","geometry":{"type":"Point","coordinates":[-45.40214,-22.53974]},"properties":{"id":15628,"name":"Wenceslau Braz","state_code":"MG","country_code":"BR"}}]}