{"type":"FeatureCollection","features":[{"type":"Feature","geometry":{"type":"Point","coordinates":[-51.06669,-21.59136]},"properties":{"id":10080,"name":"Adamantina","state_code":"SP","country_code":"BR"}},{"type":"Feature","geometry":{"type":"Point","coordinates":[-49.65497,-21.28535]},"properties":{"id":10082,"name":"Adolfo","state_code":"SP","country_code":"BR"}},{"type":"Feature","geometry":{"type":"Point","coordinates":[-47.06702,-22.0259]},"properties":{"id":10096,"name":"Aguaí","state_code":"SP","country_code":"BR"}},{"type":"Feature","geometry":{"type":"Point","coordinates":[-46.68666,-21.91623]},"properties":{"id":15671,"name":"Águas da Prata","state_code":"SP","country_code":"BR"}},{"type":"Feature","geometry":{"type":"Point","coordinates":[-46.63278,-22.47639]},"properties":{"id":15673,"name":"Águas de Lindóia","state_code":"SP","country_code":"BR"}},{"type":"Feature","geometry":{"type":"Point","coordinates":[-49.25362,-22.85764]},"properties":{"id":15674,"name":"Águas de Santa Bárbara","state_code":"SP","country_code":"BR"}},{"type":"Feature","geometry":{"type":"Point","coordinates":[-47.87481,-22.60238]},"properties":{"id":15675,"name":"Águas de São Pedro","state_code":"SP","country_code":"BR"}},{"type":"Feature","geometry":{"type":"Point","coordinates":[-49.16164,-22.58942]},"properties":{"id":10098,"name":"Agudos","state_code":"SP","country_code":"BR"}},{"type":"Feature","geometry":{"type":"Point","coordinates":[-47.86273,-23.53745]},"properties":{"id":10114,"name":"Alambari","state_code":"SP","country_code":"BR"}},{"type":"Feature","geometry":{"type":"Point","coordinates":[-51.39519,-21.92954]},"properties":{"id":10132,"name":"Alfredo Marcondes","state_code":"SP","country_code":"BR"}},{"type":"Feature","geometry":{"type":"Point","coordinates":[-49.10219,-20.53889]},"properties":{"id":10152,"name":"Altair","state_code":"SP","country_code":"BR"}},{"type":"Feature","geometry":{"type":"Point","coordinates":[-47.39795,-21.00412]},"properties":{"id":10159,"name":"Altinópolis","state_code":"SP","country_code":"BR"}},{"type":"Feature","geometry":{"type":"Point","coordinates":[-50.19601,-21.63149]},"properties":{"id":10160,"name":"Alto Alegre","state_code":"SP","country_code":"BR"}},{"type":"Feature","geometry":{"type":"Point","coordinates":[-47.28373,-23.52259]},"properties":{"id":10189,"name":"Alumínio","state_code":"SP","country_code":"BR"}},{"type":"Feature","geometry":{"type":"Point","coordinates":[-49.91405,-20.27757]},"properties":{"id":15677,"name":"Álvares Florence","state_code":"SP","country_code":"BR"}},{"type":"Feature","geometry":{"type":"Point","coordinates":[-51.47194,-22.07944]},"properties":{"id":15678,"name":"Álvares Machado","state_code":"SP","country_code":"BR"}},{"type":"Feature","geometry":{"type":"Point","coordinates":[-49.73512,-22.08676]},"properties":{"id":15679,"name":"Álvaro de Carvalho","state_code":"SP","country_code":"BR"}},{"type":"Feature","geometry":{"type":"Point","coordinates":[-49.76243,-22.45669]},"properties":{"id":10192,"name":"Alvinlândia","state_code":"SP","country_code":"BR"}},{"type":"Feature","geometry":{"type":"Point","coordinates":[-47.29009,-22.71408]},"properties":{"id":10213,"name":"Americana","state_code":"SP","country_code":"BR"}},{"type":"Feature","geometry":{"type":"Point","coordinates":[-48.01568,-21.71797]},"properties":{"id":10225,"name":"Américo Brasiliense","state_code":"SP","country_code":"BR"}},{"type":"Feature","geometry":{"type":"Point","coordinates":[-49.75539,-20.27453]},"properties":{"id":10226,"name":"Américo de Campos","state_code":"SP","country_code":"BR"}},{"type":"Feature","geometry":{"type":"Point","coordinates":[-46.76444,-22.70111]},"properties":{"id":10218,"name":"Amparo","state_code":"SP","country_code":"BR"}},{"type":"Feature","geometry":{"type":"Point","coordinates":[-47.68938,-22.12002]},"properties":{"id":10232,"name":"Analândia","state_code":"SP","country_code":"BR"}},{"type":"Feature","geometry":{"type":"Point","coordinates":[-51.31567,-20.86545]},"properties":{"id":10246,"name":"Andradina","state_code":"SP","country_code":"BR"}},{"type":"Feature","geometry":{"type":"Point","coordinates":[-48.42565,-23.4745]},"properties":{"id":10249,"name":"Angatuba","state_code":"SP","country_code":"BR"}},{"type":"Feature","geometry":{"type":"Point","coordinates":[-48.16384,-22.83293]},"properties":{"id":10261,"name":"Anhembi","state_code":"SP","country_code":"BR"}},{"type":"Feature","geometry":{"type":"Point","coordinates":[-51.42761,-22.34571]},"properties":{"id":10262,"name":"Anhumas","state_code":"SP","country_code":"BR"}},{"type":"Feature","geometry":{"type":"Point","coordinates":[-45.23562,-22.90434]},"properties":{"id":10285,"name":"Aparecida","state_code":"SP","country_code":"BR"}},{"type":"Feature","geometry":{"type":"Point","coordinates":[-50.91883,-20.48414]},"properties":{"id":10286,"name":"Aparecida d'Oeste","state_code":"SP","country_code":"BR"}},{"type":"Feature","geometry":{"type":"Point","coordinates":[-48.82237,-24.39767]},"properties":{"id":10294,"name":"Apiaí","state_code":"SP","country_code":"BR"}},{"type":"Feature","geometry":{"type":"Point","coordinates":[-47.07816,-23.42294]},"properties":{"id":10367,"name":"Araçariguama","state_code":"SP","country_code":"BR"}},{"type":"Feature","geometry":{"type":"Point","coordinates":[-50.5747,-21.14986]},"properties":{"id":10368,"name":"Araçatuba","state_code":"SP","country_code":"BR"}},{"type":"Feature","geometry":{"type":"Point","coordinates":[-47.66733,-23.56602]},"properties":{"id":10371,"name":"Araçoiaba da Serra","state_code":"SP","country_code":"BR"}},{"type":"Feature","geometry":{"type":"Point","coordinates":[-47.82645,-20.16724]},"properties":{"id":10333,"name":"Aramina","state_code":"SP","country_code":"BR"}},{"type":"Feature","geometry":{"type":"Point","coordinates":[-49.05861,-23.17065]},"properties":{"id":10334,"name":"Arandu","state_code":"SP","country_code":"BR"}},{"type":"Feature","geometry":{"type":"Point","coordinates":[-44.43858,-22.66504]},"properties":{"id":10336,"name":"Arapeí","state_code":"SP","country_code":"BR"}},{"type":"Feature","geometry":{"type":"Point","coordinates":[-48.17556,-21.79444]},"properties":{"id":10349,"name":"Araraquara","state_code":"SP","country_code":"BR"}},{"type":"Feature","geometry":{"type":"Point","coordinates":[-47.38417,-22.35694]},"properties":{"id":10350,"name":"Araras","state_code":"SP","country_code":"BR"}},{"type":"Feature","geometry":{"type":"Point","coordinates":[-50.42979,-21.74342]},"properties":{"id":10377,"name":"Arco-Íris","state_code":"SP","country_code":"BR"}},{"type":"Feature","geometry":{"type":"Point","coordinates":[-48.99294,-22.06881]},"properties":{"id":10382,"name":"Arealva","state_code":"SP","country_code":"BR"}},{"type":"Feature","geometry":{"type":"Point","coordinates":[-44.71651,-22.66811]},"properties":{"id":10388,"name":"Areias","state_code":"SP","country_code":"BR"}},{"type":"Feature","geometry":{"type":"Point","coordinates":[-48.65273,-22.60627]},"properties":{"id":10389,"name":"Areiópolis","state_code":"SP","country_code":"BR"}},{"type":"Feature","geometry":{"type":"Point","coordinates":[-48.77771,-21.17685]},"properties":{"id":10397,"name":"Ariranha","state_code":"SP","country_code":"BR"}},{"type":"Feature","geometry":{"type":"Point","coordinates":[-47.1725,-22.57306]},"properties":{"id":10417,"name":"Artur Nogueira","state_code":"SP","country_code":"BR"}},{"type":"Feature","geometry":{"type":"Point","coordinates":[-46.32083,-23.39611]},"properties":{"id":10419,"name":"Arujá","state_code":"SP","country_code":"BR"}},{"type":"Feature","geometry":{"type":"Point","coordinates":[-50.73117,-20.18385]},"properties":{"id":10424,"name":"Aspásia","state_code":"SP","country_code":"BR"}},{"type":"Feature","geometry":{"type":"Point","coordinates":[-50.41222,-22.66167]},"properties":{"id":10427,"name":"Assis","state_code":"SP","country_code":"BR"}},{"type":"Feature","geometry":{"type":"Point","coordinates":[-46.58896,-23.13099]},"properties":{"id":10439,"name":"Atibaia","state_code":"SP","country_code":"BR"}},{"type":"Feature","geometry":{"type":"Point","coordinates":[-50.55472,-20.68556]},"properties":{"id":10448,"name":"Auriflama","state_code":"SP","country_code":"BR"}},{"type":"Feature","geometry":{"type":"Point","coordinates":[-49.30511,-22.17789]},"properties":{"id":10457,"name":"Avaí","state_code":"SP","country_code":"BR"}},{"type":"Feature","geometry":{"type":"Point","coordinates":[-49.94791,-21.46596]},"properties":{"id":10455,"name":"Avanhandava","state_code":"SP","country_code":"BR"}},{"type":"Feature","geometry":{"type":"Point","coordinates":[-48.88802,-23.03402]},"properties":{"id":10456,"name":"Avaré","state_code":"SP","country_code":"BR"}},{"type":"Feature","geometry":{"type":"Point","coordinates":[-49.44528,-20.91806]},"properties":{"id":10471,"name":"Bady Bassitt","state_code":"SP","country_code":"BR"}},{"type":"Feature","geometry":{"type":"Point","coordinates":[-49.33509,-21.90089]},"properties":{"id":10481,"name":"Balbinos","state_code":"SP","country_code":"BR"}},{"type":"Feature","geometry":{"type":"Point","coordinates":[-49.55045,-20.70239]},"properties":{"id":10840,"name":"Bálsamo","state_code":"SP","country_code":"BR"}},{"type":"Feature","geometry":{"type":"Point","coordinates":[-44.33413,-22.73751]},"properties":{"id":10495,"name":"Bananal","state_code":"SP","country_code":"BR"}},{"type":"Feature","geometry":{"type":"Point","coordinates":[-49.5666,-23.57097]},"properties":{"id":10571,"name":"Barão de Antonina","state_code":"SP","country_code":"BR"}},{"type":"Feature","geometry":{"type":"Point","coordinates":[-49.92293,-21.29619]},"properties":{"id":10509,"name":"Barbosa","state_code":"SP","country_code":"BR"}},{"type":"Feature","geometry":{"type":"Point","coordinates":[-48.74028,-22.07444]},"properties":{"id":10514,"name":"Bariri","state_code":"SP","country_code":"BR"}},{"type":"Feature","geometry":{"type":"Point","coordinates":[-48.55806,-22.49472]},"properties":{"id":10516,"name":"Barra Bonita","state_code":"SP","country_code":"BR"}},{"type":"Feature","geometry":{"type":"Point","coordinates":[-49.08615,-24.44047]},"properties":{"id":10532,"name":"Barra do Chapéu","state_code":"SP","country_code":"BR"}},{"type":"Feature","geometry":{"type":"Point","coordinates":[-48.4079,-24.89045]},"properties":{"id":10545,"name":"Barra do Turvo","state_code":"SP","country_code":"BR"}},{"type":"Feature","geometry":{"type":"Point","coordinates":[-48.56778,-20.55722]},"properties":{"id":10557,"name":"Barretos","state_code":"SP","country_code":"BR"}},{"type":"Feature","geometry":{"type":"Point","coordinates":[-48.16389,-21.19361]},"properties":{"id":10558,"name":"Barrinha","state_code":"SP","country_code":"BR"}},{"type":"Feature","geometry":{"type":"Point","coordinates":[-46.87611,-23.51056]},"properties":{"id":10569,"name":"Barueri","state_code":"SP","country_code":"BR"}},{"type":"Feature","geometry":{"type":"Point","coordinates":[-50.73389,-21.92194]},"properties":{"id":10578,"name":"Bastos","state_code":"SP","country_code":"BR"}},{"type":"Feature","geometry":{"type":"Point","coordinates":[-47.56742,-20.83515]},"properties":{"id":10583,"name":"Batatais","state_code":"SP","country_code":"BR"}},{"type":"Feature","geometry":{"type":"Point","coordinates":[-49.06056,-22.31472]},"properties":{"id":10586,"name":"Bauru","state_code":"SP","country_code":"BR"}},{"type":"Feature","geometry":{"type":"Point","coordinates":[-48.47917,-20.94944]},"properties":{"id":10590,"name":"Bebedouro","state_code":"SP","country_code":"BR"}},{"type":"Feature","geometry":{"type":"Point","coordinates":[-50.86542,-21.34057]},"properties":{"id":10630,"name":"Bento de Abreu","state_code":"SP","country_code":"BR"}},{"type":"Feature","geometry":{"type":"Point","coordinates":[-49.49277,-23.02698]},"properties":{"id":10635,"name":"Bernardino de Campos","state_code":"SP","country_code":"BR"}},{"type":"Feature","geometry":{"type":"Point","coordinates":[-46.13861,-23.85444]},"properties":{"id":10638,"name":"Bertioga","state_code":"SP","country_code":"BR"}},{"type":"Feature","geometry":{"type":"Point","coordinates":[-50.47862,-21.42076]},"properties":{"id":10649,"name":"Bilac","state_code":"SP","country_code":"BR"}},{"type":"Feature","geometry":{"type":"Point","coordinates":[-50.34,-21.28861]},"properties":{"id":10651,"name":"Birigui","state_code":"SP","country_code":"BR"}},{"type":"Feature","geometry":{"type":"Point","coordinates":[-46.03861,-23.5725]},"properties":{"id":10652,"name":"Biritiba Mirim","state_code":"SP","country_code":"BR"}},{"type":"Feature","geometry":{"type":"Point","coordinates":[-48.39083,-21.9925]},"properties":{"id":10661,"name":"Boa Esperança do Sul","state_code":"SP","country_code":"BR"}},{"type":"Feature","geometry":{"type":"Point","coordinates":[-48.51952,-22.0983]},"properties":{"id":10680,"name":"Bocaina","state_code":"SP","country_code":"BR"}},{"type":"Feature","geometry":{"type":"Point","coordinates":[-48.28058,-23.12244]},"properties":{"id":10688,"name":"Bofete","state_code":"SP","country_code":"BR"}},{"type":"Feature","geometry":{"type":"Point","coordinates":[-47.67222,-23.28333]},"properties":{"id":10689,"name":"Boituva","state_code":"SP","country_code":"BR"}},{"type":"Feature","geometry":{"type":"Point","coordinates":[-46.46528,-23.135]},"properties":{"id":10717,"name":"Bom Jesus dos Perdões","state_code":"SP","country_code":"BR"}},{"type":"Feature","geometry":{"type":"Point","coordinates":[-49.167,-24.31225]},"properties":{"id":10728,"name":"Bom Sucesso de Itararé","state_code":"SP","country_code":"BR"}},{"type":"Feature","geometry":{"type":"Point","coordinates":[-50.49252,-22.23881]},"properties":{"id":10755,"name":"Borá","state_code":"SP","country_code":"BR"}},{"type":"Feature","geometry":{"type":"Point","coordinates":[-48.77889,-22.19306]},"properties":{"id":10748,"name":"Boracéia","state_code":"SP","country_code":"BR"}},{"type":"Feature","geometry":{"type":"Point","coordinates":[-49.07361,-21.61972]},"properties":{"id":10750,"name":"Borborema","state_code":"SP","country_code":"BR"}},{"type":"Feature","geometry":{"type":"Point","coordinates":[-48.98476,-22.67635]},"properties":{"id":10753,"name":"Borebi","state_code":"SP","country_code":"BR"}},{"type":"Feature","geometry":{"type":"Point","coordinates":[-48.445,-22.88583]},"properties":{"id":10758,"name":"Botucatu","state_code":"SP","country_code":"BR"}},{"type":"Feature","geometry":{"type":"Point","coordinates":[-46.54418,-22.9527]},"properties":{"id":10766,"name":"Bragança Paulista","state_code":"SP","country_code":"BR"}},{"type":"Feature","geometry":{"type":"Point","coordinates":[-50.35227,-21.56582]},"properties":{"id":10782,"name":"Braúna","state_code":"SP","country_code":"BR"}},{"type":"Feature","geometry":{"type":"Point","coordinates":[-50.21805,-21.17757]},"properties":{"id":10789,"name":"Brejo Alegre","state_code":"SP","country_code":"BR"}},{"type":"Feature","geometry":{"type":"Point","coordinates":[-47.65861,-20.99139]},"properties":{"id":10806,"name":"Brodósqui","state_code":"SP","country_code":"BR"}},{"type":"Feature","geometry":{"type":"Point","coordinates":[-47.61728,-21.0506]},"properties":{"id":10805,"name":"Brodowski","state_code":"SP","country_code":"BR"}},{"type":"Feature","geometry":{"type":"Point","coordinates":[-48.08744,-22.27942]},"properties":{"id":10807,"name":"Brotas","state_code":"SP","country_code":"BR"}},{"type":"Feature","geometry":{"type":"Point","coordinates":[-48.59278,-23.7975]},"properties":{"id":10821,"name":"Buri","state_code":"SP","country_code":"BR"}},{"type":"Feature","geometry":{"type":"Point","coordinates":[-50.14722,-21.06611]},"properties":{"id":10822,"name":"Buritama","state_code":"SP","country_code":"BR"}},{"type":"Feature","geometry":{"type":"Point","coordinates":[-47.70776,-20.21345]},"properties":{"id":10836,"name":"Buritizal","state_code":"SP","country_code":"BR"}},{"type":"Feature","geometry":{"type":"Point","coordinates":[-49.38637,-22.49155]},"properties":{"id":10858,"name":"Cabrália Paulista","state_code":"SP","country_code":"BR"}},{"type":"Feature","geometry":{"type":"Point","coordinates":[-47.13278,-23.3075]},"properties":{"id":10856,"name":"Cabreúva","state_code":"SP","country_code":"BR"}},{"type":"Feature","geometry":{"type":"Point","coordinates":[-45.70694,-23.10083]},"properties":{"id":11222,"name":"Caçapava","state_code":"SP","country_code":"BR"}},{"type":"Feature","geometry":{"type":"Point","coordinates":[-44.99229,-22.70115]},"properties":{"id":10866,"name":"Cachoeira Paulista","state_code":"SP","country_code":"BR"}},{"type":"Feature","geometry":{"type":"Point","coordinates":[-46.64389,-21.52944]},"properties":{"id":10886,"name":"Caconde","state_code":"SP","country_code":"BR"}},{"type":"Feature","geometry":{"type":"Point","coordinates":[-49.57061,-21.74295]},"properties":{"id":10895,"name":"Cafelândia","state_code":"SP","country_code":"BR"}},{"type":"Feature","geometry":{"type":"Point","coordinates":[-51.23232,-21.93822]},"properties":{"id":10898,"name":"Caiabu","state_code":"SP","country_code":"BR"}},{"type":"Feature","geometry":{"type":"Point","coordinates":[-46.74056,-23.36417]},"properties":{"id":10904,"name":"Caieiras","state_code":"SP","country_code":"BR"}},{"type":"Feature","geometry":{"type":"Point","coordinates":[-51.95903,-21.76518]},"properties":{"id":10906,"name":"Caiuá","state_code":"SP","country_code":"BR"}},{"type":"Feature","geometry":{"type":"Point","coordinates":[-46.88129,-23.35193]},"properties":{"id":10911,"name":"Cajamar","state_code":"SP","country_code":"BR"}},{"type":"Feature","geometry":{"type":"Point","coordinates":[-48.12278,-24.73611]},"properties":{"id":10914,"name":"Cajati","state_code":"SP","country_code":"BR"}},{"type":"Feature","geometry":{"type":"Point","coordinates":[-48.85175,-20.88622]},"properties":{"id":10918,"name":"Cajobi","state_code":"SP","country_code":"BR"}},{"type":"Feature","geometry":{"type":"Point","coordinates":[-47.30417,-21.27528]},"properties":{"id":10922,"name":"Cajuru","state_code":"SP","country_code":"BR"}},{"type":"Feature","geometry":{"type":"Point","coordinates":[-48.45388,-23.61364]},"properties":{"id":10967,"name":"Campina do Monte Alegre","state_code":"SP","country_code":"BR"}},{"type":"Feature","geometry":{"type":"Point","coordinates":[-47.06083,-22.90556]},"properties":{"id":10970,"name":"Campinas","state_code":"SP","country_code":"BR"}},{"type":"Feature","geometry":{"type":"Point","coordinates":[-46.75842,-23.21599]},"properties":{"id":10994,"name":"Campo Limpo Paulista","state_code":"SP","country_code":"BR"}},{"type":"Feature","geometry":{"type":"Point","coordinates":[-45.59139,-22.73944]},"properties":{"id":11018,"name":"Campos do Jordão","state_code":"SP","country_code":"BR"}},{"type":"Feature","geometry":{"type":"Point","coordinates":[-50.01282,-22.62889]},"properties":{"id":11014,"name":"Campos Novos Paulista","state_code":"SP","country_code":"BR"}},{"type":"Feature","geometry":{"type":"Point","coordinates":[-47.92667,-25.01472]},"properties":{"id":11023,"name":"Cananéia","state_code":"SP","country_code":"BR"}},{"type":"Feature","geometry":{"type":"Point","coordinates":[-45.03208,-22.73999]},"properties":{"id":11027,"name":"Canas","state_code":"SP","country_code":"BR"}},{"type":"Feature","geometry":{"type":"Point","coordinates":[-50.38694,-22.74639]},"properties":{"id":11547,"name":"Cândido Mota","state_code":"SP","country_code":"BR"}},{"type":"Feature","geometry":{"type":"Point","coordinates":[-48.63294,-21.34194]},"properties":{"id":11548,"name":"Cândido Rodrigues","state_code":"SP","country_code":"BR"}},{"type":"Feature","geometry":{"type":"Point","coordinates":[-49.78705,-23.01421]},"properties":{"id":11048,"name":"Canitar","state_code":"SP","country_code":"BR"}},{"type":"Feature","geometry":{"type":"Point","coordinates":[-48.34944,-24.00583]},"properties":{"id":11094,"name":"Capão Bonito","state_code":"SP","country_code":"BR"}},{"type":"Feature","geometry":{"type":"Point","coordinates":[-47.73472,-23.47056]},"properties":{"id":11069,"name":"Capela do Alto","state_code":"SP","country_code":"BR"}},{"type":"Feature","geometry":{"type":"Point","coordinates":[-47.50778,-22.995]},"properties":{"id":11088,"name":"Capivari","state_code":"SP","country_code":"BR"}},{"type":"Feature","geometry":{"type":"Point","coordinates":[-45.41306,-23.62028]},"properties":{"id":11103,"name":"Caraguatatuba","state_code":"SP","country_code":"BR"}},{"type":"Feature","geometry":{"type":"Point","coordinates":[-46.84852,-23.55339]},"properties":{"id":11109,"name":"Carapicuíba","state_code":"SP","country_code":"BR"}},{"type":"Feature","geometry":{"type":"Point","coordinates":[-49.91417,-20.08194]},"properties":{"id":11122,"name":"Cardoso","state_code":"SP","country_code":"BR"}},{"type":"Feature","geometry":{"type":"Point","coordinates":[-47.08264,-21.81396]},"properties":{"id":11171,"name":"Casa Branca","state_code":"SP","country_code":"BR"}},{"type":"Feature","geometry":{"type":"Point","coordinates":[-47.13783,-21.25917]},"properties":{"id":11544,"name":"Cássia dos Coqueiros","state_code":"SP","country_code":"BR"}},{"type":"Feature","geometry":{"type":"Point","coordinates":[-51.4875,-20.87222]},"properties":{"id":11190,"name":"Castilho","state_code":"SP","country_code":"BR"}},{"type":"Feature","geometry":{"type":"Point","coordinates":[-48.97278,-21.13778]},"properties":{"id":11195,"name":"Catanduva","state_code":"SP","country_code":"BR"}},{"type":"Feature","geometry":{"type":"Point","coordinates":[-49.04977,-21.06536]},"properties":{"id":11202,"name":"Catiguá","state_code":"SP","country_code":"BR"}},{"type":"Feature","geometry":{"type":"Point","coordinates":[-49.25495,-20.90742]},"properties":{"id":11229,"name":"Cedral","state_code":"SP","country_code":"BR"}},{"type":"Feature","geometry":{"type":"Point","coordinates":[-49.16611,-23.03556]},"properties":{"id":11246,"name":"Cerqueira César","state_code":"SP","country_code":"BR"}},{"type":"Feature","geometry":{"type":"Point","coordinates":[-47.74361,-23.165]},"properties":{"id":11247,"name":"Cerquilho","state_code":"SP","country_code":"BR"}},{"type":"Feature","geometry":{"type":"Point","coordinates":[-47.88465,-23.21195]},"properties":{"id":11256,"name":"Cesário Lange","state_code":"SP","country_code":"BR"}},{"type":"Feature","geometry":{"type":"Point","coordinates":[-47.7377,-22.53724]},"properties":{"id":11270,"name":"Charqueada","state_code":"SP","country_code":"BR"}},{"type":"Feature","geometry":{"type":"Point","coordinates":[-49.70944,-23.03889]},"properties":{"id":11274,"name":"Chavantes","state_code":"SP","country_code":"BR"}},{"type":"Feature","geometry":{"type":"Point","coordinates":[-50.46202,-21.57634]},"properties":{"id":11299,"name":"Clementina","state_code":"SP","country_code":"BR"}},{"type":"Feature","geometry":{"type":"Point","coordinates":[-48.58162,-20.75233]},"properties":{"id":11321,"name":"Colina","state_code":"SP","country_code":"BR"}},{"type":"Feature","geometry":{"type":"Point","coordinates":[-48.72328,-20.29302]},"properties":{"id":11334,"name":"Colômbia","state_code":"SP","country_code":"BR"}},{"type":"Feature","geometry":{"type":"Point","coordinates":[-47.1362,-22.34611]},"properties":{"id":11365,"name":"Conchal","state_code":"SP","country_code":"BR"}},{"type":"Feature","geometry":{"type":"Point","coordinates":[-48.01056,-23.01528]},"properties":{"id":11366,"name":"Conchas","state_code":"SP","country_code":"BR"}},{"type":"Feature","geometry":{"type":"Point","coordinates":[-47.45667,-22.48194]},"properties":{"id":11401,"name":"Cordeirópolis","state_code":"SP","country_code":"BR"}},{"type":"Feature","geometry":{"type":"Point","coordinates":[-50.31271,-21.37115]},"properties":{"id":11412,"name":"Coroados","state_code":"SP","country_code":"BR"}},{"type":"Feature","geometry":{"type":"Point","coordinates":[-49.30305,-23.62092]},"properties":{"id":11424,"name":"Coronel Macedo","state_code":"SP","country_code":"BR"}},{"type":"Feature","geometry":{"type":"Point","coordinates":[-47.59961,-22.21698]},"properties":{"id":11438,"name":"Corumbataí","state_code":"SP","country_code":"BR"}},{"type":"Feature","geometry":{"type":"Point","coordinates":[-47.19611,-22.64583]},"properties":{"id":11447,"name":"Cosmópolis","state_code":"SP","country_code":"BR"}},{"type":"Feature","geometry":{"type":"Point","coordinates":[-49.74905,-20.40934]},"properties":{"id":11446,"name":"Cosmorama","state_code":"SP","country_code":"BR"}},{"type":"Feature","geometry":{"type":"Point","coordinates":[-46.91917,-23.60389]},"properties":{"id":11452,"name":"Cotia","state_code":"SP","country_code":"BR"}},{"type":"Feature","geometry":{"type":"Point","coordinates":[-47.72944,-21.34028]},"properties":{"id":11462,"name":"Cravinhos","state_code":"SP","country_code":"BR"}},{"type":"Feature","geometry":{"type":"Point","coordinates":[-47.373,-20.36538]},"properties":{"id":11468,"name":"Cristais Paulista","state_code":"SP","country_code":"BR"}},{"type":"Feature","geometry":{"type":"Point","coordinates":[-50.75793,-22.73707]},"properties":{"id":11503,"name":"Cruzália","state_code":"SP","country_code":"BR"}},{"type":"Feature","geometry":{"type":"Point","coordinates":[-44.97108,-22.57316]},"properties":{"id":11494,"name":"Cruzeiro","state_code":"SP","country_code":"BR"}},{"type":"Feature","geometry":{"type":"Point","coordinates":[-46.42528,-23.895]},"properties":{"id":11506,"name":"Cubatão","state_code":"SP","country_code":"BR"}},{"type":"Feature","geometry":{"type":"Point","coordinates":[-44.95972,-23.07444]},"properties":{"id":11516,"name":"Cunha","state_code":"SP","country_code":"BR"}},{"type":"Feature","geometry":{"type":"Point","coordinates":[-47.61944,-21.90389]},"properties":{"id":11576,"name":"Descalvado","state_code":"SP","country_code":"BR"}},{"type":"Feature","geometry":{"type":"Point","coordinates":[-46.62278,-23.68611]},"properties":{"id":11583,"name":"Diadema","state_code":"SP","country_code":"BR"}},{"type":"Feature","geometry":{"type":"Point","coordinates":[-50.62798,-20.45591]},"properties":{"id":11597,"name":"Dirce Reis","state_code":"SP","country_code":"BR"}},{"type":"Feature","geometry":{"type":"Point","coordinates":[-46.7045,-21.66459]},"properties":{"id":11603,"name":"Divinolândia","state_code":"SP","country_code":"BR"}},{"type":"Feature","geometry":{"type":"Point","coordinates":[-48.37033,-21.51531]},"properties":{"id":11612,"name":"Dobrada","state_code":"SP","country_code":"BR"}},{"type":"Feature","geometry":{"type":"Point","coordinates":[-48.38028,-22.36611]},"properties":{"id":11613,"name":"Dois Córregos","state_code":"SP","country_code":"BR"}},{"type":"Feature","geometry":{"type":"Point","coordinates":[-50.52771,-20.11666]},"properties":{"id":11621,"name":"Dolcinópolis","state_code":"SP","country_code":"BR"}},{"type":"Feature","geometry":{"type":"Point","coordinates":[-48.35204,-22.11665]},"properties":{"id":11652,"name":"Dourado","state_code":"SP","country_code":"BR"}},{"type":"Feature","geometry":{"type":"Point","coordinates":[-51.59598,-21.57936]},"properties":{"id":11662,"name":"Dracena","state_code":"SP","country_code":"BR"}},{"type":"Feature","geometry":{"type":"Point","coordinates":[-49.40389,-22.41444]},"properties":{"id":11663,"name":"Duartina","state_code":"SP","country_code":"BR"}},{"type":"Feature","geometry":{"type":"Point","coordinates":[-47.99598,-21.24438]},"properties":{"id":11667,"name":"Dumont","state_code":"SP","country_code":"BR"}},{"type":"Feature","geometry":{"type":"Point","coordinates":[-50.18262,-22.4108]},"properties":{"id":11672,"name":"Echaporã","state_code":"SP","country_code":"BR"}},{"type":"Feature","geometry":{"type":"Point","coordinates":[-48.25601,-24.50057]},"properties":{"id":11678,"name":"Eldorado","state_code":"SP","country_code":"BR"}},{"type":"Feature","geometry":{"type":"Point","coordinates":[-47.38776,-23.0588]},"properties":{"id":11682,"name":"Elias Fausto","state_code":"SP","country_code":"BR"}},{"type":"Feature","geometry":{"type":"Point","coordinates":[-49.09106,-21.15517]},"properties":{"id":11684,"name":"Elisiário","state_code":"SP","country_code":"BR"}},{"type":"Feature","geometry":{"type":"Point","coordinates":[-48.85819,-20.94301]},"properties":{"id":11688,"name":"Embaúba","state_code":"SP","country_code":"BR"}},{"type":"Feature","geometry":{"type":"Point","coordinates":[-46.85222,-23.64889]},"properties":{"id":11689,"name":"Embu","state_code":"SP","country_code":"BR"}},{"type":"Feature","geometry":{"type":"Point","coordinates":[-46.85386,-23.64664]},"properties":{"id":11691,"name":"Embu das Artes","state_code":"SP","country_code":"BR"}},{"type":"Feature","geometry":{"type":"Point","coordinates":[-46.81139,-23.83222]},"properties":{"id":11690,"name":"Embu Guaçu","state_code":"SP","country_code":"BR"}},{"type":"Feature","geometry":{"type":"Point","coordinates":[-51.47959,-21.78179]},"properties":{"id":11693,"name":"Emilianópolis","state_code":"SP","country_code":"BR"}},{"type":"Feature","geometry":{"type":"Point","coordinates":[-47.17256,-22.48904]},"properties":{"id":11700,"name":"Engenheiro Coelho","state_code":"SP","country_code":"BR"}},{"type":"Feature","geometry":{"type":"Point","coordinates":[-46.78421,-22.189]},"properties":{"id":11741,"name":"Espírito Santo do Pinhal","state_code":"SP","country_code":"BR"}},{"type":"Feature","geometry":{"type":"Point","coordinates":[-49.42175,-22.6681]},"properties":{"id":11742,"name":"Espírito Santo do Turvo","state_code":"SP","country_code":"BR"}},{"type":"Feature","geometry":{"type":"Point","coordinates":[-46.93878,-22.22052]},"properties":{"id":11746,"name":"Estiva Gerbi","state_code":"SP","country_code":"BR"}},{"type":"Feature","geometry":{"type":"Point","coordinates":[-50.40807,-20.27767]},"properties":{"id":11751,"name":"Estrela d'Oeste","state_code":"SP","country_code":"BR"}},{"type":"Feature","geometry":{"type":"Point","coordinates":[-51.67954,-22.47843]},"properties":{"id":11754,"name":"Estrela do Norte","state_code":"SP","country_code":"BR"}},{"type":"Feature","geometry":{"type":"Point","coordinates":[-52.59099,-22.5171]},"properties":{"id":11760,"name":"Euclides da Cunha Paulista","state_code":"SP","country_code":"BR"}},{"type":"Feature","geometry":{"type":"Point","coordinates":[-49.51,-23.38833]},"properties":{"id":11779,"name":"Fartura","state_code":"SP","country_code":"BR"}},{"type":"Feature","geometry":{"type":"Point","coordinates":[-48.69583,-21.30945]},"properties":{"id":11806,"name":"Fernando Prestes","state_code":"SP","country_code":"BR"}},{"type":"Feature","geometry":{"type":"Point","coordinates":[-50.24639,-20.28389]},"properties":{"id":11809,"name":"Fernandópolis","state_code":"SP","country_code":"BR"}},{"type":"Feature","geometry":{"type":"Point","coordinates":[-49.55434,-22.37381]},"properties":{"id":11810,"name":"Fernão","state_code":"SP","country_code":"BR"}},{"type":"Feature","geometry":{"type":"Point","coordinates":[-46.3749,-23.56153]},"properties":{"id":11811,"name":"Ferraz de Vasconcelos","state_code":"SP","country_code":"BR"}},{"type":"Feature","geometry":{"type":"Point","coordinates":[-51.37786,-21.70103]},"properties":{"id":11827,"name":"Flora Rica","state_code":"SP","country_code":"BR"}},{"type":"Feature","geometry":{"type":"Point","coordinates":[-50.15844,-20.65394]},"properties":{"id":11829,"name":"Floreal","state_code":"SP","country_code":"BR"}},{"type":"Feature","geometry":{"type":"Point","coordinates":[-51.18066,-21.54193]},"properties":{"id":11847,"name":"Flórida Paulista","state_code":"SP","country_code":"BR"}},{"type":"Feature","geometry":{"type":"Point","coordinates":[-50.68979,-22.87222]},"properties":{"id":11845,"name":"Florínea","state_code":"SP","country_code":"BR"}},{"type":"Feature","geometry":{"type":"Point","coordinates":[-47.40083,-20.53861]},"properties":{"id":11874,"name":"Franca","state_code":"SP","country_code":"BR"}},{"type":"Feature","geometry":{"type":"Point","coordinates":[-46.70889,-23.26924]},"properties":{"id":11883,"name":"Francisco Morato","state_code":"SP","country_code":"BR"}},{"type":"Feature","geometry":{"type":"Point","coordinates":[-46.73089,-23.30277]},"properties":{"id":11887,"name":"Franco da Rocha","state_code":"SP","country_code":"BR"}},{"type":"Feature","geometry":{"type":"Point","coordinates":[-50.56997,-21.49989]},"properties":{"id":11910,"name":"Gabriel Monteiro","state_code":"SP","country_code":"BR"}},{"type":"Feature","geometry":{"type":"Point","coordinates":[-49.57865,-22.34323]},"properties":{"id":12091,"name":"Gália","state_code":"SP","country_code":"BR"}},{"type":"Feature","geometry":{"type":"Point","coordinates":[-49.65611,-22.21056]},"properties":{"id":11926,"name":"Garça","state_code":"SP","country_code":"BR"}},{"type":"Feature","geometry":{"type":"Point","coordinates":[-50.19238,-20.80633]},"properties":{"id":11928,"name":"Gastão Vidigal","state_code":"SP","country_code":"BR"}},{"type":"Feature","geometry":{"type":"Point","coordinates":[-48.46904,-21.80879]},"properties":{"id":11931,"name":"Gavião Peixoto","state_code":"SP","country_code":"BR"}},{"type":"Feature","geometry":{"type":"Point","coordinates":[-50.36056,-20.64833]},"properties":{"id":11938,"name":"General Salgado","state_code":"SP","country_code":"BR"}},{"type":"Feature","geometry":{"type":"Point","coordinates":[-50.06225,-21.76343]},"properties":{"id":11942,"name":"Getulina","state_code":"SP","country_code":"BR"}},{"type":"Feature","geometry":{"type":"Point","coordinates":[-50.17782,-21.31866]},"properties":{"id":11948,"name":"Glicério","state_code":"SP","country_code":"BR"}},{"type":"Feature","geometry":{"type":"Point","coordinates":[-49.76263,-21.5541]},"properties":{"id":12016,"name":"Guaiçara","state_code":"SP","country_code":"BR"}},{"type":"Feature","geometry":{"type":"Point","coordinates":[-49.84959,-21.86204]},"properties":{"id":12014,"name":"Guaimbê","state_code":"SP","country_code":"BR"}},{"type":"Feature","geometry":{"type":"Point","coordinates":[-48.31056,-20.31833]},"properties":{"id":12077,"name":"Guaíra","state_code":"SP","country_code":"BR"}},{"type":"Feature","geometry":{"type":"Point","coordinates":[-49.22028,-20.795]},"properties":{"id":12027,"name":"Guapiaçu","state_code":"SP","country_code":"BR"}},{"type":"Feature","geometry":{"type":"Point","coordinates":[-48.54523,-24.21726]},"properties":{"id":12026,"name":"Guapiara","state_code":"SP","country_code":"BR"}},{"type":"Feature","geometry":{"type":"Point","coordinates":[-47.82417,-20.42833]},"properties":{"id":12071,"name":"Guará","state_code":"SP","country_code":"BR"}},{"type":"Feature","geometry":{"type":"Point","coordinates":[-51.30124,-21.1082]},"properties":{"id":12060,"name":"Guaraçaí","state_code":"SP","country_code":"BR"}},{"type":"Feature","geometry":{"type":"Point","coordinates":[-49.00521,-20.41648]},"properties":{"id":12035,"name":"Guaraci","state_code":"SP","country_code":"BR"}},{"type":"Feature","geometry":{"type":"Point","coordinates":[-50.36292,-20.07032]},"properties":{"id":12044,"name":"Guarani d'Oeste","state_code":"SP","country_code":"BR"}},{"type":"Feature","geometry":{"type":"Point","coordinates":[-49.58519,-21.92281]},"properties":{"id":12048,"name":"Guarantã","state_code":"SP","country_code":"BR"}},{"type":"Feature","geometry":{"type":"Point","coordinates":[-50.64278,-21.26083]},"properties":{"id":12054,"name":"Guararapes","state_code":"SP","country_code":"BR"}},{"type":"Feature","geometry":{"type":"Point","coordinates":[-46.035,-23.415]},"properties":{"id":12055,"name":"Guararema","state_code":"SP","country_code":"BR"}},{"type":"Feature","geometry":{"type":"Point","coordinates":[-45.1925,-22.81639]},"properties":{"id":12058,"name":"Guaratinguetá","state_code":"SP","country_code":"BR"}},{"type":"Feature","geometry":{"type":"Point","coordinates":[-48.22466,-23.37338]},"properties":{"id":12064,"name":"Guareí","state_code":"SP","country_code":"BR"}},{"type":"Feature","geometry":{"type":"Point","coordinates":[-48.20427,-21.39568]},"properties":{"id":12065,"name":"Guariba","state_code":"SP","country_code":"BR"}},{"type":"Feature","geometry":{"type":"Point","coordinates":[-46.25639,-23.99306]},"properties":{"id":12068,"name":"Guarujá","state_code":"SP","country_code":"BR"}},{"type":"Feature","geometry":{"type":"Point","coordinates":[-46.53333,-23.46278]},"properties":{"id":12070,"name":"Guarulhos","state_code":"SP","country_code":"BR"}},{"type":"Feature","geometry":{"type":"Point","coordinates":[-47.99142,-21.47231]},"properties":{"id":12073,"name":"Guatapará","state_code":"SP","country_code":"BR"}},{"type":"Feature","geometry":{"type":"Point","coordinates":[-50.71925,-20.6204]},"properties":{"id":12090,"name":"Guzolândia","state_code":"SP","country_code":"BR"}},{"type":"Feature","geometry":{"type":"Point","coordinates":[-50.38482,-21.96198]},"properties":{"id":12096,"name":"Herculândia","state_code":"SP","country_code":"BR"}},{"type":"Feature","geometry":{"type":"Point","coordinates":[-47.06501,-22.63825]},"properties":{"id":12103,"name":"Holambra","state_code":"SP","country_code":"BR"}},{"type":"Feature","geometry":{"type":"Point","coordinates":[-47.22,-22.85833]},"properties":{"id":12107,"name":"Hortolândia","state_code":"SP","country_code":"BR"}},{"type":"Feature","geometry":{"type":"Point","coordinates":[-49.05917,-21.90745]},"properties":{"id":12113,"name":"Iacanga","state_code":"SP","country_code":"BR"}},{"type":"Feature","geometry":{"type":"Point","coordinates":[-50.61517,-21.77798]},"properties":{"id":12115,"name":"Iacri","state_code":"SP","country_code":"BR"}},{"type":"Feature","geometry":{"type":"Point","coordinates":[-49.10928,-22.83679]},"properties":{"id":12117,"name":"Iaras","state_code":"SP","country_code":"BR"}},{"type":"Feature","geometry":{"type":"Point","coordinates":[-47.99667,-21.95472]},"properties":{"id":12125,"name":"Ibaté","state_code":"SP","country_code":"BR"}},{"type":"Feature","geometry":{"type":"Point","coordinates":[-49.21879,-21.0888]},"properties":{"id":12157,"name":"Ibirá","state_code":"SP","country_code":"BR"}},{"type":"Feature","geometry":{"type":"Point","coordinates":[-50.07816,-22.80911]},"properties":{"id":12152,"name":"Ibirarema","state_code":"SP","country_code":"BR"}},{"type":"Feature","geometry":{"type":"Point","coordinates":[-48.82889,-21.75778]},"properties":{"id":12159,"name":"Ibitinga","state_code":"SP","country_code":"BR"}},{"type":"Feature","geometry":{"type":"Point","coordinates":[-47.2225,-23.65639]},"properties":{"id":12165,"name":"Ibiúna","state_code":"SP","country_code":"BR"}},{"type":"Feature","geometry":{"type":"Point","coordinates":[-49.20507,-20.38003]},"properties":{"id":12173,"name":"Icém","state_code":"SP","country_code":"BR"}},{"type":"Feature","geometry":{"type":"Point","coordinates":[-51.04385,-22.65726]},"properties":{"id":12176,"name":"Iepê","state_code":"SP","country_code":"BR"}},{"type":"Feature","geometry":{"type":"Point","coordinates":[-48.55778,-22.50917]},"properties":{"id":12191,"name":"Igaraçu do Tietê","state_code":"SP","country_code":"BR"}},{"type":"Feature","geometry":{"type":"Point","coordinates":[-47.74694,-20.03833]},"properties":{"id":12180,"name":"Igarapava","state_code":"SP","country_code":"BR"}},{"type":"Feature","geometry":{"type":"Point","coordinates":[-46.14647,-23.12994]},"properties":{"id":12190,"name":"Igaratá","state_code":"SP","country_code":"BR"}},{"type":"Feature","geometry":{"type":"Point","coordinates":[-47.55528,-24.70806]},"properties":{"id":12196,"name":"Iguape","state_code":"SP","country_code":"BR"}},{"type":"Feature","geometry":{"type":"Point","coordinates":[-47.74757,-24.87792]},"properties":{"id":12206,"name":"Ilha Comprida","state_code":"SP","country_code":"BR"}},{"type":"Feature","geometry":{"type":"Point","coordinates":[-51.3425,-20.43278]},"properties":{"id":12209,"name":"Ilha Solteira","state_code":"SP","country_code":"BR"}},{"type":"Feature","geometry":{"type":"Point","coordinates":[-45.35806,-23.77806]},"properties":{"id":12212,"name":"Ilhabela","state_code":"SP","country_code":"BR"}},{"type":"Feature","geometry":{"type":"Point","coordinates":[-47.2119,-23.08842]},"properties":{"id":12233,"name":"Indaiatuba","state_code":"SP","country_code":"BR"}},{"type":"Feature","geometry":{"type":"Point","coordinates":[-51.26047,-22.12587]},"properties":{"id":12236,"name":"Indiana","state_code":"SP","country_code":"BR"}},{"type":"Feature","geometry":{"type":"Point","coordinates":[-50.24419,-19.95987]},"properties":{"id":12239,"name":"Indiaporã","state_code":"SP","country_code":"BR"}},{"type":"Feature","geometry":{"type":"Point","coordinates":[-50.94738,-21.72002]},"properties":{"id":12257,"name":"Inúbia Paulista","state_code":"SP","country_code":"BR"}},{"type":"Feature","geometry":{"type":"Point","coordinates":[-49.62639,-23.05667]},"properties":{"id":12267,"name":"Ipauçu","state_code":"SP","country_code":"BR"}},{"type":"Feature","geometry":{"type":"Point","coordinates":[-49.6037,-23.08202]},"properties":{"id":12266,"name":"Ipaussu","state_code":"SP","country_code":"BR"}},{"type":"Feature","geometry":{"type":"Point","coordinates":[-47.68861,-23.35028]},"properties":{"id":12269,"name":"Iperó","state_code":"SP","country_code":"BR"}},{"type":"Feature","geometry":{"type":"Point","coordinates":[-47.69449,-22.44376]},"properties":{"id":12270,"name":"Ipeúna","state_code":"SP","country_code":"BR"}},{"type":"Feature","geometry":{"type":"Point","coordinates":[-49.39781,-20.63984]},"properties":{"id":12273,"name":"Ipiguá","state_code":"SP","country_code":"BR"}},{"type":"Feature","geometry":{"type":"Point","coordinates":[-48.55248,-24.50438]},"properties":{"id":12284,"name":"Iporanga","state_code":"SP","country_code":"BR"}},{"type":"Feature","geometry":{"type":"Point","coordinates":[-48.01222,-20.43806]},"properties":{"id":12298,"name":"Ipuã","state_code":"SP","country_code":"BR"}},{"type":"Feature","geometry":{"type":"Point","coordinates":[-47.51861,-22.58056]},"properties":{"id":12303,"name":"Iracemápolis","state_code":"SP","country_code":"BR"}},{"type":"Feature","geometry":{"type":"Point","coordinates":[-49.40247,-21.25013]},"properties":{"id":12309,"name":"Irapuã","state_code":"SP","country_code":"BR"}},{"type":"Feature","geometry":{"type":"Point","coordinates":[-51.33959,-21.44903]},"properties":{"id":12308,"name":"Irapuru","state_code":"SP","country_code":"BR"}},{"type":"Feature","geometry":{"type":"Point","coordinates":[-49.13722,-23.86194]},"properties":{"id":12331,"name":"Itaberá","state_code":"SP","country_code":"BR"}},{"type":"Feature","geometry":{"type":"Point","coordinates":[-49.09056,-23.41778]},"properties":{"id":12466,"name":"Itaí","state_code":"SP","country_code":"BR"}},{"type":"Feature","geometry":{"type":"Point","coordinates":[-49.05444,-21.31806]},"properties":{"id":12367,"name":"Itajobi","state_code":"SP","country_code":"BR"}},{"type":"Feature","geometry":{"type":"Point","coordinates":[-48.78312,-21.92879]},"properties":{"id":12368,"name":"Itaju","state_code":"SP","country_code":"BR"}},{"type":"Feature","geometry":{"type":"Point","coordinates":[-46.78889,-24.18306]},"properties":{"id":12392,"name":"Itanhaém","state_code":"SP","country_code":"BR"}},{"type":"Feature","geometry":{"type":"Point","coordinates":[-48.8439,-24.61155]},"properties":{"id":12396,"name":"Itaoca","state_code":"SP","country_code":"BR"}},{"type":"Feature","geometry":{"type":"Point","coordinates":[-46.84917,-23.71694]},"properties":{"id":12405,"name":"Itapecerica da Serra","state_code":"SP","country_code":"BR"}},{"type":"Feature","geometry":{"type":"Point","coordinates":[-48.05306,-23.59167]},"properties":{"id":12414,"name":"Itapetininga","state_code":"SP","country_code":"BR"}},{"type":"Feature","geometry":{"type":"Point","coordinates":[-48.83835,-23.94696]},"properties":{"id":12416,"name":"Itapeva","state_code":"SP","country_code":"BR"}},{"type":"Feature","geometry":{"type":"Point","coordinates":[-46.93417,-23.54889]},"properties":{"id":12417,"name":"Itapevi","state_code":"SP","country_code":"BR"}},{"type":"Feature","geometry":{"type":"Point","coordinates":[-46.82167,-22.43611]},"properties":{"id":12420,"name":"Itapira","state_code":"SP","country_code":"BR"}},{"type":"Feature","geometry":{"type":"Point","coordinates":[-49.22435,-24.55985]},"properties":{"id":12424,"name":"Itapirapuã Paulista","state_code":"SP","country_code":"BR"}},{"type":"Feature","geometry":{"type":"Point","coordinates":[-48.81278,-21.59556]},"properties":{"id":12496,"name":"Itápolis","state_code":"SP","country_code":"BR"}},{"type":"Feature","geometry":{"type":"Point","coordinates":[-49.48972,-23.70778]},"properties":{"id":12429,"name":"Itaporanga","state_code":"SP","country_code":"BR"}},{"type":"Feature","geometry":{"type":"Point","coordinates":[-48.71917,-22.23333]},"properties":{"id":12440,"name":"Itapuí","state_code":"SP","country_code":"BR"}},{"type":"Feature","geometry":{"type":"Point","coordinates":[-51.42537,-20.59626]},"properties":{"id":12437,"name":"Itapura","state_code":"SP","country_code":"BR"}},{"type":"Feature","geometry":{"type":"Point","coordinates":[-46.32917,-23.45806]},"properties":{"id":12442,"name":"Itaquaquecetuba","state_code":"SP","country_code":"BR"}},{"type":"Feature","geometry":{"type":"Point","coordinates":[-49.33167,-24.1125]},"properties":{"id":12449,"name":"Itararé","state_code":"SP","country_code":"BR"}},{"type":"Feature","geometry":{"type":"Point","coordinates":[-47.13325,-24.2888]},"properties":{"id":12451,"name":"Itariri","state_code":"SP","country_code":"BR"}},{"type":"Feature","geometry":{"type":"Point","coordinates":[-46.83889,-23.00583]},"properties":{"id":12456,"name":"Itatiba","state_code":"SP","country_code":"BR"}},{"type":"Feature","geometry":{"type":"Point","coordinates":[-48.61583,-23.10167]},"properties":{"id":12459,"name":"Itatinga","state_code":"SP","country_code":"BR"}},{"type":"Feature","geometry":{"type":"Point","coordinates":[-47.82278,-22.25278]},"properties":{"id":12476,"name":"Itirapina","state_code":"SP","country_code":"BR"}},{"type":"Feature","geometry":{"type":"Point","coordinates":[-47.16859,-20.65755]},"properties":{"id":12477,"name":"Itirapuã","state_code":"SP","country_code":"BR"}},{"type":"Feature","geometry":{"type":"Point","coordinates":[-46.93051,-21.74902]},"properties":{"id":12480,"name":"Itobi","state_code":"SP","country_code":"BR"}},{"type":"Feature","geometry":{"type":"Point","coordinates":[-47.29917,-23.26417]},"properties":{"id":12482,"name":"Itu","state_code":"SP","country_code":"BR"}},{"type":"Feature","geometry":{"type":"Point","coordinates":[-47.05778,-23.15306]},"properties":{"id":12489,"name":"Itupeva","state_code":"SP","country_code":"BR"}},{"type":"Feature","geometry":{"type":"Point","coordinates":[-47.78056,-20.33944]},"properties":{"id":12494,"name":"Ituverava","state_code":"SP","country_code":"BR"}},{"type":"Feature","geometry":{"type":"Point","coordinates":[-48.40164,-20.66618]},"properties":{"id":12511,"name":"Jaborandi","state_code":"SP","country_code":"BR"}},{"type":"Feature","geometry":{"type":"Point","coordinates":[-48.32222,-21.25472]},"properties":{"id":12515,"name":"Jaboticabal","state_code":"SP","country_code":"BR"}},{"type":"Feature","geometry":{"type":"Point","coordinates":[-45.96583,-23.30528]},"properties":{"id":12521,"name":"Jacareí","state_code":"SP","country_code":"BR"}},{"type":"Feature","geometry":{"type":"Point","coordinates":[-49.57606,-20.94747]},"properties":{"id":12523,"name":"Jaci","state_code":"SP","country_code":"BR"}},{"type":"Feature","geometry":{"type":"Point","coordinates":[-48.00222,-24.6925]},"properties":{"id":12531,"name":"Jacupiranga","state_code":"SP","country_code":"BR"}},{"type":"Feature","geometry":{"type":"Point","coordinates":[-46.98583,-22.70556]},"properties":{"id":12546,"name":"Jaguariúna","state_code":"SP","country_code":"BR"}},{"type":"Feature","geometry":{"type":"Point","coordinates":[-50.54583,-20.26889]},"properties":{"id":12552,"name":"Jales","state_code":"SP","country_code":"BR"}},{"type":"Feature","geometry":{"type":"Point","coordinates":[-45.71217,-23.28154]},"properties":{"id":12553,"name":"Jambeiro","state_code":"SP","country_code":"BR"}},{"type":"Feature","geometry":{"type":"Point","coordinates":[-46.89571,-23.54082]},"properties":{"id":12560,"name":"Jandira","state_code":"SP","country_code":"BR"}},{"type":"Feature","geometry":{"type":"Point","coordinates":[-46.66439,-23.56675]},"properties":{"id":12587,"name":"Jardim Paulista","state_code":"SP","country_code":"BR"}},{"type":"Feature","geometry":{"type":"Point","coordinates":[-47.76389,-21.01778]},"properties":{"id":12592,"name":"Jardinópolis","state_code":"SP","country_code":"BR"}},{"type":"Feature","geometry":{"type":"Point","coordinates":[-46.72833,-23.10139]},"properties":{"id":12595,"name":"Jarinu","state_code":"SP","country_code":"BR"}},{"type":"Feature","geometry":{"type":"Point","coordinates":[-48.55778,-22.29639]},"properties":{"id":12609,"name":"Jaú","state_code":"SP","country_code":"BR"}},{"type":"Feature","geometry":{"type":"Point","coordinates":[-47.57121,-20.33455]},"properties":{"id":12622,"name":"Jeriquara","state_code":"SP","country_code":"BR"}},{"type":"Feature","geometry":{"type":"Point","coordinates":[-46.27556,-22.93028]},"properties":{"id":12635,"name":"Joanópolis","state_code":"SP","country_code":"BR"}},{"type":"Feature","geometry":{"type":"Point","coordinates":[-50.78747,-22.2444]},"properties":{"id":12667,"name":"João Ramalho","state_code":"SP","country_code":"BR"}},{"type":"Feature","geometry":{"type":"Point","coordinates":[-49.77293,-21.08986]},"properties":{"id":12651,"name":"José Bonifácio","state_code":"SP","country_code":"BR"}},{"type":"Feature","geometry":{"type":"Point","coordinates":[-49.78623,-21.97689]},"properties":{"id":12718,"name":"Júlio Mesquita","state_code":"SP","country_code":"BR"}},{"type":"Feature","geometry":{"type":"Point","coordinates":[-47.7982,-23.10825]},"properties":{"id":12681,"name":"Jumirim","state_code":"SP","country_code":"BR"}},{"type":"Feature","geometry":{"type":"Point","coordinates":[-46.88417,-23.18639]},"properties":{"id":12684,"name":"Jundiaí","state_code":"SP","country_code":"BR"}},{"type":"Feature","geometry":{"type":"Point","coordinates":[-51.43361,-21.51472]},"properties":{"id":12689,"name":"Junqueirópolis","state_code":"SP","country_code":"BR"}},{"type":"Feature","geometry":{"type":"Point","coordinates":[-47.63472,-24.32083]},"properties":{"id":12693,"name":"Juquiá","state_code":"SP","country_code":"BR"}},{"type":"Feature","geometry":{"type":"Point","coordinates":[-47.01366,-23.9586]},"properties":{"id":12692,"name":"Juquitiba","state_code":"SP","country_code":"BR"}},{"type":"Feature","geometry":{"type":"Point","coordinates":[-45.19973,-23.08443]},"properties":{"id":12768,"name":"Lagoinha","state_code":"SP","country_code":"BR"}},{"type":"Feature","geometry":{"type":"Point","coordinates":[-47.83667,-23.04972]},"properties":{"id":12797,"name":"Laranjal Paulista","state_code":"SP","country_code":"BR"}},{"type":"Feature","geometry":{"type":"Point","coordinates":[-51.05184,-21.17069]},"properties":{"id":12812,"name":"Lavínia","state_code":"SP","country_code":"BR"}},{"type":"Feature","geometry":{"type":"Point","coordinates":[-44.88055,-22.51707]},"properties":{"id":12811,"name":"Lavrinhas","state_code":"SP","country_code":"BR"}},{"type":"Feature","geometry":{"type":"Point","coordinates":[-47.39028,-22.18556]},"properties":{"id":12815,"name":"Leme","state_code":"SP","country_code":"BR"}},{"type":"Feature","geometry":{"type":"Point","coordinates":[-48.80028,-22.59861]},"properties":{"id":12818,"name":"Lençóis Paulista","state_code":"SP","country_code":"BR"}},{"type":"Feature","geometry":{"type":"Point","coordinates":[-47.40167,-22.56472]},"properties":{"id":12829,"name":"Limeira","state_code":"SP","country_code":"BR"}},{"type":"Feature","geometry":{"type":"Point","coordinates":[-46.65352,-22.5125]},"properties":{"id":12837,"name":"Lindóia","state_code":"SP","country_code":"BR"}},{"type":"Feature","geometry":{"type":"Point","coordinates":[-49.7425,-21.67861]},"properties":{"id":12841,"name":"Lins","state_code":"SP","country_code":"BR"}},{"type":"Feature","geometry":{"type":"Point","coordinates":[-45.12472,-22.73083]},"properties":{"id":12852,"name":"Lorena","state_code":"SP","country_code":"BR"}},{"type":"Feature","geometry":{"type":"Point","coordinates":[-50.23799,-20.94345]},"properties":{"id":12854,"name":"Lourdes","state_code":"SP","country_code":"BR"}},{"type":"Feature","geometry":{"type":"Point","coordinates":[-46.93308,-23.08252]},"properties":{"id":12855,"name":"Louveira","state_code":"SP","country_code":"BR"}},{"type":"Feature","geometry":{"type":"Point","coordinates":[-51.01889,-21.72028]},"properties":{"id":12862,"name":"Lucélia","state_code":"SP","country_code":"BR"}},{"type":"Feature","geometry":{"type":"Point","coordinates":[-49.54507,-22.48385]},"properties":{"id":12859,"name":"Lucianópolis","state_code":"SP","country_code":"BR"}},{"type":"Feature","geometry":{"type":"Point","coordinates":[-47.81156,-21.55997]},"properties":{"id":12878,"name":"Luís Antônio","state_code":"SP","country_code":"BR"}},{"type":"Feature","geometry":{"type":"Point","coordinates":[-50.35305,-21.68237]},"properties":{"id":12867,"name":"Luiziânia","state_code":"SP","country_code":"BR"}},{"type":"Feature","geometry":{"type":"Point","coordinates":[-49.81232,-22.42771]},"properties":{"id":12871,"name":"Lupércio","state_code":"SP","country_code":"BR"}},{"type":"Feature","geometry":{"type":"Point","coordinates":[-50.37817,-22.30652]},"properties":{"id":12872,"name":"Lutécia","state_code":"SP","country_code":"BR"}},{"type":"Feature","geometry":{"type":"Point","coordinates":[-48.71139,-22.50222]},"properties":{"id":12889,"name":"Macatuba","state_code":"SP","country_code":"BR"}},{"type":"Feature","geometry":{"type":"Point","coordinates":[-49.9853,-20.86271]},"properties":{"id":12891,"name":"Macaubal","state_code":"SP","country_code":"BR"}},{"type":"Feature","geometry":{"type":"Point","coordinates":[-50.17318,-20.08825]},"properties":{"id":12895,"name":"Macedônia","state_code":"SP","country_code":"BR"}},{"type":"Feature","geometry":{"type":"Point","coordinates":[-50.22413,-20.57602]},"properties":{"id":12913,"name":"Magda","state_code":"SP","country_code":"BR"}},{"type":"Feature","geometry":{"type":"Point","coordinates":[-47.18333,-23.54583]},"properties":{"id":12917,"name":"Mairinque","state_code":"SP","country_code":"BR"}},{"type":"Feature","geometry":{"type":"Point","coordinates":[-46.58667,-23.31861]},"properties":{"id":12918,"name":"Mairiporã","state_code":"SP","country_code":"BR"}},{"type":"Feature","geometry":{"type":"Point","coordinates":[-49.30262,-23.05388]},"properties":{"id":12944,"name":"Manduri","state_code":"SP","country_code":"BR"}},{"type":"Feature","geometry":{"type":"Point","coordinates":[-52.05131,-22.11727]},"properties":{"id":12965,"name":"Marabá Paulista","state_code":"SP","country_code":"BR"}},{"type":"Feature","geometry":{"type":"Point","coordinates":[-50.66722,-22.61056]},"properties":{"id":12971,"name":"Maracaí","state_code":"SP","country_code":"BR"}},{"type":"Feature","geometry":{"type":"Point","coordinates":[-49.14859,-21.25761]},"properties":{"id":12980,"name":"Marapoama","state_code":"SP","country_code":"BR"}},{"type":"Feature","geometry":{"type":"Point","coordinates":[-51.16754,-21.77944]},"properties":{"id":13024,"name":"Mariápolis","state_code":"SP","country_code":"BR"}},{"type":"Feature","geometry":{"type":"Point","coordinates":[-49.94583,-22.21389]},"properties":{"id":13039,"name":"Marília","state_code":"SP","country_code":"BR"}},{"type":"Feature","geometry":{"type":"Point","coordinates":[-50.83467,-20.4878]},"properties":{"id":13019,"name":"Marinópolis","state_code":"SP","country_code":"BR"}},{"type":"Feature","geometry":{"type":"Point","coordinates":[-51.17083,-22.14583]},"properties":{"id":13035,"name":"Martinópolis","state_code":"SP","country_code":"BR"}},{"type":"Feature","geometry":{"type":"Point","coordinates":[-48.45033,-21.59547]},"properties":{"id":13077,"name":"Matão","state_code":"SP","country_code":"BR"}},{"type":"Feature","geometry":{"type":"Point","coordinates":[-46.44656,-23.66364]},"properties":{"id":13083,"name":"Mauá","state_code":"SP","country_code":"BR"}},{"type":"Feature","geometry":{"type":"Point","coordinates":[-49.56427,-21.1962]},"properties":{"id":13099,"name":"Mendonça","state_code":"SP","country_code":"BR"}},{"type":"Feature","geometry":{"type":"Point","coordinates":[-50.20536,-20.41766]},"properties":{"id":13102,"name":"Meridiano","state_code":"SP","country_code":"BR"}},{"type":"Feature","geometry":{"type":"Point","coordinates":[-50.60938,-19.95808]},"properties":{"id":13108,"name":"Mesópolis","state_code":"SP","country_code":"BR"}},{"type":"Feature","geometry":{"type":"Point","coordinates":[-48.03194,-20.17944]},"properties":{"id":13113,"name":"Miguelópolis","state_code":"SP","country_code":"BR"}},{"type":"Feature","geometry":{"type":"Point","coordinates":[-48.44074,-22.4486]},"properties":{"id":13127,"name":"Mineiros do Tietê","state_code":"SP","country_code":"BR"}},{"type":"Feature","geometry":{"type":"Point","coordinates":[-50.13043,-19.97244]},"properties":{"id":13129,"name":"Mira Estrela","state_code":"SP","country_code":"BR"}},{"type":"Feature","geometry":{"type":"Point","coordinates":[-47.45972,-24.28139]},"properties":{"id":13131,"name":"Miracatu","state_code":"SP","country_code":"BR"}},{"type":"Feature","geometry":{"type":"Point","coordinates":[-51.10167,-21.13361]},"properties":{"id":13141,"name":"Mirandopólis","state_code":"SP","country_code":"BR"}},{"type":"Feature","geometry":{"type":"Point","coordinates":[-51.90639,-22.29194]},"properties":{"id":13147,"name":"Mirante do Paranapanema","state_code":"SP","country_code":"BR"}},{"type":"Feature","geometry":{"type":"Point","coordinates":[-49.50879,-20.84158]},"properties":{"id":13149,"name":"Mirassol","state_code":"SP","country_code":"BR"}},{"type":"Feature","geometry":{"type":"Point","coordinates":[-49.48426,-20.59295]},"properties":{"id":13151,"name":"Mirassolândia","state_code":"SP","country_code":"BR"}},{"type":"Feature","geometry":{"type":"Point","coordinates":[-47.00472,-21.46778]},"properties":{"id":13160,"name":"Mococa","state_code":"SP","country_code":"BR"}},{"type":"Feature","geometry":{"type":"Point","coordinates":[-46.1877,-23.56813]},"properties":{"id":13167,"name":"Mogi das Cruzes","state_code":"SP","country_code":"BR"}},{"type":"Feature","geometry":{"type":"Point","coordinates":[-46.94552,-22.3677]},"properties":{"id":13165,"name":"Mogi Guaçu","state_code":"SP","country_code":"BR"}},{"type":"Feature","geometry":{"type":"Point","coordinates":[-46.95778,-22.43194]},"properties":{"id":13166,"name":"Mogi Mirim","state_code":"SP","country_code":"BR"}},{"type":"Feature","geometry":{"type":"Point","coordinates":[-47.60238,-22.95107]},"properties":{"id":13173,"name":"Mombuca","state_code":"SP","country_code":"BR"}},{"type":"Feature","geometry":{"type":"Point","coordinates":[-50.08331,-20.86875]},"properties":{"id":13226,"name":"Monções","state_code":"SP","country_code":"BR"}},{"type":"Feature","geometry":{"type":"Point","coordinates":[-46.62083,-24.09306]},"properties":{"id":13175,"name":"Mongaguá","state_code":"SP","country_code":"BR"}},{"type":"Feature","geometry":{"type":"Point","coordinates":[-46.67181,-22.71002]},"properties":{"id":13192,"name":"Monte Alegre do Sul","state_code":"SP","country_code":"BR"}},{"type":"Feature","geometry":{"type":"Point","coordinates":[-48.49639,-21.26111]},"properties":{"id":13194,"name":"Monte Alto","state_code":"SP","country_code":"BR"}},{"type":"Feature","geometry":{"type":"Point","coordinates":[-49.71417,-20.7725]},"properties":{"id":13195,"name":"Monte Aprazível","state_code":"SP","country_code":"BR"}},{"type":"Feature","geometry":{"type":"Point","coordinates":[-48.64139,-20.90722]},"properties":{"id":13197,"name":"Monte Azul Paulista","state_code":"SP","country_code":"BR"}},{"type":"Feature","geometry":{"type":"Point","coordinates":[-51.57141,-21.22773]},"properties":{"id":13202,"name":"Monte Castelo","state_code":"SP","country_code":"BR"}},{"type":"Feature","geometry":{"type":"Point","coordinates":[-47.31583,-22.94667]},"properties":{"id":13206,"name":"Monte Mor","state_code":"SP","country_code":"BR"}},{"type":"Feature","geometry":{"type":"Point","coordinates":[-45.80525,-22.933]},"properties":{"id":13216,"name":"Monteiro Lobato","state_code":"SP","country_code":"BR"}},{"type":"Feature","geometry":{"type":"Point","coordinates":[-48.05778,-20.73139]},"properties":{"id":13239,"name":"Morro Agudo","state_code":"SP","country_code":"BR"}},{"type":"Feature","geometry":{"type":"Point","coordinates":[-46.78699,-22.88318]},"properties":{"id":13253,"name":"Morungaba","state_code":"SP","country_code":"BR"}},{"type":"Feature","geometry":{"type":"Point","coordinates":[-48.15669,-21.48936]},"properties":{"id":13257,"name":"Motuca","state_code":"SP","country_code":"BR"}},{"type":"Feature","geometry":{"type":"Point","coordinates":[-51.30376,-20.99638]},"properties":{"id":13284,"name":"Murutinga do Sul","state_code":"SP","country_code":"BR"}},{"type":"Feature","geometry":{"type":"Point","coordinates":[-51.2084,-22.60334]},"properties":{"id":13295,"name":"Nantes","state_code":"SP","country_code":"BR"}},{"type":"Feature","geometry":{"type":"Point","coordinates":[-51.50976,-22.53395]},"properties":{"id":13298,"name":"Narandiba","state_code":"SP","country_code":"BR"}},{"type":"Feature","geometry":{"type":"Point","coordinates":[-45.39368,-23.39447]},"properties":{"id":13303,"name":"Natividade da Serra","state_code":"SP","country_code":"BR"}},{"type":"Feature","geometry":{"type":"Point","coordinates":[-46.36202,-23.18203]},"properties":{"id":13312,"name":"Nazaré Paulista","state_code":"SP","country_code":"BR"}},{"type":"Feature","geometry":{"type":"Point","coordinates":[-49.6485,-20.87439]},"properties":{"id":13319,"name":"Neves Paulista","state_code":"SP","country_code":"BR"}},{"type":"Feature","geometry":{"type":"Point","coordinates":[-50.0407,-20.6897]},"properties":{"id":13322,"name":"Nhandeara","state_code":"SP","country_code":"BR"}},{"type":"Feature","geometry":{"type":"Point","coordinates":[-49.78133,-20.89366]},"properties":{"id":13329,"name":"Nipoã","state_code":"SP","country_code":"BR"}},{"type":"Feature","geometry":{"type":"Point","coordinates":[-49.52593,-21.06591]},"properties":{"id":13345,"name":"Nova Aliança","state_code":"SP","country_code":"BR"}},{"type":"Feature","geometry":{"type":"Point","coordinates":[-48.98456,-24.20918]},"properties":{"id":13362,"name":"Nova Campina","state_code":"SP","country_code":"BR"}},{"type":"Feature","geometry":{"type":"Point","coordinates":[-50.90616,-20.3702]},"properties":{"id":13364,"name":"Nova Canaã Paulista","state_code":"SP","country_code":"BR"}},{"type":"Feature","geometry":{"type":"Point","coordinates":[-50.34957,-20.7853]},"properties":{"id":13368,"name":"Nova Castilho","state_code":"SP","country_code":"BR"}},{"type":"Feature","geometry":{"type":"Point","coordinates":[-48.5688,-21.79214]},"properties":{"id":13378,"name":"Nova Europa","state_code":"SP","country_code":"BR"}},{"type":"Feature","geometry":{"type":"Point","coordinates":[-49.31417,-20.53389]},"properties":{"id":13384,"name":"Nova Granada","state_code":"SP","country_code":"BR"}},{"type":"Feature","geometry":{"type":"Point","coordinates":[-51.64323,-21.31898]},"properties":{"id":13386,"name":"Nova Guataporanga","state_code":"SP","country_code":"BR"}},{"type":"Feature","geometry":{"type":"Point","coordinates":[-51.52759,-21.15481]},"properties":{"id":13391,"name":"Nova Independência","state_code":"SP","country_code":"BR"}},{"type":"Feature","geometry":{"type":"Point","coordinates":[-50.24297,-20.87304]},"properties":{"id":13400,"name":"Nova Luzitânia","state_code":"SP","country_code":"BR"}},{"type":"Feature","geometry":{"type":"Point","coordinates":[-47.29583,-22.7775]},"properties":{"id":13408,"name":"Nova Odessa","state_code":"SP","country_code":"BR"}},{"type":"Feature","geometry":{"type":"Point","coordinates":[-48.90985,-20.9766]},"properties":{"id":13449,"name":"Novais","state_code":"SP","country_code":"BR"}},{"type":"Feature","geometry":{"type":"Point","coordinates":[-49.22083,-21.46806]},"properties":{"id":13460,"name":"Novo Horizonte","state_code":"SP","country_code":"BR"}},{"type":"Feature","geometry":{"type":"Point","coordinates":[-47.75177,-20.73095]},"properties":{"id":13484,"name":"Nuporanga","state_code":"SP","country_code":"BR"}},{"type":"Feature","geometry":{"type":"Point","coordinates":[-49.9517,-22.43034]},"properties":{"id":13489,"name":"Ocauçu","state_code":"SP","country_code":"BR"}},{"type":"Feature","geometry":{"type":"Point","coordinates":[-49.38996,-22.94964]},"properties":{"id":15684,"name":"Óleo","state_code":"SP","country_code":"BR"}},{"type":"Feature","geometry":{"type":"Point","coordinates":[-48.91472,-20.73722]},"properties":{"id":13511,"name":"Olímpia","state_code":"SP","country_code":"BR"}},{"type":"Feature","geometry":{"type":"Point","coordinates":[-49.24474,-20.61043]},"properties":{"id":13513,"name":"Onda Verde","state_code":"SP","country_code":"BR"}},{"type":"Feature","geometry":{"type":"Point","coordinates":[-50.09676,-22.15005]},"properties":{"id":13516,"name":"Oriente","state_code":"SP","country_code":"BR"}},{"type":"Feature","geometry":{"type":"Point","coordinates":[-49.37594,-20.22235]},"properties":{"id":13517,"name":"Orindiúva","state_code":"SP","country_code":"BR"}},{"type":"Feature","geometry":{"type":"Point","coordinates":[-47.88667,-20.72028]},"properties":{"id":13522,"name":"Orlândia","state_code":"SP","country_code":"BR"}},{"type":"Feature","geometry":{"type":"Point","coordinates":[-46.79167,-23.5325]},"properties":{"id":13527,"name":"Osasco","state_code":"SP","country_code":"BR"}},{"type":"Feature","geometry":{"type":"Point","coordinates":[-50.25646,-22.29031]},"properties":{"id":13528,"name":"Oscar Bressane","state_code":"SP","country_code":"BR"}},{"type":"Feature","geometry":{"type":"Point","coordinates":[-50.84203,-21.67502]},"properties":{"id":13529,"name":"Osvaldo Cruz","state_code":"SP","country_code":"BR"}},{"type":"Feature","geometry":{"type":"Point","coordinates":[-49.87056,-22.97889]},"properties":{"id":13534,"name":"Ourinhos","state_code":"SP","country_code":"BR"}},{"type":"Feature","geometry":{"type":"Point","coordinates":[-51.75119,-21.52766]},"properties":{"id":13545,"name":"Ouro Verde","state_code":"SP","country_code":"BR"}},{"type":"Feature","geometry":{"type":"Point","coordinates":[-50.41455,-19.9376]},"properties":{"id":13550,"name":"Ouroeste","state_code":"SP","country_code":"BR"}},{"type":"Feature","geometry":{"type":"Point","coordinates":[-51.26056,-21.56222]},"properties":{"id":13554,"name":"Pacaembu","state_code":"SP","country_code":"BR"}},{"type":"Feature","geometry":{"type":"Point","coordinates":[-49.52,-20.29911]},"properties":{"id":13576,"name":"Palestina","state_code":"SP","country_code":"BR"}},{"type":"Feature","geometry":{"type":"Point","coordinates":[-48.82032,-21.10148]},"properties":{"id":13584,"name":"Palmares Paulista","state_code":"SP","country_code":"BR"}},{"type":"Feature","geometry":{"type":"Point","coordinates":[-50.75181,-20.45046]},"properties":{"id":13591,"name":"Palmeira d'Oeste","state_code":"SP","country_code":"BR"}},{"type":"Feature","geometry":{"type":"Point","coordinates":[-50.2175,-22.78889]},"properties":{"id":13605,"name":"Palmital","state_code":"SP","country_code":"BR"}},{"type":"Feature","geometry":{"type":"Point","coordinates":[-51.85972,-21.35639]},"properties":{"id":13616,"name":"Panorama","state_code":"SP","country_code":"BR"}},{"type":"Feature","geometry":{"type":"Point","coordinates":[-50.57583,-22.41278]},"properties":{"id":13628,"name":"Paraguaçu Paulista","state_code":"SP","country_code":"BR"}},{"type":"Feature","geometry":{"type":"Point","coordinates":[-45.63778,-23.48123]},"properties":{"id":13630,"name":"Paraibuna","state_code":"SP","country_code":"BR"}},{"type":"Feature","geometry":{"type":"Point","coordinates":[-48.77361,-21.01639]},"properties":{"id":13659,"name":"Paraíso","state_code":"SP","country_code":"BR"}},{"type":"Feature","geometry":{"type":"Point","coordinates":[-48.72441,-23.3863]},"properties":{"id":13639,"name":"Paranapanema","state_code":"SP","country_code":"BR"}},{"type":"Feature","geometry":{"type":"Point","coordinates":[-50.59676,-20.0594]},"properties":{"id":13641,"name":"Paranapuã","state_code":"SP","country_code":"BR"}},{"type":"Feature","geometry":{"type":"Point","coordinates":[-50.8341,-21.84482]},"properties":{"id":13651,"name":"Parapuã","state_code":"SP","country_code":"BR"}},{"type":"Feature","geometry":{"type":"Point","coordinates":[-48.3842,-23.08987]},"properties":{"id":13667,"name":"Pardinho","state_code":"SP","country_code":"BR"}},{"type":"Feature","geometry":{"type":"Point","coordinates":[-47.88111,-24.715]},"properties":{"id":13675,"name":"Pariquera Açu","state_code":"SP","country_code":"BR"}},{"type":"Feature","geometry":{"type":"Point","coordinates":[-50.03904,-20.26554]},"properties":{"id":13677,"name":"Parisi","state_code":"SP","country_code":"BR"}},{"type":"Feature","geometry":{"type":"Point","coordinates":[-47.28437,-20.68707]},"properties":{"id":13710,"name":"Patrocínio Paulista","state_code":"SP","country_code":"BR"}},{"type":"Feature","geometry":{"type":"Point","coordinates":[-51.75418,-21.17172]},"properties":{"id":13723,"name":"Paulicéia","state_code":"SP","country_code":"BR"}},{"type":"Feature","geometry":{"type":"Point","coordinates":[-47.15417,-22.76111]},"properties":{"id":13738,"name":"Paulínia","state_code":"SP","country_code":"BR"}},{"type":"Feature","geometry":{"type":"Point","coordinates":[-51.2,-21.6]},"properties":{"id":13727,"name":"Paulista Flórida","state_code":"SP","country_code":"BR"}},{"type":"Feature","geometry":{"type":"Point","coordinates":[-49.29587,-22.57816]},"properties":{"id":13730,"name":"Paulistânia","state_code":"SP","country_code":"BR"}},{"type":"Feature","geometry":{"type":"Point","coordinates":[-49.48849,-20.09639]},"properties":{"id":13737,"name":"Paulo de Faria","state_code":"SP","country_code":"BR"}},{"type":"Feature","geometry":{"type":"Point","coordinates":[-48.775,-22.35167]},"properties":{"id":13744,"name":"Pederneiras","state_code":"SP","country_code":"BR"}},{"type":"Feature","geometry":{"type":"Point","coordinates":[-46.43708,-22.76397]},"properties":{"id":13747,"name":"Pedra Bela","state_code":"SP","country_code":"BR"}},{"type":"Feature","geometry":{"type":"Point","coordinates":[-50.08987,-20.19986]},"properties":{"id":13761,"name":"Pedranópolis","state_code":"SP","country_code":"BR"}},{"type":"Feature","geometry":{"type":"Point","coordinates":[-47.47667,-20.25694]},"properties":{"id":13766,"name":"Pedregulho","state_code":"SP","country_code":"BR"}},{"type":"Feature","geometry":{"type":"Point","coordinates":[-46.90139,-22.74194]},"properties":{"id":13767,"name":"Pedreira","state_code":"SP","country_code":"BR"}},{"type":"Feature","geometry":{"type":"Point","coordinates":[-50.82055,-22.80731]},"properties":{"id":13770,"name":"Pedrinhas Paulista","state_code":"SP","country_code":"BR"}},{"type":"Feature","geometry":{"type":"Point","coordinates":[-47.17239,-24.1702]},"properties":{"id":13784,"name":"Pedro de Toledo","state_code":"SP","country_code":"BR"}},{"type":"Feature","geometry":{"type":"Point","coordinates":[-50.0775,-21.41972]},"properties":{"id":13798,"name":"Penápolis","state_code":"SP","country_code":"BR"}},{"type":"Feature","geometry":{"type":"Point","coordinates":[-51.10917,-20.63833]},"properties":{"id":13805,"name":"Pereira Barreto","state_code":"SP","country_code":"BR"}},{"type":"Feature","geometry":{"type":"Point","coordinates":[-47.97614,-23.1215]},"properties":{"id":13806,"name":"Pereiras","state_code":"SP","country_code":"BR"}},{"type":"Feature","geometry":{"type":"Point","coordinates":[-46.99833,-24.32]},"properties":{"id":13814,"name":"Peruíbe","state_code":"SP","country_code":"BR"}},{"type":"Feature","geometry":{"type":"Point","coordinates":[-50.65835,-21.57301]},"properties":{"id":13823,"name":"Piacatu","state_code":"SP","country_code":"BR"}},{"type":"Feature","geometry":{"type":"Point","coordinates":[-47.42778,-23.71194]},"properties":{"id":13831,"name":"Piedade","state_code":"SP","country_code":"BR"}},{"type":"Feature","geometry":{"type":"Point","coordinates":[-47.71639,-23.81306]},"properties":{"id":13839,"name":"Pilar do Sul","state_code":"SP","country_code":"BR"}},{"type":"Feature","geometry":{"type":"Point","coordinates":[-45.46167,-22.92389]},"properties":{"id":13848,"name":"Pindamonhangaba","state_code":"SP","country_code":"BR"}},{"type":"Feature","geometry":{"type":"Point","coordinates":[-48.90722,-21.18583]},"properties":{"id":13854,"name":"Pindorama","state_code":"SP","country_code":"BR"}},{"type":"Feature","geometry":{"type":"Point","coordinates":[-46.57177,-22.78213]},"properties":{"id":13863,"name":"Pinhalzinho","state_code":"SP","country_code":"BR"}},{"type":"Feature","geometry":{"type":"Point","coordinates":[-51.74581,-21.84262]},"properties":{"id":13880,"name":"Piquerobi","state_code":"SP","country_code":"BR"}},{"type":"Feature","geometry":{"type":"Point","coordinates":[-45.17611,-22.61361]},"properties":{"id":13882,"name":"Piquete","state_code":"SP","country_code":"BR"}},{"type":"Feature","geometry":{"type":"Point","coordinates":[-46.35806,-23.05389]},"properties":{"id":13883,"name":"Piracaia","state_code":"SP","country_code":"BR"}},{"type":"Feature","geometry":{"type":"Point","coordinates":[-47.77297,-22.71579]},"properties":{"id":13886,"name":"Piracicaba","state_code":"SP","country_code":"BR"}},{"type":"Feature","geometry":{"type":"Point","coordinates":[-49.38389,-23.19361]},"properties":{"id":13888,"name":"Piraju","state_code":"SP","country_code":"BR"}},{"type":"Feature","geometry":{"type":"Point","coordinates":[-49.45722,-21.99861]},"properties":{"id":13890,"name":"Pirajuí","state_code":"SP","country_code":"BR"}},{"type":"Feature","geometry":{"type":"Point","coordinates":[-48.67186,-21.08566]},"properties":{"id":13893,"name":"Pirangi","state_code":"SP","country_code":"BR"}},{"type":"Feature","geometry":{"type":"Point","coordinates":[-46.97798,-23.37201]},"properties":{"id":13901,"name":"Pirapora do Bom Jesus","state_code":"SP","country_code":"BR"}},{"type":"Feature","geometry":{"type":"Point","coordinates":[-51.5,-22.27528]},"properties":{"id":13902,"name":"Pirapozinho","state_code":"SP","country_code":"BR"}},{"type":"Feature","geometry":{"type":"Point","coordinates":[-47.42583,-21.99611]},"properties":{"id":13906,"name":"Pirassununga","state_code":"SP","country_code":"BR"}},{"type":"Feature","geometry":{"type":"Point","coordinates":[-49.19329,-22.42279]},"properties":{"id":13908,"name":"Piratininga","state_code":"SP","country_code":"BR"}},{"type":"Feature","geometry":{"type":"Point","coordinates":[-48.26197,-21.01395]},"properties":{"id":13923,"name":"Pitangueiras","state_code":"SP","country_code":"BR"}},{"type":"Feature","geometry":{"type":"Point","coordinates":[-49.93965,-21.00411]},"properties":{"id":13939,"name":"Planalto","state_code":"SP","country_code":"BR"}},{"type":"Feature","geometry":{"type":"Point","coordinates":[-50.22211,-22.62809]},"properties":{"id":13944,"name":"Platina","state_code":"SP","country_code":"BR"}},{"type":"Feature","geometry":{"type":"Point","coordinates":[-46.34662,-23.53459]},"properties":{"id":14044,"name":"Poá","state_code":"SP","country_code":"BR"}},{"type":"Feature","geometry":{"type":"Point","coordinates":[-49.8155,-20.72938]},"properties":{"id":13950,"name":"Poloni","state_code":"SP","country_code":"BR"}},{"type":"Feature","geometry":{"type":"Point","coordinates":[-50.17167,-22.10861]},"properties":{"id":13954,"name":"Pompéia","state_code":"SP","country_code":"BR"}},{"type":"Feature","geometry":{"type":"Point","coordinates":[-49.36396,-21.73364]},"properties":{"id":13956,"name":"Pongaí","state_code":"SP","country_code":"BR"}},{"type":"Feature","geometry":{"type":"Point","coordinates":[-48.03722,-21.0225]},"properties":{"id":13960,"name":"Pontal","state_code":"SP","country_code":"BR"}},{"type":"Feature","geometry":{"type":"Point","coordinates":[-50.52208,-20.46316]},"properties":{"id":13964,"name":"Pontalinda","state_code":"SP","country_code":"BR"}},{"type":"Feature","geometry":{"type":"Point","coordinates":[-49.75902,-20.17009]},"properties":{"id":13973,"name":"Pontes Gestal","state_code":"SP","country_code":"BR"}},{"type":"Feature","geometry":{"type":"Point","coordinates":[-50.51727,-19.92212]},"properties":{"id":13980,"name":"Populina","state_code":"SP","country_code":"BR"}},{"type":"Feature","geometry":{"type":"Point","coordinates":[-48.125,-23.17583]},"properties":{"id":13982,"name":"Porangaba","state_code":"SP","country_code":"BR"}},{"type":"Feature","geometry":{"type":"Point","coordinates":[-47.52389,-23.21472]},"properties":{"id":14004,"name":"Porto Feliz","state_code":"SP","country_code":"BR"}},{"type":"Feature","geometry":{"type":"Point","coordinates":[-47.47917,-21.85389]},"properties":{"id":14005,"name":"Porto Ferreira","state_code":"SP","country_code":"BR"}},{"type":"Feature","geometry":{"type":"Point","coordinates":[-45.30614,-22.82497]},"properties":{"id":14033,"name":"Potim","state_code":"SP","country_code":"BR"}},{"type":"Feature","geometry":{"type":"Point","coordinates":[-49.39808,-21.10737]},"properties":{"id":14035,"name":"Potirendaba","state_code":"SP","country_code":"BR"}},{"type":"Feature","geometry":{"type":"Point","coordinates":[-51.08033,-21.84003]},"properties":{"id":14057,"name":"Pracinha","state_code":"SP","country_code":"BR"}},{"type":"Feature","geometry":{"type":"Point","coordinates":[-48.06556,-21.35944]},"properties":{"id":14062,"name":"Pradópolis","state_code":"SP","country_code":"BR"}},{"type":"Feature","geometry":{"type":"Point","coordinates":[-46.40278,-24.00583]},"properties":{"id":14063,"name":"Praia Grande","state_code":"SP","country_code":"BR"}},{"type":"Feature","geometry":{"type":"Point","coordinates":[-48.68698,-22.81737]},"properties":{"id":14073,"name":"Pratânia","state_code":"SP","country_code":"BR"}},{"type":"Feature","geometry":{"type":"Point","coordinates":[-49.40588,-22.10947]},"properties":{"id":14074,"name":"Presidente Alves","state_code":"SP","country_code":"BR"}},{"type":"Feature","geometry":{"type":"Point","coordinates":[-51.55306,-22.00611]},"properties":{"id":14075,"name":"Presidente Bernardes","state_code":"SP","country_code":"BR"}},{"type":"Feature","geometry":{"type":"Point","coordinates":[-52.11556,-21.76333]},"properties":{"id":14081,"name":"Presidente Epitácio","state_code":"SP","country_code":"BR"}},{"type":"Feature","geometry":{"type":"Point","coordinates":[-51.38889,-22.12556]},"properties":{"id":14095,"name":"Presidente Prudente","state_code":"SP","country_code":"BR"}},{"type":"Feature","geometry":{"type":"Point","coordinates":[-51.84389,-21.87611]},"properties":{"id":14099,"name":"Presidente Venceslau","state_code":"SP","country_code":"BR"}},{"type":"Feature","geometry":{"type":"Point","coordinates":[-49.85806,-21.53667]},"properties":{"id":14110,"name":"Promissão","state_code":"SP","country_code":"BR"}},{"type":"Feature","geometry":{"type":"Point","coordinates":[-48.04264,-23.30027]},"properties":{"id":14125,"name":"Quadra","state_code":"SP","country_code":"BR"}},{"type":"Feature","geometry":{"type":"Point","coordinates":[-50.69833,-22.2475]},"properties":{"id":14135,"name":"Quatá","state_code":"SP","country_code":"BR"}},{"type":"Feature","geometry":{"type":"Point","coordinates":[-50.23587,-21.79287]},"properties":{"id":14142,"name":"Queiroz","state_code":"SP","country_code":"BR"}},{"type":"Feature","geometry":{"type":"Point","coordinates":[-44.78091,-22.5132]},"properties":{"id":14143,"name":"Queluz","state_code":"SP","country_code":"BR"}},{"type":"Feature","geometry":{"type":"Point","coordinates":[-50.37082,-22.0972]},"properties":{"id":14151,"name":"Quintana","state_code":"SP","country_code":"BR"}},{"type":"Feature","geometry":{"type":"Point","coordinates":[-47.58676,-23.03281]},"properties":{"id":14168,"name":"Rafard","state_code":"SP","country_code":"BR"}},{"type":"Feature","geometry":{"type":"Point","coordinates":[-50.89306,-22.22917]},"properties":{"id":14170,"name":"Rancharia","state_code":"SP","country_code":"BR"}},{"type":"Feature","geometry":{"type":"Point","coordinates":[-45.502,-23.25672]},"properties":{"id":14185,"name":"Redenção da Serra","state_code":"SP","country_code":"BR"}},{"type":"Feature","geometry":{"type":"Point","coordinates":[-51.30278,-22.22139]},"properties":{"id":14189,"name":"Regente Feijó","state_code":"SP","country_code":"BR"}},{"type":"Feature","geometry":{"type":"Point","coordinates":[-49.19025,-21.87493]},"properties":{"id":14190,"name":"Reginópolis","state_code":"SP","country_code":"BR"}},{"type":"Feature","geometry":{"type":"Point","coordinates":[-47.84361,-24.4875]},"properties":{"id":14191,"name":"Registro","state_code":"SP","country_code":"BR"}},{"type":"Feature","geometry":{"type":"Point","coordinates":[-47.52058,-20.67652]},"properties":{"id":14205,"name":"Restinga","state_code":"SP","country_code":"BR"}},{"type":"Feature","geometry":{"type":"Point","coordinates":[-49.03616,-24.61113]},"properties":{"id":14231,"name":"Ribeira","state_code":"SP","country_code":"BR"}},{"type":"Feature","geometry":{"type":"Point","coordinates":[-48.17611,-22.06667]},"properties":{"id":14237,"name":"Ribeirão Bonito","state_code":"SP","country_code":"BR"}},{"type":"Feature","geometry":{"type":"Point","coordinates":[-48.76556,-24.22083]},"properties":{"id":14238,"name":"Ribeirão Branco","state_code":"SP","country_code":"BR"}},{"type":"Feature","geometry":{"type":"Point","coordinates":[-47.57152,-20.44247]},"properties":{"id":14241,"name":"Ribeirão Corrente","state_code":"SP","country_code":"BR"}},{"type":"Feature","geometry":{"type":"Point","coordinates":[-49.94632,-22.74112]},"properties":{"id":14250,"name":"Ribeirão do Sul","state_code":"SP","country_code":"BR"}},{"type":"Feature","geometry":{"type":"Point","coordinates":[-51.5784,-21.7847]},"properties":{"id":14251,"name":"Ribeirão dos Índios","state_code":"SP","country_code":"BR"}},{"type":"Feature","geometry":{"type":"Point","coordinates":[-48.34008,-24.17568]},"properties":{"id":14242,"name":"Ribeirão Grande","state_code":"SP","country_code":"BR"}},{"type":"Feature","geometry":{"type":"Point","coordinates":[-46.39991,-23.70411]},"properties":{"id":14243,"name":"Ribeirão Pires","state_code":"SP","country_code":"BR"}},{"type":"Feature","geometry":{"type":"Point","coordinates":[-47.81028,-21.1775]},"properties":{"id":14244,"name":"Ribeirão Preto","state_code":"SP","country_code":"BR"}},{"type":"Feature","geometry":{"type":"Point","coordinates":[-47.43839,-20.07816]},"properties":{"id":14254,"name":"Rifaina","state_code":"SP","country_code":"BR"}},{"type":"Feature","geometry":{"type":"Point","coordinates":[-47.99687,-21.57394]},"properties":{"id":14255,"name":"Rincão","state_code":"SP","country_code":"BR"}},{"type":"Feature","geometry":{"type":"Point","coordinates":[-50.72038,-21.66311]},"properties":{"id":14256,"name":"Rinópolis","state_code":"SP","country_code":"BR"}},{"type":"Feature","geometry":{"type":"Point","coordinates":[-47.56139,-22.41139]},"properties":{"id":14269,"name":"Rio Claro","state_code":"SP","country_code":"BR"}},{"type":"Feature","geometry":{"type":"Point","coordinates":[-47.59724,-22.84082]},"properties":{"id":14307,"name":"Rio das Pedras","state_code":"SP","country_code":"BR"}},{"type":"Feature","geometry":{"type":"Point","coordinates":[-46.37351,-23.73345]},"properties":{"id":14277,"name":"Rio Grande da Serra","state_code":"SP","country_code":"BR"}},{"type":"Feature","geometry":{"type":"Point","coordinates":[-49.68194,-19.98083]},"properties":{"id":14320,"name":"Riolândia","state_code":"SP","country_code":"BR"}},{"type":"Feature","geometry":{"type":"Point","coordinates":[-49.44354,-23.84439]},"properties":{"id":14324,"name":"Riversul","state_code":"SP","country_code":"BR"}},{"type":"Feature","geometry":{"type":"Point","coordinates":[-52.81942,-22.4925]},"properties":{"id":14348,"name":"Rosana","state_code":"SP","country_code":"BR"}},{"type":"Feature","geometry":{"type":"Point","coordinates":[-45.29982,-22.93295]},"properties":{"id":14349,"name":"Roseira","state_code":"SP","country_code":"BR"}},{"type":"Feature","geometry":{"type":"Point","coordinates":[-50.78593,-21.36114]},"properties":{"id":14361,"name":"Rubiácea","state_code":"SP","country_code":"BR"}},{"type":"Feature","geometry":{"type":"Point","coordinates":[-51.01836,-20.24994]},"properties":{"id":14360,"name":"Rubinéia","state_code":"SP","country_code":"BR"}},{"type":"Feature","geometry":{"type":"Point","coordinates":[-49.5765,-21.4797]},"properties":{"id":14367,"name":"Sabino","state_code":"SP","country_code":"BR"}},{"type":"Feature","geometry":{"type":"Point","coordinates":[-51.00502,-21.86529]},"properties":{"id":14374,"name":"Sagres","state_code":"SP","country_code":"BR"}},{"type":"Feature","geometry":{"type":"Point","coordinates":[-49.51847,-21.33848]},"properties":{"id":14377,"name":"Sales","state_code":"SP","country_code":"BR"}},{"type":"Feature","geometry":{"type":"Point","coordinates":[-47.84079,-20.83364]},"properties":{"id":14378,"name":"Sales Oliveira","state_code":"SP","country_code":"BR"}},{"type":"Feature","geometry":{"type":"Point","coordinates":[-45.84743,-23.58753]},"properties":{"id":14379,"name":"Salesópolis","state_code":"SP","country_code":"BR"}},{"type":"Feature","geometry":{"type":"Point","coordinates":[-50.87491,-21.58291]},"properties":{"id":14391,"name":"Salmourão","state_code":"SP","country_code":"BR"}},{"type":"Feature","geometry":{"type":"Point","coordinates":[-47.72668,-22.86275]},"properties":{"id":14393,"name":"Saltinho","state_code":"SP","country_code":"BR"}},{"type":"Feature","geometry":{"type":"Point","coordinates":[-47.28694,-23.20083]},"properties":{"id":14395,"name":"Salto","state_code":"SP","country_code":"BR"}},{"type":"Feature","geometry":{"type":"Point","coordinates":[-47.57333,-23.64889]},"properties":{"id":14399,"name":"Salto de Pirapora","state_code":"SP","country_code":"BR"}},{"type":"Feature","geometry":{"type":"Point","coordinates":[-49.9619,-22.87363]},"properties":{"id":14396,"name":"Salto Grande","state_code":"SP","country_code":"BR"}},{"type":"Feature","geometry":{"type":"Point","coordinates":[-51.85322,-22.45478]},"properties":{"id":14413,"name":"Sandovalina","state_code":"SP","country_code":"BR"}},{"type":"Feature","geometry":{"type":"Point","coordinates":[-48.80417,-21.24278]},"properties":{"id":14417,"name":"Santa Adélia","state_code":"SP","country_code":"BR"}},{"type":"Feature","geometry":{"type":"Point","coordinates":[-50.71776,-20.03496]},"properties":{"id":14418,"name":"Santa Albertina","state_code":"SP","country_code":"BR"}},{"type":"Feature","geometry":{"type":"Point","coordinates":[-47.41361,-22.75361]},"properties":{"id":14424,"name":"Santa Bárbara d'Oeste","state_code":"SP","country_code":"BR"}},{"type":"Feature","geometry":{"type":"Point","coordinates":[-45.88389,-23.39667]},"properties":{"id":14420,"name":"Santa Branca","state_code":"SP","country_code":"BR"}},{"type":"Feature","geometry":{"type":"Point","coordinates":[-50.8987,-20.07534]},"properties":{"id":14436,"name":"Santa Clara d'Oeste","state_code":"SP","country_code":"BR"}},{"type":"Feature","geometry":{"type":"Point","coordinates":[-47.49276,-22.12608]},"properties":{"id":14443,"name":"Santa Cruz da Conceição","state_code":"SP","country_code":"BR"}},{"type":"Feature","geometry":{"type":"Point","coordinates":[-47.44749,-21.2617]},"properties":{"id":14444,"name":"Santa Cruz da Esperança","state_code":"SP","country_code":"BR"}},{"type":"Feature","geometry":{"type":"Point","coordinates":[-47.24861,-21.82694]},"properties":{"id":14446,"name":"Santa Cruz das Palmeiras","state_code":"SP","country_code":"BR"}},{"type":"Feature","geometry":{"type":"Point","coordinates":[-49.6325,-22.89889]},"properties":{"id":14455,"name":"Santa Cruz do Rio Pardo","state_code":"SP","country_code":"BR"}},{"type":"Feature","geometry":{"type":"Point","coordinates":[-48.37797,-21.45303]},"properties":{"id":14460,"name":"Santa Ernestina","state_code":"SP","country_code":"BR"}},{"type":"Feature","geometry":{"type":"Point","coordinates":[-50.92583,-20.21111]},"properties":{"id":14468,"name":"Santa Fé do Sul","state_code":"SP","country_code":"BR"}},{"type":"Feature","geometry":{"type":"Point","coordinates":[-47.53028,-22.45667]},"properties":{"id":14469,"name":"Santa Gertrudes","state_code":"SP","country_code":"BR"}},{"type":"Feature","geometry":{"type":"Point","coordinates":[-46.24151,-23.2944]},"properties":{"id":14480,"name":"Santa Isabel","state_code":"SP","country_code":"BR"}},{"type":"Feature","geometry":{"type":"Point","coordinates":[-48.08283,-21.66472]},"properties":{"id":14498,"name":"Santa Lúcia","state_code":"SP","country_code":"BR"}},{"type":"Feature","geometry":{"type":"Point","coordinates":[-48.14455,-22.53752]},"properties":{"id":14506,"name":"Santa Maria da Serra","state_code":"SP","country_code":"BR"}},{"type":"Feature","geometry":{"type":"Point","coordinates":[-51.74637,-21.31829]},"properties":{"id":14519,"name":"Santa Mercedes","state_code":"SP","country_code":"BR"}},{"type":"Feature","geometry":{"type":"Point","coordinates":[-50.81371,-20.08064]},"properties":{"id":14526,"name":"Santa Rita d'Oeste","state_code":"SP","country_code":"BR"}},{"type":"Feature","geometry":{"type":"Point","coordinates":[-47.47806,-21.71028]},"properties":{"id":14536,"name":"Santa Rita do Passa Quatro","state_code":"SP","country_code":"BR"}},{"type":"Feature","geometry":{"type":"Point","coordinates":[-47.36306,-21.47278]},"properties":{"id":14545,"name":"Santa Rosa de Viterbo","state_code":"SP","country_code":"BR"}},{"type":"Feature","geometry":{"type":"Point","coordinates":[-50.72826,-20.2736]},"properties":{"id":14550,"name":"Santa Salete","state_code":"SP","country_code":"BR"}},{"type":"Feature","geometry":{"type":"Point","coordinates":[-50.79852,-20.25649]},"properties":{"id":14571,"name":"Santana da Ponte Pensa","state_code":"SP","country_code":"BR"}},{"type":"Feature","geometry":{"type":"Point","coordinates":[-46.91778,-23.44417]},"properties":{"id":14575,"name":"Santana de Parnaíba","state_code":"SP","country_code":"BR"}},{"type":"Feature","geometry":{"type":"Point","coordinates":[-51.70097,-22.01522]},"properties":{"id":14607,"name":"Santo Anastácio","state_code":"SP","country_code":"BR"}},{"type":"Feature","geometry":{"type":"Point","coordinates":[-46.5046,-23.71057]},"properties":{"id":14609,"name":"Santo André","state_code":"SP","country_code":"BR"}},{"type":"Feature","geometry":{"type":"Point","coordinates":[-47.2036,-21.09238]},"properties":{"id":14611,"name":"Santo Antônio da Alegria","state_code":"SP","country_code":"BR"}},{"type":"Feature","geometry":{"type":"Point","coordinates":[-46.91944,-22.60611]},"properties":{"id":14619,"name":"Santo Antônio de Posse","state_code":"SP","country_code":"BR"}},{"type":"Feature","geometry":{"type":"Point","coordinates":[-50.53106,-20.85619]},"properties":{"id":14622,"name":"Santo Antônio do Aracanguá","state_code":"SP","country_code":"BR"}},{"type":"Feature","geometry":{"type":"Point","coordinates":[-46.67237,-22.12625]},"properties":{"id":14630,"name":"Santo Antônio do Jardim","state_code":"SP","country_code":"BR"}},{"type":"Feature","geometry":{"type":"Point","coordinates":[-45.69968,-22.82143]},"properties":{"id":14636,"name":"Santo Antônio do Pinhal","state_code":"SP","country_code":"BR"}},{"type":"Feature","geometry":{"type":"Point","coordinates":[-51.36993,-21.82978]},"properties":{"id":14647,"name":"Santo Expedito","state_code":"SP","country_code":"BR"}},{"type":"Feature","geometry":{"type":"Point","coordinates":[-50.52029,-21.67058]},"properties":{"id":14655,"name":"Santópolis do Aguapeí","state_code":"SP","country_code":"BR"}},{"type":"Feature","geometry":{"type":"Point","coordinates":[-46.27055,-23.85663]},"properties":{"id":14653,"name":"Santos","state_code":"SP","country_code":"BR"}},{"type":"Feature","geometry":{"type":"Point","coordinates":[-45.68394,-22.67091]},"properties":{"id":14839,"name":"São Bento do Sapucaí","state_code":"SP","country_code":"BR"}},{"type":"Feature","geometry":{"type":"Point","coordinates":[-46.565,-23.69389]},"properties":{"id":14846,"name":"São Bernardo do Campo","state_code":"SP","country_code":"BR"}},{"type":"Feature","geometry":{"type":"Point","coordinates":[-46.56241,-23.62429]},"properties":{"id":14853,"name":"São Caetano do Sul","state_code":"SP","country_code":"BR"}},{"type":"Feature","geometry":{"type":"Point","coordinates":[-47.89083,-22.0175]},"properties":{"id":14855,"name":"São Carlos","state_code":"SP","country_code":"BR"}},{"type":"Feature","geometry":{"type":"Point","coordinates":[-50.67463,-20.36457]},"properties":{"id":14881,"name":"São Francisco","state_code":"SP","country_code":"BR"}},{"type":"Feature","geometry":{"type":"Point","coordinates":[-46.79806,-21.96917]},"properties":{"id":15007,"name":"São João da Boa Vista","state_code":"SP","country_code":"BR"}},{"type":"Feature","geometry":{"type":"Point","coordinates":[-50.3896,-20.41912]},"properties":{"id":15018,"name":"São João das Duas Pontes","state_code":"SP","country_code":"BR"}},{"type":"Feature","geometry":{"type":"Point","coordinates":[-50.36102,-20.51199]},"properties":{"id":15020,"name":"São João de Iracema","state_code":"SP","country_code":"BR"}},{"type":"Feature","geometry":{"type":"Point","coordinates":[-51.66857,-21.20519]},"properties":{"id":15039,"name":"São João do Pau d'Alho","state_code":"SP","country_code":"BR"}},{"type":"Feature","geometry":{"type":"Point","coordinates":[-47.85472,-20.58139]},"properties":{"id":14931,"name":"São Joaquim da Barra","state_code":"SP","country_code":"BR"}},{"type":"Feature","geometry":{"type":"Point","coordinates":[-47.6294,-20.59934]},"properties":{"id":14940,"name":"São José da Bela Vista","state_code":"SP","country_code":"BR"}},{"type":"Feature","geometry":{"type":"Point","coordinates":[-44.58545,-22.73717]},"properties":{"id":14960,"name":"São José do Barreiro","state_code":"SP","country_code":"BR"}},{"type":"Feature","geometry":{"type":"Point","coordinates":[-46.88861,-21.59556]},"properties":{"id":14984,"name":"São José do Rio Pardo","state_code":"SP","country_code":"BR"}},{"type":"Feature","geometry":{"type":"Point","coordinates":[-49.37944,-20.81972]},"properties":{"id":14985,"name":"São José do Rio Preto","state_code":"SP","country_code":"BR"}},{"type":"Feature","geometry":{"type":"Point","coordinates":[-45.88694,-23.17944]},"properties":{"id":14993,"name":"São José dos Campos","state_code":"SP","country_code":"BR"}},{"type":"Feature","geometry":{"type":"Point","coordinates":[-46.9393,-23.84783]},"properties":{"id":15054,"name":"São Lourenço da Serra","state_code":"SP","country_code":"BR"}},{"type":"Feature","geometry":{"type":"Point","coordinates":[-45.22724,-23.26061]},"properties":{"id":15062,"name":"São Luiz do Paraitinga","state_code":"SP","country_code":"BR"}},{"type":"Feature","geometry":{"type":"Point","coordinates":[-48.57056,-22.73111]},"properties":{"id":15070,"name":"São Manuel","state_code":"SP","country_code":"BR"}},{"type":"Feature","geometry":{"type":"Point","coordinates":[-47.99988,-23.93766]},"properties":{"id":15079,"name":"São Miguel Arcanjo","state_code":"SP","country_code":"BR"}},{"type":"Feature","geometry":{"type":"Point","coordinates":[-46.63611,-23.5475]},"properties":{"id":15101,"name":"São Paulo","state_code":"SP","country_code":"BR"}},{"type":"Feature","geometry":{"type":"Point","coordinates":[-47.90443,-22.55963]},"properties":{"id":15106,"name":"São Pedro","state_code":"SP","country_code":"BR"}},{"type":"Feature","geometry":{"type":"Point","coordinates":[-49.74295,-22.69638]},"properties":{"id":15122,"name":"São Pedro do Turvo","state_code":"SP","country_code":"BR"}},{"type":"Feature","geometry":{"type":"Point","coordinates":[-47.1128,-23.54011]},"properties":{"id":15131,"name":"São Roque","state_code":"SP","country_code":"BR"}},{"type":"Feature","geometry":{"type":"Point","coordinates":[-45.40972,-23.76]},"properties":{"id":15135,"name":"São Sebastião","state_code":"SP","country_code":"BR"}},{"type":"Feature","geometry":{"type":"Point","coordinates":[-46.75934,-21.7473]},"properties":{"id":15140,"name":"São Sebastião da Grama","state_code":"SP","country_code":"BR"}},{"type":"Feature","geometry":{"type":"Point","coordinates":[-47.55083,-21.47917]},"properties":{"id":15156,"name":"São Simão","state_code":"SP","country_code":"BR"}},{"type":"Feature","geometry":{"type":"Point","coordinates":[-46.49683,-23.96506]},"properties":{"id":15168,"name":"São Vicente","state_code":"SP","country_code":"BR"}},{"type":"Feature","geometry":{"type":"Point","coordinates":[-47.77095,-23.65898]},"properties":{"id":14669,"name":"Sarapuí","state_code":"SP","country_code":"BR"}},{"type":"Feature","geometry":{"type":"Point","coordinates":[-49.48372,-23.25823]},"properties":{"id":14671,"name":"Sarutaiá","state_code":"SP","country_code":"BR"}},{"type":"Feature","geometry":{"type":"Point","coordinates":[-49.90753,-20.61558]},"properties":{"id":14682,"name":"Sebastianópolis do Sul","state_code":"SP","country_code":"BR"}},{"type":"Feature","geometry":{"type":"Point","coordinates":[-47.53885,-21.28755]},"properties":{"id":14723,"name":"Serra Azul","state_code":"SP","country_code":"BR"}},{"type":"Feature","geometry":{"type":"Point","coordinates":[-46.70056,-22.61222]},"properties":{"id":14729,"name":"Serra Negra","state_code":"SP","country_code":"BR"}},{"type":"Feature","geometry":{"type":"Point","coordinates":[-47.59556,-21.21139]},"properties":{"id":14743,"name":"Serrana","state_code":"SP","country_code":"BR"}},{"type":"Feature","geometry":{"type":"Point","coordinates":[-47.99028,-21.13778]},"properties":{"id":14762,"name":"Sertãozinho","state_code":"SP","country_code":"BR"}},{"type":"Feature","geometry":{"type":"Point","coordinates":[-47.95013,-24.27723]},"properties":{"id":14764,"name":"Sete Barras","state_code":"SP","country_code":"BR"}},{"type":"Feature","geometry":{"type":"Point","coordinates":[-48.79037,-20.78066]},"properties":{"id":14771,"name":"Severínia","state_code":"SP","country_code":"BR"}},{"type":"Feature","geometry":{"type":"Point","coordinates":[-44.84778,-22.73649]},"properties":{"id":14778,"name":"Silveiras","state_code":"SP","country_code":"BR"}},{"type":"Feature","geometry":{"type":"Point","coordinates":[-46.52889,-22.59139]},"properties":{"id":14800,"name":"Socorro","state_code":"SP","country_code":"BR"}},{"type":"Feature","geometry":{"type":"Point","coordinates":[-47.45806,-23.50167]},"properties":{"id":14811,"name":"Sorocaba","state_code":"SP","country_code":"BR"}},{"type":"Feature","geometry":{"type":"Point","coordinates":[-50.88011,-20.6186]},"properties":{"id":14820,"name":"Sud Mennucci","state_code":"SP","country_code":"BR"}},{"type":"Feature","geometry":{"type":"Point","coordinates":[-47.26694,-22.82194]},"properties":{"id":14823,"name":"Sumaré","state_code":"SP","country_code":"BR"}},{"type":"Feature","geometry":{"type":"Point","coordinates":[-51.07079,-20.5103]},"properties":{"id":14829,"name":"Suzanápolis","state_code":"SP","country_code":"BR"}},{"type":"Feature","geometry":{"type":"Point","coordinates":[-46.31083,-23.5425]},"properties":{"id":14828,"name":"Suzano","state_code":"SP","country_code":"BR"}},{"type":"Feature","geometry":{"type":"Point","coordinates":[-49.02475,-20.92377]},"properties":{"id":15183,"name":"Tabapuã","state_code":"SP","country_code":"BR"}},{"type":"Feature","geometry":{"type":"Point","coordinates":[-48.64589,-21.7421]},"properties":{"id":15185,"name":"Tabatinga","state_code":"SP","country_code":"BR"}},{"type":"Feature","geometry":{"type":"Point","coordinates":[-46.79167,-23.62611]},"properties":{"id":15190,"name":"Taboão da Serra","state_code":"SP","country_code":"BR"}},{"type":"Feature","geometry":{"type":"Point","coordinates":[-51.33241,-22.49676]},"properties":{"id":15195,"name":"Taciba","state_code":"SP","country_code":"BR"}},{"type":"Feature","geometry":{"type":"Point","coordinates":[-49.40781,-23.48512]},"properties":{"id":15199,"name":"Taguaí","state_code":"SP","country_code":"BR"}},{"type":"Feature","geometry":{"type":"Point","coordinates":[-48.53092,-21.13217]},"properties":{"id":15200,"name":"Taiaçu","state_code":"SP","country_code":"BR"}},{"type":"Feature","geometry":{"type":"Point","coordinates":[-48.42696,-21.12737]},"properties":{"id":15206,"name":"Taiúva","state_code":"SP","country_code":"BR"}},{"type":"Feature","geometry":{"type":"Point","coordinates":[-47.22761,-21.58688]},"properties":{"id":15210,"name":"Tambaú","state_code":"SP","country_code":"BR"}},{"type":"Feature","geometry":{"type":"Point","coordinates":[-49.64584,-20.50212]},"properties":{"id":15214,"name":"Tanabi","state_code":"SP","country_code":"BR"}},{"type":"Feature","geometry":{"type":"Point","coordinates":[-47.62583,-24.01487]},"properties":{"id":15238,"name":"Tapiraí","state_code":"SP","country_code":"BR"}},{"type":"Feature","geometry":{"type":"Point","coordinates":[-46.73214,-21.44656]},"properties":{"id":15236,"name":"Tapiratiba","state_code":"SP","country_code":"BR"}},{"type":"Feature","geometry":{"type":"Point","coordinates":[-48.39336,-21.0676]},"properties":{"id":15241,"name":"Taquaral","state_code":"SP","country_code":"BR"}},{"type":"Feature","geometry":{"type":"Point","coordinates":[-48.54735,-21.4327]},"properties":{"id":15246,"name":"Taquaritinga","state_code":"SP","country_code":"BR"}},{"type":"Feature","geometry":{"type":"Point","coordinates":[-49.21441,-23.52998]},"properties":{"id":15248,"name":"Taquarituba","state_code":"SP","country_code":"BR"}},{"type":"Feature","geometry":{"type":"Point","coordinates":[-48.67524,-23.95095]},"properties":{"id":15249,"name":"Taquarivaí","state_code":"SP","country_code":"BR"}},{"type":"Feature","geometry":{"type":"Point","coordinates":[-51.62019,-22.35043]},"properties":{"id":15252,"name":"Tarabai","state_code":"SP","country_code":"BR"}},{"type":"Feature","geometry":{"type":"Point","coordinates":[-50.60332,-22.76111]},"properties":{"id":15257,"name":"Tarumã","state_code":"SP","country_code":"BR"}},{"type":"Feature","geometry":{"type":"Point","coordinates":[-47.85694,-23.35556]},"properties":{"id":15259,"name":"Tatuí","state_code":"SP","country_code":"BR"}},{"type":"Feature","geometry":{"type":"Point","coordinates":[-45.55528,-23.02639]},"properties":{"id":15260,"name":"Taubaté","state_code":"SP","country_code":"BR"}},{"type":"Feature","geometry":{"type":"Point","coordinates":[-49.30721,-23.35231]},"properties":{"id":15270,"name":"Tejupá","state_code":"SP","country_code":"BR"}},{"type":"Feature","geometry":{"type":"Point","coordinates":[-52.36402,-22.41617]},"properties":{"id":15279,"name":"Teodoro Sampaio","state_code":"SP","country_code":"BR"}},{"type":"Feature","geometry":{"type":"Point","coordinates":[-48.36899,-20.76175]},"properties":{"id":15296,"name":"Terra Roxa","state_code":"SP","country_code":"BR"}},{"type":"Feature","geometry":{"type":"Point","coordinates":[-47.7143,-23.04197]},"properties":{"id":15307,"name":"Tietê","state_code":"SP","country_code":"BR"}},{"type":"Feature","geometry":{"type":"Point","coordinates":[-49.61224,-23.19265]},"properties":{"id":15314,"name":"Timburi","state_code":"SP","country_code":"BR"}},{"type":"Feature","geometry":{"type":"Point","coordinates":[-48.21328,-23.2464]},"properties":{"id":15340,"name":"Torre de Pedra","state_code":"SP","country_code":"BR"}},{"type":"Feature","geometry":{"type":"Point","coordinates":[-48.15338,-22.47144]},"properties":{"id":15342,"name":"Torrinha","state_code":"SP","country_code":"BR"}},{"type":"Feature","geometry":{"type":"Point","coordinates":[-48.36861,-22.03023]},"properties":{"id":15344,"name":"Trabiju","state_code":"SP","country_code":"BR"}},{"type":"Feature","geometry":{"type":"Point","coordinates":[-45.61503,-22.9241]},"properties":{"id":15354,"name":"Tremembé","state_code":"SP","country_code":"BR"}},{"type":"Feature","geometry":{"type":"Point","coordinates":[-50.87027,-20.29093]},"properties":{"id":15376,"name":"Três Fronteiras","state_code":"SP","country_code":"BR"}},{"type":"Feature","geometry":{"type":"Point","coordinates":[-46.69618,-22.84505]},"properties":{"id":15391,"name":"Tuiuti","state_code":"SP","country_code":"BR"}},{"type":"Feature","geometry":{"type":"Point","coordinates":[-50.53493,-21.95443]},"properties":{"id":15408,"name":"Tupã","state_code":"SP","country_code":"BR"}},{"type":"Feature","geometry":{"type":"Point","coordinates":[-51.58294,-21.38916]},"properties":{"id":15405,"name":"Tupi Paulista","state_code":"SP","country_code":"BR"}},{"type":"Feature","geometry":{"type":"Point","coordinates":[-50.09803,-20.94735]},"properties":{"id":15412,"name":"Turiúba","state_code":"SP","country_code":"BR"}},{"type":"Feature","geometry":{"type":"Point","coordinates":[-50.45595,-20.05953]},"properties":{"id":15414,"name":"Turmalina","state_code":"SP","country_code":"BR"}},{"type":"Feature","geometry":{"type":"Point","coordinates":[-49.72981,-21.22036]},"properties":{"id":15428,"name":"Ubarana","state_code":"SP","country_code":"BR"}},{"type":"Feature","geometry":{"type":"Point","coordinates":[-45.07111,-23.43389]},"properties":{"id":15429,"name":"Ubatuba","state_code":"SP","country_code":"BR"}},{"type":"Feature","geometry":{"type":"Point","coordinates":[-49.66278,-22.55131]},"properties":{"id":15435,"name":"Ubirajara","state_code":"SP","country_code":"BR"}},{"type":"Feature","geometry":{"type":"Point","coordinates":[-49.13654,-20.9185]},"properties":{"id":15439,"name":"Uchoa","state_code":"SP","country_code":"BR"}},{"type":"Feature","geometry":{"type":"Point","coordinates":[-49.89135,-20.88795]},"properties":{"id":15457,"name":"União Paulista","state_code":"SP","country_code":"BR"}},{"type":"Feature","geometry":{"type":"Point","coordinates":[-50.66093,-20.20908]},"properties":{"id":15488,"name":"Urânia","state_code":"SP","country_code":"BR"}},{"type":"Feature","geometry":{"type":"Point","coordinates":[-49.2972,-21.76519]},"properties":{"id":15468,"name":"Uru","state_code":"SP","country_code":"BR"}},{"type":"Feature","geometry":{"type":"Point","coordinates":[-49.28069,-21.18413]},"properties":{"id":15483,"name":"Urupês","state_code":"SP","country_code":"BR"}},{"type":"Feature","geometry":{"type":"Point","coordinates":[-50.12129,-20.43138]},"properties":{"id":15498,"name":"Valentim Gentil","state_code":"SP","country_code":"BR"}},{"type":"Feature","geometry":{"type":"Point","coordinates":[-46.99583,-22.97056]},"properties":{"id":15502,"name":"Valinhos","state_code":"SP","country_code":"BR"}},{"type":"Feature","geometry":{"type":"Point","coordinates":[-50.94698,-21.21512]},"properties":{"id":15503,"name":"Valparaíso","state_code":"SP","country_code":"BR"}},{"type":"Feature","geometry":{"type":"Point","coordinates":[-46.41556,-22.89117]},"properties":{"id":15506,"name":"Vargem","state_code":"SP","country_code":"BR"}},{"type":"Feature","geometry":{"type":"Point","coordinates":[-46.89073,-21.87152]},"properties":{"id":15515,"name":"Vargem Grande do Sul","state_code":"SP","country_code":"BR"}},{"type":"Feature","geometry":{"type":"Point","coordinates":[-47.01914,-23.62856]},"properties":{"id":15513,"name":"Vargem Grande Paulista","state_code":"SP","country_code":"BR"}},{"type":"Feature","geometry":{"type":"Point","coordinates":[-46.82833,-23.21139]},"properties":{"id":15620,"name":"Várzea Paulista","state_code":"SP","country_code":"BR"}},{"type":"Feature","geometry":{"type":"Point","coordinates":[-49.83281,-22.2334]},"properties":{"id":15535,"name":"Vera Cruz","state_code":"SP","country_code":"BR"}},{"type":"Feature","geometry":{"type":"Point","coordinates":[-46.98135,-23.05397]},"properties":{"id":15580,"name":"Vinhedo","state_code":"SP","country_code":"BR"}},{"type":"Feature","geometry":{"type":"Point","coordinates":[-48.31479,-20.87625]},"properties":{"id":15581,"name":"Viradouro","state_code":"SP","country_code":"BR"}},{"type":"Feature","geometry":{"type":"Point","coordinates":[-48.65482,-21.18019]},"properties":{"id":15590,"name":"Vista Alegre do Alto","state_code":"SP","country_code":"BR"}},{"type":"Feature","geometry":{"type":"Point","coordinates":[-50.4794,-20.19354]},"properties":{"id":15598,"name":"Vitória Brasil","state_code":"SP","country_code":"BR"}},{"type":"Feature","geometry":{"type":"Point","coordinates":[-47.43778,-23.54667]},"properties":{"id":15611,"name":"Votorantim","state_code":"SP","country_code":"BR"}},{"type":"Feature","geometry":{"type":"Point","coordinates":[-50.01266,-20.4801]},"properties":{"id":15612,"name":"Votuporanga","state_code":"SP","country_code":"BR"}},{"type":"Feature","geometry":{"type":"Point","coordinates":[-50.06154,-21.11651]},"properties":{"id":15645,"name":"Zacarias","state_code":"SP","country_code":"BR"}}]}