{"type":"FeatureCollection","features":[{"type":"Feature","geometry":{"type":"Point","coordinates":[10.96401,49.24282]},"properties":{"id":23466,"name":"Abenberg","state_code":"BY","country_code":"DE"}},{"type":"Feature","geometry":{"type":"Point","coordinates":[11.8498,48.81684]},"properties":{"id":23467,"name":"Abensberg","state_code":"BY","country_code":"DE"}},{"type":"Feature","geometry":{"type":"Point","coordinates":[10.88101,49.14438]},"properties":{"id":23468,"name":"Absberg","state_code":"BY","country_code":"DE"}},{"type":"Feature","geometry":{"type":"Point","coordinates":[12.93511,48.97171]},"properties":{"id":23474,"name":"Achslach","state_code":"BY","country_code":"DE"}},{"type":"Feature","geometry":{"type":"Point","coordinates":[10.68522,49.47022]},"properties":{"id":23481,"name":"Adelsdorf","state_code":"BY","country_code":"DE"}},{"type":"Feature","geometry":{"type":"Point","coordinates":[11.11667,48.18333]},"properties":{"id":23483,"name":"Adelshofen","state_code":"BY","country_code":"DE"}},{"type":"Feature","geometry":{"type":"Point","coordinates":[10.71828,48.42465]},"properties":{"id":23484,"name":"Adelsried","state_code":"BY","country_code":"DE"}},{"type":"Feature","geometry":{"type":"Point","coordinates":[11.13851,48.35671]},"properties":{"id":23485,"name":"Adelzhausen","state_code":"BY","country_code":"DE"}},{"type":"Feature","geometry":{"type":"Point","coordinates":[12.26667,48.55]},"properties":{"id":23491,"name":"Adlkofen","state_code":"BY","country_code":"DE"}},{"type":"Feature","geometry":{"type":"Point","coordinates":[10.98333,48.46667]},"properties":{"id":23496,"name":"Affing","state_code":"BY","country_code":"DE"}},{"type":"Feature","geometry":{"type":"Point","coordinates":[12.16156,48.34821]},"properties":{"id":23499,"name":"Aham","state_code":"BY","country_code":"DE"}},{"type":"Feature","geometry":{"type":"Point","coordinates":[12.46857,48.94283]},"properties":{"id":23509,"name":"Aholfing","state_code":"BY","country_code":"DE"}},{"type":"Feature","geometry":{"type":"Point","coordinates":[12.90997,48.73542]},"properties":{"id":23510,"name":"Aholming","state_code":"BY","country_code":"DE"}},{"type":"Feature","geometry":{"type":"Point","coordinates":[10.95417,50.23762]},"properties":{"id":23511,"name":"Ahorn","state_code":"BY","country_code":"DE"}},{"type":"Feature","geometry":{"type":"Point","coordinates":[11.13413,48.45755]},"properties":{"id":23516,"name":"Aichach","state_code":"BY","country_code":"DE"}},{"type":"Feature","geometry":{"type":"Point","coordinates":[10.53949,48.22898]},"properties":{"id":23518,"name":"Aichen","state_code":"BY","country_code":"DE"}},{"type":"Feature","geometry":{"type":"Point","coordinates":[13.09,48.57028]},"properties":{"id":23521,"name":"Aidenbach","state_code":"BY","country_code":"DE"}},{"type":"Feature","geometry":{"type":"Point","coordinates":[10.43333,50.15]},"properties":{"id":23522,"name":"Aidhausen","state_code":"BY","country_code":"DE"}},{"type":"Feature","geometry":{"type":"Point","coordinates":[11.70831,48.69211]},"properties":{"id":23524,"name":"Aiglsbach","state_code":"BY","country_code":"DE"}},{"type":"Feature","geometry":{"type":"Point","coordinates":[10.95315,48.5136]},"properties":{"id":23525,"name":"Aindling","state_code":"BY","country_code":"DE"}},{"type":"Feature","geometry":{"type":"Point","coordinates":[12.94048,47.81311]},"properties":{"id":23526,"name":"Ainring","state_code":"BY","country_code":"DE"}},{"type":"Feature","geometry":{"type":"Point","coordinates":[10.45778,48.50648]},"properties":{"id":23527,"name":"Aislingen","state_code":"BY","country_code":"DE"}},{"type":"Feature","geometry":{"type":"Point","coordinates":[10.53333,47.81667]},"properties":{"id":23529,"name":"Aitrang","state_code":"BY","country_code":"DE"}},{"type":"Feature","geometry":{"type":"Point","coordinates":[12.11074,48.11011]},"properties":{"id":23531,"name":"Albaching","state_code":"BY","country_code":"DE"}},{"type":"Feature","geometry":{"type":"Point","coordinates":[10.16667,49.76667]},"properties":{"id":23536,"name":"Albertshofen","state_code":"BY","country_code":"DE"}},{"type":"Feature","geometry":{"type":"Point","coordinates":[13.08971,48.58972]},"properties":{"id":23543,"name":"Aldersbach","state_code":"BY","country_code":"DE"}},{"type":"Feature","geometry":{"type":"Point","coordinates":[10.61667,48.85]},"properties":{"id":23545,"name":"Alerheim","state_code":"BY","country_code":"DE"}},{"type":"Feature","geometry":{"type":"Point","coordinates":[10.86496,49.04648]},"properties":{"id":23546,"name":"Alesheim","state_code":"BY","country_code":"DE"}},{"type":"Feature","geometry":{"type":"Point","coordinates":[10.38877,48.19859]},"properties":{"id":23547,"name":"Aletshausen","state_code":"BY","country_code":"DE"}},{"type":"Feature","geometry":{"type":"Point","coordinates":[11.55,49.43333]},"properties":{"id":23550,"name":"Alfeld","state_code":"BY","country_code":"DE"}},{"type":"Feature","geometry":{"type":"Point","coordinates":[11.23659,49.25132]},"properties":{"id":23558,"name":"Allersberg","state_code":"BY","country_code":"DE"}},{"type":"Feature","geometry":{"type":"Point","coordinates":[11.6,48.43333]},"properties":{"id":23559,"name":"Allershausen","state_code":"BY","country_code":"DE"}},{"type":"Feature","geometry":{"type":"Point","coordinates":[11.30144,48.14034]},"properties":{"id":23560,"name":"Alling","state_code":"BY","country_code":"DE"}},{"type":"Feature","geometry":{"type":"Point","coordinates":[11.3573,49.3856]},"properties":{"id":23583,"name":"Altdorf","state_code":"BY","country_code":"DE"}},{"type":"Feature","geometry":{"type":"Point","coordinates":[12.2,48.91667]},"properties":{"id":23587,"name":"Alteglofsheim","state_code":"BY","country_code":"DE"}},{"type":"Feature","geometry":{"type":"Point","coordinates":[9.40139,49.82861]},"properties":{"id":23595,"name":"Altenbuch","state_code":"BY","country_code":"DE"}},{"type":"Feature","geometry":{"type":"Point","coordinates":[11.16786,50.08424]},"properties":{"id":23599,"name":"Altendorf","state_code":"BY","country_code":"DE"}},{"type":"Feature","geometry":{"type":"Point","coordinates":[11.2503,50.12504]},"properties":{"id":23607,"name":"Altenkunstadt","state_code":"BY","country_code":"DE"}},{"type":"Feature","geometry":{"type":"Point","coordinates":[12.1356,47.7796]},"properties":{"id":23608,"name":"Altenmarkt","state_code":"BY","country_code":"DE"}},{"type":"Feature","geometry":{"type":"Point","coordinates":[10.59065,48.46495]},"properties":{"id":23610,"name":"Altenmünster","state_code":"BY","country_code":"DE"}},{"type":"Feature","geometry":{"type":"Point","coordinates":[10.11437,48.1603]},"properties":{"id":23614,"name":"Altenstadt","state_code":"BY","country_code":"DE"}},{"type":"Feature","geometry":{"type":"Point","coordinates":[12.3,49.1]},"properties":{"id":23616,"name":"Altenthann","state_code":"BY","country_code":"DE"}},{"type":"Feature","geometry":{"type":"Point","coordinates":[12.62012,48.84659]},"properties":{"id":23618,"name":"Alterhofen","state_code":"BY","country_code":"DE"}},{"type":"Feature","geometry":{"type":"Point","coordinates":[12.16667,48.45]},"properties":{"id":23620,"name":"Altfraunhofen","state_code":"BY","country_code":"DE"}},{"type":"Feature","geometry":{"type":"Point","coordinates":[11.06667,48.23333]},"properties":{"id":23622,"name":"Althegnenberg","state_code":"BY","country_code":"DE"}},{"type":"Feature","geometry":{"type":"Point","coordinates":[11.25691,48.38767]},"properties":{"id":23630,"name":"Altomünster","state_code":"BY","country_code":"DE"}},{"type":"Feature","geometry":{"type":"Point","coordinates":[12.67665,48.22533]},"properties":{"id":23639,"name":"Altötting","state_code":"BY","country_code":"DE"}},{"type":"Feature","geometry":{"type":"Point","coordinates":[10.21429,47.8041]},"properties":{"id":23638,"name":"Altusried","state_code":"BY","country_code":"DE"}},{"type":"Feature","geometry":{"type":"Point","coordinates":[9.06455,50.0888]},"properties":{"id":23641,"name":"Alzenau in Unterfranken","state_code":"BY","country_code":"DE"}},{"type":"Feature","geometry":{"type":"Point","coordinates":[11.86267,49.44287]},"properties":{"id":23643,"name":"Amberg","state_code":"BY","country_code":"DE"}},{"type":"Feature","geometry":{"type":"Point","coordinates":[10.17918,48.00302]},"properties":{"id":23645,"name":"Amendingen","state_code":"BY","country_code":"DE"}},{"type":"Feature","geometry":{"type":"Point","coordinates":[12.30795,47.99139]},"properties":{"id":23646,"name":"Amerang","state_code":"BY","country_code":"DE"}},{"type":"Feature","geometry":{"type":"Point","coordinates":[10.85011,49.42335]},"properties":{"id":23647,"name":"Ammerndorf","state_code":"BY","country_code":"DE"}},{"type":"Feature","geometry":{"type":"Point","coordinates":[11.76181,49.44123]},"properties":{"id":23648,"name":"Ammerthal","state_code":"BY","country_code":"DE"}},{"type":"Feature","geometry":{"type":"Point","coordinates":[12.41515,48.254]},"properties":{"id":23649,"name":"Ampfing","state_code":"BY","country_code":"DE"}},{"type":"Feature","geometry":{"type":"Point","coordinates":[11.18279,47.97464]},"properties":{"id":23653,"name":"Andechs","state_code":"BY","country_code":"DE"}},{"type":"Feature","geometry":{"type":"Point","coordinates":[10.5931,49.30481]},"properties":{"id":23666,"name":"Ansbach","state_code":"BY","country_code":"DE"}},{"type":"Feature","geometry":{"type":"Point","coordinates":[11.30845,47.75133]},"properties":{"id":23667,"name":"Antdorf","state_code":"BY","country_code":"DE"}},{"type":"Feature","geometry":{"type":"Point","coordinates":[11.8533,48.15171]},"properties":{"id":23668,"name":"Anzing","state_code":"BY","country_code":"DE"}},{"type":"Feature","geometry":{"type":"Point","coordinates":[10.93333,47.9]},"properties":{"id":23672,"name":"Apfeldorf","state_code":"BY","country_code":"DE"}},{"type":"Feature","geometry":{"type":"Point","coordinates":[10.61722,49.14428]},"properties":{"id":23679,"name":"Arberg","state_code":"BY","country_code":"DE"}},{"type":"Feature","geometry":{"type":"Point","coordinates":[12.60538,48.27704]},"properties":{"id":23681,"name":"Aresing","state_code":"BY","country_code":"DE"}},{"type":"Feature","geometry":{"type":"Point","coordinates":[12.9982,49.13012]},"properties":{"id":23684,"name":"Arnbruck","state_code":"BY","country_code":"DE"}},{"type":"Feature","geometry":{"type":"Point","coordinates":[12.81595,49.27663]},"properties":{"id":23687,"name":"Arnschwang","state_code":"BY","country_code":"DE"}},{"type":"Feature","geometry":{"type":"Point","coordinates":[9.96983,49.97767]},"properties":{"id":23689,"name":"Arnstein","state_code":"BY","country_code":"DE"}},{"type":"Feature","geometry":{"type":"Point","coordinates":[12.81674,48.5584]},"properties":{"id":23690,"name":"Arnstorf","state_code":"BY","country_code":"DE"}},{"type":"Feature","geometry":{"type":"Point","coordinates":[12.99387,49.19149]},"properties":{"id":23692,"name":"Arrach","state_code":"BY","country_code":"DE"}},{"type":"Feature","geometry":{"type":"Point","coordinates":[12.18676,50.05774]},"properties":{"id":23697,"name":"Arzberg","state_code":"BY","country_code":"DE"}},{"type":"Feature","geometry":{"type":"Point","coordinates":[10.81667,48.68333]},"properties":{"id":23700,"name":"Asbach-Bäumenheim","state_code":"BY","country_code":"DE"}},{"type":"Feature","geometry":{"type":"Point","coordinates":[12.63333,49]},"properties":{"id":23701,"name":"Ascha","state_code":"BY","country_code":"DE"}},{"type":"Feature","geometry":{"type":"Point","coordinates":[9.15214,49.97704]},"properties":{"id":23702,"name":"Aschaffenburg","state_code":"BY","country_code":"DE"}},{"type":"Feature","geometry":{"type":"Point","coordinates":[12.35003,48.19845]},"properties":{"id":23703,"name":"Aschau am Inn","state_code":"BY","country_code":"DE"}},{"type":"Feature","geometry":{"type":"Point","coordinates":[12.32297,47.77689]},"properties":{"id":23704,"name":"Aschau im Chiemgau","state_code":"BY","country_code":"DE"}},{"type":"Feature","geometry":{"type":"Point","coordinates":[11.71675,48.17112]},"properties":{"id":23708,"name":"Aschheim","state_code":"BY","country_code":"DE"}},{"type":"Feature","geometry":{"type":"Point","coordinates":[12.00643,47.99297]},"properties":{"id":23749,"name":"Aßling","state_code":"BY","country_code":"DE"}},{"type":"Feature","geometry":{"type":"Point","coordinates":[11.8485,48.65072]},"properties":{"id":23715,"name":"Attenhofen","state_code":"BY","country_code":"DE"}},{"type":"Feature","geometry":{"type":"Point","coordinates":[11.76011,48.50526]},"properties":{"id":23716,"name":"Attenkirchen","state_code":"BY","country_code":"DE"}},{"type":"Feature","geometry":{"type":"Point","coordinates":[12.48776,48.89412]},"properties":{"id":23718,"name":"Atting","state_code":"BY","country_code":"DE"}},{"type":"Feature","geometry":{"type":"Point","coordinates":[11.74138,48.55838]},"properties":{"id":23722,"name":"Au in der Hallertau","state_code":"BY","country_code":"DE"}},{"type":"Feature","geometry":{"type":"Point","coordinates":[10.0653,49.55267]},"properties":{"id":23723,"name":"Aub","state_code":"BY","country_code":"DE"}},{"type":"Feature","geometry":{"type":"Point","coordinates":[13.09952,48.80353]},"properties":{"id":23725,"name":"Auerbach","state_code":"BY","country_code":"DE"}},{"type":"Feature","geometry":{"type":"Point","coordinates":[12.2821,48.87205]},"properties":{"id":23728,"name":"Aufhausen","state_code":"BY","country_code":"DE"}},{"type":"Feature","geometry":{"type":"Point","coordinates":[11.22692,49.8837]},"properties":{"id":23729,"name":"Aufseß","state_code":"BY","country_code":"DE"}},{"type":"Feature","geometry":{"type":"Point","coordinates":[10.89851,48.37154]},"properties":{"id":23731,"name":"Augsburg","state_code":"BY","country_code":"DE"}},{"type":"Feature","geometry":{"type":"Point","coordinates":[10.6224,49.0079]},"properties":{"id":23735,"name":"Auhausen","state_code":"BY","country_code":"DE"}},{"type":"Feature","geometry":{"type":"Point","coordinates":[9.57547,50.17819]},"properties":{"id":23740,"name":"Aura im Sinngrund","state_code":"BY","country_code":"DE"}},{"type":"Feature","geometry":{"type":"Point","coordinates":[13.20291,48.72409]},"properties":{"id":23743,"name":"Außernzell","state_code":"BY","country_code":"DE"}},{"type":"Feature","geometry":{"type":"Point","coordinates":[11.77752,47.9701]},"properties":{"id":23745,"name":"Aying","state_code":"BY","country_code":"DE"}},{"type":"Feature","geometry":{"type":"Point","coordinates":[10.77742,48.40556]},"properties":{"id":23747,"name":"Aystetten","state_code":"BY","country_code":"DE"}},{"type":"Feature","geometry":{"type":"Point","coordinates":[11.46983,48.67065]},"properties":{"id":23751,"name":"Baar-Ebenhausen","state_code":"BY","country_code":"DE"}},{"type":"Feature","geometry":{"type":"Point","coordinates":[10.25325,48.14497]},"properties":{"id":23752,"name":"Babenhausen","state_code":"BY","country_code":"DE"}},{"type":"Feature","geometry":{"type":"Point","coordinates":[12.26667,48.08333]},"properties":{"id":23754,"name":"Babensham","state_code":"BY","country_code":"DE"}},{"type":"Feature","geometry":{"type":"Point","coordinates":[12.38333,49.4]},"properties":{"id":23755,"name":"Bach","state_code":"BY","country_code":"DE"}},{"type":"Feature","geometry":{"type":"Point","coordinates":[10.32045,48.63217]},"properties":{"id":23757,"name":"Bachhagel","state_code":"BY","country_code":"DE"}},{"type":"Feature","geometry":{"type":"Point","coordinates":[10.31281,48.54627]},"properties":{"id":24458,"name":"Bächingen an der Brenz","state_code":"BY","country_code":"DE"}},{"type":"Feature","geometry":{"type":"Point","coordinates":[12.04494,48.93754]},"properties":{"id":23759,"name":"Bad Abbach","state_code":"BY","country_code":"DE"}},{"type":"Feature","geometry":{"type":"Point","coordinates":[12.01055,47.8638]},"properties":{"id":23760,"name":"Bad Aibling","state_code":"BY","country_code":"DE"}},{"type":"Feature","geometry":{"type":"Point","coordinates":[12.01667,50.01667]},"properties":{"id":23761,"name":"Bad Alexandersbad","state_code":"BY","country_code":"DE"}},{"type":"Feature","geometry":{"type":"Point","coordinates":[11.67238,50.04564]},"properties":{"id":23769,"name":"Bad Berneck im Fichtelgebirge","state_code":"BY","country_code":"DE"}},{"type":"Feature","geometry":{"type":"Point","coordinates":[13.09103,48.44489]},"properties":{"id":23772,"name":"Bad Birnbach","state_code":"BY","country_code":"DE"}},{"type":"Feature","geometry":{"type":"Point","coordinates":[10.07902,50.26648]},"properties":{"id":23774,"name":"Bad Bocklet","state_code":"BY","country_code":"DE"}},{"type":"Feature","geometry":{"type":"Point","coordinates":[9.78985,50.30853]},"properties":{"id":23778,"name":"Bad Brückenau","state_code":"BY","country_code":"DE"}},{"type":"Feature","geometry":{"type":"Point","coordinates":[12.29795,47.90901]},"properties":{"id":23792,"name":"Bad Endorf","state_code":"BY","country_code":"DE"}},{"type":"Feature","geometry":{"type":"Point","coordinates":[12.00973,47.77331]},"properties":{"id":23795,"name":"Bad Feilnbach","state_code":"BY","country_code":"DE"}},{"type":"Feature","geometry":{"type":"Point","coordinates":[13.312,48.351]},"properties":{"id":23799,"name":"Bad Füssing","state_code":"BY","country_code":"DE"}},{"type":"Feature","geometry":{"type":"Point","coordinates":[13.19329,48.45181]},"properties":{"id":23801,"name":"Bad Griesbach","state_code":"BY","country_code":"DE"}},{"type":"Feature","geometry":{"type":"Point","coordinates":[11.45934,47.74671]},"properties":{"id":23804,"name":"Bad Heilbrunn","state_code":"BY","country_code":"DE"}},{"type":"Feature","geometry":{"type":"Point","coordinates":[10.07784,50.20228]},"properties":{"id":23813,"name":"Bad Kissingen","state_code":"BY","country_code":"DE"}},{"type":"Feature","geometry":{"type":"Point","coordinates":[11.05,47.66667]},"properties":{"id":23816,"name":"Bad Kohlgrub","state_code":"BY","country_code":"DE"}},{"type":"Feature","geometry":{"type":"Point","coordinates":[10.46887,50.30082]},"properties":{"id":23819,"name":"Bad Königshofen im Grabfeld","state_code":"BY","country_code":"DE"}},{"type":"Feature","geometry":{"type":"Point","coordinates":[10.20673,50.32174]},"properties":{"id":23843,"name":"Bad Neustadt an der Saale","state_code":"BY","country_code":"DE"}},{"type":"Feature","geometry":{"type":"Point","coordinates":[12.87819,47.72947]},"properties":{"id":23850,"name":"Bad Reichenhall","state_code":"BY","country_code":"DE"}},{"type":"Feature","geometry":{"type":"Point","coordinates":[11.00128,50.10199]},"properties":{"id":23870,"name":"Bad Staffelstein","state_code":"BY","country_code":"DE"}},{"type":"Feature","geometry":{"type":"Point","coordinates":[11.64438,50.36648]},"properties":{"id":23871,"name":"Bad Steben","state_code":"BY","country_code":"DE"}},{"type":"Feature","geometry":{"type":"Point","coordinates":[11.5589,47.76111]},"properties":{"id":23878,"name":"Bad Tölz","state_code":"BY","country_code":"DE"}},{"type":"Feature","geometry":{"type":"Point","coordinates":[11.71667,47.71667]},"properties":{"id":23882,"name":"Bad Wiessee","state_code":"BY","country_code":"DE"}},{"type":"Feature","geometry":{"type":"Point","coordinates":[10.41539,49.50274]},"properties":{"id":23887,"name":"Bad Windsheim","state_code":"BY","country_code":"DE"}},{"type":"Feature","geometry":{"type":"Point","coordinates":[10.59666,48.00674]},"properties":{"id":23889,"name":"Bad Wörishofen","state_code":"BY","country_code":"DE"}},{"type":"Feature","geometry":{"type":"Point","coordinates":[11.48689,48.0203]},"properties":{"id":23903,"name":"Baierbrunn","state_code":"BY","country_code":"DE"}},{"type":"Feature","geometry":{"type":"Point","coordinates":[11.03594,49.65807]},"properties":{"id":23905,"name":"Baiersdorf","state_code":"BY","country_code":"DE"}},{"type":"Feature","geometry":{"type":"Point","coordinates":[10.54007,47.94439]},"properties":{"id":23907,"name":"Baisweil","state_code":"BY","country_code":"DE"}},{"type":"Feature","geometry":{"type":"Point","coordinates":[10.49366,48.24228]},"properties":{"id":23916,"name":"Balzhausen","state_code":"BY","country_code":"DE"}},{"type":"Feature","geometry":{"type":"Point","coordinates":[10.90067,49.89873]},"properties":{"id":23917,"name":"Bamberg","state_code":"BY","country_code":"DE"}},{"type":"Feature","geometry":{"type":"Point","coordinates":[12.2,49]},"properties":{"id":23924,"name":"Barbing","state_code":"BY","country_code":"DE"}},{"type":"Feature","geometry":{"type":"Point","coordinates":[12.43318,49.81079]},"properties":{"id":24460,"name":"Bärnau","state_code":"BY","country_code":"DE"}},{"type":"Feature","geometry":{"type":"Point","coordinates":[10.20372,50.4008]},"properties":{"id":23954,"name":"Bastheim","state_code":"BY","country_code":"DE"}},{"type":"Feature","geometry":{"type":"Point","coordinates":[10.53598,49.62512]},"properties":{"id":23957,"name":"Baudenbach","state_code":"BY","country_code":"DE"}},{"type":"Feature","geometry":{"type":"Point","coordinates":[10.85179,49.98592]},"properties":{"id":23960,"name":"Baunach","state_code":"BY","country_code":"DE"}},{"type":"Feature","geometry":{"type":"Point","coordinates":[12.2975,48.7045]},"properties":{"id":23966,"name":"Bayerbach","state_code":"BY","country_code":"DE"}},{"type":"Feature","geometry":{"type":"Point","coordinates":[13.2,49.11667]},"properties":{"id":23967,"name":"Bayerisch Eisenstein","state_code":"BY","country_code":"DE"}},{"type":"Feature","geometry":{"type":"Point","coordinates":[12.9,47.71667]},"properties":{"id":23968,"name":"Bayerisch Gmain","state_code":"BY","country_code":"DE"}},{"type":"Feature","geometry":{"type":"Point","coordinates":[11.57893,49.94782]},"properties":{"id":23969,"name":"Bayreuth","state_code":"BY","country_code":"DE"}},{"type":"Feature","geometry":{"type":"Point","coordinates":[12.01449,47.6744]},"properties":{"id":23970,"name":"Bayrischzell","state_code":"BY","country_code":"DE"}},{"type":"Feature","geometry":{"type":"Point","coordinates":[12.20997,49.64487]},"properties":{"id":23975,"name":"Bechtsrieth","state_code":"BY","country_code":"DE"}},{"type":"Feature","geometry":{"type":"Point","coordinates":[10.09094,48.25726]},"properties":{"id":24002,"name":"Bellenberg","state_code":"BY","country_code":"DE"}},{"type":"Feature","geometry":{"type":"Point","coordinates":[11.41522,47.70624]},"properties":{"id":24009,"name":"Benediktbeuern","state_code":"BY","country_code":"DE"}},{"type":"Feature","geometry":{"type":"Point","coordinates":[10.21667,47.96667]},"properties":{"id":24013,"name":"Benningen","state_code":"BY","country_code":"DE"}},{"type":"Feature","geometry":{"type":"Point","coordinates":[11.8097,49.09517]},"properties":{"id":24022,"name":"Beratzhausen","state_code":"BY","country_code":"DE"}},{"type":"Feature","geometry":{"type":"Point","coordinates":[11.44138,49.10695]},"properties":{"id":24023,"name":"Berching","state_code":"BY","country_code":"DE"}},{"type":"Feature","geometry":{"type":"Point","coordinates":[13.00187,47.63236]},"properties":{"id":24024,"name":"Berchtesgaden","state_code":"BY","country_code":"DE"}},{"type":"Feature","geometry":{"type":"Point","coordinates":[12.14161,49.81417]},"properties":{"id":24025,"name":"Berg","state_code":"BY","country_code":"DE"}},{"type":"Feature","geometry":{"type":"Point","coordinates":[11.25,48.63333]},"properties":{"id":24027,"name":"Berg im Gau","state_code":"BY","country_code":"DE"}},{"type":"Feature","geometry":{"type":"Point","coordinates":[12.58982,47.80837]},"properties":{"id":24035,"name":"Bergen","state_code":"BY","country_code":"DE"}},{"type":"Feature","geometry":{"type":"Point","coordinates":[11.36488,48.25671]},"properties":{"id":24043,"name":"Bergkirchen","state_code":"BY","country_code":"DE"}},{"type":"Feature","geometry":{"type":"Point","coordinates":[11.93012,48.38407]},"properties":{"id":24044,"name":"Berglern","state_code":"BY","country_code":"DE"}},{"type":"Feature","geometry":{"type":"Point","coordinates":[10.18089,50.01028]},"properties":{"id":24046,"name":"Bergrheinfeld","state_code":"BY","country_code":"DE"}},{"type":"Feature","geometry":{"type":"Point","coordinates":[10.06667,49.9]},"properties":{"id":24048,"name":"Bergtheim","state_code":"BY","country_code":"DE"}},{"type":"Feature","geometry":{"type":"Point","coordinates":[12.37566,47.81167]},"properties":{"id":24060,"name":"Bernau am Chiemsee","state_code":"BY","country_code":"DE"}},{"type":"Feature","geometry":{"type":"Point","coordinates":[10.77707,47.73696]},"properties":{"id":24062,"name":"Bernbeuren","state_code":"BY","country_code":"DE"}},{"type":"Feature","geometry":{"type":"Point","coordinates":[11.4,49.25]},"properties":{"id":24064,"name":"Berngau","state_code":"BY","country_code":"DE"}},{"type":"Feature","geometry":{"type":"Point","coordinates":[12.24744,49.09123]},"properties":{"id":24065,"name":"Bernhardswald","state_code":"BY","country_code":"DE"}},{"type":"Feature","geometry":{"type":"Point","coordinates":[12.88333,48.91667]},"properties":{"id":24068,"name":"Bernried","state_code":"BY","country_code":"DE"}},{"type":"Feature","geometry":{"type":"Point","coordinates":[10.38333,47.73333]},"properties":{"id":24085,"name":"Betzigau","state_code":"BY","country_code":"DE"}},{"type":"Feature","geometry":{"type":"Point","coordinates":[13.11667,48.55]},"properties":{"id":24089,"name":"Beutelsbach","state_code":"BY","country_code":"DE"}},{"type":"Feature","geometry":{"type":"Point","coordinates":[10.81139,48.51778]},"properties":{"id":24097,"name":"Biberbach","state_code":"BY","country_code":"DE"}},{"type":"Feature","geometry":{"type":"Point","coordinates":[11.85726,48.79066]},"properties":{"id":24099,"name":"Biburg","state_code":"BY","country_code":"DE"}},{"type":"Feature","geometry":{"type":"Point","coordinates":[11.41231,47.7201]},"properties":{"id":24100,"name":"Bichl","state_code":"BY","country_code":"DE"}},{"type":"Feature","geometry":{"type":"Point","coordinates":[10.72623,47.82974]},"properties":{"id":24102,"name":"Bidingen","state_code":"BY","country_code":"DE"}},{"type":"Feature","geometry":{"type":"Point","coordinates":[10.08333,49.76667]},"properties":{"id":24103,"name":"Biebelried","state_code":"BY","country_code":"DE"}},{"type":"Feature","geometry":{"type":"Point","coordinates":[10.64022,47.83057]},"properties":{"id":24113,"name":"Biessenhofen","state_code":"BY","country_code":"DE"}},{"type":"Feature","geometry":{"type":"Point","coordinates":[11.61389,49.98167]},"properties":{"id":24122,"name":"Bindlach","state_code":"BY","country_code":"DE"}},{"type":"Feature","geometry":{"type":"Point","coordinates":[10.64249,48.55798]},"properties":{"id":24127,"name":"Binswangen","state_code":"BY","country_code":"DE"}},{"type":"Feature","geometry":{"type":"Point","coordinates":[9.69556,49.85861]},"properties":{"id":24136,"name":"Birkenfeld","state_code":"BY","country_code":"DE"}},{"type":"Feature","geometry":{"type":"Point","coordinates":[10.83212,49.91087]},"properties":{"id":24142,"name":"Bischberg","state_code":"BY","country_code":"DE"}},{"type":"Feature","geometry":{"type":"Point","coordinates":[9.48917,49.87028]},"properties":{"id":24143,"name":"Bischbrunn","state_code":"BY","country_code":"DE"}},{"type":"Feature","geometry":{"type":"Point","coordinates":[11.79997,50.05122]},"properties":{"id":24146,"name":"Bischofsgrün","state_code":"BY","country_code":"DE"}},{"type":"Feature","geometry":{"type":"Point","coordinates":[10.00751,50.40239]},"properties":{"id":24148,"name":"Bischofsheim an der Rhön","state_code":"BY","country_code":"DE"}},{"type":"Feature","geometry":{"type":"Point","coordinates":[13.08184,48.91796]},"properties":{"id":24149,"name":"Bischofsmais","state_code":"BY","country_code":"DE"}},{"type":"Feature","geometry":{"type":"Point","coordinates":[12.98305,47.63115]},"properties":{"id":24151,"name":"Bischofswiesen","state_code":"BY","country_code":"DE"}},{"type":"Feature","geometry":{"type":"Point","coordinates":[10.61766,48.71694]},"properties":{"id":24157,"name":"Bissingen","state_code":"BY","country_code":"DE"}},{"type":"Feature","geometry":{"type":"Point","coordinates":[12.81667,49.16667]},"properties":{"id":24162,"name":"Blaibach","state_code":"BY","country_code":"DE"}},{"type":"Feature","geometry":{"type":"Point","coordinates":[10.25846,47.54208]},"properties":{"id":24163,"name":"Blaichach","state_code":"BY","country_code":"DE"}},{"type":"Feature","geometry":{"type":"Point","coordinates":[9.23333,50.06667]},"properties":{"id":24164,"name":"Blankenbach","state_code":"BY","country_code":"DE"}},{"type":"Feature","geometry":{"type":"Point","coordinates":[10.61992,48.63138]},"properties":{"id":24183,"name":"Blindheim","state_code":"BY","country_code":"DE"}},{"type":"Feature","geometry":{"type":"Point","coordinates":[10.98877,47.75562]},"properties":{"id":24461,"name":"Böbing","state_code":"BY","country_code":"DE"}},{"type":"Feature","geometry":{"type":"Point","coordinates":[10.8339,48.27091]},"properties":{"id":24190,"name":"Bobingen","state_code":"BY","country_code":"DE"}},{"type":"Feature","geometry":{"type":"Point","coordinates":[12.88304,48.93322]},"properties":{"id":24464,"name":"Böbrach","state_code":"BY","country_code":"DE"}},{"type":"Feature","geometry":{"type":"Point","coordinates":[11.98694,48.31471]},"properties":{"id":24201,"name":"Bockhorn","state_code":"BY","country_code":"DE"}},{"type":"Feature","geometry":{"type":"Point","coordinates":[12.38333,48.38333]},"properties":{"id":24206,"name":"Bodenkirchen","state_code":"BY","country_code":"DE"}},{"type":"Feature","geometry":{"type":"Point","coordinates":[13.1,49.06667]},"properties":{"id":24207,"name":"Bodenmais","state_code":"BY","country_code":"DE"}},{"type":"Feature","geometry":{"type":"Point","coordinates":[12.30146,49.27082]},"properties":{"id":24209,"name":"Bodenwöhr","state_code":"BY","country_code":"DE"}},{"type":"Feature","geometry":{"type":"Point","coordinates":[9.66667,47.56667]},"properties":{"id":24212,"name":"Bodolz","state_code":"BY","country_code":"DE"}},{"type":"Feature","geometry":{"type":"Point","coordinates":[12.68955,48.91122]},"properties":{"id":24214,"name":"Bogen","state_code":"BY","country_code":"DE"}},{"type":"Feature","geometry":{"type":"Point","coordinates":[11.61585,48.15221]},"properties":{"id":24215,"name":"Bogenhausen","state_code":"BY","country_code":"DE"}},{"type":"Feature","geometry":{"type":"Point","coordinates":[10.23333,47.46667]},"properties":{"id":24227,"name":"Bolsterlang","state_code":"BY","country_code":"DE"}},{"type":"Feature","geometry":{"type":"Point","coordinates":[10.70532,48.44002]},"properties":{"id":24233,"name":"Bonstetten","state_code":"BY","country_code":"DE"}},{"type":"Feature","geometry":{"type":"Point","coordinates":[10.19523,48.07521]},"properties":{"id":24234,"name":"Boos","state_code":"BY","country_code":"DE"}},{"type":"Feature","geometry":{"type":"Point","coordinates":[11.91072,49.95972]},"properties":{"id":24277,"name":"Brand","state_code":"BY","country_code":"DE"}},{"type":"Feature","geometry":{"type":"Point","coordinates":[12.09166,47.73996]},"properties":{"id":24283,"name":"Brannenburg","state_code":"BY","country_code":"DE"}},{"type":"Feature","geometry":{"type":"Point","coordinates":[12.15431,48.0432]},"properties":{"id":24303,"name":"Breitbrunn","state_code":"BY","country_code":"DE"}},{"type":"Feature","geometry":{"type":"Point","coordinates":[13.79333,48.70439]},"properties":{"id":24306,"name":"Breitenberg","state_code":"BY","country_code":"DE"}},{"type":"Feature","geometry":{"type":"Point","coordinates":[12.02013,49.36388]},"properties":{"id":24307,"name":"Breitenbrunn","state_code":"BY","country_code":"DE"}},{"type":"Feature","geometry":{"type":"Point","coordinates":[10.88591,49.97209]},"properties":{"id":24311,"name":"Breitengüßbach","state_code":"BY","country_code":"DE"}},{"type":"Feature","geometry":{"type":"Point","coordinates":[10.29951,48.23782]},"properties":{"id":24312,"name":"Breitenthal","state_code":"BY","country_code":"DE"}},{"type":"Feature","geometry":{"type":"Point","coordinates":[12.4,49.06667]},"properties":{"id":24323,"name":"Brennberg","state_code":"BY","country_code":"DE"}},{"type":"Feature","geometry":{"type":"Point","coordinates":[11.90781,48.02116]},"properties":{"id":24353,"name":"Bruck","state_code":"BY","country_code":"DE"}},{"type":"Feature","geometry":{"type":"Point","coordinates":[12.3071,49.24927]},"properties":{"id":24354,"name":"Bruck in der Oberpfalz","state_code":"BY","country_code":"DE"}},{"type":"Feature","geometry":{"type":"Point","coordinates":[11.99448,48.52244]},"properties":{"id":24355,"name":"Bruckberg","state_code":"BY","country_code":"DE"}},{"type":"Feature","geometry":{"type":"Point","coordinates":[11.91098,47.87859]},"properties":{"id":24356,"name":"Bruckmühl","state_code":"BY","country_code":"DE"}},{"type":"Feature","geometry":{"type":"Point","coordinates":[12.19156,49.23632]},"properties":{"id":24359,"name":"Brunn","state_code":"BY","country_code":"DE"}},{"type":"Feature","geometry":{"type":"Point","coordinates":[10.97332,48.22956]},"properties":{"id":24360,"name":"Brunnen","state_code":"BY","country_code":"DE"}},{"type":"Feature","geometry":{"type":"Point","coordinates":[11.68405,48.00652]},"properties":{"id":24361,"name":"Brunnthal","state_code":"BY","country_code":"DE"}},{"type":"Feature","geometry":{"type":"Point","coordinates":[11.01723,49.62745]},"properties":{"id":24375,"name":"Bubenreuth","state_code":"BY","country_code":"DE"}},{"type":"Feature","geometry":{"type":"Point","coordinates":[10.25,48.43333]},"properties":{"id":24376,"name":"Bubesheim","state_code":"BY","country_code":"DE"}},{"type":"Feature","geometry":{"type":"Point","coordinates":[10.18055,48.22479]},"properties":{"id":24378,"name":"Buch","state_code":"BY","country_code":"DE"}},{"type":"Feature","geometry":{"type":"Point","coordinates":[11.99509,48.2151]},"properties":{"id":24381,"name":"Buch am Buchrain","state_code":"BY","country_code":"DE"}},{"type":"Feature","geometry":{"type":"Point","coordinates":[12.27343,48.31231]},"properties":{"id":24383,"name":"Buchbach","state_code":"BY","country_code":"DE"}},{"type":"Feature","geometry":{"type":"Point","coordinates":[10.13686,49.75981]},"properties":{"id":24384,"name":"Buchbrunn","state_code":"BY","country_code":"DE"}},{"type":"Feature","geometry":{"type":"Point","coordinates":[10.83333,48.78333]},"properties":{"id":24385,"name":"Buchdorf","state_code":"BY","country_code":"DE"}},{"type":"Feature","geometry":{"type":"Point","coordinates":[11.05889,49.26778]},"properties":{"id":24487,"name":"Büchenbach","state_code":"BY","country_code":"DE"}},{"type":"Feature","geometry":{"type":"Point","coordinates":[10.23927,47.69593]},"properties":{"id":24388,"name":"Buchenberg","state_code":"BY","country_code":"DE"}},{"type":"Feature","geometry":{"type":"Point","coordinates":[13.521,48.67112]},"properties":{"id":24489,"name":"Büchlberg","state_code":"BY","country_code":"DE"}},{"type":"Feature","geometry":{"type":"Point","coordinates":[10.72548,48.03719]},"properties":{"id":24394,"name":"Buchloe","state_code":"BY","country_code":"DE"}},{"type":"Feature","geometry":{"type":"Point","coordinates":[11.05044,49.59324]},"properties":{"id":24395,"name":"Buckenhof","state_code":"BY","country_code":"DE"}},{"type":"Feature","geometry":{"type":"Point","coordinates":[10.40989,48.43159]},"properties":{"id":24411,"name":"Burgau","state_code":"BY","country_code":"DE"}},{"type":"Feature","geometry":{"type":"Point","coordinates":[10.28883,47.53657]},"properties":{"id":24412,"name":"Burgberg","state_code":"BY","country_code":"DE"}},{"type":"Feature","geometry":{"type":"Point","coordinates":[10.32385,49.45103]},"properties":{"id":24413,"name":"Burgbernheim","state_code":"BY","country_code":"DE"}},{"type":"Feature","geometry":{"type":"Point","coordinates":[10.74338,49.82832]},"properties":{"id":24416,"name":"Burgebrach","state_code":"BY","country_code":"DE"}},{"type":"Feature","geometry":{"type":"Point","coordinates":[10.81724,47.77689]},"properties":{"id":24417,"name":"Burggen","state_code":"BY","country_code":"DE"}},{"type":"Feature","geometry":{"type":"Point","coordinates":[10.6007,49.73313]},"properties":{"id":24418,"name":"Burghaslach","state_code":"BY","country_code":"DE"}},{"type":"Feature","geometry":{"type":"Point","coordinates":[12.83139,48.16925]},"properties":{"id":24420,"name":"Burghausen","state_code":"BY","country_code":"DE"}},{"type":"Feature","geometry":{"type":"Point","coordinates":[11.01599,48.70035]},"properties":{"id":24421,"name":"Burgheim","state_code":"BY","country_code":"DE"}},{"type":"Feature","geometry":{"type":"Point","coordinates":[12.7325,48.16753]},"properties":{"id":24422,"name":"Burgkirchen an der Alz","state_code":"BY","country_code":"DE"}},{"type":"Feature","geometry":{"type":"Point","coordinates":[11.25205,50.14093]},"properties":{"id":24423,"name":"Burgkunstadt","state_code":"BY","country_code":"DE"}},{"type":"Feature","geometry":{"type":"Point","coordinates":[10.17939,50.27645]},"properties":{"id":24424,"name":"Burglauer","state_code":"BY","country_code":"DE"}},{"type":"Feature","geometry":{"type":"Point","coordinates":[12.04452,49.20379]},"properties":{"id":24425,"name":"Burglengenfeld","state_code":"BY","country_code":"DE"}},{"type":"Feature","geometry":{"type":"Point","coordinates":[10.58333,49.23333]},"properties":{"id":24427,"name":"Burgoberbach","state_code":"BY","country_code":"DE"}},{"type":"Feature","geometry":{"type":"Point","coordinates":[10.64977,50.14149]},"properties":{"id":24428,"name":"Burgpreppach","state_code":"BY","country_code":"DE"}},{"type":"Feature","geometry":{"type":"Point","coordinates":[11.09766,49.03316]},"properties":{"id":24430,"name":"Burgsalach","state_code":"BY","country_code":"DE"}},{"type":"Feature","geometry":{"type":"Point","coordinates":[9.65119,50.14968]},"properties":{"id":24432,"name":"Burgsinn","state_code":"BY","country_code":"DE"}},{"type":"Feature","geometry":{"type":"Point","coordinates":[9.26916,49.71476]},"properties":{"id":24503,"name":"Bürgstadt","state_code":"BY","country_code":"DE"}},{"type":"Feature","geometry":{"type":"Point","coordinates":[11.31154,49.35202]},"properties":{"id":24436,"name":"Burgthann","state_code":"BY","country_code":"DE"}},{"type":"Feature","geometry":{"type":"Point","coordinates":[10.59631,49.82733]},"properties":{"id":24438,"name":"Burgwindheim","state_code":"BY","country_code":"DE"}},{"type":"Feature","geometry":{"type":"Point","coordinates":[10.47891,49.13318]},"properties":{"id":24439,"name":"Burk","state_code":"BY","country_code":"DE"}},{"type":"Feature","geometry":{"type":"Point","coordinates":[9.99162,50.27125]},"properties":{"id":24440,"name":"Burkardroth","state_code":"BY","country_code":"DE"}},{"type":"Feature","geometry":{"type":"Point","coordinates":[10.4528,48.34051]},"properties":{"id":24446,"name":"Burtenbach","state_code":"BY","country_code":"DE"}},{"type":"Feature","geometry":{"type":"Point","coordinates":[11.03002,49.80365]},"properties":{"id":24451,"name":"Buttenheim","state_code":"BY","country_code":"DE"}},{"type":"Feature","geometry":{"type":"Point","coordinates":[10.71667,48.6]},"properties":{"id":24452,"name":"Buttenwiesen","state_code":"BY","country_code":"DE"}},{"type":"Feature","geometry":{"type":"Point","coordinates":[9.87987,49.59913]},"properties":{"id":24508,"name":"Bütthard","state_code":"BY","country_code":"DE"}},{"type":"Feature","geometry":{"type":"Point","coordinates":[10.13333,48]},"properties":{"id":24456,"name":"Buxheim","state_code":"BY","country_code":"DE"}},{"type":"Feature","geometry":{"type":"Point","coordinates":[10.85329,49.4573]},"properties":{"id":24512,"name":"Cadolzburg","state_code":"BY","country_code":"DE"}},{"type":"Feature","geometry":{"type":"Point","coordinates":[12.65501,49.22565]},"properties":{"id":24529,"name":"Cham","state_code":"BY","country_code":"DE"}},{"type":"Feature","geometry":{"type":"Point","coordinates":[12.75,49.2]},"properties":{"id":24530,"name":"Chamerau","state_code":"BY","country_code":"DE"}},{"type":"Feature","geometry":{"type":"Point","coordinates":[12.54012,47.89258]},"properties":{"id":24534,"name":"Chieming","state_code":"BY","country_code":"DE"}},{"type":"Feature","geometry":{"type":"Point","coordinates":[13.12064,48.37144]},"properties":{"id":24536,"name":"Chostlarn","state_code":"BY","country_code":"DE"}},{"type":"Feature","geometry":{"type":"Point","coordinates":[10.96384,50.25937]},"properties":{"id":24544,"name":"Coburg","state_code":"BY","country_code":"DE"}},{"type":"Feature","geometry":{"type":"Point","coordinates":[10.41157,49.3548]},"properties":{"id":24550,"name":"Colmberg","state_code":"BY","country_code":"DE"}},{"type":"Feature","geometry":{"type":"Point","coordinates":[11.62683,49.84495]},"properties":{"id":24562,"name":"Creußen","state_code":"BY","country_code":"DE"}},{"type":"Feature","geometry":{"type":"Point","coordinates":[11.43402,48.26]},"properties":{"id":24574,"name":"Dachau","state_code":"BY","country_code":"DE"}},{"type":"Feature","geometry":{"type":"Point","coordinates":[11.04667,48.38482]},"properties":{"id":24598,"name":"Dasing","state_code":"BY","country_code":"DE"}},{"type":"Feature","geometry":{"type":"Point","coordinates":[12.96068,48.84085]},"properties":{"id":24610,"name":"Deggendorf","state_code":"BY","country_code":"DE"}},{"type":"Feature","geometry":{"type":"Point","coordinates":[11.53968,49.22556]},"properties":{"id":24615,"name":"Deining","state_code":"BY","country_code":"DE"}},{"type":"Feature","geometry":{"type":"Point","coordinates":[10.56667,48.86667]},"properties":{"id":24616,"name":"Deiningen","state_code":"BY","country_code":"DE"}},{"type":"Feature","geometry":{"type":"Point","coordinates":[10.32698,48.25554]},"properties":{"id":24618,"name":"Deisenhausen","state_code":"BY","country_code":"DE"}},{"type":"Feature","geometry":{"type":"Point","coordinates":[10.85,47.91667]},"properties":{"id":24632,"name":"Denklingen","state_code":"BY","country_code":"DE"}},{"type":"Feature","geometry":{"type":"Point","coordinates":[10.42309,49.14772]},"properties":{"id":24634,"name":"Dentlein am Forst","state_code":"BY","country_code":"DE"}},{"type":"Feature","geometry":{"type":"Point","coordinates":[10.16519,49.80295]},"properties":{"id":24648,"name":"Dettelbach","state_code":"BY","country_code":"DE"}},{"type":"Feature","geometry":{"type":"Point","coordinates":[11.91045,49.0372]},"properties":{"id":24656,"name":"Deuerling","state_code":"BY","country_code":"DE"}},{"type":"Feature","geometry":{"type":"Point","coordinates":[10.19188,49.30912]},"properties":{"id":24663,"name":"Diebach","state_code":"BY","country_code":"DE"}},{"type":"Feature","geometry":{"type":"Point","coordinates":[10.78206,48.3532]},"properties":{"id":24666,"name":"Diedorf","state_code":"BY","country_code":"DE"}},{"type":"Feature","geometry":{"type":"Point","coordinates":[10.63333,49.6]},"properties":{"id":24676,"name":"Diespeck","state_code":"BY","country_code":"DE"}},{"type":"Feature","geometry":{"type":"Point","coordinates":[11.10306,47.95085]},"properties":{"id":24688,"name":"Dießen am Ammersee","state_code":"BY","country_code":"DE"}},{"type":"Feature","geometry":{"type":"Point","coordinates":[10.68975,49.39997]},"properties":{"id":24678,"name":"Dietenhofen","state_code":"BY","country_code":"DE"}},{"type":"Feature","geometry":{"type":"Point","coordinates":[12.92499,48.49249]},"properties":{"id":24679,"name":"Dietersburg","state_code":"BY","country_code":"DE"}},{"type":"Feature","geometry":{"type":"Point","coordinates":[10.54074,49.55631]},"properties":{"id":24680,"name":"Dietersheim","state_code":"BY","country_code":"DE"}},{"type":"Feature","geometry":{"type":"Point","coordinates":[12.41667,49.41667]},"properties":{"id":24681,"name":"Dieterskirchen","state_code":"BY","country_code":"DE"}},{"type":"Feature","geometry":{"type":"Point","coordinates":[11.58624,49.03578]},"properties":{"id":24682,"name":"Dietfurt","state_code":"BY","country_code":"DE"}},{"type":"Feature","geometry":{"type":"Point","coordinates":[10.28948,47.80787]},"properties":{"id":24684,"name":"Dietmannsried","state_code":"BY","country_code":"DE"}},{"type":"Feature","geometry":{"type":"Point","coordinates":[11.5953,47.84871]},"properties":{"id":24685,"name":"Dietramszell","state_code":"BY","country_code":"DE"}},{"type":"Feature","geometry":{"type":"Point","coordinates":[10.49527,48.58153]},"properties":{"id":24691,"name":"Dillingen an der Donau","state_code":"BY","country_code":"DE"}},{"type":"Feature","geometry":{"type":"Point","coordinates":[12.49283,48.64244]},"properties":{"id":24693,"name":"Dingolfing","state_code":"BY","country_code":"DE"}},{"type":"Feature","geometry":{"type":"Point","coordinates":[10.39032,49.9071]},"properties":{"id":24694,"name":"Dingolshausen","state_code":"BY","country_code":"DE"}},{"type":"Feature","geometry":{"type":"Point","coordinates":[10.31985,49.06942]},"properties":{"id":24695,"name":"Dinkelsbühl","state_code":"BY","country_code":"DE"}},{"type":"Feature","geometry":{"type":"Point","coordinates":[10.58893,48.34826]},"properties":{"id":24696,"name":"Dinkelscherben","state_code":"BY","country_code":"DE"}},{"type":"Feature","geometry":{"type":"Point","coordinates":[10.50306,48.00195]},"properties":{"id":24702,"name":"Dirlewang","state_code":"BY","country_code":"DE"}},{"type":"Feature","geometry":{"type":"Point","coordinates":[10.21974,50.07212]},"properties":{"id":24707,"name":"Dittelbrunn","state_code":"BY","country_code":"DE"}},{"type":"Feature","geometry":{"type":"Point","coordinates":[10.79201,49.05536]},"properties":{"id":24709,"name":"Dittenheim","state_code":"BY","country_code":"DE"}},{"type":"Feature","geometry":{"type":"Point","coordinates":[11.95,50.28333]},"properties":{"id":24794,"name":"Döhlau","state_code":"BY","country_code":"DE"}},{"type":"Feature","geometry":{"type":"Point","coordinates":[10.28542,49.25349]},"properties":{"id":24724,"name":"Dombühl","state_code":"BY","country_code":"DE"}},{"type":"Feature","geometry":{"type":"Point","coordinates":[12.20459,49.03258]},"properties":{"id":24730,"name":"Donaustauf","state_code":"BY","country_code":"DE"}},{"type":"Feature","geometry":{"type":"Point","coordinates":[10.7793,48.71804]},"properties":{"id":24731,"name":"Donauwörth","state_code":"BY","country_code":"DE"}},{"type":"Feature","geometry":{"type":"Point","coordinates":[10.41667,49.96667]},"properties":{"id":24732,"name":"Donnersdorf","state_code":"BY","country_code":"DE"}},{"type":"Feature","geometry":{"type":"Point","coordinates":[12.16056,48.27037]},"properties":{"id":24735,"name":"Dorfen","state_code":"BY","country_code":"DE"}},{"type":"Feature","geometry":{"type":"Point","coordinates":[9.38028,49.78056]},"properties":{"id":24737,"name":"Dorfprozelten","state_code":"BY","country_code":"DE"}},{"type":"Feature","geometry":{"type":"Point","coordinates":[11.11765,49.59786]},"properties":{"id":24740,"name":"Dormitz","state_code":"BY","country_code":"DE"}},{"type":"Feature","geometry":{"type":"Point","coordinates":[13.01185,49.10759]},"properties":{"id":24751,"name":"Drachselsried","state_code":"BY","country_code":"DE"}},{"type":"Feature","geometry":{"type":"Point","coordinates":[11.91667,49.11667]},"properties":{"id":24778,"name":"Duggendorf","state_code":"BY","country_code":"DE"}},{"type":"Feature","geometry":{"type":"Point","coordinates":[10.34449,47.6944]},"properties":{"id":24784,"name":"Durach","state_code":"BY","country_code":"DE"}},{"type":"Feature","geometry":{"type":"Point","coordinates":[10.4286,48.46666]},"properties":{"id":24814,"name":"Dürrlauingen","state_code":"BY","country_code":"DE"}},{"type":"Feature","geometry":{"type":"Point","coordinates":[10.385,49.10778]},"properties":{"id":24816,"name":"Dürrwangen","state_code":"BY","country_code":"DE"}},{"type":"Feature","geometry":{"type":"Point","coordinates":[10.67442,49.98572]},"properties":{"id":24821,"name":"Ebelsbach","state_code":"BY","country_code":"DE"}},{"type":"Feature","geometry":{"type":"Point","coordinates":[10.95835,50.0664]},"properties":{"id":24823,"name":"Ebensfeld","state_code":"BY","country_code":"DE"}},{"type":"Feature","geometry":{"type":"Point","coordinates":[11.93582,49.39375]},"properties":{"id":24829,"name":"Ebermannsdorf","state_code":"BY","country_code":"DE"}},{"type":"Feature","geometry":{"type":"Point","coordinates":[11.18168,49.78154]},"properties":{"id":24830,"name":"Ebermannstadt","state_code":"BY","country_code":"DE"}},{"type":"Feature","geometry":{"type":"Point","coordinates":[11.97063,48.0771]},"properties":{"id":24835,"name":"Ebersberg","state_code":"BY","country_code":"DE"}},{"type":"Feature","geometry":{"type":"Point","coordinates":[11.15266,50.32898]},"properties":{"id":24837,"name":"Ebersdorf","state_code":"BY","country_code":"DE"}},{"type":"Feature","geometry":{"type":"Point","coordinates":[11.93333,49.95]},"properties":{"id":24842,"name":"Ebnath","state_code":"BY","country_code":"DE"}},{"type":"Feature","geometry":{"type":"Point","coordinates":[11.61667,48.3]},"properties":{"id":24846,"name":"Eching","state_code":"BY","country_code":"DE"}},{"type":"Feature","geometry":{"type":"Point","coordinates":[11.39611,50.02874]},"properties":{"id":24850,"name":"Eckersdorf","state_code":"BY","country_code":"DE"}},{"type":"Feature","geometry":{"type":"Point","coordinates":[11.69589,49.57644]},"properties":{"id":24853,"name":"Edelsfeld","state_code":"BY","country_code":"DE"}},{"type":"Feature","geometry":{"type":"Point","coordinates":[10.46609,48.80827]},"properties":{"id":24856,"name":"Ederheim","state_code":"BY","country_code":"DE"}},{"type":"Feature","geometry":{"type":"Point","coordinates":[11.09319,49.65929]},"properties":{"id":24863,"name":"Effeltrich","state_code":"BY","country_code":"DE"}},{"type":"Feature","geometry":{"type":"Point","coordinates":[11.16667,48.28333]},"properties":{"id":24868,"name":"Egenhofen","state_code":"BY","country_code":"DE"}},{"type":"Feature","geometry":{"type":"Point","coordinates":[10.28495,48.08714]},"properties":{"id":24870,"name":"Egg an der Günz","state_code":"BY","country_code":"DE"}},{"type":"Feature","geometry":{"type":"Point","coordinates":[12.75752,48.40509]},"properties":{"id":24872,"name":"Eggenfelden","state_code":"BY","country_code":"DE"}},{"type":"Feature","geometry":{"type":"Point","coordinates":[10.51667,47.91667]},"properties":{"id":24874,"name":"Eggenthal","state_code":"BY","country_code":"DE"}},{"type":"Feature","geometry":{"type":"Point","coordinates":[13.05402,48.52902]},"properties":{"id":24879,"name":"Egglham","state_code":"BY","country_code":"DE"}},{"type":"Feature","geometry":{"type":"Point","coordinates":[12.45,48.4]},"properties":{"id":24880,"name":"Egglkofen","state_code":"BY","country_code":"DE"}},{"type":"Feature","geometry":{"type":"Point","coordinates":[11.05701,49.76961]},"properties":{"id":24881,"name":"Eggolsheim","state_code":"BY","country_code":"DE"}},{"type":"Feature","geometry":{"type":"Point","coordinates":[12.37919,47.92698]},"properties":{"id":24882,"name":"Eggstätt","state_code":"BY","country_code":"DE"}},{"type":"Feature","geometry":{"type":"Point","coordinates":[12.18957,48.46328]},"properties":{"id":24883,"name":"Eging","state_code":"BY","country_code":"DE"}},{"type":"Feature","geometry":{"type":"Point","coordinates":[11.50517,47.92316]},"properties":{"id":24884,"name":"Egling","state_code":"BY","country_code":"DE"}},{"type":"Feature","geometry":{"type":"Point","coordinates":[11.25749,49.70182]},"properties":{"id":24885,"name":"Egloffstein","state_code":"BY","country_code":"DE"}},{"type":"Feature","geometry":{"type":"Point","coordinates":[11.79528,48.00405]},"properties":{"id":24886,"name":"Egmating","state_code":"BY","country_code":"DE"}},{"type":"Feature","geometry":{"type":"Point","coordinates":[11.1,48.63333]},"properties":{"id":24887,"name":"Ehekirchen","state_code":"BY","country_code":"DE"}},{"type":"Feature","geometry":{"type":"Point","coordinates":[10.8,48.6]},"properties":{"id":24889,"name":"Ehingen","state_code":"BY","country_code":"DE"}},{"type":"Feature","geometry":{"type":"Point","coordinates":[9.99962,49.72392]},"properties":{"id":24896,"name":"Eibelstadt","state_code":"BY","country_code":"DE"}},{"type":"Feature","geometry":{"type":"Point","coordinates":[11.31667,48.16667]},"properties":{"id":24898,"name":"Eichenau","state_code":"BY","country_code":"DE"}},{"type":"Feature","geometry":{"type":"Point","coordinates":[9.32917,49.70556]},"properties":{"id":24900,"name":"Eichenbühl","state_code":"BY","country_code":"DE"}},{"type":"Feature","geometry":{"type":"Point","coordinates":[12.85586,48.63266]},"properties":{"id":24901,"name":"Eichendorf","state_code":"BY","country_code":"DE"}},{"type":"Feature","geometry":{"type":"Point","coordinates":[11.78206,48.27748]},"properties":{"id":24902,"name":"Eichenried","state_code":"BY","country_code":"DE"}},{"type":"Feature","geometry":{"type":"Point","coordinates":[11.19675,48.88854]},"properties":{"id":24906,"name":"Eichstätt","state_code":"BY","country_code":"DE"}},{"type":"Feature","geometry":{"type":"Point","coordinates":[12.24272,48.04114]},"properties":{"id":24923,"name":"Eiselfing","state_code":"BY","country_code":"DE"}},{"type":"Feature","geometry":{"type":"Point","coordinates":[10.2087,48.01404]},"properties":{"id":24928,"name":"Eisenburg","state_code":"BY","country_code":"DE"}},{"type":"Feature","geometry":{"type":"Point","coordinates":[9.83111,49.75972]},"properties":{"id":24932,"name":"Eisingen","state_code":"BY","country_code":"DE"}},{"type":"Feature","geometry":{"type":"Point","coordinates":[11.8911,48.35957]},"properties":{"id":24938,"name":"Eitting","state_code":"BY","country_code":"DE"}},{"type":"Feature","geometry":{"type":"Point","coordinates":[9.96151,50.14743]},"properties":{"id":24943,"name":"Elfershausen","state_code":"BY","country_code":"DE"}},{"type":"Feature","geometry":{"type":"Point","coordinates":[10.86667,48.6]},"properties":{"id":24952,"name":"Ellgau","state_code":"BY","country_code":"DE"}},{"type":"Feature","geometry":{"type":"Point","coordinates":[10.96783,49.06076]},"properties":{"id":24954,"name":"Ellingen","state_code":"BY","country_code":"DE"}},{"type":"Feature","geometry":{"type":"Point","coordinates":[10.31891,48.33971]},"properties":{"id":24957,"name":"Ellzee","state_code":"BY","country_code":"DE"}},{"type":"Feature","geometry":{"type":"Point","coordinates":[11.80982,48.70757]},"properties":{"id":24965,"name":"Elsendorf","state_code":"BY","country_code":"DE"}},{"type":"Feature","geometry":{"type":"Point","coordinates":[9.16355,49.84289]},"properties":{"id":24966,"name":"Elsenfeld","state_code":"BY","country_code":"DE"}},{"type":"Feature","geometry":{"type":"Point","coordinates":[10.66712,49.97148]},"properties":{"id":24975,"name":"Eltmann","state_code":"BY","country_code":"DE"}},{"type":"Feature","geometry":{"type":"Point","coordinates":[10.6738,48.48965]},"properties":{"id":24983,"name":"Emersacker","state_code":"BY","country_code":"DE"}},{"type":"Feature","geometry":{"type":"Point","coordinates":[11.28333,48.18333]},"properties":{"id":24990,"name":"Emmering","state_code":"BY","country_code":"DE"}},{"type":"Feature","geometry":{"type":"Point","coordinates":[10.71278,49.55282]},"properties":{"id":24995,"name":"Emskirchen","state_code":"BY","country_code":"DE"}},{"type":"Feature","geometry":{"type":"Point","coordinates":[11.64466,49.89231]},"properties":{"id":24998,"name":"Emtmannsberg","state_code":"BY","country_code":"DE"}},{"type":"Feature","geometry":{"type":"Point","coordinates":[12.54267,48.11631]},"properties":{"id":25001,"name":"Engelsberg","state_code":"BY","country_code":"DE"}},{"type":"Feature","geometry":{"type":"Point","coordinates":[11.39943,49.47181]},"properties":{"id":25004,"name":"Engelthal","state_code":"BY","country_code":"DE"}},{"type":"Feature","geometry":{"type":"Point","coordinates":[11.93587,49.34062]},"properties":{"id":25013,"name":"Ensdorf","state_code":"BY","country_code":"DE"}},{"type":"Feature","geometry":{"type":"Point","coordinates":[10.51667,48.16667]},"properties":{"id":25025,"name":"Eppishausen","state_code":"BY","country_code":"DE"}},{"type":"Feature","geometry":{"type":"Point","coordinates":[12.04593,49.83983]},"properties":{"id":25029,"name":"Erbendorf","state_code":"BY","country_code":"DE"}},{"type":"Feature","geometry":{"type":"Point","coordinates":[11.90686,48.30603]},"properties":{"id":25032,"name":"Erding","state_code":"BY","country_code":"DE"}},{"type":"Feature","geometry":{"type":"Point","coordinates":[11.30339,48.3318]},"properties":{"id":25034,"name":"Erdweg","state_code":"BY","country_code":"DE"}},{"type":"Feature","geometry":{"type":"Point","coordinates":[11.02388,48.087]},"properties":{"id":25035,"name":"Eresing","state_code":"BY","country_code":"DE"}},{"type":"Feature","geometry":{"type":"Point","coordinates":[10.33333,49.51667]},"properties":{"id":25040,"name":"Ergersheim","state_code":"BY","country_code":"DE"}},{"type":"Feature","geometry":{"type":"Point","coordinates":[12.17102,48.57654]},"properties":{"id":25041,"name":"Ergolding","state_code":"BY","country_code":"DE"}},{"type":"Feature","geometry":{"type":"Point","coordinates":[12.20442,48.69263]},"properties":{"id":25042,"name":"Ergoldsbach","state_code":"BY","country_code":"DE"}},{"type":"Feature","geometry":{"type":"Point","coordinates":[13.15029,48.29921]},"properties":{"id":25043,"name":"Ering","state_code":"BY","country_code":"DE"}},{"type":"Feature","geometry":{"type":"Point","coordinates":[10.3357,48.0373]},"properties":{"id":25048,"name":"Erkheim","state_code":"BY","country_code":"DE"}},{"type":"Feature","geometry":{"type":"Point","coordinates":[9.84417,49.85972]},"properties":{"id":25051,"name":"Erlabrunn","state_code":"BY","country_code":"DE"}},{"type":"Feature","geometry":{"type":"Point","coordinates":[11.00783,49.59099]},"properties":{"id":25052,"name":"Erlangen","state_code":"BY","country_code":"DE"}},{"type":"Feature","geometry":{"type":"Point","coordinates":[12.78333,48.3]},"properties":{"id":25055,"name":"Erlbach","state_code":"BY","country_code":"DE"}},{"type":"Feature","geometry":{"type":"Point","coordinates":[9.64459,49.97857]},"properties":{"id":25056,"name":"Erlenbach","state_code":"BY","country_code":"DE"}},{"type":"Feature","geometry":{"type":"Point","coordinates":[9.16311,49.80341]},"properties":{"id":25058,"name":"Erlenbach am Main","state_code":"BY","country_code":"DE"}},{"type":"Feature","geometry":{"type":"Point","coordinates":[11.58333,48.73333]},"properties":{"id":25064,"name":"Ernsgaden","state_code":"BY","country_code":"DE"}},{"type":"Feature","geometry":{"type":"Point","coordinates":[9.2592,49.81889]},"properties":{"id":25075,"name":"Eschau","state_code":"BY","country_code":"DE"}},{"type":"Feature","geometry":{"type":"Point","coordinates":[12.03012,48.01731]},"properties":{"id":25081,"name":"Eschenlohe","state_code":"BY","country_code":"DE"}},{"type":"Feature","geometry":{"type":"Point","coordinates":[12.91573,49.29883]},"properties":{"id":25083,"name":"Eschlkam","state_code":"BY","country_code":"DE"}},{"type":"Feature","geometry":{"type":"Point","coordinates":[12.52156,49.58345]},"properties":{"id":25087,"name":"Eslarn","state_code":"BY","country_code":"DE"}},{"type":"Feature","geometry":{"type":"Point","coordinates":[9.52583,49.85528]},"properties":{"id":25093,"name":"Esselbach","state_code":"BY","country_code":"DE"}},{"type":"Feature","geometry":{"type":"Point","coordinates":[12.21833,48.61332]},"properties":{"id":25096,"name":"Essenbach","state_code":"BY","country_code":"DE"}},{"type":"Feature","geometry":{"type":"Point","coordinates":[11.78972,48.93467]},"properties":{"id":25098,"name":"Essing","state_code":"BY","country_code":"DE"}},{"type":"Feature","geometry":{"type":"Point","coordinates":[10.00588,49.82896]},"properties":{"id":25102,"name":"Estenfeld","state_code":"BY","country_code":"DE"}},{"type":"Feature","geometry":{"type":"Point","coordinates":[10.65,48.1]},"properties":{"id":25109,"name":"Ettringen","state_code":"BY","country_code":"DE"}},{"type":"Feature","geometry":{"type":"Point","coordinates":[11.58603,49.5276]},"properties":{"id":25111,"name":"Etzelwang","state_code":"BY","country_code":"DE"}},{"type":"Feature","geometry":{"type":"Point","coordinates":[12.1,49.63333]},"properties":{"id":25112,"name":"Etzenricht","state_code":"BY","country_code":"DE"}},{"type":"Feature","geometry":{"type":"Point","coordinates":[10.13695,50.06199]},"properties":{"id":25113,"name":"Euerbach","state_code":"BY","country_code":"DE"}},{"type":"Feature","geometry":{"type":"Point","coordinates":[10.02331,50.14853]},"properties":{"id":25114,"name":"Euerdorf","state_code":"BY","country_code":"DE"}},{"type":"Feature","geometry":{"type":"Point","coordinates":[11.40587,47.85389]},"properties":{"id":25115,"name":"Eurasburg","state_code":"BY","country_code":"DE"}},{"type":"Feature","geometry":{"type":"Point","coordinates":[9.80899,49.98589]},"properties":{"id":25119,"name":"Eußenheim","state_code":"BY","country_code":"DE"}},{"type":"Feature","geometry":{"type":"Point","coordinates":[11.55521,48.35317]},"properties":{"id":25129,"name":"Fahrenzhausen","state_code":"BY","country_code":"DE"}},{"type":"Feature","geometry":{"type":"Point","coordinates":[12.73049,48.46154]},"properties":{"id":25132,"name":"Falkenberg","state_code":"BY","country_code":"DE"}},{"type":"Feature","geometry":{"type":"Point","coordinates":[12.5948,49.00415]},"properties":{"id":25135,"name":"Falkenfels","state_code":"BY","country_code":"DE"}},{"type":"Feature","geometry":{"type":"Point","coordinates":[12.48802,49.0975]},"properties":{"id":25140,"name":"Falkenstein","state_code":"BY","country_code":"DE"}},{"type":"Feature","geometry":{"type":"Point","coordinates":[11.11151,47.53036]},"properties":{"id":25142,"name":"Farchant","state_code":"BY","country_code":"DE"}},{"type":"Feature","geometry":{"type":"Point","coordinates":[9.44417,49.78528]},"properties":{"id":25145,"name":"Faulbach","state_code":"BY","country_code":"DE"}},{"type":"Feature","geometry":{"type":"Point","coordinates":[11.93333,50.36667]},"properties":{"id":25151,"name":"Feilitzsch","state_code":"BY","country_code":"DE"}},{"type":"Feature","geometry":{"type":"Point","coordinates":[11.29326,47.94602]},"properties":{"id":25152,"name":"Feldafing","state_code":"BY","country_code":"DE"}},{"type":"Feature","geometry":{"type":"Point","coordinates":[11.731,48.14811]},"properties":{"id":25155,"name":"Feldkirchen","state_code":"BY","country_code":"DE"}},{"type":"Feature","geometry":{"type":"Point","coordinates":[11.84266,47.90748]},"properties":{"id":25156,"name":"Feldkirchen-Westerham","state_code":"BY","country_code":"DE"}},{"type":"Feature","geometry":{"type":"Point","coordinates":[10.15224,48.0728]},"properties":{"id":25160,"name":"Fellheim","state_code":"BY","country_code":"DE"}},{"type":"Feature","geometry":{"type":"Point","coordinates":[11.21433,49.37597]},"properties":{"id":25165,"name":"Feucht","state_code":"BY","country_code":"DE"}},{"type":"Feature","geometry":{"type":"Point","coordinates":[10.3385,49.16287]},"properties":{"id":25166,"name":"Feuchtwangen","state_code":"BY","country_code":"DE"}},{"type":"Feature","geometry":{"type":"Point","coordinates":[11.85425,50.00288]},"properties":{"id":25167,"name":"Fichtelberg","state_code":"BY","country_code":"DE"}},{"type":"Feature","geometry":{"type":"Point","coordinates":[10.49864,48.65452]},"properties":{"id":25173,"name":"Finningen","state_code":"BY","country_code":"DE"}},{"type":"Feature","geometry":{"type":"Point","coordinates":[11.82412,48.21615]},"properties":{"id":25174,"name":"Finsing","state_code":"BY","country_code":"DE"}},{"type":"Feature","geometry":{"type":"Point","coordinates":[10.65592,48.29047]},"properties":{"id":25178,"name":"Fischach","state_code":"BY","country_code":"DE"}},{"type":"Feature","geometry":{"type":"Point","coordinates":[11.95081,47.71952]},"properties":{"id":25180,"name":"Fischbachau","state_code":"BY","country_code":"DE"}},{"type":"Feature","geometry":{"type":"Point","coordinates":[10.51323,49.39845]},"properties":{"id":25182,"name":"Flachslanden","state_code":"BY","country_code":"DE"}},{"type":"Feature","geometry":{"type":"Point","coordinates":[10.14581,50.52054]},"properties":{"id":25184,"name":"Fladungen","state_code":"BY","country_code":"DE"}},{"type":"Feature","geometry":{"type":"Point","coordinates":[12.12419,47.72576]},"properties":{"id":25193,"name":"Flintsbach","state_code":"BY","country_code":"DE"}},{"type":"Feature","geometry":{"type":"Point","coordinates":[12.27593,49.72395]},"properties":{"id":25198,"name":"Floß","state_code":"BY","country_code":"DE"}},{"type":"Feature","geometry":{"type":"Point","coordinates":[12.35,49.73333]},"properties":{"id":25197,"name":"Flossenbürg","state_code":"BY","country_code":"DE"}},{"type":"Feature","geometry":{"type":"Point","coordinates":[11.05877,49.71754]},"properties":{"id":25204,"name":"Forchheim","state_code":"BY","country_code":"DE"}},{"type":"Feature","geometry":{"type":"Point","coordinates":[11.91244,48.16866]},"properties":{"id":25209,"name":"Forstinning","state_code":"BY","country_code":"DE"}},{"type":"Feature","geometry":{"type":"Point","coordinates":[9.46888,50.06468]},"properties":{"id":25211,"name":"Frammersbach","state_code":"BY","country_code":"DE"}},{"type":"Feature","geometry":{"type":"Point","coordinates":[10.31432,49.88733]},"properties":{"id":25220,"name":"Frankenwinheim","state_code":"BY","country_code":"DE"}},{"type":"Feature","geometry":{"type":"Point","coordinates":[12.28512,47.80376]},"properties":{"id":25226,"name":"Frasdorf","state_code":"BY","country_code":"DE"}},{"type":"Feature","geometry":{"type":"Point","coordinates":[13.30067,48.98895]},"properties":{"id":25227,"name":"Frauenau","state_code":"BY","country_code":"DE"}},{"type":"Feature","geometry":{"type":"Point","coordinates":[12.0478,48.03873]},"properties":{"id":25228,"name":"Fraueneuharting","state_code":"BY","country_code":"DE"}},{"type":"Feature","geometry":{"type":"Point","coordinates":[12,48.36667]},"properties":{"id":25232,"name":"Fraunberg","state_code":"BY","country_code":"DE"}},{"type":"Feature","geometry":{"type":"Point","coordinates":[11.90817,49.62134]},"properties":{"id":25246,"name":"Freihung","state_code":"BY","country_code":"DE"}},{"type":"Feature","geometry":{"type":"Point","coordinates":[12.98114,47.84085]},"properties":{"id":25247,"name":"Freilassing","state_code":"BY","country_code":"DE"}},{"type":"Feature","geometry":{"type":"Point","coordinates":[11.74876,48.40351]},"properties":{"id":25251,"name":"Freising","state_code":"BY","country_code":"DE"}},{"type":"Feature","geometry":{"type":"Point","coordinates":[10.45754,48.97241]},"properties":{"id":25253,"name":"Fremdingen","state_code":"BY","country_code":"DE"}},{"type":"Feature","geometry":{"type":"Point","coordinates":[10.86667,49.81667]},"properties":{"id":25254,"name":"Frensdorf","state_code":"BY","country_code":"DE"}},{"type":"Feature","geometry":{"type":"Point","coordinates":[11.98333,49.48333]},"properties":{"id":25257,"name":"Freudenberg","state_code":"BY","country_code":"DE"}},{"type":"Feature","geometry":{"type":"Point","coordinates":[11.33032,49.20007]},"properties":{"id":25263,"name":"Freystadt","state_code":"BY","country_code":"DE"}},{"type":"Feature","geometry":{"type":"Point","coordinates":[13.54768,48.80952]},"properties":{"id":25264,"name":"Freyung","state_code":"BY","country_code":"DE"}},{"type":"Feature","geometry":{"type":"Point","coordinates":[10.09268,49.67089]},"properties":{"id":25265,"name":"Frickenhausen","state_code":"BY","country_code":"DE"}},{"type":"Feature","geometry":{"type":"Point","coordinates":[12.82628,47.99773]},"properties":{"id":25269,"name":"Fridolfing","state_code":"BY","country_code":"DE"}},{"type":"Feature","geometry":{"type":"Point","coordinates":[10.98461,48.35693]},"properties":{"id":25270,"name":"Friedberg","state_code":"BY","country_code":"DE"}},{"type":"Feature","geometry":{"type":"Point","coordinates":[12.10124,49.8826]},"properties":{"id":25275,"name":"Friedenfels","state_code":"BY","country_code":"DE"}},{"type":"Feature","geometry":{"type":"Point","coordinates":[10.53464,47.87477]},"properties":{"id":25299,"name":"Friesenried","state_code":"BY","country_code":"DE"}},{"type":"Feature","geometry":{"type":"Point","coordinates":[12.53118,48.54628]},"properties":{"id":25308,"name":"Frontenhausen","state_code":"BY","country_code":"DE"}},{"type":"Feature","geometry":{"type":"Point","coordinates":[12.14582,49.92265]},"properties":{"id":25312,"name":"Fuchsmühl","state_code":"BY","country_code":"DE"}},{"type":"Feature","geometry":{"type":"Point","coordinates":[9.9337,50.10825]},"properties":{"id":25313,"name":"Fuchsstadt","state_code":"BY","country_code":"DE"}},{"type":"Feature","geometry":{"type":"Point","coordinates":[10.7654,48.83215]},"properties":{"id":25324,"name":"Fünfstetten","state_code":"BY","country_code":"DE"}},{"type":"Feature","geometry":{"type":"Point","coordinates":[13.46667,48.71667]},"properties":{"id":25330,"name":"Fürsteneck","state_code":"BY","country_code":"DE"}},{"type":"Feature","geometry":{"type":"Point","coordinates":[11.2547,48.17904]},"properties":{"id":25331,"name":"Fürstenfeldbruck","state_code":"BY","country_code":"DE"}},{"type":"Feature","geometry":{"type":"Point","coordinates":[13.33333,48.71667]},"properties":{"id":25333,"name":"Fürstenstein","state_code":"BY","country_code":"DE"}},{"type":"Feature","geometry":{"type":"Point","coordinates":[13.31749,48.52163]},"properties":{"id":25335,"name":"Fürstenzell","state_code":"BY","country_code":"DE"}},{"type":"Feature","geometry":{"type":"Point","coordinates":[12.38121,48.40616]},"properties":{"id":25317,"name":"Furth","state_code":"BY","country_code":"DE"}},{"type":"Feature","geometry":{"type":"Point","coordinates":[12.84156,49.30955]},"properties":{"id":25318,"name":"Furth im Wald","state_code":"BY","country_code":"DE"}},{"type":"Feature","geometry":{"type":"Point","coordinates":[10.70171,47.57143]},"properties":{"id":25339,"name":"Füssen","state_code":"BY","country_code":"DE"}},{"type":"Feature","geometry":{"type":"Point","coordinates":[10.81667,48.45]},"properties":{"id":25341,"name":"Gablingen","state_code":"BY","country_code":"DE"}},{"type":"Feature","geometry":{"type":"Point","coordinates":[11.23333,48.5]},"properties":{"id":25342,"name":"Gachenbach","state_code":"BY","country_code":"DE"}},{"type":"Feature","geometry":{"type":"Point","coordinates":[9.90566,49.84584]},"properties":{"id":25344,"name":"Gadheim","state_code":"BY","country_code":"DE"}},{"type":"Feature","geometry":{"type":"Point","coordinates":[11.36801,48.80705]},"properties":{"id":25350,"name":"Gaimersheim","state_code":"BY","country_code":"DE"}},{"type":"Feature","geometry":{"type":"Point","coordinates":[11.58333,47.75]},"properties":{"id":25351,"name":"Gaißach","state_code":"BY","country_code":"DE"}},{"type":"Feature","geometry":{"type":"Point","coordinates":[11.95,48.55]},"properties":{"id":25353,"name":"Gammelsdorf","state_code":"BY","country_code":"DE"}},{"type":"Feature","geometry":{"type":"Point","coordinates":[12.56419,48.43701]},"properties":{"id":25358,"name":"Gangkofen","state_code":"BY","country_code":"DE"}},{"type":"Feature","geometry":{"type":"Point","coordinates":[12.58152,48.13451]},"properties":{"id":25362,"name":"Garching an der Alz","state_code":"BY","country_code":"DE"}},{"type":"Feature","geometry":{"type":"Point","coordinates":[11.65101,48.24896]},"properties":{"id":25363,"name":"Garching bei München","state_code":"BY","country_code":"DE"}},{"type":"Feature","geometry":{"type":"Point","coordinates":[11.09576,47.49209]},"properties":{"id":25367,"name":"Garmisch-Partenkirchen","state_code":"BY","country_code":"DE"}},{"type":"Feature","geometry":{"type":"Point","coordinates":[12.27767,48.15386]},"properties":{"id":25369,"name":"Gars","state_code":"BY","country_code":"DE"}},{"type":"Feature","geometry":{"type":"Point","coordinates":[11.99776,50.32207]},"properties":{"id":25377,"name":"Gattendorf","state_code":"BY","country_code":"DE"}},{"type":"Feature","geometry":{"type":"Point","coordinates":[10,49.63333]},"properties":{"id":25382,"name":"Gaukönigshofen","state_code":"BY","country_code":"DE"}},{"type":"Feature","geometry":{"type":"Point","coordinates":[11.37703,48.06919]},"properties":{"id":25383,"name":"Gauting","state_code":"BY","country_code":"DE"}},{"type":"Feature","geometry":{"type":"Point","coordinates":[10.2,49.35]},"properties":{"id":25386,"name":"Gebsattel","state_code":"BY","country_code":"DE"}},{"type":"Feature","geometry":{"type":"Point","coordinates":[11.73772,50.09538]},"properties":{"id":25391,"name":"Gefrees","state_code":"BY","country_code":"DE"}},{"type":"Feature","geometry":{"type":"Point","coordinates":[12.98171,49.04569]},"properties":{"id":25395,"name":"Geiersthal","state_code":"BY","country_code":"DE"}},{"type":"Feature","geometry":{"type":"Point","coordinates":[9.19664,50.12329]},"properties":{"id":25398,"name":"Geiselbach","state_code":"BY","country_code":"DE"}},{"type":"Feature","geometry":{"type":"Point","coordinates":[12.39649,48.82505]},"properties":{"id":25399,"name":"Geiselhöring","state_code":"BY","country_code":"DE"}},{"type":"Feature","geometry":{"type":"Point","coordinates":[10.47063,49.77356]},"properties":{"id":25400,"name":"Geiselwind","state_code":"BY","country_code":"DE"}},{"type":"Feature","geometry":{"type":"Point","coordinates":[11.61233,48.68426]},"properties":{"id":25401,"name":"Geisenfeld","state_code":"BY","country_code":"DE"}},{"type":"Feature","geometry":{"type":"Point","coordinates":[12.25817,48.47609]},"properties":{"id":25402,"name":"Geisenhausen","state_code":"BY","country_code":"DE"}},{"type":"Feature","geometry":{"type":"Point","coordinates":[10.15609,50.04286]},"properties":{"id":25413,"name":"Geldersheim","state_code":"BY","country_code":"DE"}},{"type":"Feature","geometry":{"type":"Point","coordinates":[11.03216,48.11737]},"properties":{"id":25417,"name":"Geltendorf","state_code":"BY","country_code":"DE"}},{"type":"Feature","geometry":{"type":"Point","coordinates":[9.70593,50.04946]},"properties":{"id":25423,"name":"Gemünden am Main","state_code":"BY","country_code":"DE"}},{"type":"Feature","geometry":{"type":"Point","coordinates":[10.88333,48.7]},"properties":{"id":25425,"name":"Genderkingen","state_code":"BY","country_code":"DE"}},{"type":"Feature","geometry":{"type":"Point","coordinates":[12.42082,49.70297]},"properties":{"id":25429,"name":"Georgenberg","state_code":"BY","country_code":"DE"}},{"type":"Feature","geometry":{"type":"Point","coordinates":[11.01667,49.18972]},"properties":{"id":25430,"name":"Georgensgmünd","state_code":"BY","country_code":"DE"}},{"type":"Feature","geometry":{"type":"Point","coordinates":[10.8,50.03333]},"properties":{"id":25437,"name":"Gerach","state_code":"BY","country_code":"DE"}},{"type":"Feature","geometry":{"type":"Point","coordinates":[9.99361,49.77528]},"properties":{"id":25438,"name":"Gerbrunn","state_code":"BY","country_code":"DE"}},{"type":"Feature","geometry":{"type":"Point","coordinates":[11.48054,47.85775]},"properties":{"id":25441,"name":"Geretsried","state_code":"BY","country_code":"DE"}},{"type":"Feature","geometry":{"type":"Point","coordinates":[10.69133,49.63123]},"properties":{"id":25442,"name":"Gerhardshofen","state_code":"BY","country_code":"DE"}},{"type":"Feature","geometry":{"type":"Point","coordinates":[11.3765,48.13392]},"properties":{"id":25445,"name":"Germering","state_code":"BY","country_code":"DE"}},{"type":"Feature","geometry":{"type":"Point","coordinates":[11.6,50.33333]},"properties":{"id":25451,"name":"Geroldsgrün","state_code":"BY","country_code":"DE"}},{"type":"Feature","geometry":{"type":"Point","coordinates":[9.90222,49.68361]},"properties":{"id":25452,"name":"Geroldshausen","state_code":"BY","country_code":"DE"}},{"type":"Feature","geometry":{"type":"Point","coordinates":[10.51151,49.0534]},"properties":{"id":25453,"name":"Gerolfingen","state_code":"BY","country_code":"DE"}},{"type":"Feature","geometry":{"type":"Point","coordinates":[11.36149,48.49283]},"properties":{"id":25454,"name":"Gerolsbach","state_code":"BY","country_code":"DE"}},{"type":"Feature","geometry":{"type":"Point","coordinates":[10.34832,49.90025]},"properties":{"id":25457,"name":"Gerolzhofen","state_code":"BY","country_code":"DE"}},{"type":"Feature","geometry":{"type":"Point","coordinates":[10.87273,48.42432]},"properties":{"id":25463,"name":"Gersthofen","state_code":"BY","country_code":"DE"}},{"type":"Feature","geometry":{"type":"Point","coordinates":[12.42686,48.50706]},"properties":{"id":25467,"name":"Gerzen","state_code":"BY","country_code":"DE"}},{"type":"Feature","geometry":{"type":"Point","coordinates":[11.66623,50.03207]},"properties":{"id":25470,"name":"Gesees","state_code":"BY","country_code":"DE"}},{"type":"Feature","geometry":{"type":"Point","coordinates":[10.31528,49.36643]},"properties":{"id":25472,"name":"Geslau","state_code":"BY","country_code":"DE"}},{"type":"Feature","geometry":{"type":"Point","coordinates":[10.73278,48.32904]},"properties":{"id":25473,"name":"Gessertshausen","state_code":"BY","country_code":"DE"}},{"type":"Feature","geometry":{"type":"Point","coordinates":[9.98333,47.65]},"properties":{"id":25474,"name":"Gestratz","state_code":"BY","country_code":"DE"}},{"type":"Feature","geometry":{"type":"Point","coordinates":[9.94441,49.65308]},"properties":{"id":25480,"name":"Giebelstadt","state_code":"BY","country_code":"DE"}},{"type":"Feature","geometry":{"type":"Point","coordinates":[11.2936,48.10755]},"properties":{"id":25489,"name":"Gilching","state_code":"BY","country_code":"DE"}},{"type":"Feature","geometry":{"type":"Point","coordinates":[11.4487,49.88739]},"properties":{"id":25504,"name":"Glashütten","state_code":"BY","country_code":"DE"}},{"type":"Feature","geometry":{"type":"Point","coordinates":[9.15,50]},"properties":{"id":25506,"name":"Glattbach","state_code":"BY","country_code":"DE"}},{"type":"Feature","geometry":{"type":"Point","coordinates":[11.86721,47.98751]},"properties":{"id":25515,"name":"Glonn","state_code":"BY","country_code":"DE"}},{"type":"Feature","geometry":{"type":"Point","coordinates":[10.48333,48.5]},"properties":{"id":25518,"name":"Glött","state_code":"BY","country_code":"DE"}},{"type":"Feature","geometry":{"type":"Point","coordinates":[11.7381,47.75119]},"properties":{"id":25521,"name":"Gmund am Tegernsee","state_code":"BY","country_code":"DE"}},{"type":"Feature","geometry":{"type":"Point","coordinates":[10.28333,50.01667]},"properties":{"id":25526,"name":"Gochsheim","state_code":"BY","country_code":"DE"}},{"type":"Feature","geometry":{"type":"Point","coordinates":[9.1844,49.99951]},"properties":{"id":25528,"name":"Goldbach","state_code":"BY","country_code":"DE"}},{"type":"Feature","geometry":{"type":"Point","coordinates":[11.6875,50.01086]},"properties":{"id":25533,"name":"Goldkronach","state_code":"BY","country_code":"DE"}},{"type":"Feature","geometry":{"type":"Point","coordinates":[10.51015,47.70668]},"properties":{"id":25780,"name":"Görisried","state_code":"BY","country_code":"DE"}},{"type":"Feature","geometry":{"type":"Point","coordinates":[9.78333,50.01667]},"properties":{"id":25787,"name":"Gössenheim","state_code":"BY","country_code":"DE"}},{"type":"Feature","geometry":{"type":"Point","coordinates":[11.33841,49.76898]},"properties":{"id":25790,"name":"Gößweinstein","state_code":"BY","country_code":"DE"}},{"type":"Feature","geometry":{"type":"Point","coordinates":[12.96667,48.96667]},"properties":{"id":25551,"name":"Gotteszell","state_code":"BY","country_code":"DE"}},{"type":"Feature","geometry":{"type":"Point","coordinates":[12.53561,48.63737]},"properties":{"id":25552,"name":"Gottfrieding","state_code":"BY","country_code":"DE"}},{"type":"Feature","geometry":{"type":"Point","coordinates":[10.82222,48.18732]},"properties":{"id":25555,"name":"Graben","state_code":"BY","country_code":"DE"}},{"type":"Feature","geometry":{"type":"Point","coordinates":[12.5433,47.84531]},"properties":{"id":25558,"name":"Grabenstätt","state_code":"BY","country_code":"DE"}},{"type":"Feature","geometry":{"type":"Point","coordinates":[11.42939,48.11878]},"properties":{"id":25720,"name":"Gräfelfing","state_code":"BY","country_code":"DE"}},{"type":"Feature","geometry":{"type":"Point","coordinates":[13.3974,48.85768]},"properties":{"id":25562,"name":"Grafenau","state_code":"BY","country_code":"DE"}},{"type":"Feature","geometry":{"type":"Point","coordinates":[11.24971,49.64426]},"properties":{"id":25721,"name":"Gräfenberg","state_code":"BY","country_code":"DE"}},{"type":"Feature","geometry":{"type":"Point","coordinates":[9.7405,50.12267]},"properties":{"id":25722,"name":"Gräfendorf","state_code":"BY","country_code":"DE"}},{"type":"Feature","geometry":{"type":"Point","coordinates":[11.59358,50.2031]},"properties":{"id":25564,"name":"Grafengehaig","state_code":"BY","country_code":"DE"}},{"type":"Feature","geometry":{"type":"Point","coordinates":[10.2,50]},"properties":{"id":25566,"name":"Grafenrheinfeld","state_code":"BY","country_code":"DE"}},{"type":"Feature","geometry":{"type":"Point","coordinates":[12.88333,49.2]},"properties":{"id":25567,"name":"Grafenwiesen","state_code":"BY","country_code":"DE"}},{"type":"Feature","geometry":{"type":"Point","coordinates":[11.90645,49.71728]},"properties":{"id":25568,"name":"Grafenwöhr","state_code":"BY","country_code":"DE"}},{"type":"Feature","geometry":{"type":"Point","coordinates":[11.96797,48.04596]},"properties":{"id":25570,"name":"Grafing bei München","state_code":"BY","country_code":"DE"}},{"type":"Feature","geometry":{"type":"Point","coordinates":[11.16667,48.11667]},"properties":{"id":25571,"name":"Grafrath","state_code":"BY","country_code":"DE"}},{"type":"Feature","geometry":{"type":"Point","coordinates":[11.02405,47.47614]},"properties":{"id":25572,"name":"Grainau","state_code":"BY","country_code":"DE"}},{"type":"Feature","geometry":{"type":"Point","coordinates":[13.65,48.8]},"properties":{"id":25573,"name":"Grainet","state_code":"BY","country_code":"DE"}},{"type":"Feature","geometry":{"type":"Point","coordinates":[11.74361,48.07905]},"properties":{"id":25579,"name":"Grasbrunn","state_code":"BY","country_code":"DE"}},{"type":"Feature","geometry":{"type":"Point","coordinates":[12.45359,47.78099]},"properties":{"id":25581,"name":"Grassau","state_code":"BY","country_code":"DE"}},{"type":"Feature","geometry":{"type":"Point","coordinates":[13.15372,48.80364]},"properties":{"id":25582,"name":"Grattersdorf","state_code":"BY","country_code":"DE"}},{"type":"Feature","geometry":{"type":"Point","coordinates":[11.35703,49.04699]},"properties":{"id":25587,"name":"Greding","state_code":"BY","country_code":"DE"}},{"type":"Feature","geometry":{"type":"Point","coordinates":[11.08349,48.07062]},"properties":{"id":25590,"name":"Greifenberg","state_code":"BY","country_code":"DE"}},{"type":"Feature","geometry":{"type":"Point","coordinates":[11.61667,47.76667]},"properties":{"id":25593,"name":"Greiling","state_code":"BY","country_code":"DE"}},{"type":"Feature","geometry":{"type":"Point","coordinates":[10.83218,49.69506]},"properties":{"id":25598,"name":"Gremsdorf","state_code":"BY","country_code":"DE"}},{"type":"Feature","geometry":{"type":"Point","coordinates":[10.31667,49.98333]},"properties":{"id":25601,"name":"Grettstadt","state_code":"BY","country_code":"DE"}},{"type":"Feature","geometry":{"type":"Point","coordinates":[9.76667,49.81667]},"properties":{"id":25603,"name":"Greußenheim","state_code":"BY","country_code":"DE"}},{"type":"Feature","geometry":{"type":"Point","coordinates":[12.17727,47.99403]},"properties":{"id":25609,"name":"Griesstätt","state_code":"BY","country_code":"DE"}},{"type":"Feature","geometry":{"type":"Point","coordinates":[11.36667,48.2]},"properties":{"id":25727,"name":"Gröbenzell","state_code":"BY","country_code":"DE"}},{"type":"Feature","geometry":{"type":"Point","coordinates":[10.77948,48.22753]},"properties":{"id":25648,"name":"Großaitingen","state_code":"BY","country_code":"DE"}},{"type":"Feature","geometry":{"type":"Point","coordinates":[10.36667,50.26667]},"properties":{"id":25651,"name":"Großbardorf","state_code":"BY","country_code":"DE"}},{"type":"Feature","geometry":{"type":"Point","coordinates":[10.4098,50.30102]},"properties":{"id":25660,"name":"Großeibstadt","state_code":"BY","country_code":"DE"}},{"type":"Feature","geometry":{"type":"Point","coordinates":[10.87483,49.63251]},"properties":{"id":25668,"name":"Großenseebach","state_code":"BY","country_code":"DE"}},{"type":"Feature","geometry":{"type":"Point","coordinates":[10.78333,49.4]},"properties":{"id":25673,"name":"Großhabersdorf","state_code":"BY","country_code":"DE"}},{"type":"Feature","geometry":{"type":"Point","coordinates":[10.9505,50.17603]},"properties":{"id":25677,"name":"Großheirath","state_code":"BY","country_code":"DE"}},{"type":"Feature","geometry":{"type":"Point","coordinates":[9.2228,49.72834]},"properties":{"id":25679,"name":"Großheubach","state_code":"BY","country_code":"DE"}},{"type":"Feature","geometry":{"type":"Point","coordinates":[12.08101,47.89102]},"properties":{"id":25682,"name":"Großkarolinenfeld","state_code":"BY","country_code":"DE"}},{"type":"Feature","geometry":{"type":"Point","coordinates":[10.24065,49.7562]},"properties":{"id":25688,"name":"Großlangheim","state_code":"BY","country_code":"DE"}},{"type":"Feature","geometry":{"type":"Point","coordinates":[9.07596,49.91985]},"properties":{"id":25696,"name":"Großostheim","state_code":"BY","country_code":"DE"}},{"type":"Feature","geometry":{"type":"Point","coordinates":[11.02273,49.43449]},"properties":{"id":25699,"name":"Großreuth bei Schweinau","state_code":"BY","country_code":"DE"}},{"type":"Feature","geometry":{"type":"Point","coordinates":[9.15338,49.87936]},"properties":{"id":25711,"name":"Großwallstadt","state_code":"BY","country_code":"DE"}},{"type":"Feature","geometry":{"type":"Point","coordinates":[11.30108,47.67598]},"properties":{"id":25712,"name":"Großweil","state_code":"BY","country_code":"DE"}},{"type":"Feature","geometry":{"type":"Point","coordinates":[11.92904,50.10285]},"properties":{"id":25716,"name":"Grub","state_code":"BY","country_code":"DE"}},{"type":"Feature","geometry":{"type":"Point","coordinates":[10.00843,47.62864]},"properties":{"id":25737,"name":"Grünenbach","state_code":"BY","country_code":"DE"}},{"type":"Feature","geometry":{"type":"Point","coordinates":[11.5232,48.03947]},"properties":{"id":25745,"name":"Grünwald","state_code":"BY","country_code":"DE"}},{"type":"Feature","geometry":{"type":"Point","coordinates":[12.41813,47.88453]},"properties":{"id":25747,"name":"Gstadt am Chiemsee","state_code":"BY","country_code":"DE"}},{"type":"Feature","geometry":{"type":"Point","coordinates":[10.37223,48.55347]},"properties":{"id":25755,"name":"Gundelfingen","state_code":"BY","country_code":"DE"}},{"type":"Feature","geometry":{"type":"Point","coordinates":[10.9199,49.93708]},"properties":{"id":25757,"name":"Gundelsheim","state_code":"BY","country_code":"DE"}},{"type":"Feature","geometry":{"type":"Point","coordinates":[10.4,48.5]},"properties":{"id":25759,"name":"Gundremmingen","state_code":"BY","country_code":"DE"}},{"type":"Feature","geometry":{"type":"Point","coordinates":[9.905,49.86972]},"properties":{"id":25794,"name":"Güntersleben","state_code":"BY","country_code":"DE"}},{"type":"Feature","geometry":{"type":"Point","coordinates":[10.43547,47.82491]},"properties":{"id":25796,"name":"Günzach","state_code":"BY","country_code":"DE"}},{"type":"Feature","geometry":{"type":"Point","coordinates":[10.27695,48.45599]},"properties":{"id":25797,"name":"Günzburg","state_code":"BY","country_code":"DE"}},{"type":"Feature","geometry":{"type":"Point","coordinates":[10.75971,49.11663]},"properties":{"id":25761,"name":"Gunzenhausen","state_code":"BY","country_code":"DE"}},{"type":"Feature","geometry":{"type":"Point","coordinates":[10.63333,49.61667]},"properties":{"id":25768,"name":"Gutenstetten","state_code":"BY","country_code":"DE"}},{"type":"Feature","geometry":{"type":"Point","coordinates":[11.82796,48.4584]},"properties":{"id":25804,"name":"Haag an der Amper","state_code":"BY","country_code":"DE"}},{"type":"Feature","geometry":{"type":"Point","coordinates":[12.17942,48.16196]},"properties":{"id":25805,"name":"Haag in Oberbayern","state_code":"BY","country_code":"DE"}},{"type":"Feature","geometry":{"type":"Point","coordinates":[11.72653,48.10881]},"properties":{"id":25807,"name":"Haar","state_code":"BY","country_code":"DE"}},{"type":"Feature","geometry":{"type":"Point","coordinates":[13.15,48.5]},"properties":{"id":25808,"name":"Haarbach","state_code":"BY","country_code":"DE"}},{"type":"Feature","geometry":{"type":"Point","coordinates":[11.28333,47.73333]},"properties":{"id":25809,"name":"Habach","state_code":"BY","country_code":"DE"}},{"type":"Feature","geometry":{"type":"Point","coordinates":[9.60222,49.86944]},"properties":{"id":25814,"name":"Hafenlohr","state_code":"BY","country_code":"DE"}},{"type":"Feature","geometry":{"type":"Point","coordinates":[12.21667,48.9]},"properties":{"id":25816,"name":"Hagelstadt","state_code":"BY","country_code":"DE"}},{"type":"Feature","geometry":{"type":"Point","coordinates":[10.76667,49.53333]},"properties":{"id":25822,"name":"Hagenbüchach","state_code":"BY","country_code":"DE"}},{"type":"Feature","geometry":{"type":"Point","coordinates":[11.80302,49.53389]},"properties":{"id":25825,"name":"Hahnbach","state_code":"BY","country_code":"DE"}},{"type":"Feature","geometry":{"type":"Point","coordinates":[9.20722,49.96444]},"properties":{"id":25828,"name":"Haibach","state_code":"BY","country_code":"DE"}},{"type":"Feature","geometry":{"type":"Point","coordinates":[13.77649,48.82565]},"properties":{"id":25829,"name":"Haidmühle","state_code":"BY","country_code":"DE"}},{"type":"Feature","geometry":{"type":"Point","coordinates":[11.55453,48.31545]},"properties":{"id":25832,"name":"Haimhausen","state_code":"BY","country_code":"DE"}},{"type":"Feature","geometry":{"type":"Point","coordinates":[12.9,48.21667]},"properties":{"id":25833,"name":"Haiming","state_code":"BY","country_code":"DE"}},{"type":"Feature","geometry":{"type":"Point","coordinates":[10.62491,48.95839]},"properties":{"id":25839,"name":"Hainsfarth","state_code":"BY","country_code":"DE"}},{"type":"Feature","geometry":{"type":"Point","coordinates":[10.82024,47.63155]},"properties":{"id":25845,"name":"Halblech","state_code":"BY","country_code":"DE"}},{"type":"Feature","geometry":{"type":"Point","coordinates":[10.35,47.8]},"properties":{"id":25847,"name":"Haldenwang","state_code":"BY","country_code":"DE"}},{"type":"Feature","geometry":{"type":"Point","coordinates":[12.27525,47.95197]},"properties":{"id":25849,"name":"Halfing","state_code":"BY","country_code":"DE"}},{"type":"Feature","geometry":{"type":"Point","coordinates":[11.75142,48.32747]},"properties":{"id":25850,"name":"Hallbergmoos","state_code":"BY","country_code":"DE"}},{"type":"Feature","geometry":{"type":"Point","coordinates":[10.97946,49.75909]},"properties":{"id":25856,"name":"Hallerndorf","state_code":"BY","country_code":"DE"}},{"type":"Feature","geometry":{"type":"Point","coordinates":[10.87539,49.92901]},"properties":{"id":25857,"name":"Hallstadt","state_code":"BY","country_code":"DE"}},{"type":"Feature","geometry":{"type":"Point","coordinates":[9.89143,50.11633]},"properties":{"id":25876,"name":"Hammelburg","state_code":"BY","country_code":"DE"}},{"type":"Feature","geometry":{"type":"Point","coordinates":[11.47119,49.49372]},"properties":{"id":25895,"name":"Happurg","state_code":"BY","country_code":"DE"}},{"type":"Feature","geometry":{"type":"Point","coordinates":[10.68927,48.78674]},"properties":{"id":25898,"name":"Harburg","state_code":"BY","country_code":"DE"}},{"type":"Feature","geometry":{"type":"Point","coordinates":[11.56667,50.03333]},"properties":{"id":25906,"name":"Harsdorf","state_code":"BY","country_code":"DE"}},{"type":"Feature","geometry":{"type":"Point","coordinates":[11.51667,49.6]},"properties":{"id":25912,"name":"Hartenstein","state_code":"BY","country_code":"DE"}},{"type":"Feature","geometry":{"type":"Point","coordinates":[13.38956,48.64564]},"properties":{"id":25923,"name":"Haselbach","state_code":"BY","country_code":"DE"}},{"type":"Feature","geometry":{"type":"Point","coordinates":[9.49361,49.79194]},"properties":{"id":25929,"name":"Hasloch","state_code":"BY","country_code":"DE"}},{"type":"Feature","geometry":{"type":"Point","coordinates":[10.5156,50.03521]},"properties":{"id":25962,"name":"Haßfurt","state_code":"BY","country_code":"DE"}},{"type":"Feature","geometry":{"type":"Point","coordinates":[11.11551,48.22231]},"properties":{"id":25936,"name":"Hattenhofen","state_code":"BY","country_code":"DE"}},{"type":"Feature","geometry":{"type":"Point","coordinates":[10.77124,49.17598]},"properties":{"id":25946,"name":"Haundorf","state_code":"BY","country_code":"DE"}},{"type":"Feature","geometry":{"type":"Point","coordinates":[10.37401,48.59977]},"properties":{"id":25947,"name":"Haunsheim","state_code":"BY","country_code":"DE"}},{"type":"Feature","geometry":{"type":"Point","coordinates":[12.0063,48.85953]},"properties":{"id":25950,"name":"Hausen","state_code":"BY","country_code":"DE"}},{"type":"Feature","geometry":{"type":"Point","coordinates":[11.84069,47.7466]},"properties":{"id":25953,"name":"Hausham","state_code":"BY","country_code":"DE"}},{"type":"Feature","geometry":{"type":"Point","coordinates":[13.62645,48.64957]},"properties":{"id":25955,"name":"Hauzenberg","state_code":"BY","country_code":"DE"}},{"type":"Feature","geometry":{"type":"Point","coordinates":[10.26667,47.96667]},"properties":{"id":25959,"name":"Hawangen","state_code":"BY","country_code":"DE"}},{"type":"Feature","geometry":{"type":"Point","coordinates":[12.82259,48.40596]},"properties":{"id":25966,"name":"Hebertsfelden","state_code":"BY","country_code":"DE"}},{"type":"Feature","geometry":{"type":"Point","coordinates":[11.46526,48.28959]},"properties":{"id":25967,"name":"Hebertshausen","state_code":"BY","country_code":"DE"}},{"type":"Feature","geometry":{"type":"Point","coordinates":[11.12726,49.13365]},"properties":{"id":25981,"name":"Heideck","state_code":"BY","country_code":"DE"}},{"type":"Feature","geometry":{"type":"Point","coordinates":[10.74347,49.01719]},"properties":{"id":25986,"name":"Heidenheim","state_code":"BY","country_code":"DE"}},{"type":"Feature","geometry":{"type":"Point","coordinates":[9.37116,50.0282]},"properties":{"id":25991,"name":"Heigenbrücken","state_code":"BY","country_code":"DE"}},{"type":"Feature","geometry":{"type":"Point","coordinates":[11.17185,49.86303]},"properties":{"id":26001,"name":"Heiligenstadt","state_code":"BY","country_code":"DE"}},{"type":"Feature","geometry":{"type":"Point","coordinates":[10.78741,49.33572]},"properties":{"id":26004,"name":"Heilsbronn","state_code":"BY","country_code":"DE"}},{"type":"Feature","geometry":{"type":"Point","coordinates":[9.29556,49.88917]},"properties":{"id":26007,"name":"Heimbuchenthal","state_code":"BY","country_code":"DE"}},{"type":"Feature","geometry":{"type":"Point","coordinates":[9.90304,47.62959]},"properties":{"id":26008,"name":"Heimenkirch","state_code":"BY","country_code":"DE"}},{"type":"Feature","geometry":{"type":"Point","coordinates":[10.15,48.03333]},"properties":{"id":26009,"name":"Heimertingen","state_code":"BY","country_code":"DE"}},{"type":"Feature","geometry":{"type":"Point","coordinates":[11.71589,50.23557]},"properties":{"id":26029,"name":"Helmbrechts","state_code":"BY","country_code":"DE"}},{"type":"Feature","geometry":{"type":"Point","coordinates":[9.70803,49.7618]},"properties":{"id":26030,"name":"Helmstadt","state_code":"BY","country_code":"DE"}},{"type":"Feature","geometry":{"type":"Point","coordinates":[11.78195,49.05399]},"properties":{"id":26036,"name":"Hemau","state_code":"BY","country_code":"DE"}},{"type":"Feature","geometry":{"type":"Point","coordinates":[10.93333,49.68333]},"properties":{"id":26039,"name":"Hemhofen","state_code":"BY","country_code":"DE"}},{"type":"Feature","geometry":{"type":"Point","coordinates":[10.35204,50.39462]},"properties":{"id":26047,"name":"Hendungen","state_code":"BY","country_code":"DE"}},{"type":"Feature","geometry":{"type":"Point","coordinates":[11.39059,49.49846]},"properties":{"id":26048,"name":"Henfenfeld","state_code":"BY","country_code":"DE"}},{"type":"Feature","geometry":{"type":"Point","coordinates":[13.05485,48.77255]},"properties":{"id":26049,"name":"Hengersberg","state_code":"BY","country_code":"DE"}},{"type":"Feature","geometry":{"type":"Point","coordinates":[10.73601,48.45972]},"properties":{"id":26066,"name":"Heretsried","state_code":"BY","country_code":"DE"}},{"type":"Feature","geometry":{"type":"Point","coordinates":[9.78333,47.61667]},"properties":{"id":26069,"name":"Hergensweiler","state_code":"BY","country_code":"DE"}},{"type":"Feature","geometry":{"type":"Point","coordinates":[10.99882,49.69342]},"properties":{"id":26084,"name":"Heroldsbach","state_code":"BY","country_code":"DE"}},{"type":"Feature","geometry":{"type":"Point","coordinates":[11.15551,49.53247]},"properties":{"id":26085,"name":"Heroldsberg","state_code":"BY","country_code":"DE"}},{"type":"Feature","geometry":{"type":"Point","coordinates":[10.5035,49.23779]},"properties":{"id":26087,"name":"Herrieden","state_code":"BY","country_code":"DE"}},{"type":"Feature","geometry":{"type":"Point","coordinates":[12.072,48.78863]},"properties":{"id":26089,"name":"Herrngiersdorf","state_code":"BY","country_code":"DE"}},{"type":"Feature","geometry":{"type":"Point","coordinates":[11.17679,47.99888]},"properties":{"id":26091,"name":"Herrsching am Ammersee","state_code":"BY","country_code":"DE"}},{"type":"Feature","geometry":{"type":"Point","coordinates":[11.43151,49.51083]},"properties":{"id":26092,"name":"Hersbruck","state_code":"BY","country_code":"DE"}},{"type":"Feature","geometry":{"type":"Point","coordinates":[10.88565,49.56798]},"properties":{"id":26102,"name":"Herzogenaurach","state_code":"BY","country_code":"DE"}},{"type":"Feature","geometry":{"type":"Point","coordinates":[10.91002,49.62728]},"properties":{"id":26128,"name":"Heßdorf","state_code":"BY","country_code":"DE"}},{"type":"Feature","geometry":{"type":"Point","coordinates":[11.5,48.5]},"properties":{"id":26111,"name":"Hettenshausen","state_code":"BY","country_code":"DE"}},{"type":"Feature","geometry":{"type":"Point","coordinates":[9.815,49.79944]},"properties":{"id":26113,"name":"Hettstadt","state_code":"BY","country_code":"DE"}},{"type":"Feature","geometry":{"type":"Point","coordinates":[11.13333,49.63333]},"properties":{"id":26116,"name":"Hetzles","state_code":"BY","country_code":"DE"}},{"type":"Feature","geometry":{"type":"Point","coordinates":[10.26069,50.35485]},"properties":{"id":26124,"name":"Heustreu","state_code":"BY","country_code":"DE"}},{"type":"Feature","geometry":{"type":"Point","coordinates":[11.35428,48.4296]},"properties":{"id":26141,"name":"Hilgertshausen-Tandern","state_code":"BY","country_code":"DE"}},{"type":"Feature","geometry":{"type":"Point","coordinates":[11.1906,49.19047]},"properties":{"id":26146,"name":"Hilpoltstein","state_code":"BY","country_code":"DE"}},{"type":"Feature","geometry":{"type":"Point","coordinates":[10.7175,48.16085]},"properties":{"id":26147,"name":"Hiltenfingen","state_code":"BY","country_code":"DE"}},{"type":"Feature","geometry":{"type":"Point","coordinates":[11.32272,49.66075]},"properties":{"id":26149,"name":"Hiltpoltstein","state_code":"BY","country_code":"DE"}},{"type":"Feature","geometry":{"type":"Point","coordinates":[11.6,50.06667]},"properties":{"id":26152,"name":"Himmelkron","state_code":"BY","country_code":"DE"}},{"type":"Feature","geometry":{"type":"Point","coordinates":[9.80167,49.92389]},"properties":{"id":26154,"name":"Himmelstadt","state_code":"BY","country_code":"DE"}},{"type":"Feature","geometry":{"type":"Point","coordinates":[13.60369,48.82337]},"properties":{"id":26156,"name":"Hinterschmiding","state_code":"BY","country_code":"DE"}},{"type":"Feature","geometry":{"type":"Point","coordinates":[10.98918,49.81789]},"properties":{"id":26161,"name":"Hirschaid","state_code":"BY","country_code":"DE"}},{"type":"Feature","geometry":{"type":"Point","coordinates":[11.94617,49.54396]},"properties":{"id":26162,"name":"Hirschau","state_code":"BY","country_code":"DE"}},{"type":"Feature","geometry":{"type":"Point","coordinates":[11.53333,49.55]},"properties":{"id":26163,"name":"Hirschbach","state_code":"BY","country_code":"DE"}},{"type":"Feature","geometry":{"type":"Point","coordinates":[9.88223,49.78446]},"properties":{"id":26298,"name":"Höchberg","state_code":"BY","country_code":"DE"}},{"type":"Feature","geometry":{"type":"Point","coordinates":[10.45,50.36667]},"properties":{"id":26300,"name":"Höchheim","state_code":"BY","country_code":"DE"}},{"type":"Feature","geometry":{"type":"Point","coordinates":[11.17116,50.15009]},"properties":{"id":26180,"name":"Hochstadt am Main","state_code":"BY","country_code":"DE"}},{"type":"Feature","geometry":{"type":"Point","coordinates":[10.81329,49.70617]},"properties":{"id":26302,"name":"Höchstadt an der Aisch","state_code":"BY","country_code":"DE"}},{"type":"Feature","geometry":{"type":"Point","coordinates":[10.56816,48.61124]},"properties":{"id":26303,"name":"Höchstädt an der Donau","state_code":"BY","country_code":"DE"}},{"type":"Feature","geometry":{"type":"Point","coordinates":[12.08711,50.10157]},"properties":{"id":26304,"name":"Höchstädt bei Thiersheim","state_code":"BY","country_code":"DE"}},{"type":"Feature","geometry":{"type":"Point","coordinates":[11.91261,50.31297]},"properties":{"id":26185,"name":"Hof","state_code":"BY","country_code":"DE"}},{"type":"Feature","geometry":{"type":"Point","coordinates":[10.52321,50.13675]},"properties":{"id":26189,"name":"Hofheim in Unterfranken","state_code":"BY","country_code":"DE"}},{"type":"Feature","geometry":{"type":"Point","coordinates":[13.11917,48.67805]},"properties":{"id":26190,"name":"Hofkirchen","state_code":"BY","country_code":"DE"}},{"type":"Feature","geometry":{"type":"Point","coordinates":[10.97114,48.00847]},"properties":{"id":26192,"name":"Hofstetten","state_code":"BY","country_code":"DE"}},{"type":"Feature","geometry":{"type":"Point","coordinates":[13.48825,48.84983]},"properties":{"id":26197,"name":"Hohenau","state_code":"BY","country_code":"DE"}},{"type":"Feature","geometry":{"type":"Point","coordinates":[12.22008,50.09501]},"properties":{"id":26198,"name":"Hohenberg an der Eger","state_code":"BY","country_code":"DE"}},{"type":"Feature","geometry":{"type":"Point","coordinates":[11.70224,48.04785]},"properties":{"id":26200,"name":"Hohenbrunn","state_code":"BY","country_code":"DE"}},{"type":"Feature","geometry":{"type":"Point","coordinates":[11.79906,49.29507]},"properties":{"id":26201,"name":"Hohenburg","state_code":"BY","country_code":"DE"}},{"type":"Feature","geometry":{"type":"Point","coordinates":[11.84841,49.20397]},"properties":{"id":26204,"name":"Hohenfels","state_code":"BY","country_code":"DE"}},{"type":"Feature","geometry":{"type":"Point","coordinates":[10.9,47.85]},"properties":{"id":26205,"name":"Hohenfurch","state_code":"BY","country_code":"DE"}},{"type":"Feature","geometry":{"type":"Point","coordinates":[11.52522,48.42406]},"properties":{"id":26207,"name":"Hohenkammer","state_code":"BY","country_code":"DE"}},{"type":"Feature","geometry":{"type":"Point","coordinates":[11.71906,48.01932]},"properties":{"id":26310,"name":"Höhenkirchen-Siegertsbrunn","state_code":"BY","country_code":"DE"}},{"type":"Feature","geometry":{"type":"Point","coordinates":[11.99458,48.15612]},"properties":{"id":26210,"name":"Hohenlinden","state_code":"BY","country_code":"DE"}},{"type":"Feature","geometry":{"type":"Point","coordinates":[11,47.8]},"properties":{"id":26213,"name":"Hohenpeißenberg","state_code":"BY","country_code":"DE"}},{"type":"Feature","geometry":{"type":"Point","coordinates":[12.13333,48.38333]},"properties":{"id":26214,"name":"Hohenpolding","state_code":"BY","country_code":"DE"}},{"type":"Feature","geometry":{"type":"Point","coordinates":[12.09251,48.66115]},"properties":{"id":26217,"name":"Hohenthann","state_code":"BY","country_code":"DE"}},{"type":"Feature","geometry":{"type":"Point","coordinates":[12.93333,49.2]},"properties":{"id":26220,"name":"Hohenwarth","state_code":"BY","country_code":"DE"}},{"type":"Feature","geometry":{"type":"Point","coordinates":[11.06667,48.48333]},"properties":{"id":26231,"name":"Hollenbach","state_code":"BY","country_code":"DE"}},{"type":"Feature","geometry":{"type":"Point","coordinates":[11.29153,49.93793]},"properties":{"id":26234,"name":"Hollfeld","state_code":"BY","country_code":"DE"}},{"type":"Feature","geometry":{"type":"Point","coordinates":[10.3,50.35]},"properties":{"id":26236,"name":"Hollstadt","state_code":"BY","country_code":"DE"}},{"type":"Feature","geometry":{"type":"Point","coordinates":[10.25901,48.02503]},"properties":{"id":26243,"name":"Holzgünz","state_code":"BY","country_code":"DE"}},{"type":"Feature","geometry":{"type":"Point","coordinates":[10.53057,48.51422]},"properties":{"id":26245,"name":"Holzheim","state_code":"BY","country_code":"DE"}},{"type":"Feature","geometry":{"type":"Point","coordinates":[11.70181,47.87663]},"properties":{"id":26246,"name":"Holzkirchen","state_code":"BY","country_code":"DE"}},{"type":"Feature","geometry":{"type":"Point","coordinates":[10.63333,47.61667]},"properties":{"id":26254,"name":"Hopferau","state_code":"BY","country_code":"DE"}},{"type":"Feature","geometry":{"type":"Point","coordinates":[10.68283,48.39507]},"properties":{"id":26259,"name":"Horgau","state_code":"BY","country_code":"DE"}},{"type":"Feature","geometry":{"type":"Point","coordinates":[11.86667,48.55]},"properties":{"id":26318,"name":"Hörgertshausen","state_code":"BY","country_code":"DE"}},{"type":"Feature","geometry":{"type":"Point","coordinates":[9.20765,50.00646]},"properties":{"id":26322,"name":"Hösbach","state_code":"BY","country_code":"DE"}},{"type":"Feature","geometry":{"type":"Point","coordinates":[12.32915,47.95378]},"properties":{"id":26323,"name":"Höslwang","state_code":"BY","country_code":"DE"}},{"type":"Feature","geometry":{"type":"Point","coordinates":[11.0053,49.06262]},"properties":{"id":26325,"name":"Höttingen","state_code":"BY","country_code":"DE"}},{"type":"Feature","geometry":{"type":"Point","coordinates":[11.16667,47.76667]},"properties":{"id":26281,"name":"Huglfing","state_code":"BY","country_code":"DE"}},{"type":"Feature","geometry":{"type":"Point","coordinates":[10.70331,48.8251]},"properties":{"id":26282,"name":"Huisheim","state_code":"BY","country_code":"DE"}},{"type":"Feature","geometry":{"type":"Point","coordinates":[12.67382,48.89162]},"properties":{"id":26285,"name":"Hunderdorf","state_code":"BY","country_code":"DE"}},{"type":"Feature","geometry":{"type":"Point","coordinates":[13.17681,48.84227]},"properties":{"id":26287,"name":"Hunding","state_code":"BY","country_code":"DE"}},{"type":"Feature","geometry":{"type":"Point","coordinates":[10.81115,48.11838]},"properties":{"id":26290,"name":"Hurlach","state_code":"BY","country_code":"DE"}},{"type":"Feature","geometry":{"type":"Point","coordinates":[13.47146,48.67276]},"properties":{"id":26293,"name":"Hutthurm","state_code":"BY","country_code":"DE"}},{"type":"Feature","geometry":{"type":"Point","coordinates":[10.30706,48.37119]},"properties":{"id":26347,"name":"Ichenhausen","state_code":"BY","country_code":"DE"}},{"type":"Feature","geometry":{"type":"Point","coordinates":[11.43333,47.95]},"properties":{"id":26349,"name":"Icking","state_code":"BY","country_code":"DE"}},{"type":"Feature","geometry":{"type":"Point","coordinates":[11.31667,47.76667]},"properties":{"id":26352,"name":"Iffeldorf","state_code":"BY","country_code":"DE"}},{"type":"Feature","geometry":{"type":"Point","coordinates":[11.23137,49.62322]},"properties":{"id":26356,"name":"Igensdorf","state_code":"BY","country_code":"DE"}},{"type":"Feature","geometry":{"type":"Point","coordinates":[13.14229,48.73014]},"properties":{"id":26358,"name":"Iggensbach","state_code":"BY","country_code":"DE"}},{"type":"Feature","geometry":{"type":"Point","coordinates":[11.86667,48.93333]},"properties":{"id":26362,"name":"Ihrlerstein","state_code":"BY","country_code":"DE"}},{"type":"Feature","geometry":{"type":"Point","coordinates":[10.10347,48.22336]},"properties":{"id":26367,"name":"Illertissen","state_code":"BY","country_code":"DE"}},{"type":"Feature","geometry":{"type":"Point","coordinates":[11.68333,49.45]},"properties":{"id":26371,"name":"Illschwang","state_code":"BY","country_code":"DE"}},{"type":"Feature","geometry":{"type":"Point","coordinates":[11.5,48.48333]},"properties":{"id":26373,"name":"Ilmmünster","state_code":"BY","country_code":"DE"}},{"type":"Feature","geometry":{"type":"Point","coordinates":[11.86667,49.9]},"properties":{"id":26382,"name":"Immenreuth","state_code":"BY","country_code":"DE"}},{"type":"Feature","geometry":{"type":"Point","coordinates":[10.21394,47.55996]},"properties":{"id":26384,"name":"Immenstadt im Allgäu","state_code":"BY","country_code":"DE"}},{"type":"Feature","geometry":{"type":"Point","coordinates":[11.11458,48.51288]},"properties":{"id":26386,"name":"Inchenhofen","state_code":"BY","country_code":"DE"}},{"type":"Feature","geometry":{"type":"Point","coordinates":[11.42372,48.76508]},"properties":{"id":26392,"name":"Ingolstadt","state_code":"BY","country_code":"DE"}},{"type":"Feature","geometry":{"type":"Point","coordinates":[13.27539,48.8515]},"properties":{"id":26393,"name":"Innernzell","state_code":"BY","country_code":"DE"}},{"type":"Feature","geometry":{"type":"Point","coordinates":[11.15232,48.07636]},"properties":{"id":26394,"name":"Inning am Ammersee","state_code":"BY","country_code":"DE"}},{"type":"Feature","geometry":{"type":"Point","coordinates":[12.07506,48.34687]},"properties":{"id":26395,"name":"Inning am Holz","state_code":"BY","country_code":"DE"}},{"type":"Feature","geometry":{"type":"Point","coordinates":[10.16667,49.3]},"properties":{"id":26397,"name":"Insingen","state_code":"BY","country_code":"DE"}},{"type":"Feature","geometry":{"type":"Point","coordinates":[12.75146,47.76302]},"properties":{"id":26398,"name":"Inzell","state_code":"BY","country_code":"DE"}},{"type":"Feature","geometry":{"type":"Point","coordinates":[10.26037,49.70239]},"properties":{"id":26401,"name":"Iphofen","state_code":"BY","country_code":"DE"}},{"type":"Feature","geometry":{"type":"Point","coordinates":[10.22552,49.60214]},"properties":{"id":26402,"name":"Ippesheim","state_code":"BY","country_code":"DE"}},{"type":"Feature","geometry":{"type":"Point","coordinates":[10.48176,49.5275]},"properties":{"id":26403,"name":"Ipsheim","state_code":"BY","country_code":"DE"}},{"type":"Feature","geometry":{"type":"Point","coordinates":[12.22495,49.62286]},"properties":{"id":26404,"name":"Irchenrieth","state_code":"BY","country_code":"DE"}},{"type":"Feature","geometry":{"type":"Point","coordinates":[12.75135,48.84128]},"properties":{"id":26405,"name":"Irlbach","state_code":"BY","country_code":"DE"}},{"type":"Feature","geometry":{"type":"Point","coordinates":[11.91667,47.83333]},"properties":{"id":26408,"name":"Irschenberg","state_code":"BY","country_code":"DE"}},{"type":"Feature","geometry":{"type":"Point","coordinates":[10.57177,47.90815]},"properties":{"id":26409,"name":"Irsee","state_code":"BY","country_code":"DE"}},{"type":"Feature","geometry":{"type":"Point","coordinates":[12.05672,48.21203]},"properties":{"id":26411,"name":"Isen","state_code":"BY","country_code":"DE"}},{"type":"Feature","geometry":{"type":"Point","coordinates":[11.68333,48.23333]},"properties":{"id":26415,"name":"Ismaning","state_code":"BY","country_code":"DE"}},{"type":"Feature","geometry":{"type":"Point","coordinates":[11.6794981,50.3804528]},"properties":{"id":154477,"name":"Issigau","state_code":"BY","country_code":"DE"}},{"type":"Feature","geometry":{"type":"Point","coordinates":[13.7,48.73333]},"properties":{"id":26429,"name":"Jandelsbrunn","state_code":"BY","country_code":"DE"}},{"type":"Feature","geometry":{"type":"Point","coordinates":[10.72575,47.99934]},"properties":{"id":26436,"name":"Jengen","state_code":"BY","country_code":"DE"}},{"type":"Feature","geometry":{"type":"Point","coordinates":[11.13333,48.16667]},"properties":{"id":26442,"name":"Jesenwang","state_code":"BY","country_code":"DE"}},{"type":"Feature","geometry":{"type":"Point","coordinates":[10.4381,48.3896]},"properties":{"id":26447,"name":"Jettingen-Scheppach","state_code":"BY","country_code":"DE"}},{"type":"Feature","geometry":{"type":"Point","coordinates":[11.41667,48.43333]},"properties":{"id":26448,"name":"Jetzendorf","state_code":"BY","country_code":"DE"}},{"type":"Feature","geometry":{"type":"Point","coordinates":[9.14252,50.03159]},"properties":{"id":26454,"name":"Johannesberg","state_code":"BY","country_code":"DE"}},{"type":"Feature","geometry":{"type":"Point","coordinates":[12.95,48.53333]},"properties":{"id":26456,"name":"Johanniskirchen","state_code":"BY","country_code":"DE"}},{"type":"Feature","geometry":{"type":"Point","coordinates":[12.95793,48.2543]},"properties":{"id":26462,"name":"Julbach","state_code":"BY","country_code":"DE"}},{"type":"Feature","geometry":{"type":"Point","coordinates":[9.00553,50.06981]},"properties":{"id":26479,"name":"Kahl am Main","state_code":"BY","country_code":"DE"}},{"type":"Feature","geometry":{"type":"Point","coordinates":[10.79639,48.76751]},"properties":{"id":26484,"name":"Kaisheim","state_code":"BY","country_code":"DE"}},{"type":"Feature","geometry":{"type":"Point","coordinates":[11.1335,49.55785]},"properties":{"id":26487,"name":"Kalchreuth","state_code":"BY","country_code":"DE"}},{"type":"Feature","geometry":{"type":"Point","coordinates":[11.96051,49.16094]},"properties":{"id":26493,"name":"Kallmünz","state_code":"BY","country_code":"DE"}},{"type":"Feature","geometry":{"type":"Point","coordinates":[10.97277,49.29317]},"properties":{"id":26501,"name":"Kammerstein","state_code":"BY","country_code":"DE"}},{"type":"Feature","geometry":{"type":"Point","coordinates":[9.63806,49.86701]},"properties":{"id":26512,"name":"Karbach","state_code":"BY","country_code":"DE"}},{"type":"Feature","geometry":{"type":"Point","coordinates":[11.47573,48.22697]},"properties":{"id":26515,"name":"Karlsfeld","state_code":"BY","country_code":"DE"}},{"type":"Feature","geometry":{"type":"Point","coordinates":[11.28503,48.6819]},"properties":{"id":26518,"name":"Karlshuld","state_code":"BY","country_code":"DE"}},{"type":"Feature","geometry":{"type":"Point","coordinates":[11.41667,48.68333]},"properties":{"id":26519,"name":"Karlskron","state_code":"BY","country_code":"DE"}},{"type":"Feature","geometry":{"type":"Point","coordinates":[9.77239,49.96034]},"properties":{"id":26522,"name":"Karlstadt","state_code":"BY","country_code":"DE"}},{"type":"Feature","geometry":{"type":"Point","coordinates":[9.78534,50.04091]},"properties":{"id":26524,"name":"Karsbach","state_code":"BY","country_code":"DE"}},{"type":"Feature","geometry":{"type":"Point","coordinates":[11.35203,50.03665]},"properties":{"id":26529,"name":"Kasendorf","state_code":"BY","country_code":"DE"}},{"type":"Feature","geometry":{"type":"Point","coordinates":[11.68261,49.3696]},"properties":{"id":26533,"name":"Kastl","state_code":"BY","country_code":"DE"}},{"type":"Feature","geometry":{"type":"Point","coordinates":[10.62192,47.88238]},"properties":{"id":26542,"name":"Kaufbeuren","state_code":"BY","country_code":"DE"}},{"type":"Feature","geometry":{"type":"Point","coordinates":[10.87913,48.09121]},"properties":{"id":26543,"name":"Kaufering","state_code":"BY","country_code":"DE"}},{"type":"Feature","geometry":{"type":"Point","coordinates":[11.88618,48.91725]},"properties":{"id":26556,"name":"Kelheim","state_code":"BY","country_code":"DE"}},{"type":"Feature","geometry":{"type":"Point","coordinates":[10.12811,48.12159]},"properties":{"id":26561,"name":"Kellmünz","state_code":"BY","country_code":"DE"}},{"type":"Feature","geometry":{"type":"Point","coordinates":[10.87784,49.95486]},"properties":{"id":26564,"name":"Kemmern","state_code":"BY","country_code":"DE"}},{"type":"Feature","geometry":{"type":"Point","coordinates":[11.89077,49.87007]},"properties":{"id":26565,"name":"Kemnath","state_code":"BY","country_code":"DE"}},{"type":"Feature","geometry":{"type":"Point","coordinates":[10.31389,47.72674]},"properties":{"id":26569,"name":"Kempten (Allgäu)","state_code":"BY","country_code":"DE"}},{"type":"Feature","geometry":{"type":"Point","coordinates":[10.26667,48.18333]},"properties":{"id":26577,"name":"Kettershausen","state_code":"BY","country_code":"DE"}},{"type":"Feature","geometry":{"type":"Point","coordinates":[12.19096,47.61409]},"properties":{"id":26583,"name":"Kiefersfelden","state_code":"BY","country_code":"DE"}},{"type":"Feature","geometry":{"type":"Point","coordinates":[12.4633,48.03481]},"properties":{"id":26585,"name":"Kienberg","state_code":"BY","country_code":"DE"}},{"type":"Feature","geometry":{"type":"Point","coordinates":[12.83435,47.95303]},"properties":{"id":26593,"name":"Kirchanschöring","state_code":"BY","country_code":"DE"}},{"type":"Feature","geometry":{"type":"Point","coordinates":[13.182,48.90006]},"properties":{"id":26597,"name":"Kirchberg","state_code":"BY","country_code":"DE"}},{"type":"Feature","geometry":{"type":"Point","coordinates":[11.65438,48.45942]},"properties":{"id":26602,"name":"Kirchdorf","state_code":"BY","country_code":"DE"}},{"type":"Feature","geometry":{"type":"Point","coordinates":[12.98453,48.24755]},"properties":{"id":26605,"name":"Kirchdorf am Inn","state_code":"BY","country_code":"DE"}},{"type":"Feature","geometry":{"type":"Point","coordinates":[13.26614,48.91048]},"properties":{"id":26606,"name":"Kirchdorf im Wald","state_code":"BY","country_code":"DE"}},{"type":"Feature","geometry":{"type":"Point","coordinates":[11.15,49.73333]},"properties":{"id":26607,"name":"Kirchehrenbach","state_code":"BY","country_code":"DE"}},{"type":"Feature","geometry":{"type":"Point","coordinates":[11.94831,50.1519]},"properties":{"id":26609,"name":"Kirchenlamitz","state_code":"BY","country_code":"DE"}},{"type":"Feature","geometry":{"type":"Point","coordinates":[11.78333,49.93333]},"properties":{"id":26610,"name":"Kirchenpingarten","state_code":"BY","country_code":"DE"}},{"type":"Feature","geometry":{"type":"Point","coordinates":[11.42226,49.55601]},"properties":{"id":26611,"name":"Kirchensittenbach","state_code":"BY","country_code":"DE"}},{"type":"Feature","geometry":{"type":"Point","coordinates":[11.72542,49.74866]},"properties":{"id":26613,"name":"Kirchenthumbach","state_code":"BY","country_code":"DE"}},{"type":"Feature","geometry":{"type":"Point","coordinates":[13.26719,48.34638]},"properties":{"id":26616,"name":"Kirchham","state_code":"BY","country_code":"DE"}},{"type":"Feature","geometry":{"type":"Point","coordinates":[10.31015,48.1504]},"properties":{"id":26617,"name":"Kirchhaslach","state_code":"BY","country_code":"DE"}},{"type":"Feature","geometry":{"type":"Point","coordinates":[10.47461,48.1749]},"properties":{"id":26619,"name":"Kirchheim","state_code":"BY","country_code":"DE"}},{"type":"Feature","geometry":{"type":"Point","coordinates":[11.75563,48.17656]},"properties":{"id":26624,"name":"Kirchheim bei München","state_code":"BY","country_code":"DE"}},{"type":"Feature","geometry":{"type":"Point","coordinates":[10.71776,50.0443]},"properties":{"id":26628,"name":"Kirchlauter","state_code":"BY","country_code":"DE"}},{"type":"Feature","geometry":{"type":"Point","coordinates":[12.55,48.95]},"properties":{"id":26631,"name":"Kirchroth","state_code":"BY","country_code":"DE"}},{"type":"Feature","geometry":{"type":"Point","coordinates":[11.88875,48.07143]},"properties":{"id":26633,"name":"Kirchseeon","state_code":"BY","country_code":"DE"}},{"type":"Feature","geometry":{"type":"Point","coordinates":[12.6453,48.08575]},"properties":{"id":26637,"name":"Kirchweidach","state_code":"BY","country_code":"DE"}},{"type":"Feature","geometry":{"type":"Point","coordinates":[9.17785,49.618]},"properties":{"id":26640,"name":"Kirchzell","state_code":"BY","country_code":"DE"}},{"type":"Feature","geometry":{"type":"Point","coordinates":[10.97088,48.30375]},"properties":{"id":26649,"name":"Kissing","state_code":"BY","country_code":"DE"}},{"type":"Feature","geometry":{"type":"Point","coordinates":[9.84389,49.74278]},"properties":{"id":26650,"name":"Kist","state_code":"BY","country_code":"DE"}},{"type":"Feature","geometry":{"type":"Point","coordinates":[10.15072,49.73973]},"properties":{"id":26652,"name":"Kitzingen","state_code":"BY","country_code":"DE"}},{"type":"Feature","geometry":{"type":"Point","coordinates":[10.86923,48.2185]},"properties":{"id":26668,"name":"Kleinaitingen","state_code":"BY","country_code":"DE"}},{"type":"Feature","geometry":{"type":"Point","coordinates":[9.21346,49.72109]},"properties":{"id":26672,"name":"Kleinheubach","state_code":"BY","country_code":"DE"}},{"type":"Feature","geometry":{"type":"Point","coordinates":[9.26667,50.11667]},"properties":{"id":26673,"name":"Kleinkahl","state_code":"BY","country_code":"DE"}},{"type":"Feature","geometry":{"type":"Point","coordinates":[10.2843,49.77087]},"properties":{"id":26674,"name":"Kleinlangheim","state_code":"BY","country_code":"DE"}},{"type":"Feature","geometry":{"type":"Point","coordinates":[9.06667,50]},"properties":{"id":26677,"name":"Kleinostheim","state_code":"BY","country_code":"DE"}},{"type":"Feature","geometry":{"type":"Point","coordinates":[9.84472,49.70028]},"properties":{"id":26678,"name":"Kleinrinderfeld","state_code":"BY","country_code":"DE"}},{"type":"Feature","geometry":{"type":"Point","coordinates":[11.15773,49.59558]},"properties":{"id":26679,"name":"Kleinsendelbach","state_code":"BY","country_code":"DE"}},{"type":"Feature","geometry":{"type":"Point","coordinates":[9.16927,49.87464]},"properties":{"id":26680,"name":"Kleinwallstadt","state_code":"BY","country_code":"DE"}},{"type":"Feature","geometry":{"type":"Point","coordinates":[9.18025,49.78507]},"properties":{"id":26686,"name":"Klingenberg am Main","state_code":"BY","country_code":"DE"}},{"type":"Feature","geometry":{"type":"Point","coordinates":[10.82986,48.15586]},"properties":{"id":26694,"name":"Klosterlechfeld","state_code":"BY","country_code":"DE"}},{"type":"Feature","geometry":{"type":"Point","coordinates":[10.55,49.98333]},"properties":{"id":26701,"name":"Knetzgau","state_code":"BY","country_code":"DE"}},{"type":"Feature","geometry":{"type":"Point","coordinates":[11.36827,47.65926]},"properties":{"id":26706,"name":"Kochel","state_code":"BY","country_code":"DE"}},{"type":"Feature","geometry":{"type":"Point","coordinates":[11.85,50.33333]},"properties":{"id":26812,"name":"Köditz","state_code":"BY","country_code":"DE"}},{"type":"Feature","geometry":{"type":"Point","coordinates":[11.53333,50.1]},"properties":{"id":26813,"name":"Ködnitz","state_code":"BY","country_code":"DE"}},{"type":"Feature","geometry":{"type":"Point","coordinates":[12.2,48.93333]},"properties":{"id":26814,"name":"Köfering","state_code":"BY","country_code":"DE"}},{"type":"Feature","geometry":{"type":"Point","coordinates":[12.01948,49.59121]},"properties":{"id":26708,"name":"Kohlberg","state_code":"BY","country_code":"DE"}},{"type":"Feature","geometry":{"type":"Point","coordinates":[12.06696,47.84965]},"properties":{"id":26710,"name":"Kolbermoor","state_code":"BY","country_code":"DE"}},{"type":"Feature","geometry":{"type":"Point","coordinates":[10.23333,49.91667]},"properties":{"id":26712,"name":"Kolitzheim","state_code":"BY","country_code":"DE"}},{"type":"Feature","geometry":{"type":"Point","coordinates":[12.86121,49.04664]},"properties":{"id":26715,"name":"Kollnburg","state_code":"BY","country_code":"DE"}},{"type":"Feature","geometry":{"type":"Point","coordinates":[10.89178,48.27506]},"properties":{"id":26825,"name":"Königsbrunn","state_code":"BY","country_code":"DE"}},{"type":"Feature","geometry":{"type":"Point","coordinates":[11.48063,47.81546]},"properties":{"id":26827,"name":"Königsdorf","state_code":"BY","country_code":"DE"}},{"type":"Feature","geometry":{"type":"Point","coordinates":[11.1652,49.94603]},"properties":{"id":26830,"name":"Königsfeld","state_code":"BY","country_code":"DE"}},{"type":"Feature","geometry":{"type":"Point","coordinates":[11.63143,49.60854]},"properties":{"id":26835,"name":"Königstein","state_code":"BY","country_code":"DE"}},{"type":"Feature","geometry":{"type":"Point","coordinates":[11.85,50.26667]},"properties":{"id":26717,"name":"Konradsreuth","state_code":"BY","country_code":"DE"}},{"type":"Feature","geometry":{"type":"Point","coordinates":[12.71114,49.0724]},"properties":{"id":26720,"name":"Konzell","state_code":"BY","country_code":"DE"}},{"type":"Feature","geometry":{"type":"Point","coordinates":[11.13333,48.11667]},"properties":{"id":26731,"name":"Kottgeisering","state_code":"BY","country_code":"DE"}},{"type":"Feature","geometry":{"type":"Point","coordinates":[12.85515,49.17649]},"properties":{"id":26848,"name":"Kötzting","state_code":"BY","country_code":"DE"}},{"type":"Feature","geometry":{"type":"Point","coordinates":[12.43073,48.18191]},"properties":{"id":26734,"name":"Kraiburg am Inn","state_code":"BY","country_code":"DE"}},{"type":"Feature","geometry":{"type":"Point","coordinates":[11.4,48.1]},"properties":{"id":26736,"name":"Krailling","state_code":"BY","country_code":"DE"}},{"type":"Feature","geometry":{"type":"Point","coordinates":[11.48312,47.79868]},"properties":{"id":26754,"name":"Kreut","state_code":"BY","country_code":"DE"}},{"type":"Feature","geometry":{"type":"Point","coordinates":[9.51819,49.76818]},"properties":{"id":26758,"name":"Kreuzwertheim","state_code":"BY","country_code":"DE"}},{"type":"Feature","geometry":{"type":"Point","coordinates":[9.20609,50.08319]},"properties":{"id":26765,"name":"Krombach","state_code":"BY","country_code":"DE"}},{"type":"Feature","geometry":{"type":"Point","coordinates":[11.33308,50.23963]},"properties":{"id":26767,"name":"Kronach","state_code":"BY","country_code":"DE"}},{"type":"Feature","geometry":{"type":"Point","coordinates":[10.1572,47.90432]},"properties":{"id":26771,"name":"Kronburg","state_code":"BY","country_code":"DE"}},{"type":"Feature","geometry":{"type":"Point","coordinates":[10.3632,48.24182]},"properties":{"id":26778,"name":"Krumbach","state_code":"BY","country_code":"DE"}},{"type":"Feature","geometry":{"type":"Point","coordinates":[12.1,49.83333]},"properties":{"id":26779,"name":"Krummennaab","state_code":"BY","country_code":"DE"}},{"type":"Feature","geometry":{"type":"Point","coordinates":[11.27924,47.50515]},"properties":{"id":26787,"name":"Krün","state_code":"BY","country_code":"DE"}},{"type":"Feature","geometry":{"type":"Point","coordinates":[11.27599,50.19265]},"properties":{"id":26791,"name":"Kueps Oberfranken","state_code":"BY","country_code":"DE"}},{"type":"Feature","geometry":{"type":"Point","coordinates":[11.18691,48.49101]},"properties":{"id":26849,"name":"Kühbach","state_code":"BY","country_code":"DE"}},{"type":"Feature","geometry":{"type":"Point","coordinates":[11.9,49.9]},"properties":{"id":26793,"name":"Kulmain","state_code":"BY","country_code":"DE"}},{"type":"Feature","geometry":{"type":"Point","coordinates":[11.45032,50.10068]},"properties":{"id":26794,"name":"Kulmbach","state_code":"BY","country_code":"DE"}},{"type":"Feature","geometry":{"type":"Point","coordinates":[12.15637,48.50938]},"properties":{"id":26795,"name":"Kumhausen","state_code":"BY","country_code":"DE"}},{"type":"Feature","geometry":{"type":"Point","coordinates":[11.88833,49.41917]},"properties":{"id":26854,"name":"Kümmersbruck","state_code":"BY","country_code":"DE"}},{"type":"Feature","geometry":{"type":"Point","coordinates":[11.53119,50.23321]},"properties":{"id":26797,"name":"Kunreuth","state_code":"BY","country_code":"DE"}},{"type":"Feature","geometry":{"type":"Point","coordinates":[13.08333,48.66667]},"properties":{"id":26857,"name":"Künzing","state_code":"BY","country_code":"DE"}},{"type":"Feature","geometry":{"type":"Point","coordinates":[11.57762,50.1396]},"properties":{"id":26798,"name":"Kupferberg","state_code":"BY","country_code":"DE"}},{"type":"Feature","geometry":{"type":"Point","coordinates":[10.03333,49.85]},"properties":{"id":26858,"name":"Kürnach","state_code":"BY","country_code":"DE"}},{"type":"Feature","geometry":{"type":"Point","coordinates":[10.69459,48.34202]},"properties":{"id":26809,"name":"Kutzenhausen","state_code":"BY","country_code":"DE"}},{"type":"Feature","geometry":{"type":"Point","coordinates":[12.31667,48.8]},"properties":{"id":26865,"name":"Laberweinting","state_code":"BY","country_code":"DE"}},{"type":"Feature","geometry":{"type":"Point","coordinates":[10.23943,47.9459]},"properties":{"id":26867,"name":"Lachen","state_code":"BY","country_code":"DE"}},{"type":"Feature","geometry":{"type":"Point","coordinates":[13.14008,48.84525]},"properties":{"id":26879,"name":"Lalling","state_code":"BY","country_code":"DE"}},{"type":"Feature","geometry":{"type":"Point","coordinates":[13.05051,49.19665]},"properties":{"id":26880,"name":"Lam","state_code":"BY","country_code":"DE"}},{"type":"Feature","geometry":{"type":"Point","coordinates":[10.73982,48.09195]},"properties":{"id":26884,"name":"Lamerdingen","state_code":"BY","country_code":"DE"}},{"type":"Feature","geometry":{"type":"Point","coordinates":[12.69316,48.67249]},"properties":{"id":26889,"name":"Landau an der Isar","state_code":"BY","country_code":"DE"}},{"type":"Feature","geometry":{"type":"Point","coordinates":[10.88282,48.04819]},"properties":{"id":26894,"name":"Landsberg am Lech","state_code":"BY","country_code":"DE"}},{"type":"Feature","geometry":{"type":"Point","coordinates":[11.16667,48.16667]},"properties":{"id":26895,"name":"Landsberied","state_code":"BY","country_code":"DE"}},{"type":"Feature","geometry":{"type":"Point","coordinates":[12.16179,48.52961]},"properties":{"id":26897,"name":"Landshut","state_code":"BY","country_code":"DE"}},{"type":"Feature","geometry":{"type":"Point","coordinates":[10.93107,48.89318]},"properties":{"id":26904,"name":"Langenaltheim","state_code":"BY","country_code":"DE"}},{"type":"Feature","geometry":{"type":"Point","coordinates":[11.85,48.43333]},"properties":{"id":26907,"name":"Langenbach","state_code":"BY","country_code":"DE"}},{"type":"Feature","geometry":{"type":"Point","coordinates":[10.51667,49.61667]},"properties":{"id":26917,"name":"Langenfeld","state_code":"BY","country_code":"DE"}},{"type":"Feature","geometry":{"type":"Point","coordinates":[11.21378,48.60658]},"properties":{"id":26924,"name":"Langenmosen","state_code":"BY","country_code":"DE"}},{"type":"Feature","geometry":{"type":"Point","coordinates":[10.6,48.26667]},"properties":{"id":26925,"name":"Langenneufnach","state_code":"BY","country_code":"DE"}},{"type":"Feature","geometry":{"type":"Point","coordinates":[11.97217,48.42569]},"properties":{"id":26927,"name":"Langenpreising","state_code":"BY","country_code":"DE"}},{"type":"Feature","geometry":{"type":"Point","coordinates":[11.07104,49.64051]},"properties":{"id":26929,"name":"Langensendelbach","state_code":"BY","country_code":"DE"}},{"type":"Feature","geometry":{"type":"Point","coordinates":[10.7923,49.49463]},"properties":{"id":26932,"name":"Langenzenn","state_code":"BY","country_code":"DE"}},{"type":"Feature","geometry":{"type":"Point","coordinates":[10.75894,48.1459]},"properties":{"id":26934,"name":"Langerringen","state_code":"BY","country_code":"DE"}},{"type":"Feature","geometry":{"type":"Point","coordinates":[10.45359,49.10112]},"properties":{"id":26937,"name":"Langfurth","state_code":"BY","country_code":"DE"}},{"type":"Feature","geometry":{"type":"Point","coordinates":[12.05134,48.82318]},"properties":{"id":26940,"name":"Langquaid","state_code":"BY","country_code":"DE"}},{"type":"Feature","geometry":{"type":"Point","coordinates":[10.8531,48.49095]},"properties":{"id":26946,"name":"Langweid","state_code":"BY","country_code":"DE"}},{"type":"Feature","geometry":{"type":"Point","coordinates":[12.0913,49.04694]},"properties":{"id":26950,"name":"Lappersdorf","state_code":"BY","country_code":"DE"}},{"type":"Feature","geometry":{"type":"Point","coordinates":[10.29014,48.05928]},"properties":{"id":26957,"name":"Lauben","state_code":"BY","country_code":"DE"}},{"type":"Feature","geometry":{"type":"Point","coordinates":[9.17611,49.74583]},"properties":{"id":26964,"name":"Laudenbach","state_code":"BY","country_code":"DE"}},{"type":"Feature","geometry":{"type":"Point","coordinates":[11.28247,49.51386]},"properties":{"id":26971,"name":"Lauf an der Pegnitz","state_code":"BY","country_code":"DE"}},{"type":"Feature","geometry":{"type":"Point","coordinates":[9.3,50.01667]},"properties":{"id":26972,"name":"Laufach","state_code":"BY","country_code":"DE"}},{"type":"Feature","geometry":{"type":"Point","coordinates":[12.92856,47.93568]},"properties":{"id":26974,"name":"Laufen","state_code":"BY","country_code":"DE"}},{"type":"Feature","geometry":{"type":"Point","coordinates":[10.7,48.53333]},"properties":{"id":26977,"name":"Laugna","state_code":"BY","country_code":"DE"}},{"type":"Feature","geometry":{"type":"Point","coordinates":[10.42706,48.56775]},"properties":{"id":26978,"name":"Lauingen","state_code":"BY","country_code":"DE"}},{"type":"Feature","geometry":{"type":"Point","coordinates":[10.78842,49.97317]},"properties":{"id":26983,"name":"Lauter","state_code":"BY","country_code":"DE"}},{"type":"Feature","geometry":{"type":"Point","coordinates":[11.60294,49.3684]},"properties":{"id":26987,"name":"Lauterhofen","state_code":"BY","country_code":"DE"}},{"type":"Feature","geometry":{"type":"Point","coordinates":[10.96667,50.33333]},"properties":{"id":26989,"name":"Lautertal","state_code":"BY","country_code":"DE"}},{"type":"Feature","geometry":{"type":"Point","coordinates":[10.11806,47.89805]},"properties":{"id":26990,"name":"Lautrach","state_code":"BY","country_code":"DE"}},{"type":"Feature","geometry":{"type":"Point","coordinates":[10.79493,47.70162]},"properties":{"id":26996,"name":"Lechbruck","state_code":"BY","country_code":"DE"}},{"type":"Feature","geometry":{"type":"Point","coordinates":[10.12981,47.85628]},"properties":{"id":27004,"name":"Legau","state_code":"BY","country_code":"DE"}},{"type":"Feature","geometry":{"type":"Point","coordinates":[10.51101,49.34568]},"properties":{"id":27010,"name":"Lehrberg","state_code":"BY","country_code":"DE"}},{"type":"Feature","geometry":{"type":"Point","coordinates":[12.51793,48.77565]},"properties":{"id":27015,"name":"Leiblfing","state_code":"BY","country_code":"DE"}},{"type":"Feature","geometry":{"type":"Point","coordinates":[9.22167,49.90139]},"properties":{"id":27017,"name":"Leidersbach","state_code":"BY","country_code":"DE"}},{"type":"Feature","geometry":{"type":"Point","coordinates":[11.31,49.45167]},"properties":{"id":27022,"name":"Leinburg","state_code":"BY","country_code":"DE"}},{"type":"Feature","geometry":{"type":"Point","coordinates":[10.22278,48.45004]},"properties":{"id":27027,"name":"Leipheim","state_code":"BY","country_code":"DE"}},{"type":"Feature","geometry":{"type":"Point","coordinates":[12.04973,48.25737]},"properties":{"id":27038,"name":"Lengdorf","state_code":"BY","country_code":"DE"}},{"type":"Feature","geometry":{"type":"Point","coordinates":[10.6,47.7]},"properties":{"id":27042,"name":"Lengenwang","state_code":"BY","country_code":"DE"}},{"type":"Feature","geometry":{"type":"Point","coordinates":[11.56667,47.68333]},"properties":{"id":27045,"name":"Lenggries","state_code":"BY","country_code":"DE"}},{"type":"Feature","geometry":{"type":"Point","coordinates":[12.2852,49.94708]},"properties":{"id":27052,"name":"Leonberg","state_code":"BY","country_code":"DE"}},{"type":"Feature","geometry":{"type":"Point","coordinates":[12.2584,49.59737]},"properties":{"id":27060,"name":"Leuchtenberg","state_code":"BY","country_code":"DE"}},{"type":"Feature","geometry":{"type":"Point","coordinates":[11.8,50.3]},"properties":{"id":27063,"name":"Leupoldsgrün","state_code":"BY","country_code":"DE"}},{"type":"Feature","geometry":{"type":"Point","coordinates":[11.17224,49.7095]},"properties":{"id":27064,"name":"Leutenbach","state_code":"BY","country_code":"DE"}},{"type":"Feature","geometry":{"type":"Point","coordinates":[10.41189,49.29869]},"properties":{"id":27068,"name":"Leutershausen","state_code":"BY","country_code":"DE"}},{"type":"Feature","geometry":{"type":"Point","coordinates":[10.37935,49.15979]},"properties":{"id":27077,"name":"Lichtenau","state_code":"BY","country_code":"DE"}},{"type":"Feature","geometry":{"type":"Point","coordinates":[11.67624,50.38335]},"properties":{"id":27079,"name":"Lichtenberg","state_code":"BY","country_code":"DE"}},{"type":"Feature","geometry":{"type":"Point","coordinates":[11.05928,50.14567]},"properties":{"id":27081,"name":"Lichtenfels","state_code":"BY","country_code":"DE"}},{"type":"Feature","geometry":{"type":"Point","coordinates":[9.68431,47.54612]},"properties":{"id":27102,"name":"Lindau","state_code":"BY","country_code":"DE"}},{"type":"Feature","geometry":{"type":"Point","coordinates":[13.25423,49.0368]},"properties":{"id":27105,"name":"Lindberg","state_code":"BY","country_code":"DE"}},{"type":"Feature","geometry":{"type":"Point","coordinates":[11.01028,49.91444]},"properties":{"id":27123,"name":"Litzendorf","state_code":"BY","country_code":"DE"}},{"type":"Feature","geometry":{"type":"Point","coordinates":[13.10549,49.17604]},"properties":{"id":27130,"name":"Lohberg","state_code":"BY","country_code":"DE"}},{"type":"Feature","geometry":{"type":"Point","coordinates":[9.57223,49.98922]},"properties":{"id":27136,"name":"Lohr am Main","state_code":"BY","country_code":"DE"}},{"type":"Feature","geometry":{"type":"Point","coordinates":[12.43333,48.61667]},"properties":{"id":27139,"name":"Loiching","state_code":"BY","country_code":"DE"}},{"type":"Feature","geometry":{"type":"Point","coordinates":[10.76711,49.69882]},"properties":{"id":27145,"name":"Lonnerstadt","state_code":"BY","country_code":"DE"}},{"type":"Feature","geometry":{"type":"Point","coordinates":[12.83333,48.75]},"properties":{"id":27155,"name":"Lower Bavaria","state_code":"BY","country_code":"DE"}},{"type":"Feature","geometry":{"type":"Point","coordinates":[11.38734,50.48605]},"properties":{"id":27167,"name":"Ludwigsstadt","state_code":"BY","country_code":"DE"}},{"type":"Feature","geometry":{"type":"Point","coordinates":[12.14921,49.58367]},"properties":{"id":27171,"name":"Luhe-Wildenau","state_code":"BY","country_code":"DE"}},{"type":"Feature","geometry":{"type":"Point","coordinates":[11.7564,49.1551]},"properties":{"id":27177,"name":"Lupburg","state_code":"BY","country_code":"DE"}},{"type":"Feature","geometry":{"type":"Point","coordinates":[12.52448,49.91095]},"properties":{"id":27553,"name":"Mähring","state_code":"BY","country_code":"DE"}},{"type":"Feature","geometry":{"type":"Point","coordinates":[10.05,47.65]},"properties":{"id":27234,"name":"Maierhöfen","state_code":"BY","country_code":"DE"}},{"type":"Feature","geometry":{"type":"Point","coordinates":[10.49867,48.92745]},"properties":{"id":27235,"name":"Maihingen","state_code":"BY","country_code":"DE"}},{"type":"Feature","geometry":{"type":"Point","coordinates":[9.09,49.98167]},"properties":{"id":27237,"name":"Mainaschaff","state_code":"BY","country_code":"DE"}},{"type":"Feature","geometry":{"type":"Point","coordinates":[10.219,49.70794]},"properties":{"id":27238,"name":"Mainbernheim","state_code":"BY","country_code":"DE"}},{"type":"Feature","geometry":{"type":"Point","coordinates":[11.78093,48.64182]},"properties":{"id":27239,"name":"Mainburg","state_code":"BY","country_code":"DE"}},{"type":"Feature","geometry":{"type":"Point","coordinates":[11.37664,50.09987]},"properties":{"id":27241,"name":"Mainleus","state_code":"BY","country_code":"DE"}},{"type":"Feature","geometry":{"type":"Point","coordinates":[10.14807,49.77156]},"properties":{"id":27242,"name":"Mainstockheim","state_code":"BY","country_code":"DE"}},{"type":"Feature","geometry":{"type":"Point","coordinates":[11.26667,48.21667]},"properties":{"id":27246,"name":"Maisach","state_code":"BY","country_code":"DE"}},{"type":"Feature","geometry":{"type":"Point","coordinates":[12.09335,48.15053]},"properties":{"id":27247,"name":"Maitenbeth","state_code":"BY","country_code":"DE"}},{"type":"Feature","geometry":{"type":"Point","coordinates":[13.18746,48.31226]},"properties":{"id":27250,"name":"Malching","state_code":"BY","country_code":"DE"}},{"type":"Feature","geometry":{"type":"Point","coordinates":[12.75,48.53333]},"properties":{"id":27253,"name":"Malgersdorf","state_code":"BY","country_code":"DE"}},{"type":"Feature","geometry":{"type":"Point","coordinates":[12.23096,48.76637]},"properties":{"id":27254,"name":"Mallersdorf-Pfaffenberg","state_code":"BY","country_code":"DE"}},{"type":"Feature","geometry":{"type":"Point","coordinates":[11.16326,48.20836]},"properties":{"id":27261,"name":"Mammendorf","state_code":"BY","country_code":"DE"}},{"type":"Feature","geometry":{"type":"Point","coordinates":[12.60784,48.65174]},"properties":{"id":27262,"name":"Mamming","state_code":"BY","country_code":"DE"}},{"type":"Feature","geometry":{"type":"Point","coordinates":[11.49393,48.71656]},"properties":{"id":27263,"name":"Manching","state_code":"BY","country_code":"DE"}},{"type":"Feature","geometry":{"type":"Point","coordinates":[12.04074,49.65412]},"properties":{"id":27268,"name":"Mantel","state_code":"BY","country_code":"DE"}},{"type":"Feature","geometry":{"type":"Point","coordinates":[9.86389,49.8375]},"properties":{"id":27271,"name":"Margetshöchheim","state_code":"BY","country_code":"DE"}},{"type":"Feature","geometry":{"type":"Point","coordinates":[12.8,48.83333]},"properties":{"id":27272,"name":"Mariaposching","state_code":"BY","country_code":"DE"}},{"type":"Feature","geometry":{"type":"Point","coordinates":[12.56667,48.55]},"properties":{"id":27288,"name":"Marklkofen","state_code":"BY","country_code":"DE"}},{"type":"Feature","geometry":{"type":"Point","coordinates":[10.84473,49.00955]},"properties":{"id":27293,"name":"Markt Berolzheim","state_code":"BY","country_code":"DE"}},{"type":"Feature","geometry":{"type":"Point","coordinates":[10.42492,49.64787]},"properties":{"id":27294,"name":"Markt Bibart","state_code":"BY","country_code":"DE"}},{"type":"Feature","geometry":{"type":"Point","coordinates":[10.29155,49.68663]},"properties":{"id":27295,"name":"Markt Einersheim","state_code":"BY","country_code":"DE"}},{"type":"Feature","geometry":{"type":"Point","coordinates":[10.65265,49.49367]},"properties":{"id":27296,"name":"Markt Erlbach","state_code":"BY","country_code":"DE"}},{"type":"Feature","geometry":{"type":"Point","coordinates":[11.37789,48.36058]},"properties":{"id":27297,"name":"Markt Indersdorf","state_code":"BY","country_code":"DE"}},{"type":"Feature","geometry":{"type":"Point","coordinates":[10.35564,49.59095]},"properties":{"id":27298,"name":"Markt Nordheim","state_code":"BY","country_code":"DE"}},{"type":"Feature","geometry":{"type":"Point","coordinates":[10.39608,47.94733]},"properties":{"id":27299,"name":"Markt Rettenbach","state_code":"BY","country_code":"DE"}},{"type":"Feature","geometry":{"type":"Point","coordinates":[11.8691,48.18949]},"properties":{"id":27300,"name":"Markt Schwaben","state_code":"BY","country_code":"DE"}},{"type":"Feature","geometry":{"type":"Point","coordinates":[10.55557,49.70111]},"properties":{"id":27301,"name":"Markt Taschendorf","state_code":"BY","country_code":"DE"}},{"type":"Feature","geometry":{"type":"Point","coordinates":[10.58198,48.1368]},"properties":{"id":27302,"name":"Markt Wald","state_code":"BY","country_code":"DE"}},{"type":"Feature","geometry":{"type":"Point","coordinates":[10.36355,49.44156]},"properties":{"id":27303,"name":"Marktbergel","state_code":"BY","country_code":"DE"}},{"type":"Feature","geometry":{"type":"Point","coordinates":[10.14811,49.66541]},"properties":{"id":27304,"name":"Marktbreit","state_code":"BY","country_code":"DE"}},{"type":"Feature","geometry":{"type":"Point","coordinates":[11.19441,50.18358]},"properties":{"id":27305,"name":"Marktgraitz","state_code":"BY","country_code":"DE"}},{"type":"Feature","geometry":{"type":"Point","coordinates":[9.60359,49.8454]},"properties":{"id":27306,"name":"Marktheidenfeld","state_code":"BY","country_code":"DE"}},{"type":"Feature","geometry":{"type":"Point","coordinates":[12.8447,48.25516]},"properties":{"id":27307,"name":"Marktl","state_code":"BY","country_code":"DE"}},{"type":"Feature","geometry":{"type":"Point","coordinates":[11.63389,50.17306]},"properties":{"id":27308,"name":"Marktleugast","state_code":"BY","country_code":"DE"}},{"type":"Feature","geometry":{"type":"Point","coordinates":[12.00226,50.13007]},"properties":{"id":27309,"name":"Marktleuthen","state_code":"BY","country_code":"DE"}},{"type":"Feature","geometry":{"type":"Point","coordinates":[10.61713,47.77964]},"properties":{"id":27310,"name":"Marktoberdorf","state_code":"BY","country_code":"DE"}},{"type":"Feature","geometry":{"type":"Point","coordinates":[10.47078,48.92566]},"properties":{"id":27311,"name":"Marktoffingen","state_code":"BY","country_code":"DE"}},{"type":"Feature","geometry":{"type":"Point","coordinates":[12.08593,50.00443]},"properties":{"id":27312,"name":"Marktredwitz","state_code":"BY","country_code":"DE"}},{"type":"Feature","geometry":{"type":"Point","coordinates":[11.38333,50.25]},"properties":{"id":27313,"name":"Marktrodach","state_code":"BY","country_code":"DE"}},{"type":"Feature","geometry":{"type":"Point","coordinates":[13.0434,47.69657]},"properties":{"id":27314,"name":"Marktschellenberg","state_code":"BY","country_code":"DE"}},{"type":"Feature","geometry":{"type":"Point","coordinates":[11.65465,50.09475]},"properties":{"id":27315,"name":"Marktschorgast","state_code":"BY","country_code":"DE"}},{"type":"Feature","geometry":{"type":"Point","coordinates":[10.13626,49.69606]},"properties":{"id":27316,"name":"Marktsteft","state_code":"BY","country_code":"DE"}},{"type":"Feature","geometry":{"type":"Point","coordinates":[11.16692,50.16673]},"properties":{"id":27317,"name":"Marktzeuln","state_code":"BY","country_code":"DE"}},{"type":"Feature","geometry":{"type":"Point","coordinates":[11.06323,49.61794]},"properties":{"id":27319,"name":"Marloffstein","state_code":"BY","country_code":"DE"}},{"type":"Feature","geometry":{"type":"Point","coordinates":[10.66003,50.19578]},"properties":{"id":27322,"name":"Maroldsweisach","state_code":"BY","country_code":"DE"}},{"type":"Feature","geometry":{"type":"Point","coordinates":[12.46219,47.75857]},"properties":{"id":27324,"name":"Marquartstein","state_code":"BY","country_code":"DE"}},{"type":"Feature","geometry":{"type":"Point","coordinates":[10.14879,49.6235]},"properties":{"id":27330,"name":"Martinsheim","state_code":"BY","country_code":"DE"}},{"type":"Feature","geometry":{"type":"Point","coordinates":[10.94504,48.74153]},"properties":{"id":27333,"name":"Marxheim","state_code":"BY","country_code":"DE"}},{"type":"Feature","geometry":{"type":"Point","coordinates":[11.79382,48.40904]},"properties":{"id":27335,"name":"Marzling","state_code":"BY","country_code":"DE"}},{"type":"Feature","geometry":{"type":"Point","coordinates":[10.27522,50.18321]},"properties":{"id":27352,"name":"Maßbach","state_code":"BY","country_code":"DE"}},{"type":"Feature","geometry":{"type":"Point","coordinates":[12.60947,48.39118]},"properties":{"id":27340,"name":"Massing","state_code":"BY","country_code":"DE"}},{"type":"Feature","geometry":{"type":"Point","coordinates":[11.9,48.51667]},"properties":{"id":27343,"name":"Mauern","state_code":"BY","country_code":"DE"}},{"type":"Feature","geometry":{"type":"Point","coordinates":[10.67127,47.89358]},"properties":{"id":27344,"name":"Mauerstetten","state_code":"BY","country_code":"DE"}},{"type":"Feature","geometry":{"type":"Point","coordinates":[13.58459,48.88972]},"properties":{"id":27347,"name":"Mauth","state_code":"BY","country_code":"DE"}},{"type":"Feature","geometry":{"type":"Point","coordinates":[12.09229,49.19963]},"properties":{"id":27349,"name":"Maxhütte-Haidhof","state_code":"BY","country_code":"DE"}},{"type":"Feature","geometry":{"type":"Point","coordinates":[10.31608,48.57027]},"properties":{"id":27363,"name":"Medlingen","state_code":"BY","country_code":"DE"}},{"type":"Feature","geometry":{"type":"Point","coordinates":[10.90697,50.32118]},"properties":{"id":27364,"name":"Meeder","state_code":"BY","country_code":"DE"}},{"type":"Feature","geometry":{"type":"Point","coordinates":[11.862,49.97421]},"properties":{"id":27372,"name":"Mehlmeisel","state_code":"BY","country_code":"DE"}},{"type":"Feature","geometry":{"type":"Point","coordinates":[12.78333,48.18333]},"properties":{"id":27377,"name":"Mehring","state_code":"BY","country_code":"DE"}},{"type":"Feature","geometry":{"type":"Point","coordinates":[10.85179,48.54586]},"properties":{"id":27386,"name":"Meitingen","state_code":"BY","country_code":"DE"}},{"type":"Feature","geometry":{"type":"Point","coordinates":[10.30334,50.42849]},"properties":{"id":27397,"name":"Mellrichstadt","state_code":"BY","country_code":"DE"}},{"type":"Feature","geometry":{"type":"Point","coordinates":[10.95921,49.93012]},"properties":{"id":27401,"name":"Memmelsdorf","state_code":"BY","country_code":"DE"}},{"type":"Feature","geometry":{"type":"Point","coordinates":[10.18527,47.98372]},"properties":{"id":27402,"name":"Memmingen","state_code":"BY","country_code":"DE"}},{"type":"Feature","geometry":{"type":"Point","coordinates":[10.22295,47.98803]},"properties":{"id":27403,"name":"Memmingerberg","state_code":"BY","country_code":"DE"}},{"type":"Feature","geometry":{"type":"Point","coordinates":[12.44047,48.71894]},"properties":{"id":27410,"name":"Mengkofen","state_code":"BY","country_code":"DE"}},{"type":"Feature","geometry":{"type":"Point","coordinates":[10.9853,48.24594]},"properties":{"id":27414,"name":"Merching","state_code":"BY","country_code":"DE"}},{"type":"Feature","geometry":{"type":"Point","coordinates":[10.98461,48.2656]},"properties":{"id":27418,"name":"Mering","state_code":"BY","country_code":"DE"}},{"type":"Feature","geometry":{"type":"Point","coordinates":[10.70416,49.20361]},"properties":{"id":27420,"name":"Merkendorf","state_code":"BY","country_code":"DE"}},{"type":"Feature","geometry":{"type":"Point","coordinates":[10.80557,48.65695]},"properties":{"id":27424,"name":"Mertingen","state_code":"BY","country_code":"DE"}},{"type":"Feature","geometry":{"type":"Point","coordinates":[9.29194,49.91444]},"properties":{"id":27433,"name":"Mespelbrunn","state_code":"BY","country_code":"DE"}},{"type":"Feature","geometry":{"type":"Point","coordinates":[12.91554,48.85512]},"properties":{"id":27437,"name":"Metten","state_code":"BY","country_code":"DE"}},{"type":"Feature","geometry":{"type":"Point","coordinates":[12.46667,48.26667]},"properties":{"id":27440,"name":"Mettenheim","state_code":"BY","country_code":"DE"}},{"type":"Feature","geometry":{"type":"Point","coordinates":[11.11207,50.16233]},"properties":{"id":27451,"name":"Michelau","state_code":"BY","country_code":"DE"}},{"type":"Feature","geometry":{"type":"Point","coordinates":[12.55284,49.12291]},"properties":{"id":27454,"name":"Michelsneukirchen","state_code":"BY","country_code":"DE"}},{"type":"Feature","geometry":{"type":"Point","coordinates":[10.64026,48.24171]},"properties":{"id":27457,"name":"Mickhausen","state_code":"BY","country_code":"DE"}},{"type":"Feature","geometry":{"type":"Point","coordinates":[11.83382,47.78903]},"properties":{"id":27461,"name":"Miesbach","state_code":"BY","country_code":"DE"}},{"type":"Feature","geometry":{"type":"Point","coordinates":[12.76843,49.16196]},"properties":{"id":27468,"name":"Miltach","state_code":"BY","country_code":"DE"}},{"type":"Feature","geometry":{"type":"Point","coordinates":[9.26725,49.70452]},"properties":{"id":27469,"name":"Miltenberg","state_code":"BY","country_code":"DE"}},{"type":"Feature","geometry":{"type":"Point","coordinates":[10.49222,48.04578]},"properties":{"id":27471,"name":"Mindelheim","state_code":"BY","country_code":"DE"}},{"type":"Feature","geometry":{"type":"Point","coordinates":[12.24209,48.95357]},"properties":{"id":27474,"name":"Mintraching","state_code":"BY","country_code":"DE"}},{"type":"Feature","geometry":{"type":"Point","coordinates":[10.11667,47.6]},"properties":{"id":27476,"name":"Missen-Wilhams","state_code":"BY","country_code":"DE"}},{"type":"Feature","geometry":{"type":"Point","coordinates":[11.46586,49.9126]},"properties":{"id":27477,"name":"Mistelgau","state_code":"BY","country_code":"DE"}},{"type":"Feature","geometry":{"type":"Point","coordinates":[10.79784,49.21186]},"properties":{"id":27481,"name":"Mitteleschenbach","state_code":"BY","country_code":"DE"}},{"type":"Feature","geometry":{"type":"Point","coordinates":[10.59754,48.17642]},"properties":{"id":27484,"name":"Mittelneufnach","state_code":"BY","country_code":"DE"}},{"type":"Feature","geometry":{"type":"Point","coordinates":[11.1,48.25]},"properties":{"id":27486,"name":"Mittelstetten","state_code":"BY","country_code":"DE"}},{"type":"Feature","geometry":{"type":"Point","coordinates":[11.26187,47.4422]},"properties":{"id":27488,"name":"Mittenwald","state_code":"BY","country_code":"DE"}},{"type":"Feature","geometry":{"type":"Point","coordinates":[12.67848,48.97633]},"properties":{"id":27490,"name":"Mitterfels","state_code":"BY","country_code":"DE"}},{"type":"Feature","geometry":{"type":"Point","coordinates":[12.73333,48.35]},"properties":{"id":27491,"name":"Mitterskirchen","state_code":"BY","country_code":"DE"}},{"type":"Feature","geometry":{"type":"Point","coordinates":[12.24206,49.95141]},"properties":{"id":27492,"name":"Mitterteich","state_code":"BY","country_code":"DE"}},{"type":"Feature","geometry":{"type":"Point","coordinates":[11.20818,50.25111]},"properties":{"id":27494,"name":"Mitwitz","state_code":"BY","country_code":"DE"}},{"type":"Feature","geometry":{"type":"Point","coordinates":[10.43173,48.64327]},"properties":{"id":27557,"name":"Mödingen","state_code":"BY","country_code":"DE"}},{"type":"Feature","geometry":{"type":"Point","coordinates":[11,49.63333]},"properties":{"id":27562,"name":"Möhrendorf","state_code":"BY","country_code":"DE"}},{"type":"Feature","geometry":{"type":"Point","coordinates":[9.16371,50.06921]},"properties":{"id":27565,"name":"Mömbris","state_code":"BY","country_code":"DE"}},{"type":"Feature","geometry":{"type":"Point","coordinates":[9.08333,49.85972]},"properties":{"id":27566,"name":"Mömlingen","state_code":"BY","country_code":"DE"}},{"type":"Feature","geometry":{"type":"Point","coordinates":[9.26858,49.79326]},"properties":{"id":27567,"name":"Mönchberg","state_code":"BY","country_code":"DE"}},{"type":"Feature","geometry":{"type":"Point","coordinates":[10.58043,48.77605]},"properties":{"id":27571,"name":"Mönchsdeggingen","state_code":"BY","country_code":"DE"}},{"type":"Feature","geometry":{"type":"Point","coordinates":[10.35856,49.01851]},"properties":{"id":27572,"name":"Mönchsroth","state_code":"BY","country_code":"DE"}},{"type":"Feature","geometry":{"type":"Point","coordinates":[10.85834,48.84389]},"properties":{"id":27508,"name":"Monheim","state_code":"BY","country_code":"DE"}},{"type":"Feature","geometry":{"type":"Point","coordinates":[11.07851,48.15561]},"properties":{"id":27515,"name":"Moorenweis","state_code":"BY","country_code":"DE"}},{"type":"Feature","geometry":{"type":"Point","coordinates":[11.8751,48.03213]},"properties":{"id":27518,"name":"Moosach","state_code":"BY","country_code":"DE"}},{"type":"Feature","geometry":{"type":"Point","coordinates":[12.41036,49.58909]},"properties":{"id":27519,"name":"Moosbach","state_code":"BY","country_code":"DE"}},{"type":"Feature","geometry":{"type":"Point","coordinates":[11.93811,48.47089]},"properties":{"id":27520,"name":"Moosburg","state_code":"BY","country_code":"DE"}},{"type":"Feature","geometry":{"type":"Point","coordinates":[11.84446,48.27708]},"properties":{"id":27521,"name":"Moosinning","state_code":"BY","country_code":"DE"}},{"type":"Feature","geometry":{"type":"Point","coordinates":[12.49737,48.67659]},"properties":{"id":27522,"name":"Moosthenning","state_code":"BY","country_code":"DE"}},{"type":"Feature","geometry":{"type":"Point","coordinates":[9.77251,50.39561]},"properties":{"id":27529,"name":"Motten","state_code":"BY","country_code":"DE"}},{"type":"Feature","geometry":{"type":"Point","coordinates":[10.59022,48.80924]},"properties":{"id":27580,"name":"Möttingen","state_code":"BY","country_code":"DE"}},{"type":"Feature","geometry":{"type":"Point","coordinates":[12.37361,48.8935]},"properties":{"id":27581,"name":"Mötzing","state_code":"BY","country_code":"DE"}},{"type":"Feature","geometry":{"type":"Point","coordinates":[12.52155,48.2467]},"properties":{"id":27593,"name":"Mühldorf","state_code":"BY","country_code":"DE"}},{"type":"Feature","geometry":{"type":"Point","coordinates":[10.77563,49.75443]},"properties":{"id":27597,"name":"Mühlhausen","state_code":"BY","country_code":"DE"}},{"type":"Feature","geometry":{"type":"Point","coordinates":[10.71845,49.15445]},"properties":{"id":27534,"name":"Muhr am See","state_code":"BY","country_code":"DE"}},{"type":"Feature","geometry":{"type":"Point","coordinates":[11.78823,50.18952]},"properties":{"id":27609,"name":"Münchberg","state_code":"BY","country_code":"DE"}},{"type":"Feature","geometry":{"type":"Point","coordinates":[11.68333,48.76667]},"properties":{"id":27613,"name":"Münchsmünster","state_code":"BY","country_code":"DE"}},{"type":"Feature","geometry":{"type":"Point","coordinates":[10.59502,49.63937]},"properties":{"id":27614,"name":"Münchsteinach","state_code":"BY","country_code":"DE"}},{"type":"Feature","geometry":{"type":"Point","coordinates":[11.57549,48.13743]},"properties":{"id":27540,"name":"Munich","state_code":"BY","country_code":"DE"}},{"type":"Feature","geometry":{"type":"Point","coordinates":[10.20187,50.24636]},"properties":{"id":27617,"name":"Münnerstadt","state_code":"BY","country_code":"DE"}},{"type":"Feature","geometry":{"type":"Point","coordinates":[10.6,48.91667]},"properties":{"id":27542,"name":"Munningen","state_code":"BY","country_code":"DE"}},{"type":"Feature","geometry":{"type":"Point","coordinates":[11.36667,47.9]},"properties":{"id":27618,"name":"Münsing","state_code":"BY","country_code":"DE"}},{"type":"Feature","geometry":{"type":"Point","coordinates":[10.63623,48.22904]},"properties":{"id":27622,"name":"Münster","state_code":"BY","country_code":"DE"}},{"type":"Feature","geometry":{"type":"Point","coordinates":[10.455,48.30973]},"properties":{"id":27625,"name":"Münsterhausen","state_code":"BY","country_code":"DE"}},{"type":"Feature","geometry":{"type":"Point","coordinates":[11.20125,47.68085]},"properties":{"id":27545,"name":"Murnau am Staffelsee","state_code":"BY","country_code":"DE"}},{"type":"Feature","geometry":{"type":"Point","coordinates":[12.17996,49.45347]},"properties":{"id":27630,"name":"Nabburg","state_code":"BY","country_code":"DE"}},{"type":"Feature","geometry":{"type":"Point","coordinates":[11.91667,49.98333]},"properties":{"id":27634,"name":"Nagel","state_code":"BY","country_code":"DE"}},{"type":"Feature","geometry":{"type":"Point","coordinates":[11.70463,50.33034]},"properties":{"id":27638,"name":"Naila","state_code":"BY","country_code":"DE"}},{"type":"Feature","geometry":{"type":"Point","coordinates":[11.8073,48.53644]},"properties":{"id":27641,"name":"Nandlstadt","state_code":"BY","country_code":"DE"}},{"type":"Feature","geometry":{"type":"Point","coordinates":[11.13052,49.04709]},"properties":{"id":27674,"name":"Nennslingen","state_code":"BY","country_code":"DE"}},{"type":"Feature","geometry":{"type":"Point","coordinates":[10.12356,48.42829]},"properties":{"id":27679,"name":"Nersingen","state_code":"BY","country_code":"DE"}},{"type":"Feature","geometry":{"type":"Point","coordinates":[10.50243,47.62342]},"properties":{"id":27682,"name":"Nesselwang","state_code":"BY","country_code":"DE"}},{"type":"Feature","geometry":{"type":"Point","coordinates":[10.01112,48.39279]},"properties":{"id":27695,"name":"Neu-Ulm","state_code":"BY","country_code":"DE"}},{"type":"Feature","geometry":{"type":"Point","coordinates":[12.44373,49.98037]},"properties":{"id":27696,"name":"Neualbenreuth","state_code":"BY","country_code":"DE"}},{"type":"Feature","geometry":{"type":"Point","coordinates":[12.14002,47.77368]},"properties":{"id":27698,"name":"Neubeuern","state_code":"BY","country_code":"DE"}},{"type":"Feature","geometry":{"type":"Point","coordinates":[11.65812,48.0771]},"properties":{"id":27699,"name":"Neubiberg","state_code":"BY","country_code":"DE"}},{"type":"Feature","geometry":{"type":"Point","coordinates":[9.67161,49.73088]},"properties":{"id":27701,"name":"Neubrunn","state_code":"BY","country_code":"DE"}},{"type":"Feature","geometry":{"type":"Point","coordinates":[13.44718,48.50654]},"properties":{"id":27707,"name":"Neuburg","state_code":"BY","country_code":"DE"}},{"type":"Feature","geometry":{"type":"Point","coordinates":[11.18709,48.73218]},"properties":{"id":27709,"name":"Neuburg an der Donau","state_code":"BY","country_code":"DE"}},{"type":"Feature","geometry":{"type":"Point","coordinates":[11.5,50.01667]},"properties":{"id":27714,"name":"Neudrossenfeld","state_code":"BY","country_code":"DE"}},{"type":"Feature","geometry":{"type":"Point","coordinates":[10.78333,49.28333]},"properties":{"id":27719,"name":"Neuendettelsau","state_code":"BY","country_code":"DE"}},{"type":"Feature","geometry":{"type":"Point","coordinates":[11.58033,50.09193]},"properties":{"id":27724,"name":"Neuenmarkt","state_code":"BY","country_code":"DE"}},{"type":"Feature","geometry":{"type":"Point","coordinates":[12.44078,48.25587]},"properties":{"id":27731,"name":"Neufahrn","state_code":"BY","country_code":"DE"}},{"type":"Feature","geometry":{"type":"Point","coordinates":[11.66316,48.31588]},"properties":{"id":27732,"name":"Neufahrn bei Freising","state_code":"BY","country_code":"DE"}},{"type":"Feature","geometry":{"type":"Point","coordinates":[12.21667,48.4]},"properties":{"id":27735,"name":"Neufraunhofen","state_code":"BY","country_code":"DE"}},{"type":"Feature","geometry":{"type":"Point","coordinates":[13.42083,48.46086]},"properties":{"id":27740,"name":"Neuhaus am Inn","state_code":"BY","country_code":"DE"}},{"type":"Feature","geometry":{"type":"Point","coordinates":[11.55066,49.62799]},"properties":{"id":27743,"name":"Neuhaus an der Pegnitz","state_code":"BY","country_code":"DE"}},{"type":"Feature","geometry":{"type":"Point","coordinates":[10.64548,49.4569]},"properties":{"id":27749,"name":"Neuhof an der Zenn","state_code":"BY","country_code":"DE"}},{"type":"Feature","geometry":{"type":"Point","coordinates":[9.41667,50]},"properties":{"id":27752,"name":"Neuhütten","state_code":"BY","country_code":"DE"}},{"type":"Feature","geometry":{"type":"Point","coordinates":[12.96921,49.26015]},"properties":{"id":27759,"name":"Neukirchen","state_code":"BY","country_code":"DE"}},{"type":"Feature","geometry":{"type":"Point","coordinates":[12.43643,49.29101]},"properties":{"id":27763,"name":"Neukirchen-Balbini","state_code":"BY","country_code":"DE"}},{"type":"Feature","geometry":{"type":"Point","coordinates":[11.46278,49.28028]},"properties":{"id":27771,"name":"Neumarkt in der Oberpfalz","state_code":"BY","country_code":"DE"}},{"type":"Feature","geometry":{"type":"Point","coordinates":[12.50723,48.36051]},"properties":{"id":27772,"name":"Neumarkt-Sankt Veit","state_code":"BY","country_code":"DE"}},{"type":"Feature","geometry":{"type":"Point","coordinates":[12.38621,49.34782]},"properties":{"id":27775,"name":"Neunburg vorm Wald","state_code":"BY","country_code":"DE"}},{"type":"Feature","geometry":{"type":"Point","coordinates":[11.12967,49.61204]},"properties":{"id":27781,"name":"Neunkirchen am Brand","state_code":"BY","country_code":"DE"}},{"type":"Feature","geometry":{"type":"Point","coordinates":[11.64793,49.923]},"properties":{"id":27782,"name":"Neunkirchen am Main","state_code":"BY","country_code":"DE"}},{"type":"Feature","geometry":{"type":"Point","coordinates":[11.31955,49.52464]},"properties":{"id":27783,"name":"Neunkirchen am Sand","state_code":"BY","country_code":"DE"}},{"type":"Feature","geometry":{"type":"Point","coordinates":[12.68998,48.24102]},"properties":{"id":27817,"name":"Neuötting","state_code":"BY","country_code":"DE"}},{"type":"Feature","geometry":{"type":"Point","coordinates":[13.74699,48.74861]},"properties":{"id":27785,"name":"Neureichenau","state_code":"BY","country_code":"DE"}},{"type":"Feature","geometry":{"type":"Point","coordinates":[11.46561,48.09322]},"properties":{"id":27786,"name":"Neuried","state_code":"BY","country_code":"DE"}},{"type":"Feature","geometry":{"type":"Point","coordinates":[13.47576,48.88419]},"properties":{"id":27789,"name":"Neuschönau","state_code":"BY","country_code":"DE"}},{"type":"Feature","geometry":{"type":"Point","coordinates":[10.22559,49.37185]},"properties":{"id":27790,"name":"Neusitz","state_code":"BY","country_code":"DE"}},{"type":"Feature","geometry":{"type":"Point","coordinates":[11.96667,49.93333]},"properties":{"id":27791,"name":"Neusorg","state_code":"BY","country_code":"DE"}},{"type":"Feature","geometry":{"type":"Point","coordinates":[9.56808,49.93021]},"properties":{"id":27797,"name":"Neustadt am Main","state_code":"BY","country_code":"DE"}},{"type":"Feature","geometry":{"type":"Point","coordinates":[10.61126,49.57953]},"properties":{"id":27800,"name":"Neustadt an der Aisch","state_code":"BY","country_code":"DE"}},{"type":"Feature","geometry":{"type":"Point","coordinates":[11.76952,48.80705]},"properties":{"id":27801,"name":"Neustadt an der Donau","state_code":"BY","country_code":"DE"}},{"type":"Feature","geometry":{"type":"Point","coordinates":[12.17773,49.73287]},"properties":{"id":27803,"name":"Neustadt an der Waldnaab","state_code":"BY","country_code":"DE"}},{"type":"Feature","geometry":{"type":"Point","coordinates":[11.12058,50.32975]},"properties":{"id":27804,"name":"Neustadt bei Coburg","state_code":"BY","country_code":"DE"}},{"type":"Feature","geometry":{"type":"Point","coordinates":[12.201,48.98737]},"properties":{"id":27811,"name":"Neutraubling","state_code":"BY","country_code":"DE"}},{"type":"Feature","geometry":{"type":"Point","coordinates":[12.31667,48.6]},"properties":{"id":27829,"name":"Niederaichbach","state_code":"BY","country_code":"DE"}},{"type":"Feature","geometry":{"type":"Point","coordinates":[13.02412,48.76564]},"properties":{"id":27830,"name":"Niederalteich","state_code":"BY","country_code":"DE"}},{"type":"Feature","geometry":{"type":"Point","coordinates":[12.5,48.31667]},"properties":{"id":27833,"name":"Niederbergkirchen","state_code":"BY","country_code":"DE"}},{"type":"Feature","geometry":{"type":"Point","coordinates":[10.99086,50.22002]},"properties":{"id":27848,"name":"Niederfüllbach","state_code":"BY","country_code":"DE"}},{"type":"Feature","geometry":{"type":"Point","coordinates":[10.17712,50.29411]},"properties":{"id":27856,"name":"Niederlauer","state_code":"BY","country_code":"DE"}},{"type":"Feature","geometry":{"type":"Point","coordinates":[12.3761,49.44999]},"properties":{"id":27859,"name":"Niedermurach","state_code":"BY","country_code":"DE"}},{"type":"Feature","geometry":{"type":"Point","coordinates":[9.13694,49.91222]},"properties":{"id":27860,"name":"Niedernberg","state_code":"BY","country_code":"DE"}},{"type":"Feature","geometry":{"type":"Point","coordinates":[10.18321,48.0576]},"properties":{"id":27868,"name":"Niederrieden","state_code":"BY","country_code":"DE"}},{"type":"Feature","geometry":{"type":"Point","coordinates":[10.93333,48.71667]},"properties":{"id":27872,"name":"Niederschönenfeld","state_code":"BY","country_code":"DE"}},{"type":"Feature","geometry":{"type":"Point","coordinates":[12.55,48.33333]},"properties":{"id":27878,"name":"Niedertaufkirchen","state_code":"BY","country_code":"DE"}},{"type":"Feature","geometry":{"type":"Point","coordinates":[12.38333,48.61667]},"properties":{"id":27879,"name":"Niederviehbach","state_code":"BY","country_code":"DE"}},{"type":"Feature","geometry":{"type":"Point","coordinates":[10.1827,50.06149]},"properties":{"id":27881,"name":"Niederwerrn","state_code":"BY","country_code":"DE"}},{"type":"Feature","geometry":{"type":"Point","coordinates":[12.8,48.88333]},"properties":{"id":27884,"name":"Niederwinkling","state_code":"BY","country_code":"DE"}},{"type":"Feature","geometry":{"type":"Point","coordinates":[12.26741,49.19425]},"properties":{"id":27904,"name":"Nittenau","state_code":"BY","country_code":"DE"}},{"type":"Feature","geometry":{"type":"Point","coordinates":[11.96126,49.02459]},"properties":{"id":27905,"name":"Nittendorf","state_code":"BY","country_code":"DE"}},{"type":"Feature","geometry":{"type":"Point","coordinates":[9.61038,47.57386]},"properties":{"id":27909,"name":"Nonnenhorn","state_code":"BY","country_code":"DE"}},{"type":"Feature","geometry":{"type":"Point","coordinates":[10.83183,48.59478]},"properties":{"id":27913,"name":"Nordendorf","state_code":"BY","country_code":"DE"}},{"type":"Feature","geometry":{"type":"Point","coordinates":[11.50992,50.37411]},"properties":{"id":27917,"name":"Nordhalben","state_code":"BY","country_code":"DE"}},{"type":"Feature","geometry":{"type":"Point","coordinates":[10.18545,49.8587]},"properties":{"id":27920,"name":"Nordheim","state_code":"BY","country_code":"DE"}},{"type":"Feature","geometry":{"type":"Point","coordinates":[10.48868,48.85122]},"properties":{"id":27946,"name":"Nördlingen","state_code":"BY","country_code":"DE"}},{"type":"Feature","geometry":{"type":"Point","coordinates":[10.12296,50.22063]},"properties":{"id":27951,"name":"Nüdlingen","state_code":"BY","country_code":"DE"}},{"type":"Feature","geometry":{"type":"Point","coordinates":[11.07752,49.45421]},"properties":{"id":27954,"name":"Nürnberg","state_code":"BY","country_code":"DE"}},{"type":"Feature","geometry":{"type":"Point","coordinates":[12.59608,47.90564]},"properties":{"id":27942,"name":"Nußdorf","state_code":"BY","country_code":"DE"}},{"type":"Feature","geometry":{"type":"Point","coordinates":[12.15611,47.74232]},"properties":{"id":27943,"name":"Nußdorf am Inn","state_code":"BY","country_code":"DE"}},{"type":"Feature","geometry":{"type":"Point","coordinates":[11.06692,47.59812]},"properties":{"id":27962,"name":"Oberammergau","state_code":"BY","country_code":"DE"}},{"type":"Feature","geometry":{"type":"Point","coordinates":[10.95766,49.42275]},"properties":{"id":27963,"name":"Oberasbach","state_code":"BY","country_code":"DE"}},{"type":"Feature","geometry":{"type":"Point","coordinates":[12.17242,47.64822]},"properties":{"id":27964,"name":"Oberaudorf","state_code":"BY","country_code":"DE"}},{"type":"Feature","geometry":{"type":"Point","coordinates":[12.38333,48.3]},"properties":{"id":27966,"name":"Oberbergkirchen","state_code":"BY","country_code":"DE"}},{"type":"Feature","geometry":{"type":"Point","coordinates":[10.43333,49.41667]},"properties":{"id":27970,"name":"Oberdachstetten","state_code":"BY","country_code":"DE"}},{"type":"Feature","geometry":{"type":"Point","coordinates":[11.85,48.31667]},"properties":{"id":27972,"name":"Oberding","state_code":"BY","country_code":"DE"}},{"type":"Feature","geometry":{"type":"Point","coordinates":[10.11692,50.44118]},"properties":{"id":27976,"name":"Oberelsbach","state_code":"BY","country_code":"DE"}},{"type":"Feature","geometry":{"type":"Point","coordinates":[11.0685,48.42305]},"properties":{"id":27978,"name":"Obergriesbach","state_code":"BY","country_code":"DE"}},{"type":"Feature","geometry":{"type":"Point","coordinates":[10.41821,47.84545]},"properties":{"id":27980,"name":"Obergünzburg","state_code":"BY","country_code":"DE"}},{"type":"Feature","geometry":{"type":"Point","coordinates":[11.59744,48.02455]},"properties":{"id":27981,"name":"Oberhaching","state_code":"BY","country_code":"DE"}},{"type":"Feature","geometry":{"type":"Point","coordinates":[11.80514,50.12614]},"properties":{"id":27982,"name":"Oberhaid","state_code":"BY","country_code":"DE"}},{"type":"Feature","geometry":{"type":"Point","coordinates":[11.11151,48.72201]},"properties":{"id":27984,"name":"Oberhausen","state_code":"BY","country_code":"DE"}},{"type":"Feature","geometry":{"type":"Point","coordinates":[11.93484,50.26236]},"properties":{"id":27991,"name":"Oberkotzau","state_code":"BY","country_code":"DE"}},{"type":"Feature","geometry":{"type":"Point","coordinates":[9.8,50.28333]},"properties":{"id":27992,"name":"Oberleichtersbach","state_code":"BY","country_code":"DE"}},{"type":"Feature","geometry":{"type":"Point","coordinates":[10.80626,48.14685]},"properties":{"id":27998,"name":"Obermeitingen","state_code":"BY","country_code":"DE"}},{"type":"Feature","geometry":{"type":"Point","coordinates":[10.90891,49.53117]},"properties":{"id":27999,"name":"Obermichelbach","state_code":"BY","country_code":"DE"}},{"type":"Feature","geometry":{"type":"Point","coordinates":[10.16424,49.65863]},"properties":{"id":28002,"name":"Obernbreit","state_code":"BY","country_code":"DE"}},{"type":"Feature","geometry":{"type":"Point","coordinates":[9.13101,49.83577]},"properties":{"id":28003,"name":"Obernburg am Main","state_code":"BY","country_code":"DE"}},{"type":"Feature","geometry":{"type":"Point","coordinates":[10.86749,48.66918]},"properties":{"id":28006,"name":"Oberndorf","state_code":"BY","country_code":"DE"}},{"type":"Feature","geometry":{"type":"Point","coordinates":[13.63729,48.55485]},"properties":{"id":28011,"name":"Obernzell","state_code":"BY","country_code":"DE"}},{"type":"Feature","geometry":{"type":"Point","coordinates":[10.4667,49.45193]},"properties":{"id":28012,"name":"Obernzenn","state_code":"BY","country_code":"DE"}},{"type":"Feature","geometry":{"type":"Point","coordinates":[10.7427,47.9436]},"properties":{"id":28013,"name":"Oberostendorf","state_code":"BY","country_code":"DE"}},{"type":"Feature","geometry":{"type":"Point","coordinates":[10.85754,48.23716]},"properties":{"id":28015,"name":"Oberottmarshausen","state_code":"BY","country_code":"DE"}},{"type":"Feature","geometry":{"type":"Point","coordinates":[11.81331,48.02202]},"properties":{"id":28016,"name":"Oberpframmern","state_code":"BY","country_code":"DE"}},{"type":"Feature","geometry":{"type":"Point","coordinates":[10.08682,49.87694]},"properties":{"id":28017,"name":"Oberpleichfeld","state_code":"BY","country_code":"DE"}},{"type":"Feature","geometry":{"type":"Point","coordinates":[12.82482,48.70178]},"properties":{"id":28018,"name":"Oberpöring","state_code":"BY","country_code":"DE"}},{"type":"Feature","geometry":{"type":"Point","coordinates":[10.76892,49.58946]},"properties":{"id":28019,"name":"Oberreichenbach","state_code":"BY","country_code":"DE"}},{"type":"Feature","geometry":{"type":"Point","coordinates":[9.94449,47.56303]},"properties":{"id":28021,"name":"Oberreute","state_code":"BY","country_code":"DE"}},{"type":"Feature","geometry":{"type":"Point","coordinates":[10.42611,48.08886]},"properties":{"id":28023,"name":"Oberrieden","state_code":"BY","country_code":"DE"}},{"type":"Feature","geometry":{"type":"Point","coordinates":[10.43418,49.70829]},"properties":{"id":28028,"name":"Oberscheinfeld","state_code":"BY","country_code":"DE"}},{"type":"Feature","geometry":{"type":"Point","coordinates":[11.56667,48.25]},"properties":{"id":28029,"name":"Oberschleißheim","state_code":"BY","country_code":"DE"}},{"type":"Feature","geometry":{"type":"Point","coordinates":[12.642,48.79573]},"properties":{"id":28030,"name":"Oberschneiding","state_code":"BY","country_code":"DE"}},{"type":"Feature","geometry":{"type":"Point","coordinates":[10.40999,49.86051]},"properties":{"id":28031,"name":"Oberschwarzach","state_code":"BY","country_code":"DE"}},{"type":"Feature","geometry":{"type":"Point","coordinates":[11.15571,48.23817]},"properties":{"id":28032,"name":"Oberschweinbach","state_code":"BY","country_code":"DE"}},{"type":"Feature","geometry":{"type":"Point","coordinates":[9.61545,50.20875]},"properties":{"id":28035,"name":"Obersinn","state_code":"BY","country_code":"DE"}},{"type":"Feature","geometry":{"type":"Point","coordinates":[11.21667,47.73333]},"properties":{"id":28042,"name":"Obersöchering","state_code":"BY","country_code":"DE"}},{"type":"Feature","geometry":{"type":"Point","coordinates":[10.02245,47.55568]},"properties":{"id":28038,"name":"Oberstaufen","state_code":"BY","country_code":"DE"}},{"type":"Feature","geometry":{"type":"Point","coordinates":[10.27939,47.40724]},"properties":{"id":28039,"name":"Oberstdorf","state_code":"BY","country_code":"DE"}},{"type":"Feature","geometry":{"type":"Point","coordinates":[10.28775,50.40338]},"properties":{"id":28041,"name":"Oberstreu","state_code":"BY","country_code":"DE"}},{"type":"Feature","geometry":{"type":"Point","coordinates":[11.95,48.61667]},"properties":{"id":28043,"name":"Obersüßbach","state_code":"BY","country_code":"DE"}},{"type":"Feature","geometry":{"type":"Point","coordinates":[12.27904,48.26046]},"properties":{"id":28044,"name":"Obertaufkirchen","state_code":"BY","country_code":"DE"}},{"type":"Feature","geometry":{"type":"Point","coordinates":[9.95882,50.19904]},"properties":{"id":28047,"name":"Oberthulba","state_code":"BY","country_code":"DE"}},{"type":"Feature","geometry":{"type":"Point","coordinates":[12.16667,48.96667]},"properties":{"id":28048,"name":"Obertraubling","state_code":"BY","country_code":"DE"}},{"type":"Feature","geometry":{"type":"Point","coordinates":[11.35,49.7]},"properties":{"id":28049,"name":"Obertrubach","state_code":"BY","country_code":"DE"}},{"type":"Feature","geometry":{"type":"Point","coordinates":[12.41669,49.45809]},"properties":{"id":28052,"name":"Oberviechtach","state_code":"BY","country_code":"DE"}},{"type":"Feature","geometry":{"type":"Point","coordinates":[12.40528,48.00049]},"properties":{"id":28059,"name":"Obing","state_code":"BY","country_code":"DE"}},{"type":"Feature","geometry":{"type":"Point","coordinates":[10.06227,49.66429]},"properties":{"id":28062,"name":"Ochsenfurt","state_code":"BY","country_code":"DE"}},{"type":"Feature","geometry":{"type":"Point","coordinates":[11.19889,48.30889]},"properties":{"id":28068,"name":"Odelzhausen","state_code":"BY","country_code":"DE"}},{"type":"Feature","geometry":{"type":"Point","coordinates":[10.13333,50.15]},"properties":{"id":28081,"name":"Oerlenbach","state_code":"BY","country_code":"DE"}},{"type":"Feature","geometry":{"type":"Point","coordinates":[10.60465,48.95274]},"properties":{"id":28083,"name":"Oettingen in Bayern","state_code":"BY","country_code":"DE"}},{"type":"Feature","geometry":{"type":"Point","coordinates":[12.86293,48.86195]},"properties":{"id":28089,"name":"Offenberg","state_code":"BY","country_code":"DE"}},{"type":"Feature","geometry":{"type":"Point","coordinates":[11.41316,49.44971]},"properties":{"id":28091,"name":"Offenhausen","state_code":"BY","country_code":"DE"}},{"type":"Feature","geometry":{"type":"Point","coordinates":[10.36249,48.48258]},"properties":{"id":28092,"name":"Offingen","state_code":"BY","country_code":"DE"}},{"type":"Feature","geometry":{"type":"Point","coordinates":[10.23333,47.5]},"properties":{"id":28095,"name":"Ofterschwang","state_code":"BY","country_code":"DE"}},{"type":"Feature","geometry":{"type":"Point","coordinates":[11.23333,47.63333]},"properties":{"id":28099,"name":"Ohlstadt","state_code":"BY","country_code":"DE"}},{"type":"Feature","geometry":{"type":"Point","coordinates":[11.33333,48.2]},"properties":{"id":28104,"name":"Olching","state_code":"BY","country_code":"DE"}},{"type":"Feature","geometry":{"type":"Point","coordinates":[9.83333,47.63333]},"properties":{"id":28115,"name":"Opfenbach","state_code":"BY","country_code":"DE"}},{"type":"Feature","geometry":{"type":"Point","coordinates":[10.65797,49.17623]},"properties":{"id":28127,"name":"Ornbau","state_code":"BY","country_code":"DE"}},{"type":"Feature","geometry":{"type":"Point","coordinates":[13.2225,48.54597]},"properties":{"id":28132,"name":"Ortenburg","state_code":"BY","country_code":"DE"}},{"type":"Feature","geometry":{"type":"Point","coordinates":[13.02221,48.7]},"properties":{"id":28152,"name":"Osterhofen","state_code":"BY","country_code":"DE"}},{"type":"Feature","geometry":{"type":"Point","coordinates":[10.23057,50.45996]},"properties":{"id":28162,"name":"Ostheim vor der Rhön","state_code":"BY","country_code":"DE"}},{"type":"Feature","geometry":{"type":"Point","coordinates":[11.88333,48.21667]},"properties":{"id":28179,"name":"Ottenhofen","state_code":"BY","country_code":"DE"}},{"type":"Feature","geometry":{"type":"Point","coordinates":[11.34158,49.50949]},"properties":{"id":28182,"name":"Ottensoos","state_code":"BY","country_code":"DE"}},{"type":"Feature","geometry":{"type":"Point","coordinates":[11.67546,47.90898]},"properties":{"id":28187,"name":"Otterfing","state_code":"BY","country_code":"DE"}},{"type":"Feature","geometry":{"type":"Point","coordinates":[10.29971,47.9413]},"properties":{"id":28194,"name":"Ottobeuren","state_code":"BY","country_code":"DE"}},{"type":"Feature","geometry":{"type":"Point","coordinates":[11.66327,48.06489]},"properties":{"id":28195,"name":"Ottobrunn","state_code":"BY","country_code":"DE"}},{"type":"Feature","geometry":{"type":"Point","coordinates":[12.80877,48.76134]},"properties":{"id":28198,"name":"Otzing","state_code":"BY","country_code":"DE"}},{"type":"Feature","geometry":{"type":"Point","coordinates":[10.43333,47.63333]},"properties":{"id":28204,"name":"Oy-Mittelberg","state_code":"BY","country_code":"DE"}},{"type":"Feature","geometry":{"type":"Point","coordinates":[11.18333,47.9]},"properties":{"id":28412,"name":"Pähl","state_code":"BY","country_code":"DE"}},{"type":"Feature","geometry":{"type":"Point","coordinates":[11.81947,48.99731]},"properties":{"id":28211,"name":"Painten","state_code":"BY","country_code":"DE"}},{"type":"Feature","geometry":{"type":"Point","coordinates":[12.63702,48.00204]},"properties":{"id":28212,"name":"Palling","state_code":"BY","country_code":"DE"}},{"type":"Feature","geometry":{"type":"Point","coordinates":[10.97431,48.93383]},"properties":{"id":28220,"name":"Pappenheim","state_code":"BY","country_code":"DE"}},{"type":"Feature","geometry":{"type":"Point","coordinates":[12.06755,49.72921]},"properties":{"id":28223,"name":"Parkstein","state_code":"BY","country_code":"DE"}},{"type":"Feature","geometry":{"type":"Point","coordinates":[12.6,48.91667]},"properties":{"id":28224,"name":"Parkstetten","state_code":"BY","country_code":"DE"}},{"type":"Feature","geometry":{"type":"Point","coordinates":[11.71834,49.16074]},"properties":{"id":28226,"name":"Parsberg","state_code":"BY","country_code":"DE"}},{"type":"Feature","geometry":{"type":"Point","coordinates":[9.51991,50.04176]},"properties":{"id":28228,"name":"Partenstein","state_code":"BY","country_code":"DE"}},{"type":"Feature","geometry":{"type":"Point","coordinates":[11.45599,48.14146]},"properties":{"id":28230,"name":"Pasing","state_code":"BY","country_code":"DE"}},{"type":"Feature","geometry":{"type":"Point","coordinates":[13.43122,48.5665]},"properties":{"id":28231,"name":"Passau","state_code":"BY","country_code":"DE"}},{"type":"Feature","geometry":{"type":"Point","coordinates":[11.94368,48.19911]},"properties":{"id":28232,"name":"Pastetten","state_code":"BY","country_code":"DE"}},{"type":"Feature","geometry":{"type":"Point","coordinates":[12.98333,49.01667]},"properties":{"id":28233,"name":"Patersdorf","state_code":"BY","country_code":"DE"}},{"type":"Feature","geometry":{"type":"Point","coordinates":[11.56463,48.47486]},"properties":{"id":28237,"name":"Paunzhausen","state_code":"BY","country_code":"DE"}},{"type":"Feature","geometry":{"type":"Point","coordinates":[12.16667,49.96667]},"properties":{"id":28239,"name":"Pechbrunn","state_code":"BY","country_code":"DE"}},{"type":"Feature","geometry":{"type":"Point","coordinates":[11.54187,49.75216]},"properties":{"id":28241,"name":"Pegnitz","state_code":"BY","country_code":"DE"}},{"type":"Feature","geometry":{"type":"Point","coordinates":[11.0699,47.80466]},"properties":{"id":28246,"name":"Peißenberg","state_code":"BY","country_code":"DE"}},{"type":"Feature","geometry":{"type":"Point","coordinates":[10.92951,47.79549]},"properties":{"id":28243,"name":"Peiting","state_code":"BY","country_code":"DE"}},{"type":"Feature","geometry":{"type":"Point","coordinates":[12.61667,49.26667]},"properties":{"id":28250,"name":"Pemfling","state_code":"BY","country_code":"DE"}},{"type":"Feature","geometry":{"type":"Point","coordinates":[12.0587,48.98343]},"properties":{"id":28254,"name":"Pentling","state_code":"BY","country_code":"DE"}},{"type":"Feature","geometry":{"type":"Point","coordinates":[11.377,47.75293]},"properties":{"id":28255,"name":"Penzberg","state_code":"BY","country_code":"DE"}},{"type":"Feature","geometry":{"type":"Point","coordinates":[10.92745,48.07481]},"properties":{"id":28256,"name":"Penzing","state_code":"BY","country_code":"DE"}},{"type":"Feature","geometry":{"type":"Point","coordinates":[12.76667,48.26667]},"properties":{"id":28258,"name":"Perach","state_code":"BY","country_code":"DE"}},{"type":"Feature","geometry":{"type":"Point","coordinates":[12.43979,48.85528]},"properties":{"id":28259,"name":"Perkam","state_code":"BY","country_code":"DE"}},{"type":"Feature","geometry":{"type":"Point","coordinates":[13.4384,48.78181]},"properties":{"id":28261,"name":"Perlesreut","state_code":"BY","country_code":"DE"}},{"type":"Feature","geometry":{"type":"Point","coordinates":[10.75,49.3]},"properties":{"id":28262,"name":"Petersaurach","state_code":"BY","country_code":"DE"}},{"type":"Feature","geometry":{"type":"Point","coordinates":[11.03333,48.51667]},"properties":{"id":28263,"name":"Petersdorf","state_code":"BY","country_code":"DE"}},{"type":"Feature","geometry":{"type":"Point","coordinates":[11.47056,48.40967]},"properties":{"id":28266,"name":"Petershausen","state_code":"BY","country_code":"DE"}},{"type":"Feature","geometry":{"type":"Point","coordinates":[12.35926,49.35475]},"properties":{"id":28267,"name":"Pettendorf","state_code":"BY","country_code":"DE"}},{"type":"Feature","geometry":{"type":"Point","coordinates":[12.81512,47.91232]},"properties":{"id":28268,"name":"Petting","state_code":"BY","country_code":"DE"}},{"type":"Feature","geometry":{"type":"Point","coordinates":[10.92839,49.82996]},"properties":{"id":28269,"name":"Pettstadt","state_code":"BY","country_code":"DE"}},{"type":"Feature","geometry":{"type":"Point","coordinates":[10.45504,48.11878]},"properties":{"id":28271,"name":"Pfaffenhausen","state_code":"BY","country_code":"DE"}},{"type":"Feature","geometry":{"type":"Point","coordinates":[11.20563,48.39334]},"properties":{"id":28273,"name":"Pfaffenhofen","state_code":"BY","country_code":"DE"}},{"type":"Feature","geometry":{"type":"Point","coordinates":[11.505,48.53053]},"properties":{"id":28274,"name":"Pfaffenhofen an der Ilm","state_code":"BY","country_code":"DE"}},{"type":"Feature","geometry":{"type":"Point","coordinates":[10.16184,48.35454]},"properties":{"id":28275,"name":"Pfaffenhofen an der Roth","state_code":"BY","country_code":"DE"}},{"type":"Feature","geometry":{"type":"Point","coordinates":[12.10917,48.05456]},"properties":{"id":28277,"name":"Pfaffing","state_code":"BY","country_code":"DE"}},{"type":"Feature","geometry":{"type":"Point","coordinates":[12.22744,48.85822]},"properties":{"id":28279,"name":"Pfakofen","state_code":"BY","country_code":"DE"}},{"type":"Feature","geometry":{"type":"Point","coordinates":[12.93812,48.43205]},"properties":{"id":28281,"name":"Pfarrkirchen","state_code":"BY","country_code":"DE"}},{"type":"Feature","geometry":{"type":"Point","coordinates":[10.73333,50.15]},"properties":{"id":28282,"name":"Pfarrweisach","state_code":"BY","country_code":"DE"}},{"type":"Feature","geometry":{"type":"Point","coordinates":[12.38254,48.96309]},"properties":{"id":28283,"name":"Pfatter","state_code":"BY","country_code":"DE"}},{"type":"Feature","geometry":{"type":"Point","coordinates":[11.96594,48.66466]},"properties":{"id":28286,"name":"Pfeffenhausen","state_code":"BY","country_code":"DE"}},{"type":"Feature","geometry":{"type":"Point","coordinates":[10.83664,49.1059]},"properties":{"id":28287,"name":"Pfofeld","state_code":"BY","country_code":"DE"}},{"type":"Feature","geometry":{"type":"Point","coordinates":[10.61357,47.92997]},"properties":{"id":28288,"name":"Pforzen","state_code":"BY","country_code":"DE"}},{"type":"Feature","geometry":{"type":"Point","coordinates":[12.18069,49.49114]},"properties":{"id":28290,"name":"Pfreimd","state_code":"BY","country_code":"DE"}},{"type":"Feature","geometry":{"type":"Point","coordinates":[10.54962,47.5822]},"properties":{"id":28292,"name":"Pfronten","state_code":"BY","country_code":"DE"}},{"type":"Feature","geometry":{"type":"Point","coordinates":[12.91667,47.76667]},"properties":{"id":28298,"name":"Piding","state_code":"BY","country_code":"DE"}},{"type":"Feature","geometry":{"type":"Point","coordinates":[11.95699,49.07235]},"properties":{"id":28299,"name":"Pielenhofen","state_code":"BY","country_code":"DE"}},{"type":"Feature","geometry":{"type":"Point","coordinates":[11.50311,49.32137]},"properties":{"id":28302,"name":"Pilsach","state_code":"BY","country_code":"DE"}},{"type":"Feature","geometry":{"type":"Point","coordinates":[12.65105,48.70116]},"properties":{"id":28303,"name":"Pilsting","state_code":"BY","country_code":"DE"}},{"type":"Feature","geometry":{"type":"Point","coordinates":[11.10207,49.68971]},"properties":{"id":28306,"name":"Pinzberg","state_code":"BY","country_code":"DE"}},{"type":"Feature","geometry":{"type":"Point","coordinates":[12.16667,49.63333]},"properties":{"id":28307,"name":"Pirk","state_code":"BY","country_code":"DE"}},{"type":"Feature","geometry":{"type":"Point","coordinates":[12.38997,47.97724]},"properties":{"id":28310,"name":"Pittenhart","state_code":"BY","country_code":"DE"}},{"type":"Feature","geometry":{"type":"Point","coordinates":[11.42483,48.10672]},"properties":{"id":28312,"name":"Planegg","state_code":"BY","country_code":"DE"}},{"type":"Feature","geometry":{"type":"Point","coordinates":[12.87509,48.77866]},"properties":{"id":28316,"name":"Plattling","state_code":"BY","country_code":"DE"}},{"type":"Feature","geometry":{"type":"Point","coordinates":[10.98194,49.10473]},"properties":{"id":28321,"name":"Pleinfeld","state_code":"BY","country_code":"DE"}},{"type":"Feature","geometry":{"type":"Point","coordinates":[12.59832,48.30713]},"properties":{"id":28322,"name":"Pleiskirchen","state_code":"BY","country_code":"DE"}},{"type":"Feature","geometry":{"type":"Point","coordinates":[12.40631,49.64907]},"properties":{"id":28325,"name":"Pleystein","state_code":"BY","country_code":"DE"}},{"type":"Feature","geometry":{"type":"Point","coordinates":[11.80069,48.19556]},"properties":{"id":28326,"name":"Pliening","state_code":"BY","country_code":"DE"}},{"type":"Feature","geometry":{"type":"Point","coordinates":[11.86883,49.91977]},"properties":{"id":28334,"name":"Plößberg","state_code":"BY","country_code":"DE"}},{"type":"Feature","geometry":{"type":"Point","coordinates":[13.31315,48.40149]},"properties":{"id":28338,"name":"Pocking","state_code":"BY","country_code":"DE"}},{"type":"Feature","geometry":{"type":"Point","coordinates":[11.81863,48.17004]},"properties":{"id":28340,"name":"Poing","state_code":"BY","country_code":"DE"}},{"type":"Feature","geometry":{"type":"Point","coordinates":[12.56667,48.21667]},"properties":{"id":28346,"name":"Polling","state_code":"BY","country_code":"DE"}},{"type":"Feature","geometry":{"type":"Point","coordinates":[10.7115,48.92067]},"properties":{"id":28347,"name":"Polsingen","state_code":"BY","country_code":"DE"}},{"type":"Feature","geometry":{"type":"Point","coordinates":[11.51101,49.50437]},"properties":{"id":28348,"name":"Pommelsbrunn","state_code":"BY","country_code":"DE"}},{"type":"Feature","geometry":{"type":"Point","coordinates":[10.81667,49.76667]},"properties":{"id":28349,"name":"Pommersfelden","state_code":"BY","country_code":"DE"}},{"type":"Feature","geometry":{"type":"Point","coordinates":[10.14244,50.09999]},"properties":{"id":28352,"name":"Poppenhausen","state_code":"BY","country_code":"DE"}},{"type":"Feature","geometry":{"type":"Point","coordinates":[11.79778,49.47557]},"properties":{"id":28354,"name":"Poppenricht","state_code":"BY","country_code":"DE"}},{"type":"Feature","geometry":{"type":"Point","coordinates":[11.46667,48.61667]},"properties":{"id":28418,"name":"Pörnbach","state_code":"BY","country_code":"DE"}},{"type":"Feature","geometry":{"type":"Point","coordinates":[12.33333,48.65]},"properties":{"id":28359,"name":"Postau","state_code":"BY","country_code":"DE"}},{"type":"Feature","geometry":{"type":"Point","coordinates":[11.35722,49.30528]},"properties":{"id":28360,"name":"Postbauer-Heng","state_code":"BY","country_code":"DE"}},{"type":"Feature","geometry":{"type":"Point","coordinates":[12.9,48.41667]},"properties":{"id":28361,"name":"Postmünster","state_code":"BY","country_code":"DE"}},{"type":"Feature","geometry":{"type":"Point","coordinates":[11.40784,49.77131]},"properties":{"id":28363,"name":"Pottenstein","state_code":"BY","country_code":"DE"}},{"type":"Feature","geometry":{"type":"Point","coordinates":[11.08762,48.58383]},"properties":{"id":28419,"name":"Pöttmes","state_code":"BY","country_code":"DE"}},{"type":"Feature","geometry":{"type":"Point","coordinates":[11.12211,49.93642]},"properties":{"id":28366,"name":"Poxdorf","state_code":"BY","country_code":"DE"}},{"type":"Feature","geometry":{"type":"Point","coordinates":[12.82614,49.09543]},"properties":{"id":28368,"name":"Prackenbach","state_code":"BY","country_code":"DE"}},{"type":"Feature","geometry":{"type":"Point","coordinates":[11.68333,49.83333]},"properties":{"id":28370,"name":"Prebitz","state_code":"BY","country_code":"DE"}},{"type":"Feature","geometry":{"type":"Point","coordinates":[11.93972,49.76859]},"properties":{"id":28376,"name":"Pressath","state_code":"BY","country_code":"DE"}},{"type":"Feature","geometry":{"type":"Point","coordinates":[11.55508,50.22804]},"properties":{"id":28377,"name":"Presseck","state_code":"BY","country_code":"DE"}},{"type":"Feature","geometry":{"type":"Point","coordinates":[11.30969,50.35245]},"properties":{"id":28378,"name":"Pressig","state_code":"BY","country_code":"DE"}},{"type":"Feature","geometry":{"type":"Point","coordinates":[11.1743,49.75454]},"properties":{"id":28380,"name":"Pretzfeld","state_code":"BY","country_code":"DE"}},{"type":"Feature","geometry":{"type":"Point","coordinates":[10.34773,49.81933]},"properties":{"id":28385,"name":"Prichsenstadt","state_code":"BY","country_code":"DE"}},{"type":"Feature","geometry":{"type":"Point","coordinates":[12.34623,47.85602]},"properties":{"id":28386,"name":"Prien am Chiemsee","state_code":"BY","country_code":"DE"}},{"type":"Feature","geometry":{"type":"Point","coordinates":[10.71183,49.9075]},"properties":{"id":28387,"name":"Priesendorf","state_code":"BY","country_code":"DE"}},{"type":"Feature","geometry":{"type":"Point","coordinates":[10.92801,48.20074]},"properties":{"id":28391,"name":"Prittriching","state_code":"BY","country_code":"DE"}},{"type":"Feature","geometry":{"type":"Point","coordinates":[10.12666,49.86309]},"properties":{"id":28397,"name":"Prosselsheim","state_code":"BY","country_code":"DE"}},{"type":"Feature","geometry":{"type":"Point","coordinates":[12.20238,47.89321]},"properties":{"id":28398,"name":"Prutting","state_code":"BY","country_code":"DE"}},{"type":"Feature","geometry":{"type":"Point","coordinates":[12.23333,49.75]},"properties":{"id":28421,"name":"Püchersreuth","state_code":"BY","country_code":"DE"}},{"type":"Feature","geometry":{"type":"Point","coordinates":[11.35,48.15]},"properties":{"id":28401,"name":"Puchheim","state_code":"BY","country_code":"DE"}},{"type":"Feature","geometry":{"type":"Point","coordinates":[11.52148,48.06122]},"properties":{"id":28404,"name":"Pullach im Isartal","state_code":"BY","country_code":"DE"}},{"type":"Feature","geometry":{"type":"Point","coordinates":[12,49.93333]},"properties":{"id":28405,"name":"Pullenreuth","state_code":"BY","country_code":"DE"}},{"type":"Feature","geometry":{"type":"Point","coordinates":[10.92213,48.02472]},"properties":{"id":28422,"name":"Pürgen","state_code":"BY","country_code":"DE"}},{"type":"Feature","geometry":{"type":"Point","coordinates":[10.83192,49.52398]},"properties":{"id":28406,"name":"Puschendorf","state_code":"BY","country_code":"DE"}},{"type":"Feature","geometry":{"type":"Point","coordinates":[11.71572,48.07579]},"properties":{"id":28410,"name":"Putzbrunn","state_code":"BY","country_code":"DE"}},{"type":"Feature","geometry":{"type":"Point","coordinates":[11.28655,49.29622]},"properties":{"id":28411,"name":"Pyrbaum","state_code":"BY","country_code":"DE"}},{"type":"Feature","geometry":{"type":"Point","coordinates":[10.91611,48.69029]},"properties":{"id":28453,"name":"Rain","state_code":"BY","country_code":"DE"}},{"type":"Feature","geometry":{"type":"Point","coordinates":[11.1,47.91667]},"properties":{"id":28455,"name":"Raisting","state_code":"BY","country_code":"DE"}},{"type":"Feature","geometry":{"type":"Point","coordinates":[11.12486,49.01468]},"properties":{"id":28456,"name":"Raitenbuch","state_code":"BY","country_code":"DE"}},{"type":"Feature","geometry":{"type":"Point","coordinates":[12.14513,48.01806]},"properties":{"id":28460,"name":"Ramerberg","state_code":"BY","country_code":"DE"}},{"type":"Feature","geometry":{"type":"Point","coordinates":[12.22957,48.17277]},"properties":{"id":28464,"name":"Ramsau","state_code":"BY","country_code":"DE"}},{"type":"Feature","geometry":{"type":"Point","coordinates":[10.06777,50.14039]},"properties":{"id":28468,"name":"Ramsthal","state_code":"BY","country_code":"DE"}},{"type":"Feature","geometry":{"type":"Point","coordinates":[9.98277,49.76021]},"properties":{"id":28469,"name":"Randersacker","state_code":"BY","country_code":"DE"}},{"type":"Feature","geometry":{"type":"Point","coordinates":[10.20484,50.16537]},"properties":{"id":28473,"name":"Rannungen","state_code":"BY","country_code":"DE"}},{"type":"Feature","geometry":{"type":"Point","coordinates":[10.88857,50.01502]},"properties":{"id":28488,"name":"Rattelsdorf","state_code":"BY","country_code":"DE"}},{"type":"Feature","geometry":{"type":"Point","coordinates":[12.74912,49.08612]},"properties":{"id":28489,"name":"Rattenberg","state_code":"BY","country_code":"DE"}},{"type":"Feature","geometry":{"type":"Point","coordinates":[12.65924,49.02573]},"properties":{"id":28490,"name":"Rattiszell","state_code":"BY","country_code":"DE"}},{"type":"Feature","geometry":{"type":"Point","coordinates":[12.11088,47.7905]},"properties":{"id":28493,"name":"Raubling","state_code":"BY","country_code":"DE"}},{"type":"Feature","geometry":{"type":"Point","coordinates":[9.50833,49.98306]},"properties":{"id":28503,"name":"Rechtenbach","state_code":"BY","country_code":"DE"}},{"type":"Feature","geometry":{"type":"Point","coordinates":[12.16667,48.11667]},"properties":{"id":28504,"name":"Rechtmehring","state_code":"BY","country_code":"DE"}},{"type":"Feature","geometry":{"type":"Point","coordinates":[11.07997,49.30095]},"properties":{"id":28508,"name":"Rednitzhembach","state_code":"BY","country_code":"DE"}},{"type":"Feature","geometry":{"type":"Point","coordinates":[11.20833,50.17323]},"properties":{"id":28509,"name":"Redwitz an der Rodach","state_code":"BY","country_code":"DE"}},{"type":"Feature","geometry":{"type":"Point","coordinates":[13.12824,48.9719]},"properties":{"id":28512,"name":"Regen","state_code":"BY","country_code":"DE"}},{"type":"Feature","geometry":{"type":"Point","coordinates":[12.10161,49.01513]},"properties":{"id":28513,"name":"Regensburg","state_code":"BY","country_code":"DE"}},{"type":"Feature","geometry":{"type":"Point","coordinates":[12.13027,49.12014]},"properties":{"id":28514,"name":"Regenstauf","state_code":"BY","country_code":"DE"}},{"type":"Feature","geometry":{"type":"Point","coordinates":[10.83333,49.33333]},"properties":{"id":28522,"name":"Regierungsbezirk Mittelfranken","state_code":"BY","country_code":"DE"}},{"type":"Feature","geometry":{"type":"Point","coordinates":[10,50]},"properties":{"id":28525,"name":"Regierungsbezirk Unterfranken","state_code":"BY","country_code":"DE"}},{"type":"Feature","geometry":{"type":"Point","coordinates":[12.05,50.3]},"properties":{"id":28527,"name":"Regnitzlosau","state_code":"BY","country_code":"DE"}},{"type":"Feature","geometry":{"type":"Point","coordinates":[12.03422,50.24921]},"properties":{"id":28528,"name":"Rehau","state_code":"BY","country_code":"DE"}},{"type":"Feature","geometry":{"type":"Point","coordinates":[10.93333,48.48333]},"properties":{"id":28533,"name":"Rehling","state_code":"BY","country_code":"DE"}},{"type":"Feature","geometry":{"type":"Point","coordinates":[12.35,49.18333]},"properties":{"id":28539,"name":"Reichenbach","state_code":"BY","country_code":"DE"}},{"type":"Feature","geometry":{"type":"Point","coordinates":[9.91478,49.73193]},"properties":{"id":28544,"name":"Reichenberg","state_code":"BY","country_code":"DE"}},{"type":"Feature","geometry":{"type":"Point","coordinates":[11.37274,49.51384]},"properties":{"id":28545,"name":"Reichenschwand","state_code":"BY","country_code":"DE"}},{"type":"Feature","geometry":{"type":"Point","coordinates":[11.63333,47.76667]},"properties":{"id":28547,"name":"Reichersbeuern","state_code":"BY","country_code":"DE"}},{"type":"Feature","geometry":{"type":"Point","coordinates":[11.55843,47.89882]},"properties":{"id":28548,"name":"Reichertshausen","state_code":"BY","country_code":"DE"}},{"type":"Feature","geometry":{"type":"Point","coordinates":[12.28333,48.2]},"properties":{"id":28549,"name":"Reichertsheim","state_code":"BY","country_code":"DE"}},{"type":"Feature","geometry":{"type":"Point","coordinates":[11.46612,48.65775]},"properties":{"id":28550,"name":"Reichertshofen","state_code":"BY","country_code":"DE"}},{"type":"Feature","geometry":{"type":"Point","coordinates":[10.92847,47.9228]},"properties":{"id":28551,"name":"Reichling","state_code":"BY","country_code":"DE"}},{"type":"Feature","geometry":{"type":"Point","coordinates":[10.51667,48.81667]},"properties":{"id":28554,"name":"Reimlingen","state_code":"BY","country_code":"DE"}},{"type":"Feature","geometry":{"type":"Point","coordinates":[12.11329,49.03092]},"properties":{"id":28560,"name":"Reinhausen","state_code":"BY","country_code":"DE"}},{"type":"Feature","geometry":{"type":"Point","coordinates":[12.62799,48.57008]},"properties":{"id":28567,"name":"Reisbach","state_code":"BY","country_code":"DE"}},{"type":"Feature","geometry":{"type":"Point","coordinates":[12.7262,48.29073]},"properties":{"id":28568,"name":"Reischach","state_code":"BY","country_code":"DE"}},{"type":"Feature","geometry":{"type":"Point","coordinates":[12.47086,47.67729]},"properties":{"id":28570,"name":"Reit im Winkl","state_code":"BY","country_code":"DE"}},{"type":"Feature","geometry":{"type":"Point","coordinates":[9.69484,49.80477]},"properties":{"id":28574,"name":"Remlingen","state_code":"BY","country_code":"DE"}},{"type":"Feature","geometry":{"type":"Point","coordinates":[11.04544,48.75943]},"properties":{"id":28582,"name":"Rennertshofen","state_code":"BY","country_code":"DE"}},{"type":"Feature","geometry":{"type":"Point","coordinates":[10.79922,50.06342]},"properties":{"id":28584,"name":"Rentweinsdorf","state_code":"BY","country_code":"DE"}},{"type":"Feature","geometry":{"type":"Point","coordinates":[12.45,49.06667]},"properties":{"id":28590,"name":"Rettenbach","state_code":"BY","country_code":"DE"}},{"type":"Feature","geometry":{"type":"Point","coordinates":[10.29173,47.57428]},"properties":{"id":28591,"name":"Rettenberg","state_code":"BY","country_code":"DE"}},{"type":"Feature","geometry":{"type":"Point","coordinates":[9.88194,49.9125]},"properties":{"id":28592,"name":"Retzstadt","state_code":"BY","country_code":"DE"}},{"type":"Feature","geometry":{"type":"Point","coordinates":[13.12332,48.5917]},"properties":{"id":28593,"name":"Reut","state_code":"BY","country_code":"DE"}},{"type":"Feature","geometry":{"type":"Point","coordinates":[11.6948,49.99052]},"properties":{"id":28595,"name":"Reuth","state_code":"BY","country_code":"DE"}},{"type":"Feature","geometry":{"type":"Point","coordinates":[11.2606,48.47698]},"properties":{"id":28626,"name":"Ried","state_code":"BY","country_code":"DE"}},{"type":"Feature","geometry":{"type":"Point","coordinates":[11.94205,49.32361]},"properties":{"id":28629,"name":"Rieden","state_code":"BY","country_code":"DE"}},{"type":"Feature","geometry":{"type":"Point","coordinates":[10.25711,48.38499]},"properties":{"id":28630,"name":"Rieden an der Kötz","state_code":"BY","country_code":"DE"}},{"type":"Feature","geometry":{"type":"Point","coordinates":[9.861,50.31993]},"properties":{"id":28631,"name":"Riedenberg","state_code":"BY","country_code":"DE"}},{"type":"Feature","geometry":{"type":"Point","coordinates":[11.6888,48.96383]},"properties":{"id":28632,"name":"Riedenburg","state_code":"BY","country_code":"DE"}},{"type":"Feature","geometry":{"type":"Point","coordinates":[12.20778,47.83874]},"properties":{"id":28635,"name":"Riedering","state_code":"BY","country_code":"DE"}},{"type":"Feature","geometry":{"type":"Point","coordinates":[11.23391,47.69867]},"properties":{"id":28640,"name":"Riegsee","state_code":"BY","country_code":"DE"}},{"type":"Feature","geometry":{"type":"Point","coordinates":[9.64797,50.09349]},"properties":{"id":28643,"name":"Rieneck","state_code":"BY","country_code":"DE"}},{"type":"Feature","geometry":{"type":"Point","coordinates":[12.88333,49.23333]},"properties":{"id":28656,"name":"Rimbach","state_code":"BY","country_code":"DE"}},{"type":"Feature","geometry":{"type":"Point","coordinates":[9.95705,49.85692]},"properties":{"id":28657,"name":"Rimpar","state_code":"BY","country_code":"DE"}},{"type":"Feature","geometry":{"type":"Point","coordinates":[12.33713,47.88078]},"properties":{"id":28659,"name":"Rimsting","state_code":"BY","country_code":"DE"}},{"type":"Feature","geometry":{"type":"Point","coordinates":[13.20102,48.94956]},"properties":{"id":28660,"name":"Rinchnach","state_code":"BY","country_code":"DE"}},{"type":"Feature","geometry":{"type":"Point","coordinates":[13.4713,48.81336]},"properties":{"id":28661,"name":"Ringelai","state_code":"BY","country_code":"DE"}},{"type":"Feature","geometry":{"type":"Point","coordinates":[10.2436,49.7284]},"properties":{"id":28776,"name":"Rödelsee","state_code":"BY","country_code":"DE"}},{"type":"Feature","geometry":{"type":"Point","coordinates":[9.62639,49.89556]},"properties":{"id":28674,"name":"Roden","state_code":"BY","country_code":"DE"}},{"type":"Feature","geometry":{"type":"Point","coordinates":[11.04122,50.29516]},"properties":{"id":28777,"name":"Rödental","state_code":"BY","country_code":"DE"}},{"type":"Feature","geometry":{"type":"Point","coordinates":[12.51956,49.19426]},"properties":{"id":28680,"name":"Roding","state_code":"BY","country_code":"DE"}},{"type":"Feature","geometry":{"type":"Point","coordinates":[10.44268,48.42442]},"properties":{"id":28780,"name":"Röfingen","state_code":"BY","country_code":"DE"}},{"type":"Feature","geometry":{"type":"Point","coordinates":[10.23136,48.27588]},"properties":{"id":28683,"name":"Roggenburg","state_code":"BY","country_code":"DE"}},{"type":"Feature","geometry":{"type":"Point","coordinates":[11.97152,48.76768]},"properties":{"id":28687,"name":"Rohr","state_code":"BY","country_code":"DE"}},{"type":"Feature","geometry":{"type":"Point","coordinates":[12.55603,48.28933]},"properties":{"id":28689,"name":"Rohrbach","state_code":"BY","country_code":"DE"}},{"type":"Feature","geometry":{"type":"Point","coordinates":[12.1701,47.79713]},"properties":{"id":28691,"name":"Rohrdorf","state_code":"BY","country_code":"DE"}},{"type":"Feature","geometry":{"type":"Point","coordinates":[11.15619,48.68654]},"properties":{"id":28693,"name":"Rohrenfels","state_code":"BY","country_code":"DE"}},{"type":"Feature","geometry":{"type":"Point","coordinates":[11.44672,48.32966]},"properties":{"id":28781,"name":"Röhrmoos","state_code":"BY","country_code":"DE"}},{"type":"Feature","geometry":{"type":"Point","coordinates":[13.52271,48.73859]},"properties":{"id":28782,"name":"Röhrnbach","state_code":"BY","country_code":"DE"}},{"type":"Feature","geometry":{"type":"Point","coordinates":[9.24611,49.77306]},"properties":{"id":28784,"name":"Röllbach","state_code":"BY","country_code":"DE"}},{"type":"Feature","geometry":{"type":"Point","coordinates":[10.41571,47.8958]},"properties":{"id":28700,"name":"Ronsberg","state_code":"BY","country_code":"DE"}},{"type":"Feature","geometry":{"type":"Point","coordinates":[12.12247,47.85637]},"properties":{"id":28707,"name":"Rosenheim","state_code":"BY","country_code":"DE"}},{"type":"Feature","geometry":{"type":"Point","coordinates":[11.98333,50.08333]},"properties":{"id":28786,"name":"Röslau","state_code":"BY","country_code":"DE"}},{"type":"Feature","geometry":{"type":"Point","coordinates":[12.95,48.58333]},"properties":{"id":28714,"name":"Rossbach","state_code":"BY","country_code":"DE"}},{"type":"Feature","geometry":{"type":"Point","coordinates":[10.46911,48.42943]},"properties":{"id":28742,"name":"Roßhaupten","state_code":"BY","country_code":"DE"}},{"type":"Feature","geometry":{"type":"Point","coordinates":[10.88848,49.39567]},"properties":{"id":28746,"name":"Roßtal","state_code":"BY","country_code":"DE"}},{"type":"Feature","geometry":{"type":"Point","coordinates":[11.09111,49.24762]},"properties":{"id":28720,"name":"Roth","state_code":"BY","country_code":"DE"}},{"type":"Feature","geometry":{"type":"Point","coordinates":[9.97387,47.62303]},"properties":{"id":28790,"name":"Röthenbach","state_code":"BY","country_code":"DE"}},{"type":"Feature","geometry":{"type":"Point","coordinates":[11.24116,49.48301]},"properties":{"id":28791,"name":"Röthenbach an der Pegnitz","state_code":"BY","country_code":"DE"}},{"type":"Feature","geometry":{"type":"Point","coordinates":[9.39389,49.96528]},"properties":{"id":28723,"name":"Rothenbuch","state_code":"BY","country_code":"DE"}},{"type":"Feature","geometry":{"type":"Point","coordinates":[10.18711,49.37885]},"properties":{"id":28725,"name":"Rothenburg ob der Tauber","state_code":"BY","country_code":"DE"}},{"type":"Feature","geometry":{"type":"Point","coordinates":[9.5926,49.89135]},"properties":{"id":28727,"name":"Rothenfels","state_code":"BY","country_code":"DE"}},{"type":"Feature","geometry":{"type":"Point","coordinates":[10.21667,49.98333]},"properties":{"id":28792,"name":"Röthlein","state_code":"BY","country_code":"DE"}},{"type":"Feature","geometry":{"type":"Point","coordinates":[12.08771,47.92008]},"properties":{"id":28729,"name":"Rott","state_code":"BY","country_code":"DE"}},{"type":"Feature","geometry":{"type":"Point","coordinates":[11.77065,47.68966]},"properties":{"id":28730,"name":"Rottach-Egern","state_code":"BY","country_code":"DE"}},{"type":"Feature","geometry":{"type":"Point","coordinates":[10.92607,49.66429]},"properties":{"id":28793,"name":"Röttenbach","state_code":"BY","country_code":"DE"}},{"type":"Feature","geometry":{"type":"Point","coordinates":[10.96667,47.73333]},"properties":{"id":28733,"name":"Rottenbuch","state_code":"BY","country_code":"DE"}},{"type":"Feature","geometry":{"type":"Point","coordinates":[12.02717,48.70233]},"properties":{"id":28735,"name":"Rottenburg an der Laaber","state_code":"BY","country_code":"DE"}},{"type":"Feature","geometry":{"type":"Point","coordinates":[10.02593,49.7923]},"properties":{"id":28736,"name":"Rottendorf","state_code":"BY","country_code":"DE"}},{"type":"Feature","geometry":{"type":"Point","coordinates":[13.20162,48.35825]},"properties":{"id":28737,"name":"Rotthalmünster","state_code":"BY","country_code":"DE"}},{"type":"Feature","geometry":{"type":"Point","coordinates":[9.97082,49.50969]},"properties":{"id":28794,"name":"Röttingen","state_code":"BY","country_code":"DE"}},{"type":"Feature","geometry":{"type":"Point","coordinates":[12.52963,49.34316]},"properties":{"id":28795,"name":"Rötz","state_code":"BY","country_code":"DE"}},{"type":"Feature","geometry":{"type":"Point","coordinates":[11.24751,49.49757]},"properties":{"id":28798,"name":"Rückersdorf","state_code":"BY","country_code":"DE"}},{"type":"Feature","geometry":{"type":"Point","coordinates":[11.76667,48.6]},"properties":{"id":28748,"name":"Rudelzhausen","state_code":"BY","country_code":"DE"}},{"type":"Feature","geometry":{"type":"Point","coordinates":[10.58333,47.81667]},"properties":{"id":28749,"name":"Ruderatshofen","state_code":"BY","country_code":"DE"}},{"type":"Feature","geometry":{"type":"Point","coordinates":[13.41667,48.65]},"properties":{"id":28751,"name":"Ruderting","state_code":"BY","country_code":"DE"}},{"type":"Feature","geometry":{"type":"Point","coordinates":[11.46667,50.2]},"properties":{"id":28754,"name":"Rugendorf","state_code":"BY","country_code":"DE"}},{"type":"Feature","geometry":{"type":"Point","coordinates":[10.58333,49.4]},"properties":{"id":28803,"name":"Rügland","state_code":"BY","country_code":"DE"}},{"type":"Feature","geometry":{"type":"Point","coordinates":[12.98347,48.98327]},"properties":{"id":28757,"name":"Ruhmannsfelden","state_code":"BY","country_code":"DE"}},{"type":"Feature","geometry":{"type":"Point","coordinates":[12.65,47.76667]},"properties":{"id":28758,"name":"Ruhpolding","state_code":"BY","country_code":"DE"}},{"type":"Feature","geometry":{"type":"Point","coordinates":[12.68305,48.53976]},"properties":{"id":28759,"name":"Ruhstorf","state_code":"BY","country_code":"DE"}},{"type":"Feature","geometry":{"type":"Point","coordinates":[12.76208,49.21513]},"properties":{"id":28763,"name":"Runding","state_code":"BY","country_code":"DE"}},{"type":"Feature","geometry":{"type":"Point","coordinates":[11.93196,48.90099]},"properties":{"id":28812,"name":"Saal","state_code":"BY","country_code":"DE"}},{"type":"Feature","geometry":{"type":"Point","coordinates":[10.35769,50.31673]},"properties":{"id":28813,"name":"Saal an der Saale","state_code":"BY","country_code":"DE"}},{"type":"Feature","geometry":{"type":"Point","coordinates":[10.65971,49.28999]},"properties":{"id":28821,"name":"Sachsen","state_code":"BY","country_code":"DE"}},{"type":"Feature","geometry":{"type":"Point","coordinates":[11.64396,47.80543]},"properties":{"id":28825,"name":"Sachsenkam","state_code":"BY","country_code":"DE"}},{"type":"Feature","geometry":{"type":"Point","coordinates":[9.25932,50.02461]},"properties":{"id":28829,"name":"Sailauf","state_code":"BY","country_code":"DE"}},{"type":"Feature","geometry":{"type":"Point","coordinates":[12.57043,48.81047]},"properties":{"id":28831,"name":"Salching","state_code":"BY","country_code":"DE"}},{"type":"Feature","geometry":{"type":"Point","coordinates":[13.35586,48.7731]},"properties":{"id":28832,"name":"Saldenburg","state_code":"BY","country_code":"DE"}},{"type":"Feature","geometry":{"type":"Point","coordinates":[10.4789,48.13069]},"properties":{"id":28834,"name":"Salgen","state_code":"BY","country_code":"DE"}},{"type":"Feature","geometry":{"type":"Point","coordinates":[10.21205,50.30842]},"properties":{"id":28837,"name":"Salz","state_code":"BY","country_code":"DE"}},{"type":"Feature","geometry":{"type":"Point","coordinates":[13.48333,48.61667]},"properties":{"id":28845,"name":"Salzweg","state_code":"BY","country_code":"DE"}},{"type":"Feature","geometry":{"type":"Point","coordinates":[12.19139,47.77654]},"properties":{"id":28846,"name":"Samerberg","state_code":"BY","country_code":"DE"}},{"type":"Feature","geometry":{"type":"Point","coordinates":[10.5862,49.98585]},"properties":{"id":28849,"name":"Sand","state_code":"BY","country_code":"DE"}},{"type":"Feature","geometry":{"type":"Point","coordinates":[10.00814,50.34824]},"properties":{"id":28851,"name":"Sandberg","state_code":"BY","country_code":"DE"}},{"type":"Feature","geometry":{"type":"Point","coordinates":[12.82658,49.00298]},"properties":{"id":28864,"name":"Sankt Englmar","state_code":"BY","country_code":"DE"}},{"type":"Feature","geometry":{"type":"Point","coordinates":[12.71926,47.91533]},"properties":{"id":28875,"name":"Sankt Leonhard am Wonneberg","state_code":"BY","country_code":"DE"}},{"type":"Feature","geometry":{"type":"Point","coordinates":[12.13333,48.21667]},"properties":{"id":28884,"name":"Sankt Wolfgang","state_code":"BY","country_code":"DE"}},{"type":"Feature","geometry":{"type":"Point","coordinates":[11.65383,47.97171]},"properties":{"id":28895,"name":"Sauerlach","state_code":"BY","country_code":"DE"}},{"type":"Feature","geometry":{"type":"Point","coordinates":[11.02469,47.66643]},"properties":{"id":28898,"name":"Saulgrub","state_code":"BY","country_code":"DE"}},{"type":"Feature","geometry":{"type":"Point","coordinates":[11.45591,47.99027]},"properties":{"id":29098,"name":"Schäftlarn","state_code":"BY","country_code":"DE"}},{"type":"Feature","geometry":{"type":"Point","coordinates":[11.74169,50.27826]},"properties":{"id":28914,"name":"Schauenstein","state_code":"BY","country_code":"DE"}},{"type":"Feature","geometry":{"type":"Point","coordinates":[13.06667,48.85]},"properties":{"id":28915,"name":"Schaufling","state_code":"BY","country_code":"DE"}},{"type":"Feature","geometry":{"type":"Point","coordinates":[12.12393,47.92911]},"properties":{"id":28916,"name":"Schechen","state_code":"BY","country_code":"DE"}},{"type":"Feature","geometry":{"type":"Point","coordinates":[9.84829,47.58141]},"properties":{"id":28922,"name":"Scheidegg","state_code":"BY","country_code":"DE"}},{"type":"Feature","geometry":{"type":"Point","coordinates":[10.46554,49.66931]},"properties":{"id":28923,"name":"Scheinfeld","state_code":"BY","country_code":"DE"}},{"type":"Feature","geometry":{"type":"Point","coordinates":[10.64005,48.18032]},"properties":{"id":28935,"name":"Scherstetten","state_code":"BY","country_code":"DE"}},{"type":"Feature","geometry":{"type":"Point","coordinates":[11.03299,49.97568]},"properties":{"id":28939,"name":"Scheßlitz","state_code":"BY","country_code":"DE"}},{"type":"Feature","geometry":{"type":"Point","coordinates":[10.89569,48.16769]},"properties":{"id":28937,"name":"Scheuring","state_code":"BY","country_code":"DE"}},{"type":"Feature","geometry":{"type":"Point","coordinates":[11.46667,48.5]},"properties":{"id":28938,"name":"Scheyern","state_code":"BY","country_code":"DE"}},{"type":"Feature","geometry":{"type":"Point","coordinates":[12.13946,48.83422]},"properties":{"id":28941,"name":"Schierling","state_code":"BY","country_code":"DE"}},{"type":"Feature","geometry":{"type":"Point","coordinates":[10.26276,49.28775]},"properties":{"id":28948,"name":"Schillingsfürst","state_code":"BY","country_code":"DE"}},{"type":"Feature","geometry":{"type":"Point","coordinates":[11.24876,48.46293]},"properties":{"id":28950,"name":"Schiltberg","state_code":"BY","country_code":"DE"}},{"type":"Feature","geometry":{"type":"Point","coordinates":[12.16667,49.65]},"properties":{"id":28953,"name":"Schirmitz","state_code":"BY","country_code":"DE"}},{"type":"Feature","geometry":{"type":"Point","coordinates":[12.22742,50.08205]},"properties":{"id":28954,"name":"Schirnding","state_code":"BY","country_code":"DE"}},{"type":"Feature","geometry":{"type":"Point","coordinates":[12.39481,47.72098]},"properties":{"id":28965,"name":"Schleching","state_code":"BY","country_code":"DE"}},{"type":"Feature","geometry":{"type":"Point","coordinates":[11.31494,47.65795]},"properties":{"id":28967,"name":"Schlehdorf","state_code":"BY","country_code":"DE"}},{"type":"Feature","geometry":{"type":"Point","coordinates":[11.85936,47.73621]},"properties":{"id":28979,"name":"Schliersee","state_code":"BY","country_code":"DE"}},{"type":"Feature","geometry":{"type":"Point","coordinates":[10.61873,49.75621]},"properties":{"id":28985,"name":"Schlüsselfeld","state_code":"BY","country_code":"DE"}},{"type":"Feature","geometry":{"type":"Point","coordinates":[12.09247,49.4234]},"properties":{"id":28991,"name":"Schmidgaden","state_code":"BY","country_code":"DE"}},{"type":"Feature","geometry":{"type":"Point","coordinates":[11.92429,49.26898]},"properties":{"id":28992,"name":"Schmidmühlen","state_code":"BY","country_code":"DE"}},{"type":"Feature","geometry":{"type":"Point","coordinates":[10.96667,48.21667]},"properties":{"id":28993,"name":"Schmiechen","state_code":"BY","country_code":"DE"}},{"type":"Feature","geometry":{"type":"Point","coordinates":[12.36667,48.06667]},"properties":{"id":29000,"name":"Schnaitsee","state_code":"BY","country_code":"DE"}},{"type":"Feature","geometry":{"type":"Point","coordinates":[11.34328,49.55958]},"properties":{"id":29001,"name":"Schnaittach","state_code":"BY","country_code":"DE"}},{"type":"Feature","geometry":{"type":"Point","coordinates":[12.00184,49.54692]},"properties":{"id":29002,"name":"Schnaittenbach","state_code":"BY","country_code":"DE"}},{"type":"Feature","geometry":{"type":"Point","coordinates":[11.19395,50.21184]},"properties":{"id":29003,"name":"Schneckenlohe","state_code":"BY","country_code":"DE"}},{"type":"Feature","geometry":{"type":"Point","coordinates":[12.8,47.68333]},"properties":{"id":29007,"name":"Schneizlreuth","state_code":"BY","country_code":"DE"}},{"type":"Feature","geometry":{"type":"Point","coordinates":[10.18333,49.2]},"properties":{"id":29008,"name":"Schnelldorf","state_code":"BY","country_code":"DE"}},{"type":"Feature","geometry":{"type":"Point","coordinates":[13.22861,48.83882]},"properties":{"id":29100,"name":"Schöfweg","state_code":"BY","country_code":"DE"}},{"type":"Feature","geometry":{"type":"Point","coordinates":[9.24697,50.08545]},"properties":{"id":29101,"name":"Schöllkrippen","state_code":"BY","country_code":"DE"}},{"type":"Feature","geometry":{"type":"Point","coordinates":[13.17781,48.75412]},"properties":{"id":29102,"name":"Schöllnach","state_code":"BY","country_code":"DE"}},{"type":"Feature","geometry":{"type":"Point","coordinates":[12.85,48.48333]},"properties":{"id":29105,"name":"Schönau","state_code":"BY","country_code":"DE"}},{"type":"Feature","geometry":{"type":"Point","coordinates":[12.98704,47.60055]},"properties":{"id":29107,"name":"Schönau am Königssee","state_code":"BY","country_code":"DE"}},{"type":"Feature","geometry":{"type":"Point","coordinates":[11.09138,48.05296]},"properties":{"id":29014,"name":"Schondorf am Ammersee","state_code":"BY","country_code":"DE"}},{"type":"Feature","geometry":{"type":"Point","coordinates":[9.86277,50.26814]},"properties":{"id":29015,"name":"Schondra","state_code":"BY","country_code":"DE"}},{"type":"Feature","geometry":{"type":"Point","coordinates":[10.89664,47.8124]},"properties":{"id":29016,"name":"Schongau","state_code":"BY","country_code":"DE"}},{"type":"Feature","geometry":{"type":"Point","coordinates":[11.20399,48.14135]},"properties":{"id":29124,"name":"Schöngeising","state_code":"BY","country_code":"DE"}},{"type":"Feature","geometry":{"type":"Point","coordinates":[12.54763,49.5103]},"properties":{"id":29129,"name":"Schönsee","state_code":"BY","country_code":"DE"}},{"type":"Feature","geometry":{"type":"Point","coordinates":[12.25,47.98333]},"properties":{"id":29017,"name":"Schonstett","state_code":"BY","country_code":"DE"}},{"type":"Feature","geometry":{"type":"Point","coordinates":[12.6,49.35]},"properties":{"id":29131,"name":"Schönthal","state_code":"BY","country_code":"DE"}},{"type":"Feature","geometry":{"type":"Point","coordinates":[10.30809,50.05008]},"properties":{"id":29018,"name":"Schonungen","state_code":"BY","country_code":"DE"}},{"type":"Feature","geometry":{"type":"Point","coordinates":[12.08503,50.1997]},"properties":{"id":29132,"name":"Schönwald","state_code":"BY","country_code":"DE"}},{"type":"Feature","geometry":{"type":"Point","coordinates":[10.30774,49.11917]},"properties":{"id":29020,"name":"Schopfloch","state_code":"BY","country_code":"DE"}},{"type":"Feature","geometry":{"type":"Point","coordinates":[12.59316,49.16041]},"properties":{"id":29023,"name":"Schorndorf","state_code":"BY","country_code":"DE"}},{"type":"Feature","geometry":{"type":"Point","coordinates":[11.26071,48.56067]},"properties":{"id":29032,"name":"Schrobenhausen","state_code":"BY","country_code":"DE"}},{"type":"Feature","geometry":{"type":"Point","coordinates":[11.02346,49.33047]},"properties":{"id":29039,"name":"Schwabach","state_code":"BY","country_code":"DE"}},{"type":"Feature","geometry":{"type":"Point","coordinates":[11.35729,48.40157]},"properties":{"id":29041,"name":"Schwabhausen","state_code":"BY","country_code":"DE"}},{"type":"Feature","geometry":{"type":"Point","coordinates":[10.75675,48.17928]},"properties":{"id":29042,"name":"Schwabmünchen","state_code":"BY","country_code":"DE"}},{"type":"Feature","geometry":{"type":"Point","coordinates":[10.83333,47.83333]},"properties":{"id":29043,"name":"Schwabsoien","state_code":"BY","country_code":"DE"}},{"type":"Feature","geometry":{"type":"Point","coordinates":[11.20064,49.46955]},"properties":{"id":29046,"name":"Schwaig","state_code":"BY","country_code":"DE"}},{"type":"Feature","geometry":{"type":"Point","coordinates":[12.1098,49.32534]},"properties":{"id":29057,"name":"Schwandorf in Bayern","state_code":"BY","country_code":"DE"}},{"type":"Feature","geometry":{"type":"Point","coordinates":[10.13866,49.92166]},"properties":{"id":29060,"name":"Schwanfeld","state_code":"BY","country_code":"DE"}},{"type":"Feature","geometry":{"type":"Point","coordinates":[10.73416,47.57722]},"properties":{"id":29061,"name":"Schwangau","state_code":"BY","country_code":"DE"}},{"type":"Feature","geometry":{"type":"Point","coordinates":[12.81143,48.91567]},"properties":{"id":29066,"name":"Schwarzach","state_code":"BY","country_code":"DE"}},{"type":"Feature","geometry":{"type":"Point","coordinates":[12.38005,49.83876]},"properties":{"id":29067,"name":"Schwarzenbach","state_code":"BY","country_code":"DE"}},{"type":"Feature","geometry":{"type":"Point","coordinates":[11.93504,50.22279]},"properties":{"id":29068,"name":"Schwarzenbach an der Saale","state_code":"BY","country_code":"DE"}},{"type":"Feature","geometry":{"type":"Point","coordinates":[11.24333,49.35778]},"properties":{"id":29072,"name":"Schwarzenbruck","state_code":"BY","country_code":"DE"}},{"type":"Feature","geometry":{"type":"Point","coordinates":[12.13484,49.38774]},"properties":{"id":29073,"name":"Schwarzenfeld","state_code":"BY","country_code":"DE"}},{"type":"Feature","geometry":{"type":"Point","coordinates":[12.3449,49.37749]},"properties":{"id":29075,"name":"Schwarzhofen","state_code":"BY","country_code":"DE"}},{"type":"Feature","geometry":{"type":"Point","coordinates":[10.24776,49.99036]},"properties":{"id":29076,"name":"Schwebheim","state_code":"BY","country_code":"DE"}},{"type":"Feature","geometry":{"type":"Point","coordinates":[10.22175,50.04937]},"properties":{"id":29083,"name":"Schweinfurt","state_code":"BY","country_code":"DE"}},{"type":"Feature","geometry":{"type":"Point","coordinates":[11.60451,48.50333]},"properties":{"id":29084,"name":"Schweitenkirchen","state_code":"BY","country_code":"DE"}},{"type":"Feature","geometry":{"type":"Point","coordinates":[10.65,48.65]},"properties":{"id":29087,"name":"Schwenningen","state_code":"BY","country_code":"DE"}},{"type":"Feature","geometry":{"type":"Point","coordinates":[12.25978,48.27155]},"properties":{"id":29094,"name":"Schwindegg","state_code":"BY","country_code":"DE"}},{"type":"Feature","geometry":{"type":"Point","coordinates":[11.21395,48.03505]},"properties":{"id":29150,"name":"Seefeld","state_code":"BY","country_code":"DE"}},{"type":"Feature","geometry":{"type":"Point","coordinates":[10.6,47.65]},"properties":{"id":29151,"name":"Seeg","state_code":"BY","country_code":"DE"}},{"type":"Feature","geometry":{"type":"Point","coordinates":[11.18498,47.68928]},"properties":{"id":29153,"name":"Seehausen am Staffelsee","state_code":"BY","country_code":"DE"}},{"type":"Feature","geometry":{"type":"Point","coordinates":[12.46667,47.96667]},"properties":{"id":29162,"name":"Seeon-Seebruck","state_code":"BY","country_code":"DE"}},{"type":"Feature","geometry":{"type":"Point","coordinates":[11.30219,47.82468]},"properties":{"id":29164,"name":"Seeshaupt","state_code":"BY","country_code":"DE"}},{"type":"Feature","geometry":{"type":"Point","coordinates":[10.22038,49.64073]},"properties":{"id":29174,"name":"Seinsheim","state_code":"BY","country_code":"DE"}},{"type":"Feature","geometry":{"type":"Point","coordinates":[12.13054,50.17058]},"properties":{"id":29176,"name":"Selb","state_code":"BY","country_code":"DE"}},{"type":"Feature","geometry":{"type":"Point","coordinates":[11.75019,50.31702]},"properties":{"id":29177,"name":"Selbitz","state_code":"BY","country_code":"DE"}},{"type":"Feature","geometry":{"type":"Point","coordinates":[10.04442,48.32441]},"properties":{"id":29188,"name":"Senden","state_code":"BY","country_code":"DE"}},{"type":"Feature","geometry":{"type":"Point","coordinates":[11.46667,49.23333]},"properties":{"id":29192,"name":"Sengenthal","state_code":"BY","country_code":"DE"}},{"type":"Feature","geometry":{"type":"Point","coordinates":[10.25986,50.03895]},"properties":{"id":29194,"name":"Sennfeld","state_code":"BY","country_code":"DE"}},{"type":"Feature","geometry":{"type":"Point","coordinates":[10.84197,50.18969]},"properties":{"id":29204,"name":"Seßlach","state_code":"BY","country_code":"DE"}},{"type":"Feature","geometry":{"type":"Point","coordinates":[11.62714,49.16212]},"properties":{"id":29198,"name":"Seubersdorf","state_code":"BY","country_code":"DE"}},{"type":"Feature","geometry":{"type":"Point","coordinates":[10.87999,49.48844]},"properties":{"id":29199,"name":"Seukendorf","state_code":"BY","country_code":"DE"}},{"type":"Feature","geometry":{"type":"Point","coordinates":[11.70531,49.89372]},"properties":{"id":29202,"name":"Seybothenreuth","state_code":"BY","country_code":"DE"}},{"type":"Feature","geometry":{"type":"Point","coordinates":[11.84831,48.75421]},"properties":{"id":29214,"name":"Siegenburg","state_code":"BY","country_code":"DE"}},{"type":"Feature","geometry":{"type":"Point","coordinates":[12.64277,47.82278]},"properties":{"id":29215,"name":"Siegsdorf","state_code":"BY","country_code":"DE"}},{"type":"Feature","geometry":{"type":"Point","coordinates":[11.16667,48.4]},"properties":{"id":29217,"name":"Sielenbach","state_code":"BY","country_code":"DE"}},{"type":"Feature","geometry":{"type":"Point","coordinates":[9.76667,47.58333]},"properties":{"id":29228,"name":"Sigmarszell","state_code":"BY","country_code":"DE"}},{"type":"Feature","geometry":{"type":"Point","coordinates":[12.73888,48.56606]},"properties":{"id":29231,"name":"Simbach","state_code":"BY","country_code":"DE"}},{"type":"Feature","geometry":{"type":"Point","coordinates":[13.02309,48.26548]},"properties":{"id":29232,"name":"Simbach am Inn","state_code":"BY","country_code":"DE"}},{"type":"Feature","geometry":{"type":"Point","coordinates":[11.33901,49.59775]},"properties":{"id":29233,"name":"Simmelsdorf","state_code":"BY","country_code":"DE"}},{"type":"Feature","geometry":{"type":"Point","coordinates":[11.33295,47.72458]},"properties":{"id":29240,"name":"Sindelsdorf","state_code":"BY","country_code":"DE"}},{"type":"Feature","geometry":{"type":"Point","coordinates":[12.03333,49]},"properties":{"id":29248,"name":"Sinzing","state_code":"BY","country_code":"DE"}},{"type":"Feature","geometry":{"type":"Point","coordinates":[12.22959,47.93118]},"properties":{"id":29489,"name":"Söchtenau","state_code":"BY","country_code":"DE"}},{"type":"Feature","geometry":{"type":"Point","coordinates":[10.9956,48.89582]},"properties":{"id":29261,"name":"Solnhofen","state_code":"BY","country_code":"DE"}},{"type":"Feature","geometry":{"type":"Point","coordinates":[10.20792,49.82923]},"properties":{"id":29264,"name":"Sommerach","state_code":"BY","country_code":"DE"}},{"type":"Feature","geometry":{"type":"Point","coordinates":[10.02605,49.70361]},"properties":{"id":29265,"name":"Sommerhausen","state_code":"BY","country_code":"DE"}},{"type":"Feature","geometry":{"type":"Point","coordinates":[9.25676,50.06961]},"properties":{"id":29266,"name":"Sommerkahl","state_code":"BY","country_code":"DE"}},{"type":"Feature","geometry":{"type":"Point","coordinates":[10.15675,50.4651]},"properties":{"id":29269,"name":"Sondheim vor der Rhön","state_code":"BY","country_code":"DE"}},{"type":"Feature","geometry":{"type":"Point","coordinates":[11.13333,50.21667]},"properties":{"id":29272,"name":"Sonnefeld","state_code":"BY","country_code":"DE"}},{"type":"Feature","geometry":{"type":"Point","coordinates":[13.71667,48.68333]},"properties":{"id":29273,"name":"Sonnen","state_code":"BY","country_code":"DE"}},{"type":"Feature","geometry":{"type":"Point","coordinates":[10.35461,48.00704]},"properties":{"id":29276,"name":"Sontheim","state_code":"BY","country_code":"DE"}},{"type":"Feature","geometry":{"type":"Point","coordinates":[10.28262,47.51821]},"properties":{"id":29278,"name":"Sonthofen","state_code":"BY","country_code":"DE"}},{"type":"Feature","geometry":{"type":"Point","coordinates":[12.21006,48.10808]},"properties":{"id":29282,"name":"Soyen","state_code":"BY","country_code":"DE"}},{"type":"Feature","geometry":{"type":"Point","coordinates":[10.92453,49.17553]},"properties":{"id":29285,"name":"Spalt","state_code":"BY","country_code":"DE"}},{"type":"Feature","geometry":{"type":"Point","coordinates":[11.05585,49.60854]},"properties":{"id":29288,"name":"Spardorf","state_code":"BY","country_code":"DE"}},{"type":"Feature","geometry":{"type":"Point","coordinates":[11.84349,50.16214]},"properties":{"id":29289,"name":"Sparneck","state_code":"BY","country_code":"DE"}},{"type":"Feature","geometry":{"type":"Point","coordinates":[11.78123,49.87133]},"properties":{"id":29293,"name":"Speichersdorf","state_code":"BY","country_code":"DE"}},{"type":"Feature","geometry":{"type":"Point","coordinates":[11.81949,49.79002]},"properties":{"id":29294,"name":"Speinshart","state_code":"BY","country_code":"DE"}},{"type":"Feature","geometry":{"type":"Point","coordinates":[13.36229,48.91517]},"properties":{"id":29300,"name":"Spiegelau","state_code":"BY","country_code":"DE"}},{"type":"Feature","geometry":{"type":"Point","coordinates":[11.19757,50.00317]},"properties":{"id":29316,"name":"Stadelhofen","state_code":"BY","country_code":"DE"}},{"type":"Feature","geometry":{"type":"Point","coordinates":[10.84636,48.36641]},"properties":{"id":29320,"name":"Stadtbergen","state_code":"BY","country_code":"DE"}},{"type":"Feature","geometry":{"type":"Point","coordinates":[10.36164,50.18708]},"properties":{"id":29324,"name":"Stadtlauringen","state_code":"BY","country_code":"DE"}},{"type":"Feature","geometry":{"type":"Point","coordinates":[9.41184,49.78466]},"properties":{"id":29328,"name":"Stadtprozelten","state_code":"BY","country_code":"DE"}},{"type":"Feature","geometry":{"type":"Point","coordinates":[11.50349,50.16433]},"properties":{"id":29331,"name":"Stadtsteinach","state_code":"BY","country_code":"DE"}},{"type":"Feature","geometry":{"type":"Point","coordinates":[12.23108,48.55838]},"properties":{"id":29335,"name":"Stallwang","state_code":"BY","country_code":"DE"}},{"type":"Feature","geometry":{"type":"Point","coordinates":[11.69129,50.14551]},"properties":{"id":29336,"name":"Stammbach","state_code":"BY","country_code":"DE"}},{"type":"Feature","geometry":{"type":"Point","coordinates":[11.86961,48.29604]},"properties":{"id":29337,"name":"Stammham","state_code":"BY","country_code":"DE"}},{"type":"Feature","geometry":{"type":"Point","coordinates":[12.53051,49.26755]},"properties":{"id":29338,"name":"Stamsried","state_code":"BY","country_code":"DE"}},{"type":"Feature","geometry":{"type":"Point","coordinates":[11.34416,48.00193]},"properties":{"id":29341,"name":"Starnberg","state_code":"BY","country_code":"DE"}},{"type":"Feature","geometry":{"type":"Point","coordinates":[12.48333,47.78333]},"properties":{"id":29343,"name":"Staudach-Egerndach","state_code":"BY","country_code":"DE"}},{"type":"Feature","geometry":{"type":"Point","coordinates":[10.84385,49.86543]},"properties":{"id":29351,"name":"Stegaurach","state_code":"BY","country_code":"DE"}},{"type":"Feature","geometry":{"type":"Point","coordinates":[11.01599,49.41581]},"properties":{"id":29357,"name":"Stein","state_code":"BY","country_code":"DE"}},{"type":"Feature","geometry":{"type":"Point","coordinates":[12.60709,48.95417]},"properties":{"id":29359,"name":"Steinach","state_code":"BY","country_code":"DE"}},{"type":"Feature","geometry":{"type":"Point","coordinates":[11.65055,50.15328]},"properties":{"id":29364,"name":"Steinbach","state_code":"BY","country_code":"DE"}},{"type":"Feature","geometry":{"type":"Point","coordinates":[9.66944,49.95278]},"properties":{"id":29371,"name":"Steinfeld","state_code":"BY","country_code":"DE"}},{"type":"Feature","geometry":{"type":"Point","coordinates":[10.86667,47.7]},"properties":{"id":29375,"name":"Steingaden","state_code":"BY","country_code":"DE"}},{"type":"Feature","geometry":{"type":"Point","coordinates":[10.16081,48.01473]},"properties":{"id":29380,"name":"Steinheim","state_code":"BY","country_code":"DE"}},{"type":"Feature","geometry":{"type":"Point","coordinates":[12.0314,48.08679]},"properties":{"id":29385,"name":"Steinhöring","state_code":"BY","country_code":"DE"}},{"type":"Feature","geometry":{"type":"Point","coordinates":[12.08333,48.38333]},"properties":{"id":29388,"name":"Steinkirchen","state_code":"BY","country_code":"DE"}},{"type":"Feature","geometry":{"type":"Point","coordinates":[10.21667,49.41667]},"properties":{"id":29390,"name":"Steinsfeld","state_code":"BY","country_code":"DE"}},{"type":"Feature","geometry":{"type":"Point","coordinates":[11.46295,50.29444]},"properties":{"id":29393,"name":"Steinwiesen","state_code":"BY","country_code":"DE"}},{"type":"Feature","geometry":{"type":"Point","coordinates":[12.1856,47.85389]},"properties":{"id":29399,"name":"Stephanskirchen","state_code":"BY","country_code":"DE"}},{"type":"Feature","geometry":{"type":"Point","coordinates":[12.8,48.81667]},"properties":{"id":29400,"name":"Stephansposching","state_code":"BY","country_code":"DE"}},{"type":"Feature","geometry":{"type":"Point","coordinates":[10.44474,48.02382]},"properties":{"id":29404,"name":"Stetten","state_code":"BY","country_code":"DE"}},{"type":"Feature","geometry":{"type":"Point","coordinates":[10.7217,49.9709]},"properties":{"id":29406,"name":"Stettfeld","state_code":"BY","country_code":"DE"}},{"type":"Feature","geometry":{"type":"Point","coordinates":[10.00365,47.5932]},"properties":{"id":29408,"name":"Stiefenhofen","state_code":"BY","country_code":"DE"}},{"type":"Feature","geometry":{"type":"Point","coordinates":[11.28172,50.30639]},"properties":{"id":29412,"name":"Stockheim","state_code":"BY","country_code":"DE"}},{"type":"Feature","geometry":{"type":"Point","coordinates":[9.07153,49.97005]},"properties":{"id":29413,"name":"Stockstadt am Main","state_code":"BY","country_code":"DE"}},{"type":"Feature","geometry":{"type":"Point","coordinates":[12.20547,49.73232]},"properties":{"id":29451,"name":"Störnstein","state_code":"BY","country_code":"DE"}},{"type":"Feature","geometry":{"type":"Point","coordinates":[10.68881,47.73871]},"properties":{"id":29452,"name":"Stötten am Auerberg","state_code":"BY","country_code":"DE"}},{"type":"Feature","geometry":{"type":"Point","coordinates":[10.71667,47.88333]},"properties":{"id":29453,"name":"Stöttwang","state_code":"BY","country_code":"DE"}},{"type":"Feature","geometry":{"type":"Point","coordinates":[12.72105,48.83071]},"properties":{"id":29433,"name":"Straßkirchen","state_code":"BY","country_code":"DE"}},{"type":"Feature","geometry":{"type":"Point","coordinates":[11.5141,48.00491]},"properties":{"id":29434,"name":"Straßlach-Dingharting","state_code":"BY","country_code":"DE"}},{"type":"Feature","geometry":{"type":"Point","coordinates":[12.57385,48.88126]},"properties":{"id":29428,"name":"Straubing","state_code":"BY","country_code":"DE"}},{"type":"Feature","geometry":{"type":"Point","coordinates":[10.97208,49.84429]},"properties":{"id":29437,"name":"Strullendorf","state_code":"BY","country_code":"DE"}},{"type":"Feature","geometry":{"type":"Point","coordinates":[13.08333,48.31667]},"properties":{"id":29441,"name":"Stubenberg","state_code":"BY","country_code":"DE"}},{"type":"Feature","geometry":{"type":"Point","coordinates":[12.13333,49.41667]},"properties":{"id":29443,"name":"Stulln","state_code":"BY","country_code":"DE"}},{"type":"Feature","geometry":{"type":"Point","coordinates":[10.43563,49.60276]},"properties":{"id":29461,"name":"Sugenheim","state_code":"BY","country_code":"DE"}},{"type":"Feature","geometry":{"type":"Point","coordinates":[9.15315,49.91149]},"properties":{"id":29469,"name":"Sulzbach am Main","state_code":"BY","country_code":"DE"}},{"type":"Feature","geometry":{"type":"Point","coordinates":[11.74598,49.50126]},"properties":{"id":29471,"name":"Sulzbach-Rosenberg","state_code":"BY","country_code":"DE"}},{"type":"Feature","geometry":{"type":"Point","coordinates":[10.34991,47.66033]},"properties":{"id":29472,"name":"Sulzberg","state_code":"BY","country_code":"DE"}},{"type":"Feature","geometry":{"type":"Point","coordinates":[9.90389,49.65002]},"properties":{"id":29474,"name":"Sulzdorf","state_code":"BY","country_code":"DE"}},{"type":"Feature","geometry":{"type":"Point","coordinates":[11.26356,48.29107]},"properties":{"id":29475,"name":"Sulzemoos","state_code":"BY","country_code":"DE"}},{"type":"Feature","geometry":{"type":"Point","coordinates":[10.40525,50.25972]},"properties":{"id":29476,"name":"Sulzfeld","state_code":"BY","country_code":"DE"}},{"type":"Feature","geometry":{"type":"Point","coordinates":[10.13248,49.70694]},"properties":{"id":29478,"name":"Sulzfeld am Main","state_code":"BY","country_code":"DE"}},{"type":"Feature","geometry":{"type":"Point","coordinates":[10.33333,49.95]},"properties":{"id":29479,"name":"Sulzheim","state_code":"BY","country_code":"DE"}},{"type":"Feature","geometry":{"type":"Point","coordinates":[12.35129,48.87855]},"properties":{"id":29504,"name":"Sünching","state_code":"BY","country_code":"DE"}},{"type":"Feature","geometry":{"type":"Point","coordinates":[12.7,47.86667]},"properties":{"id":29482,"name":"Surberg","state_code":"BY","country_code":"DE"}},{"type":"Feature","geometry":{"type":"Point","coordinates":[10.5,48.33333]},"properties":{"id":29485,"name":"Swabia","state_code":"BY","country_code":"DE"}},{"type":"Feature","geometry":{"type":"Point","coordinates":[12.57008,48.07825]},"properties":{"id":29511,"name":"Tacherting","state_code":"BY","country_code":"DE"}},{"type":"Feature","geometry":{"type":"Point","coordinates":[12.72933,47.95942]},"properties":{"id":29512,"name":"Taching am See","state_code":"BY","country_code":"DE"}},{"type":"Feature","geometry":{"type":"Point","coordinates":[10.96667,48.81667]},"properties":{"id":29513,"name":"Tagmersheim","state_code":"BY","country_code":"DE"}},{"type":"Feature","geometry":{"type":"Point","coordinates":[12.89301,48.31463]},"properties":{"id":29521,"name":"Tann","state_code":"BY","country_code":"DE"}},{"type":"Feature","geometry":{"type":"Point","coordinates":[12.32765,49.53182]},"properties":{"id":29699,"name":"Tännesberg","state_code":"BY","country_code":"DE"}},{"type":"Feature","geometry":{"type":"Point","coordinates":[10.68377,48.67322]},"properties":{"id":29527,"name":"Tapfheim","state_code":"BY","country_code":"DE"}},{"type":"Feature","geometry":{"type":"Point","coordinates":[11.61701,48.0486]},"properties":{"id":29536,"name":"Taufkirchen","state_code":"BY","country_code":"DE"}},{"type":"Feature","geometry":{"type":"Point","coordinates":[12.17303,49.02394]},"properties":{"id":29544,"name":"Tegernheim","state_code":"BY","country_code":"DE"}},{"type":"Feature","geometry":{"type":"Point","coordinates":[11.7582,47.7123]},"properties":{"id":29545,"name":"Tegernsee","state_code":"BY","country_code":"DE"}},{"type":"Feature","geometry":{"type":"Point","coordinates":[12.81919,47.84921]},"properties":{"id":29548,"name":"Teisendorf","state_code":"BY","country_code":"DE"}},{"type":"Feature","geometry":{"type":"Point","coordinates":[12.61137,48.22721]},"properties":{"id":29549,"name":"Teising","state_code":"BY","country_code":"DE"}},{"type":"Feature","geometry":{"type":"Point","coordinates":[12.98784,49.04114]},"properties":{"id":29550,"name":"Teisnach","state_code":"BY","country_code":"DE"}},{"type":"Feature","geometry":{"type":"Point","coordinates":[11.25888,50.46979]},"properties":{"id":29563,"name":"Tettau","state_code":"BY","country_code":"DE"}},{"type":"Feature","geometry":{"type":"Point","coordinates":[13.26955,48.44281]},"properties":{"id":29564,"name":"Tettenweis","state_code":"BY","country_code":"DE"}},{"type":"Feature","geometry":{"type":"Point","coordinates":[12.08727,49.22289]},"properties":{"id":29566,"name":"Teublitz","state_code":"BY","country_code":"DE"}},{"type":"Feature","geometry":{"type":"Point","coordinates":[12.01175,48.89299]},"properties":{"id":29569,"name":"Teugn","state_code":"BY","country_code":"DE"}},{"type":"Feature","geometry":{"type":"Point","coordinates":[12.38333,49.48333]},"properties":{"id":29570,"name":"Teunz","state_code":"BY","country_code":"DE"}},{"type":"Feature","geometry":{"type":"Point","coordinates":[11.38235,50.39839]},"properties":{"id":29572,"name":"Teuschnitz","state_code":"BY","country_code":"DE"}},{"type":"Feature","geometry":{"type":"Point","coordinates":[12.155,48.91167]},"properties":{"id":29581,"name":"Thalmassing","state_code":"BY","country_code":"DE"}},{"type":"Feature","geometry":{"type":"Point","coordinates":[10.46917,48.28334]},"properties":{"id":29583,"name":"Thannhausen","state_code":"BY","country_code":"DE"}},{"type":"Feature","geometry":{"type":"Point","coordinates":[12.46667,49.38333]},"properties":{"id":29584,"name":"Thanstein","state_code":"BY","country_code":"DE"}},{"type":"Feature","geometry":{"type":"Point","coordinates":[10.03056,49.75403]},"properties":{"id":29587,"name":"Theilheim","state_code":"BY","country_code":"DE"}},{"type":"Feature","geometry":{"type":"Point","coordinates":[12.22744,49.69034]},"properties":{"id":29588,"name":"Theisseil","state_code":"BY","country_code":"DE"}},{"type":"Feature","geometry":{"type":"Point","coordinates":[10.90862,48.56531]},"properties":{"id":29593,"name":"Thierhaupten","state_code":"BY","country_code":"DE"}},{"type":"Feature","geometry":{"type":"Point","coordinates":[12.1265,50.07609]},"properties":{"id":29594,"name":"Thiersheim","state_code":"BY","country_code":"DE"}},{"type":"Feature","geometry":{"type":"Point","coordinates":[12.10203,50.10643]},"properties":{"id":29595,"name":"Thierstein","state_code":"BY","country_code":"DE"}},{"type":"Feature","geometry":{"type":"Point","coordinates":[10.31906,50.20097]},"properties":{"id":29601,"name":"Thundorf in Unterfranken","state_code":"BY","country_code":"DE"}},{"type":"Feature","geometry":{"type":"Point","coordinates":[9.8586,49.9414]},"properties":{"id":29605,"name":"Thüngen","state_code":"BY","country_code":"DE"}},{"type":"Feature","geometry":{"type":"Point","coordinates":[9.84917,49.87833]},"properties":{"id":29606,"name":"Thüngersheim","state_code":"BY","country_code":"DE"}},{"type":"Feature","geometry":{"type":"Point","coordinates":[13.3155,48.76627]},"properties":{"id":29602,"name":"Thurmansbang","state_code":"BY","country_code":"DE"}},{"type":"Feature","geometry":{"type":"Point","coordinates":[11.39348,50.02542]},"properties":{"id":29603,"name":"Thurnau","state_code":"BY","country_code":"DE"}},{"type":"Feature","geometry":{"type":"Point","coordinates":[13.53333,48.61667]},"properties":{"id":29604,"name":"Thyrnau","state_code":"BY","country_code":"DE"}},{"type":"Feature","geometry":{"type":"Point","coordinates":[12.1,48.5]},"properties":{"id":29609,"name":"Tiefenbach","state_code":"BY","country_code":"DE"}},{"type":"Feature","geometry":{"type":"Point","coordinates":[12.33112,49.88263]},"properties":{"id":29618,"name":"Tirschenreuth","state_code":"BY","country_code":"DE"}},{"type":"Feature","geometry":{"type":"Point","coordinates":[13.38221,48.72619]},"properties":{"id":29620,"name":"Tittling","state_code":"BY","country_code":"DE"}},{"type":"Feature","geometry":{"type":"Point","coordinates":[12.7676,48.06164]},"properties":{"id":29621,"name":"Tittmoning","state_code":"BY","country_code":"DE"}},{"type":"Feature","geometry":{"type":"Point","coordinates":[10.92856,48.51712]},"properties":{"id":29626,"name":"Todtenweis","state_code":"BY","country_code":"DE"}},{"type":"Feature","geometry":{"type":"Point","coordinates":[12.5846,48.26018]},"properties":{"id":29700,"name":"Töging am Inn","state_code":"BY","country_code":"DE"}},{"type":"Feature","geometry":{"type":"Point","coordinates":[11.87329,50.39067]},"properties":{"id":29703,"name":"Töpen","state_code":"BY","country_code":"DE"}},{"type":"Feature","geometry":{"type":"Point","coordinates":[11.9,49.8]},"properties":{"id":29637,"name":"Trabitz","state_code":"BY","country_code":"DE"}},{"type":"Feature","geometry":{"type":"Point","coordinates":[11.83333,48.73333]},"properties":{"id":29638,"name":"Train","state_code":"BY","country_code":"DE"}},{"type":"Feature","geometry":{"type":"Point","coordinates":[12.65,49.15]},"properties":{"id":29639,"name":"Traitsching","state_code":"BY","country_code":"DE"}},{"type":"Feature","geometry":{"type":"Point","coordinates":[10.56995,50.3188]},"properties":{"id":29641,"name":"Trappstadt","state_code":"BY","country_code":"DE"}},{"type":"Feature","geometry":{"type":"Point","coordinates":[12.59231,47.96269]},"properties":{"id":29643,"name":"Traunreut","state_code":"BY","country_code":"DE"}},{"type":"Feature","geometry":{"type":"Point","coordinates":[12.64335,47.86825]},"properties":{"id":29644,"name":"Traunstein","state_code":"BY","country_code":"DE"}},{"type":"Feature","geometry":{"type":"Point","coordinates":[12.26249,49.52114]},"properties":{"id":29645,"name":"Trausnitz","state_code":"BY","country_code":"DE"}},{"type":"Feature","geometry":{"type":"Point","coordinates":[10.59361,49.4581]},"properties":{"id":29646,"name":"Trautskirchen","state_code":"BY","country_code":"DE"}},{"type":"Feature","geometry":{"type":"Point","coordinates":[11.55,50.06667]},"properties":{"id":29650,"name":"Trebgast","state_code":"BY","country_code":"DE"}},{"type":"Feature","geometry":{"type":"Point","coordinates":[12.61574,49.42246]},"properties":{"id":29655,"name":"Treffelstein","state_code":"BY","country_code":"DE"}},{"type":"Feature","geometry":{"type":"Point","coordinates":[10.90833,48.95473]},"properties":{"id":29661,"name":"Treuchtlingen","state_code":"BY","country_code":"DE"}},{"type":"Feature","geometry":{"type":"Point","coordinates":[13.00627,48.39468]},"properties":{"id":29670,"name":"Triftern","state_code":"BY","country_code":"DE"}},{"type":"Feature","geometry":{"type":"Point","coordinates":[11.95,50.36667]},"properties":{"id":29677,"name":"Trogen","state_code":"BY","country_code":"DE"}},{"type":"Feature","geometry":{"type":"Point","coordinates":[11.95,50.01667]},"properties":{"id":29686,"name":"Tröstau","state_code":"BY","country_code":"DE"}},{"type":"Feature","geometry":{"type":"Point","coordinates":[12.55804,48.02802]},"properties":{"id":29682,"name":"Trostberg an der Alz","state_code":"BY","country_code":"DE"}},{"type":"Feature","geometry":{"type":"Point","coordinates":[10.21667,48]},"properties":{"id":29684,"name":"Trunkelsberg","state_code":"BY","country_code":"DE"}},{"type":"Feature","geometry":{"type":"Point","coordinates":[10.85973,49.52794]},"properties":{"id":29689,"name":"Tuchenbach","state_code":"BY","country_code":"DE"}},{"type":"Feature","geometry":{"type":"Point","coordinates":[12.01518,47.93509]},"properties":{"id":29691,"name":"Tuntenhausen","state_code":"BY","country_code":"DE"}},{"type":"Feature","geometry":{"type":"Point","coordinates":[11.08303,48.10531]},"properties":{"id":29707,"name":"Türkenfeld","state_code":"BY","country_code":"DE"}},{"type":"Feature","geometry":{"type":"Point","coordinates":[10.64156,48.06401]},"properties":{"id":29708,"name":"Türkheim","state_code":"BY","country_code":"DE"}},{"type":"Feature","geometry":{"type":"Point","coordinates":[10.56069,48.10218]},"properties":{"id":29692,"name":"Tussenhausen","state_code":"BY","country_code":"DE"}},{"type":"Feature","geometry":{"type":"Point","coordinates":[12.59954,48.21218]},"properties":{"id":29711,"name":"Tüßling","state_code":"BY","country_code":"DE"}},{"type":"Feature","geometry":{"type":"Point","coordinates":[11.2803,47.90938]},"properties":{"id":29695,"name":"Tutzing","state_code":"BY","country_code":"DE"}},{"type":"Feature","geometry":{"type":"Point","coordinates":[12.66667,48.06667]},"properties":{"id":29697,"name":"Tyrlaching","state_code":"BY","country_code":"DE"}},{"type":"Feature","geometry":{"type":"Point","coordinates":[12.48333,47.81667]},"properties":{"id":30556,"name":"Übersee","state_code":"BY","country_code":"DE"}},{"type":"Feature","geometry":{"type":"Point","coordinates":[10.26861,50.09184]},"properties":{"id":30557,"name":"Üchtelhausen","state_code":"BY","country_code":"DE"}},{"type":"Feature","geometry":{"type":"Point","coordinates":[10.72017,49.67085]},"properties":{"id":29721,"name":"Uehlfeld","state_code":"BY","country_code":"DE"}},{"type":"Feature","geometry":{"type":"Point","coordinates":[9.73056,49.79472]},"properties":{"id":29728,"name":"Uettingen","state_code":"BY","country_code":"DE"}},{"type":"Feature","geometry":{"type":"Point","coordinates":[10.23286,49.54415]},"properties":{"id":29730,"name":"Uffenheim","state_code":"BY","country_code":"DE"}},{"type":"Feature","geometry":{"type":"Point","coordinates":[11.15034,47.71378]},"properties":{"id":29731,"name":"Uffing","state_code":"BY","country_code":"DE"}},{"type":"Feature","geometry":{"type":"Point","coordinates":[10.26672,48.00566]},"properties":{"id":29745,"name":"Ungerhausen","state_code":"BY","country_code":"DE"}},{"type":"Feature","geometry":{"type":"Point","coordinates":[11.02718,47.61658]},"properties":{"id":29752,"name":"Unterammergau","state_code":"BY","country_code":"DE"}},{"type":"Feature","geometry":{"type":"Point","coordinates":[10.83333,47.98333]},"properties":{"id":29755,"name":"Unterdießen","state_code":"BY","country_code":"DE"}},{"type":"Feature","geometry":{"type":"Point","coordinates":[12.66667,48.38333]},"properties":{"id":29754,"name":"Unterdietfurt","state_code":"BY","country_code":"DE"}},{"type":"Feature","geometry":{"type":"Point","coordinates":[10.46667,47.96667]},"properties":{"id":29756,"name":"Unteregg","state_code":"BY","country_code":"DE"}},{"type":"Feature","geometry":{"type":"Point","coordinates":[11.64293,48.19253]},"properties":{"id":29759,"name":"Unterföhring","state_code":"BY","country_code":"DE"}},{"type":"Feature","geometry":{"type":"Point","coordinates":[13.66725,48.57434]},"properties":{"id":29760,"name":"Untergriesbach","state_code":"BY","country_code":"DE"}},{"type":"Feature","geometry":{"type":"Point","coordinates":[11.61564,48.06598]},"properties":{"id":29762,"name":"Unterhaching","state_code":"BY","country_code":"DE"}},{"type":"Feature","geometry":{"type":"Point","coordinates":[11.18906,49.82303]},"properties":{"id":29767,"name":"Unterleinleiter","state_code":"BY","country_code":"DE"}},{"type":"Feature","geometry":{"type":"Point","coordinates":[10.80694,48.16082]},"properties":{"id":29770,"name":"Untermeitingen","state_code":"BY","country_code":"DE"}},{"type":"Feature","geometry":{"type":"Point","coordinates":[10.85634,50.12754]},"properties":{"id":29771,"name":"Untermerzbach","state_code":"BY","country_code":"DE"}},{"type":"Feature","geometry":{"type":"Point","coordinates":[12.61667,48.16667]},"properties":{"id":29773,"name":"Unterneukirchen","state_code":"BY","country_code":"DE"}},{"type":"Feature","geometry":{"type":"Point","coordinates":[10.04399,49.86886]},"properties":{"id":29774,"name":"Unterpleichfeld","state_code":"BY","country_code":"DE"}},{"type":"Feature","geometry":{"type":"Point","coordinates":[12.33333,48.11667]},"properties":{"id":29776,"name":"Unterreit","state_code":"BY","country_code":"DE"}},{"type":"Feature","geometry":{"type":"Point","coordinates":[11.57684,48.28038]},"properties":{"id":29777,"name":"Unterschleißheim","state_code":"BY","country_code":"DE"}},{"type":"Feature","geometry":{"type":"Point","coordinates":[10.97448,50.19415]},"properties":{"id":29779,"name":"Untersiemau","state_code":"BY","country_code":"DE"}},{"type":"Feature","geometry":{"type":"Point","coordinates":[11.51667,50.13333]},"properties":{"id":29780,"name":"Untersteinach","state_code":"BY","country_code":"DE"}},{"type":"Feature","geometry":{"type":"Point","coordinates":[10.50446,47.77155]},"properties":{"id":29781,"name":"Unterthingau","state_code":"BY","country_code":"DE"}},{"type":"Feature","geometry":{"type":"Point","coordinates":[12.46667,47.73333]},"properties":{"id":29783,"name":"Unterwössen","state_code":"BY","country_code":"DE"}},{"type":"Feature","geometry":{"type":"Point","coordinates":[10.38333,47.83333]},"properties":{"id":29784,"name":"Untrasried","state_code":"BY","country_code":"DE"}},{"type":"Feature","geometry":{"type":"Point","coordinates":[11,48]},"properties":{"id":29786,"name":"Upper Bavaria","state_code":"BY","country_code":"DE"}},{"type":"Feature","geometry":{"type":"Point","coordinates":[11.33333,49.83333]},"properties":{"id":29787,"name":"Upper Franconia","state_code":"BY","country_code":"DE"}},{"type":"Feature","geometry":{"type":"Point","coordinates":[12,49.5]},"properties":{"id":29788,"name":"Upper Palatinate","state_code":"BY","country_code":"DE"}},{"type":"Feature","geometry":{"type":"Point","coordinates":[10.44594,48.26428]},"properties":{"id":29794,"name":"Ursberg","state_code":"BY","country_code":"DE"}},{"type":"Feature","geometry":{"type":"Point","coordinates":[11.75503,49.40204]},"properties":{"id":29795,"name":"Ursensollen","state_code":"BY","country_code":"DE"}},{"type":"Feature","geometry":{"type":"Point","coordinates":[9.67123,49.90166]},"properties":{"id":29796,"name":"Urspringen","state_code":"BY","country_code":"DE"}},{"type":"Feature","geometry":{"type":"Point","coordinates":[10.65,48.31667]},"properties":{"id":29800,"name":"Ustersbach","state_code":"BY","country_code":"DE"}},{"type":"Feature","geometry":{"type":"Point","coordinates":[11.07216,49.59675]},"properties":{"id":29803,"name":"Uttenreuth","state_code":"BY","country_code":"DE"}},{"type":"Feature","geometry":{"type":"Point","coordinates":[11.08612,48.02608]},"properties":{"id":29805,"name":"Utting am Ammersee","state_code":"BY","country_code":"DE"}},{"type":"Feature","geometry":{"type":"Point","coordinates":[12.60606,47.84256]},"properties":{"id":29808,"name":"Vachendorf","state_code":"BY","country_code":"DE"}},{"type":"Feature","geometry":{"type":"Point","coordinates":[11.88446,47.8741]},"properties":{"id":29809,"name":"Vagen","state_code":"BY","country_code":"DE"}},{"type":"Feature","geometry":{"type":"Point","coordinates":[11.77915,47.8931]},"properties":{"id":29812,"name":"Valley","state_code":"BY","country_code":"DE"}},{"type":"Feature","geometry":{"type":"Point","coordinates":[11.76825,48.10537]},"properties":{"id":29815,"name":"Vaterstetten","state_code":"BY","country_code":"DE"}},{"type":"Feature","geometry":{"type":"Point","coordinates":[10.88797,49.51239]},"properties":{"id":29821,"name":"Veitsbronn","state_code":"BY","country_code":"DE"}},{"type":"Feature","geometry":{"type":"Point","coordinates":[9.88167,49.83278]},"properties":{"id":29822,"name":"Veitshöchheim","state_code":"BY","country_code":"DE"}},{"type":"Feature","geometry":{"type":"Point","coordinates":[11.6716,49.23212]},"properties":{"id":29824,"name":"Velburg","state_code":"BY","country_code":"DE"}},{"type":"Feature","geometry":{"type":"Point","coordinates":[12.25596,48.36632]},"properties":{"id":29825,"name":"Velden","state_code":"BY","country_code":"DE"}},{"type":"Feature","geometry":{"type":"Point","coordinates":[10.65157,49.68764]},"properties":{"id":29838,"name":"Vestenbergsgreuth","state_code":"BY","country_code":"DE"}},{"type":"Feature","geometry":{"type":"Point","coordinates":[12.88566,49.08001]},"properties":{"id":29842,"name":"Viechtach","state_code":"BY","country_code":"DE"}},{"type":"Feature","geometry":{"type":"Point","coordinates":[10.77716,49.92222]},"properties":{"id":29845,"name":"Viereth-Trunstadt","state_code":"BY","country_code":"DE"}},{"type":"Feature","geometry":{"type":"Point","coordinates":[11.46667,48.36667]},"properties":{"id":29846,"name":"Vierkirchen","state_code":"BY","country_code":"DE"}},{"type":"Feature","geometry":{"type":"Point","coordinates":[10.91667,47.95]},"properties":{"id":29850,"name":"Vilgertshofen","state_code":"BY","country_code":"DE"}},{"type":"Feature","geometry":{"type":"Point","coordinates":[10.61468,48.50887]},"properties":{"id":29851,"name":"Villenbach","state_code":"BY","country_code":"DE"}},{"type":"Feature","geometry":{"type":"Point","coordinates":[12.35604,48.45296]},"properties":{"id":29855,"name":"Vilsbiburg","state_code":"BY","country_code":"DE"}},{"type":"Feature","geometry":{"type":"Point","coordinates":[11.80261,49.6148]},"properties":{"id":29856,"name":"Vilseck","state_code":"BY","country_code":"DE"}},{"type":"Feature","geometry":{"type":"Point","coordinates":[12.10686,48.44882]},"properties":{"id":29857,"name":"Vilsheim","state_code":"BY","country_code":"DE"}},{"type":"Feature","geometry":{"type":"Point","coordinates":[13.19222,48.62695]},"properties":{"id":29858,"name":"Vilshofen","state_code":"BY","country_code":"DE"}},{"type":"Feature","geometry":{"type":"Point","coordinates":[12.18126,47.94694]},"properties":{"id":29867,"name":"Vogtareuth","state_code":"BY","country_code":"DE"}},{"type":"Feature","geometry":{"type":"Point","coordinates":[11.61845,48.76977]},"properties":{"id":29869,"name":"Vohburg an der Donau","state_code":"BY","country_code":"DE"}},{"type":"Feature","geometry":{"type":"Point","coordinates":[12.33808,49.62383]},"properties":{"id":29870,"name":"Vohenstrauß","state_code":"BY","country_code":"DE"}},{"type":"Feature","geometry":{"type":"Point","coordinates":[10.08236,48.27839]},"properties":{"id":29890,"name":"Vöhringen","state_code":"BY","country_code":"DE"}},{"type":"Feature","geometry":{"type":"Point","coordinates":[10.22813,49.86352]},"properties":{"id":29872,"name":"Volkach","state_code":"BY","country_code":"DE"}},{"type":"Feature","geometry":{"type":"Point","coordinates":[11.88333,48.6]},"properties":{"id":29873,"name":"Volkenschwand","state_code":"BY","country_code":"DE"}},{"type":"Feature","geometry":{"type":"Point","coordinates":[11.73625,49.82136]},"properties":{"id":29880,"name":"Vorbach","state_code":"BY","country_code":"DE"}},{"type":"Feature","geometry":{"type":"Point","coordinates":[11.49419,49.55718]},"properties":{"id":29882,"name":"Vorra","state_code":"BY","country_code":"DE"}},{"type":"Feature","geometry":{"type":"Point","coordinates":[11.67315,47.7725]},"properties":{"id":29897,"name":"Waakirchen","state_code":"BY","country_code":"DE"}},{"type":"Feature","geometry":{"type":"Point","coordinates":[10.77786,47.99679]},"properties":{"id":29898,"name":"Waal","state_code":"BY","country_code":"DE"}},{"type":"Feature","geometry":{"type":"Point","coordinates":[10.71335,49.75185]},"properties":{"id":29902,"name":"Wachenroth","state_code":"BY","country_code":"DE"}},{"type":"Feature","geometry":{"type":"Point","coordinates":[11.55,47.73333]},"properties":{"id":29908,"name":"Wackersberg","state_code":"BY","country_code":"DE"}},{"type":"Feature","geometry":{"type":"Point","coordinates":[12.18333,49.31667]},"properties":{"id":29909,"name":"Wackersdorf","state_code":"BY","country_code":"DE"}},{"type":"Feature","geometry":{"type":"Point","coordinates":[12.66667,49.26667]},"properties":{"id":29913,"name":"Waffenbrunn","state_code":"BY","country_code":"DE"}},{"type":"Feature","geometry":{"type":"Point","coordinates":[12.73392,47.93414]},"properties":{"id":29917,"name":"Waging am See","state_code":"BY","country_code":"DE"}},{"type":"Feature","geometry":{"type":"Point","coordinates":[12.49523,49.64218]},"properties":{"id":29924,"name":"Waidhaus","state_code":"BY","country_code":"DE"}},{"type":"Feature","geometry":{"type":"Point","coordinates":[11.33537,48.57681]},"properties":{"id":29925,"name":"Waidhofen","state_code":"BY","country_code":"DE"}},{"type":"Feature","geometry":{"type":"Point","coordinates":[10.12001,49.9643]},"properties":{"id":29927,"name":"Waigolshausen","state_code":"BY","country_code":"DE"}},{"type":"Feature","geometry":{"type":"Point","coordinates":[11.3481,49.84645]},"properties":{"id":29929,"name":"Waischenfeld","state_code":"BY","country_code":"DE"}},{"type":"Feature","geometry":{"type":"Point","coordinates":[12.35,49.15]},"properties":{"id":29931,"name":"Wald","state_code":"BY","country_code":"DE"}},{"type":"Feature","geometry":{"type":"Point","coordinates":[9.30194,49.97528]},"properties":{"id":29935,"name":"Waldaschaff","state_code":"BY","country_code":"DE"}},{"type":"Feature","geometry":{"type":"Point","coordinates":[9.80361,49.75861]},"properties":{"id":29937,"name":"Waldbrunn","state_code":"BY","country_code":"DE"}},{"type":"Feature","geometry":{"type":"Point","coordinates":[9.84667,49.78833]},"properties":{"id":29942,"name":"Waldbüttelbrunn","state_code":"BY","country_code":"DE"}},{"type":"Feature","geometry":{"type":"Point","coordinates":[12.38333,49.18333]},"properties":{"id":29948,"name":"Walderbach","state_code":"BY","country_code":"DE"}},{"type":"Feature","geometry":{"type":"Point","coordinates":[12.06291,49.98144]},"properties":{"id":29949,"name":"Waldershof","state_code":"BY","country_code":"DE"}},{"type":"Feature","geometry":{"type":"Point","coordinates":[13.60082,48.7327]},"properties":{"id":29956,"name":"Waldkirchen","state_code":"BY","country_code":"DE"}},{"type":"Feature","geometry":{"type":"Point","coordinates":[12.39893,48.20854]},"properties":{"id":29957,"name":"Waldkraiburg","state_code":"BY","country_code":"DE"}},{"type":"Feature","geometry":{"type":"Point","coordinates":[12.70905,49.37804]},"properties":{"id":29959,"name":"Waldmünchen","state_code":"BY","country_code":"DE"}},{"type":"Feature","geometry":{"type":"Point","coordinates":[12.30434,50.00167]},"properties":{"id":29961,"name":"Waldsassen","state_code":"BY","country_code":"DE"}},{"type":"Feature","geometry":{"type":"Point","coordinates":[10.29385,48.34815]},"properties":{"id":29966,"name":"Waldstetten","state_code":"BY","country_code":"DE"}},{"type":"Feature","geometry":{"type":"Point","coordinates":[12.32919,49.67221]},"properties":{"id":29967,"name":"Waldthurn","state_code":"BY","country_code":"DE"}},{"type":"Feature","geometry":{"type":"Point","coordinates":[10.58836,48.22613]},"properties":{"id":29970,"name":"Walkertshofen","state_code":"BY","country_code":"DE"}},{"type":"Feature","geometry":{"type":"Point","coordinates":[11.47058,50.2685]},"properties":{"id":29975,"name":"Wallenfels","state_code":"BY","country_code":"DE"}},{"type":"Feature","geometry":{"type":"Point","coordinates":[12.88035,48.68416]},"properties":{"id":29978,"name":"Wallerfing","state_code":"BY","country_code":"DE"}},{"type":"Feature","geometry":{"type":"Point","coordinates":[12.74744,48.73767]},"properties":{"id":29979,"name":"Wallersdorf","state_code":"BY","country_code":"DE"}},{"type":"Feature","geometry":{"type":"Point","coordinates":[10.47591,48.88741]},"properties":{"id":29980,"name":"Wallerstein","state_code":"BY","country_code":"DE"}},{"type":"Feature","geometry":{"type":"Point","coordinates":[11.28333,47.51667]},"properties":{"id":29982,"name":"Wallgau","state_code":"BY","country_code":"DE"}},{"type":"Feature","geometry":{"type":"Point","coordinates":[11.97527,48.2584]},"properties":{"id":29990,"name":"Walpertskirchen","state_code":"BY","country_code":"DE"}},{"type":"Feature","geometry":{"type":"Point","coordinates":[10.78333,49.86667]},"properties":{"id":29992,"name":"Walsdorf","state_code":"BY","country_code":"DE"}},{"type":"Feature","geometry":{"type":"Point","coordinates":[10.30703,47.67319]},"properties":{"id":29994,"name":"Waltenhofen","state_code":"BY","country_code":"DE"}},{"type":"Feature","geometry":{"type":"Point","coordinates":[11.93641,48.49549]},"properties":{"id":30002,"name":"Wang","state_code":"BY","country_code":"DE"}},{"type":"Feature","geometry":{"type":"Point","coordinates":[11.77866,49.99348]},"properties":{"id":30018,"name":"Warmensteinach","state_code":"BY","country_code":"DE"}},{"type":"Feature","geometry":{"type":"Point","coordinates":[11.72173,47.83217]},"properties":{"id":30021,"name":"Warngau","state_code":"BY","country_code":"DE"}},{"type":"Feature","geometry":{"type":"Point","coordinates":[11.98865,48.40597]},"properties":{"id":30024,"name":"Wartenberg","state_code":"BY","country_code":"DE"}},{"type":"Feature","geometry":{"type":"Point","coordinates":[9.78333,50.16667]},"properties":{"id":30027,"name":"Wartmannsroth","state_code":"BY","country_code":"DE"}},{"type":"Feature","geometry":{"type":"Point","coordinates":[10.2693,48.44105]},"properties":{"id":30032,"name":"Wasserburg","state_code":"BY","country_code":"DE"}},{"type":"Feature","geometry":{"type":"Point","coordinates":[12.22341,48.0525]},"properties":{"id":30033,"name":"Wasserburg am Inn","state_code":"BY","country_code":"DE"}},{"type":"Feature","geometry":{"type":"Point","coordinates":[10.03017,50.09476]},"properties":{"id":30036,"name":"Wasserlosen","state_code":"BY","country_code":"DE"}},{"type":"Feature","geometry":{"type":"Point","coordinates":[10.59906,49.04328]},"properties":{"id":30037,"name":"Wassertrüdingen","state_code":"BY","country_code":"DE"}},{"type":"Feature","geometry":{"type":"Point","coordinates":[10.61331,48.89229]},"properties":{"id":30044,"name":"Wechingen","state_code":"BY","country_code":"DE"}},{"type":"Feature","geometry":{"type":"Point","coordinates":[13.78733,48.60136]},"properties":{"id":30058,"name":"Wegscheid","state_code":"BY","country_code":"DE"}},{"type":"Feature","geometry":{"type":"Point","coordinates":[10.8,48.25]},"properties":{"id":30063,"name":"Wehringen","state_code":"BY","country_code":"DE"}},{"type":"Feature","geometry":{"type":"Point","coordinates":[9.36611,49.93083]},"properties":{"id":30065,"name":"Weibersbrunn","state_code":"BY","country_code":"DE"}},{"type":"Feature","geometry":{"type":"Point","coordinates":[11.32141,48.71713]},"properties":{"id":30066,"name":"Weichering","state_code":"BY","country_code":"DE"}},{"type":"Feature","geometry":{"type":"Point","coordinates":[11.41667,48.38333]},"properties":{"id":30067,"name":"Weichs","state_code":"BY","country_code":"DE"}},{"type":"Feature","geometry":{"type":"Point","coordinates":[12.15613,49.67682]},"properties":{"id":30069,"name":"Weiden","state_code":"BY","country_code":"DE"}},{"type":"Feature","geometry":{"type":"Point","coordinates":[10.64489,49.19817]},"properties":{"id":30070,"name":"Weidenbach","state_code":"BY","country_code":"DE"}},{"type":"Feature","geometry":{"type":"Point","coordinates":[11.14006,50.20354]},"properties":{"id":30073,"name":"Weidhausen bei Coburg","state_code":"BY","country_code":"DE"}},{"type":"Feature","geometry":{"type":"Point","coordinates":[12.76311,49.26282]},"properties":{"id":30074,"name":"Weiding","state_code":"BY","country_code":"DE"}},{"type":"Feature","geometry":{"type":"Point","coordinates":[11.56869,49.49773]},"properties":{"id":30075,"name":"Weigendorf","state_code":"BY","country_code":"DE"}},{"type":"Feature","geometry":{"type":"Point","coordinates":[10.61667,49.35]},"properties":{"id":30076,"name":"Weihenzell","state_code":"BY","country_code":"DE"}},{"type":"Feature","geometry":{"type":"Point","coordinates":[12.06667,49.63333]},"properties":{"id":30077,"name":"Weiherhammer","state_code":"BY","country_code":"DE"}},{"type":"Feature","geometry":{"type":"Point","coordinates":[12.05,48.6]},"properties":{"id":30078,"name":"Weihmichl","state_code":"BY","country_code":"DE"}},{"type":"Feature","geometry":{"type":"Point","coordinates":[10.92161,48.11717]},"properties":{"id":30080,"name":"Weil","state_code":"BY","country_code":"DE"}},{"type":"Feature","geometry":{"type":"Point","coordinates":[9.21639,49.66812]},"properties":{"id":30084,"name":"Weilbach","state_code":"BY","country_code":"DE"}},{"type":"Feature","geometry":{"type":"Point","coordinates":[9.91352,47.58261]},"properties":{"id":30087,"name":"Weiler-Simmerberg","state_code":"BY","country_code":"DE"}},{"type":"Feature","geometry":{"type":"Point","coordinates":[11.11667,49.75]},"properties":{"id":30089,"name":"Weilersbach","state_code":"BY","country_code":"DE"}},{"type":"Feature","geometry":{"type":"Point","coordinates":[11.15484,47.84147]},"properties":{"id":30091,"name":"Weilheim","state_code":"BY","country_code":"DE"}},{"type":"Feature","geometry":{"type":"Point","coordinates":[10.45052,49.03878]},"properties":{"id":30095,"name":"Weiltingen","state_code":"BY","country_code":"DE"}},{"type":"Feature","geometry":{"type":"Point","coordinates":[10.82531,49.62283]},"properties":{"id":30109,"name":"Weisendorf","state_code":"BY","country_code":"DE"}},{"type":"Feature","geometry":{"type":"Point","coordinates":[11.24024,50.08512]},"properties":{"id":30111,"name":"Weismain","state_code":"BY","country_code":"DE"}},{"type":"Feature","geometry":{"type":"Point","coordinates":[11.85,50.18333]},"properties":{"id":30123,"name":"Weißdorf","state_code":"BY","country_code":"DE"}},{"type":"Feature","geometry":{"type":"Point","coordinates":[11.35,50.2]},"properties":{"id":30128,"name":"Weißenbrunn","state_code":"BY","country_code":"DE"}},{"type":"Feature","geometry":{"type":"Point","coordinates":[10.97221,49.03095]},"properties":{"id":30129,"name":"Weißenburg in Bayern","state_code":"BY","country_code":"DE"}},{"type":"Feature","geometry":{"type":"Point","coordinates":[10.16047,48.30501]},"properties":{"id":30131,"name":"Weißenhorn","state_code":"BY","country_code":"DE"}},{"type":"Feature","geometry":{"type":"Point","coordinates":[11.25369,49.63089]},"properties":{"id":30132,"name":"Weißenohe","state_code":"BY","country_code":"DE"}},{"type":"Feature","geometry":{"type":"Point","coordinates":[9.72586,47.5813]},"properties":{"id":30133,"name":"Weißensberg","state_code":"BY","country_code":"DE"}},{"type":"Feature","geometry":{"type":"Point","coordinates":[11.88849,50.10217]},"properties":{"id":30136,"name":"Weißenstadt","state_code":"BY","country_code":"DE"}},{"type":"Feature","geometry":{"type":"Point","coordinates":[10.12732,47.64171]},"properties":{"id":30119,"name":"Weitnau","state_code":"BY","country_code":"DE"}},{"type":"Feature","geometry":{"type":"Point","coordinates":[10.87989,50.256]},"properties":{"id":30120,"name":"Weitramsdorf","state_code":"BY","country_code":"DE"}},{"type":"Feature","geometry":{"type":"Point","coordinates":[10.66086,48.45505]},"properties":{"id":30141,"name":"Welden","state_code":"BY","country_code":"DE"}},{"type":"Feature","geometry":{"type":"Point","coordinates":[10.72452,48.87461]},"properties":{"id":30151,"name":"Wemding","state_code":"BY","country_code":"DE"}},{"type":"Feature","geometry":{"type":"Point","coordinates":[11.15069,49.3523]},"properties":{"id":30154,"name":"Wendelstein","state_code":"BY","country_code":"DE"}},{"type":"Feature","geometry":{"type":"Point","coordinates":[12.36927,48.65866]},"properties":{"id":30161,"name":"Weng","state_code":"BY","country_code":"DE"}},{"type":"Feature","geometry":{"type":"Point","coordinates":[12.19954,49.07561]},"properties":{"id":30164,"name":"Wenzenbach","state_code":"BY","country_code":"DE"}},{"type":"Feature","geometry":{"type":"Point","coordinates":[12.1613,49.53931]},"properties":{"id":30179,"name":"Wernberg-Köblitz","state_code":"BY","country_code":"DE"}},{"type":"Feature","geometry":{"type":"Point","coordinates":[10.09884,49.98201]},"properties":{"id":30181,"name":"Werneck","state_code":"BY","country_code":"DE"}},{"type":"Feature","geometry":{"type":"Point","coordinates":[10.40966,47.60301]},"properties":{"id":30187,"name":"Wertach","state_code":"BY","country_code":"DE"}},{"type":"Feature","geometry":{"type":"Point","coordinates":[10.68149,48.56314]},"properties":{"id":30190,"name":"Wertingen","state_code":"BY","country_code":"DE"}},{"type":"Feature","geometry":{"type":"Point","coordinates":[11.2482,48.07452]},"properties":{"id":30235,"name":"Weßling","state_code":"BY","country_code":"DE"}},{"type":"Feature","geometry":{"type":"Point","coordinates":[11.02461,47.87407]},"properties":{"id":30198,"name":"Wessobrunn","state_code":"BY","country_code":"DE"}},{"type":"Feature","geometry":{"type":"Point","coordinates":[10.71667,47.93333]},"properties":{"id":30201,"name":"Westendorf","state_code":"BY","country_code":"DE"}},{"type":"Feature","geometry":{"type":"Point","coordinates":[10.3,48.01667]},"properties":{"id":30209,"name":"Westerheim","state_code":"BY","country_code":"DE"}},{"type":"Feature","geometry":{"type":"Point","coordinates":[10.66667,49]},"properties":{"id":30220,"name":"Westheim","state_code":"BY","country_code":"DE"}},{"type":"Feature","geometry":{"type":"Point","coordinates":[11.04148,49.47056]},"properties":{"id":30229,"name":"Wetzendorf","state_code":"BY","country_code":"DE"}},{"type":"Feature","geometry":{"type":"Point","coordinates":[11.79923,47.85838]},"properties":{"id":30232,"name":"Weyarn","state_code":"BY","country_code":"DE"}},{"type":"Feature","geometry":{"type":"Point","coordinates":[10.67406,48.03946]},"properties":{"id":30241,"name":"Wiedergeltingen","state_code":"BY","country_code":"DE"}},{"type":"Feature","geometry":{"type":"Point","coordinates":[12.18889,49.90817]},"properties":{"id":30253,"name":"Wiesau","state_code":"BY","country_code":"DE"}},{"type":"Feature","geometry":{"type":"Point","coordinates":[9.36667,50.11667]},"properties":{"id":30255,"name":"Wiesen","state_code":"BY","country_code":"DE"}},{"type":"Feature","geometry":{"type":"Point","coordinates":[12.54008,49.04066]},"properties":{"id":30259,"name":"Wiesenfelden","state_code":"BY","country_code":"DE"}},{"type":"Feature","geometry":{"type":"Point","coordinates":[12.38333,49.01667]},"properties":{"id":30261,"name":"Wiesent","state_code":"BY","country_code":"DE"}},{"type":"Feature","geometry":{"type":"Point","coordinates":[11.13564,49.71326]},"properties":{"id":30262,"name":"Wiesenthau","state_code":"BY","country_code":"DE"}},{"type":"Feature","geometry":{"type":"Point","coordinates":[10.34509,49.79451]},"properties":{"id":30263,"name":"Wiesentheid","state_code":"BY","country_code":"DE"}},{"type":"Feature","geometry":{"type":"Point","coordinates":[9.43333,50.03333]},"properties":{"id":30266,"name":"Wiesthal","state_code":"BY","country_code":"DE"}},{"type":"Feature","geometry":{"type":"Point","coordinates":[10.22987,47.74781]},"properties":{"id":30271,"name":"Wiggensbach","state_code":"BY","country_code":"DE"}},{"type":"Feature","geometry":{"type":"Point","coordinates":[10.39505,49.02427]},"properties":{"id":30272,"name":"Wilburgstetten","state_code":"BY","country_code":"DE"}},{"type":"Feature","geometry":{"type":"Point","coordinates":[11.89845,48.72981]},"properties":{"id":30275,"name":"Wildenberg","state_code":"BY","country_code":"DE"}},{"type":"Feature","geometry":{"type":"Point","coordinates":[9.91092,50.37764]},"properties":{"id":30279,"name":"Wildflecken","state_code":"BY","country_code":"DE"}},{"type":"Feature","geometry":{"type":"Point","coordinates":[10.4,47.76667]},"properties":{"id":30280,"name":"Wildpoldsried","state_code":"BY","country_code":"DE"}},{"type":"Feature","geometry":{"type":"Point","coordinates":[10.93753,47.70145]},"properties":{"id":30281,"name":"Wildsteig","state_code":"BY","country_code":"DE"}},{"type":"Feature","geometry":{"type":"Point","coordinates":[10.73716,49.56419]},"properties":{"id":30284,"name":"Wilhelmsdorf","state_code":"BY","country_code":"DE"}},{"type":"Feature","geometry":{"type":"Point","coordinates":[11.37278,50.31113]},"properties":{"id":30289,"name":"Wilhelmsthal","state_code":"BY","country_code":"DE"}},{"type":"Feature","geometry":{"type":"Point","coordinates":[10.71555,49.48308]},"properties":{"id":30290,"name":"Wilhermsdorf","state_code":"BY","country_code":"DE"}},{"type":"Feature","geometry":{"type":"Point","coordinates":[10.23248,49.68011]},"properties":{"id":30292,"name":"Willanzheim","state_code":"BY","country_code":"DE"}},{"type":"Feature","geometry":{"type":"Point","coordinates":[12.66667,49.25]},"properties":{"id":30297,"name":"Willmering","state_code":"BY","country_code":"DE"}},{"type":"Feature","geometry":{"type":"Point","coordinates":[11.03333,48.06667]},"properties":{"id":30310,"name":"Windach","state_code":"BY","country_code":"DE"}},{"type":"Feature","geometry":{"type":"Point","coordinates":[12.7462,48.94285]},"properties":{"id":30311,"name":"Windberg","state_code":"BY","country_code":"DE"}},{"type":"Feature","geometry":{"type":"Point","coordinates":[10.3,49.4]},"properties":{"id":30313,"name":"Windelsbach","state_code":"BY","country_code":"DE"}},{"type":"Feature","geometry":{"type":"Point","coordinates":[12.1571,49.80108]},"properties":{"id":30318,"name":"Windischeschenbach","state_code":"BY","country_code":"DE"}},{"type":"Feature","geometry":{"type":"Point","coordinates":[10.82651,49.24786]},"properties":{"id":30320,"name":"Windsbach","state_code":"BY","country_code":"DE"}},{"type":"Feature","geometry":{"type":"Point","coordinates":[12.65,48.26667]},"properties":{"id":30323,"name":"Winhöring","state_code":"BY","country_code":"DE"}},{"type":"Feature","geometry":{"type":"Point","coordinates":[11.29888,49.38963]},"properties":{"id":30324,"name":"Winkelhaid","state_code":"BY","country_code":"DE"}},{"type":"Feature","geometry":{"type":"Point","coordinates":[12.47986,49.42688]},"properties":{"id":30325,"name":"Winklarn","state_code":"BY","country_code":"DE"}},{"type":"Feature","geometry":{"type":"Point","coordinates":[10.01661,49.70683]},"properties":{"id":30332,"name":"Winterhausen","state_code":"BY","country_code":"DE"}},{"type":"Feature","geometry":{"type":"Point","coordinates":[13.07751,48.72285]},"properties":{"id":30336,"name":"Winzer","state_code":"BY","country_code":"DE"}},{"type":"Feature","geometry":{"type":"Point","coordinates":[10.16667,49.91667]},"properties":{"id":30337,"name":"Wipfeld","state_code":"BY","country_code":"DE"}},{"type":"Feature","geometry":{"type":"Point","coordinates":[11.60515,50.10572]},"properties":{"id":30343,"name":"Wirsberg","state_code":"BY","country_code":"DE"}},{"type":"Feature","geometry":{"type":"Point","coordinates":[10.48121,49.06121]},"properties":{"id":30348,"name":"Wittelshofen","state_code":"BY","country_code":"DE"}},{"type":"Feature","geometry":{"type":"Point","coordinates":[10.41722,48.61917]},"properties":{"id":30360,"name":"Wittislingen","state_code":"BY","country_code":"DE"}},{"type":"Feature","geometry":{"type":"Point","coordinates":[13.49444,48.62224]},"properties":{"id":30369,"name":"Witzmannsberg","state_code":"BY","country_code":"DE"}},{"type":"Feature","geometry":{"type":"Point","coordinates":[11.70949,48.47937]},"properties":{"id":30379,"name":"Wolfersdorf","state_code":"BY","country_code":"DE"}},{"type":"Feature","geometry":{"type":"Point","coordinates":[10.78129,48.90352]},"properties":{"id":30380,"name":"Wolferstadt","state_code":"BY","country_code":"DE"}},{"type":"Feature","geometry":{"type":"Point","coordinates":[10.26715,47.8935]},"properties":{"id":30381,"name":"Wolfertschwenden","state_code":"BY","country_code":"DE"}},{"type":"Feature","geometry":{"type":"Point","coordinates":[10.72769,49.22675]},"properties":{"id":30383,"name":"Wolframs-Eschenbach","state_code":"BY","country_code":"DE"}},{"type":"Feature","geometry":{"type":"Point","coordinates":[11.42166,47.91289]},"properties":{"id":30384,"name":"Wolfratshausen","state_code":"BY","country_code":"DE"}},{"type":"Feature","geometry":{"type":"Point","coordinates":[11.9781,49.10731]},"properties":{"id":30387,"name":"Wolfsegg","state_code":"BY","country_code":"DE"}},{"type":"Feature","geometry":{"type":"Point","coordinates":[10.23333,50.36667]},"properties":{"id":30393,"name":"Wollbach","state_code":"BY","country_code":"DE"}},{"type":"Feature","geometry":{"type":"Point","coordinates":[11.62568,48.6038]},"properties":{"id":30396,"name":"Wolnzach","state_code":"BY","country_code":"DE"}},{"type":"Feature","geometry":{"type":"Point","coordinates":[10.46667,50.01667]},"properties":{"id":30402,"name":"Wonfurt","state_code":"BY","country_code":"DE"}},{"type":"Feature","geometry":{"type":"Point","coordinates":[11.30047,49.97614]},"properties":{"id":30403,"name":"Wonsees","state_code":"BY","country_code":"DE"}},{"type":"Feature","geometry":{"type":"Point","coordinates":[10.2,47.91667]},"properties":{"id":30405,"name":"Woringen","state_code":"BY","country_code":"DE"}},{"type":"Feature","geometry":{"type":"Point","coordinates":[11.90214,48.24531]},"properties":{"id":30446,"name":"Wörth","state_code":"BY","country_code":"DE"}},{"type":"Feature","geometry":{"type":"Point","coordinates":[9.15389,49.7972]},"properties":{"id":30447,"name":"Wörth am Main","state_code":"BY","country_code":"DE"}},{"type":"Feature","geometry":{"type":"Point","coordinates":[12.40539,49.00093]},"properties":{"id":30449,"name":"Wörth an der Donau","state_code":"BY","country_code":"DE"}},{"type":"Feature","geometry":{"type":"Point","coordinates":[12.33944,48.623]},"properties":{"id":30450,"name":"Wörth an der Isar","state_code":"BY","country_code":"DE"}},{"type":"Feature","geometry":{"type":"Point","coordinates":[11.20175,48.0725]},"properties":{"id":30451,"name":"Wörthsee","state_code":"BY","country_code":"DE"}},{"type":"Feature","geometry":{"type":"Point","coordinates":[10.34084,50.33201]},"properties":{"id":30453,"name":"Wülfershausen","state_code":"BY","country_code":"DE"}},{"type":"Feature","geometry":{"type":"Point","coordinates":[12.00342,50.03923]},"properties":{"id":30418,"name":"Wunsiedel","state_code":"BY","country_code":"DE"}},{"type":"Feature","geometry":{"type":"Point","coordinates":[12.78603,48.35334]},"properties":{"id":30421,"name":"Wurmannsquick","state_code":"BY","country_code":"DE"}},{"type":"Feature","geometry":{"type":"Point","coordinates":[12.33333,48.35]},"properties":{"id":30424,"name":"Wurmsham","state_code":"BY","country_code":"DE"}},{"type":"Feature","geometry":{"type":"Point","coordinates":[9.95121,49.79391]},"properties":{"id":30459,"name":"Würzburg","state_code":"BY","country_code":"DE"}},{"type":"Feature","geometry":{"type":"Point","coordinates":[13,48.96667]},"properties":{"id":30464,"name":"Zachenberg","state_code":"BY","country_code":"DE"}},{"type":"Feature","geometry":{"type":"Point","coordinates":[12.73333,49.15]},"properties":{"id":30467,"name":"Zandt","state_code":"BY","country_code":"DE"}},{"type":"Feature","geometry":{"type":"Point","coordinates":[12.42311,48.2748]},"properties":{"id":30468,"name":"Zangberg","state_code":"BY","country_code":"DE"}},{"type":"Feature","geometry":{"type":"Point","coordinates":[10.93243,50.01783]},"properties":{"id":30469,"name":"Zapfendorf","state_code":"BY","country_code":"DE"}},{"type":"Feature","geometry":{"type":"Point","coordinates":[10.5947,50.00986]},"properties":{"id":30476,"name":"Zeil","state_code":"BY","country_code":"DE"}},{"type":"Feature","geometry":{"type":"Point","coordinates":[12.8426,48.30003]},"properties":{"id":30477,"name":"Zeilarn","state_code":"BY","country_code":"DE"}},{"type":"Feature","geometry":{"type":"Point","coordinates":[12.11174,49.07848]},"properties":{"id":30480,"name":"Zeitlarn","state_code":"BY","country_code":"DE"}},{"type":"Feature","geometry":{"type":"Point","coordinates":[9.67243,50.26189]},"properties":{"id":30481,"name":"Zeitlofs","state_code":"BY","country_code":"DE"}},{"type":"Feature","geometry":{"type":"Point","coordinates":[9.86962,49.81214]},"properties":{"id":30485,"name":"Zell am Main","state_code":"BY","country_code":"DE"}},{"type":"Feature","geometry":{"type":"Point","coordinates":[11.82266,50.13532]},"properties":{"id":30486,"name":"Zell im Fichtelgebirge","state_code":"BY","country_code":"DE"}},{"type":"Feature","geometry":{"type":"Point","coordinates":[9.81746,49.89737]},"properties":{"id":30490,"name":"Zellingen","state_code":"BY","country_code":"DE"}},{"type":"Feature","geometry":{"type":"Point","coordinates":[13.25968,48.79128]},"properties":{"id":30493,"name":"Zenting","state_code":"BY","country_code":"DE"}},{"type":"Feature","geometry":{"type":"Point","coordinates":[10.53503,48.29244]},"properties":{"id":30502,"name":"Ziemetshausen","state_code":"BY","country_code":"DE"}},{"type":"Feature","geometry":{"type":"Point","coordinates":[10.39882,48.65244]},"properties":{"id":30504,"name":"Ziertheim","state_code":"BY","country_code":"DE"}},{"type":"Feature","geometry":{"type":"Point","coordinates":[10.95414,49.4424]},"properties":{"id":30511,"name":"Zirndorf","state_code":"BY","country_code":"DE"}},{"type":"Feature","geometry":{"type":"Point","coordinates":[11.76667,48.45]},"properties":{"id":30513,"name":"Zolling","state_code":"BY","country_code":"DE"}},{"type":"Feature","geometry":{"type":"Point","coordinates":[11.82446,48.08433]},"properties":{"id":30515,"name":"Zorneding","state_code":"BY","country_code":"DE"}},{"type":"Feature","geometry":{"type":"Point","coordinates":[10.63562,48.53104]},"properties":{"id":30528,"name":"Zusamaltheim","state_code":"BY","country_code":"DE"}},{"type":"Feature","geometry":{"type":"Point","coordinates":[10.59917,48.40014]},"properties":{"id":30529,"name":"Zusmarshausen","state_code":"BY","country_code":"DE"}},{"type":"Feature","geometry":{"type":"Point","coordinates":[13.23765,49.01693]},"properties":{"id":30536,"name":"Zwiesel","state_code":"BY","country_code":"DE"}}]}