{"type":"FeatureCollection","features":[{"type":"Feature","geometry":{"type":"Point","coordinates":[8.85384,47.8424]},"properties":{"id":23461,"name":"Aach","state_code":"BW","country_code":"DE"}},{"type":"Feature","geometry":{"type":"Point","coordinates":[10.0933,48.83777]},"properties":{"id":23464,"name":"Aalen","state_code":"BW","country_code":"DE"}},{"type":"Feature","geometry":{"type":"Point","coordinates":[9.2907,49.0682]},"properties":{"id":23469,"name":"Abstatt","state_code":"BW","country_code":"DE"}},{"type":"Feature","geometry":{"type":"Point","coordinates":[10.00172,48.89503]},"properties":{"id":23471,"name":"Abtsgmünd","state_code":"BW","country_code":"DE"}},{"type":"Feature","geometry":{"type":"Point","coordinates":[8.07607,48.63115]},"properties":{"id":23472,"name":"Achern","state_code":"BW","country_code":"DE"}},{"type":"Feature","geometry":{"type":"Point","coordinates":[9.89748,48.25886]},"properties":{"id":23475,"name":"Achstetten","state_code":"BW","country_code":"DE"}},{"type":"Feature","geometry":{"type":"Point","coordinates":[9.59991,48.76227]},"properties":{"id":23477,"name":"Adelberg","state_code":"BW","country_code":"DE"}},{"type":"Feature","geometry":{"type":"Point","coordinates":[10.00466,48.95476]},"properties":{"id":23480,"name":"Adelmannsfelden","state_code":"BW","country_code":"DE"}},{"type":"Feature","geometry":{"type":"Point","coordinates":[9.3925,49.4015]},"properties":{"id":23482,"name":"Adelsheim","state_code":"BW","country_code":"DE"}},{"type":"Feature","geometry":{"type":"Point","coordinates":[9.32362,48.92267]},"properties":{"id":23495,"name":"Affalterbach","state_code":"BW","country_code":"DE"}},{"type":"Feature","geometry":{"type":"Point","coordinates":[8.98694,49.35694]},"properties":{"id":23498,"name":"Aglasterhausen","state_code":"BW","country_code":"DE"}},{"type":"Feature","geometry":{"type":"Point","coordinates":[9.56373,48.63557]},"properties":{"id":23517,"name":"Aichelberg","state_code":"BW","country_code":"DE"}},{"type":"Feature","geometry":{"type":"Point","coordinates":[8.40233,48.26719]},"properties":{"id":23519,"name":"Aichhalden","state_code":"BW","country_code":"DE"}},{"type":"Feature","geometry":{"type":"Point","coordinates":[10.07837,47.89295]},"properties":{"id":23520,"name":"Aichstetten","state_code":"BW","country_code":"DE"}},{"type":"Feature","geometry":{"type":"Point","coordinates":[8.89524,48.67849]},"properties":{"id":23523,"name":"Aidlingen","state_code":"BW","country_code":"DE"}},{"type":"Feature","geometry":{"type":"Point","coordinates":[10.08333,47.93333]},"properties":{"id":23528,"name":"Aitrach","state_code":"BW","country_code":"DE"}},{"type":"Feature","geometry":{"type":"Point","coordinates":[8.12954,47.59077]},"properties":{"id":23532,"name":"Albbruck","state_code":"BW","country_code":"DE"}},{"type":"Feature","geometry":{"type":"Point","coordinates":[9.56493,48.69136]},"properties":{"id":23534,"name":"Albershausen","state_code":"BW","country_code":"DE"}},{"type":"Feature","geometry":{"type":"Point","coordinates":[9.02596,48.21644]},"properties":{"id":23541,"name":"Albstadt","state_code":"BW","country_code":"DE"}},{"type":"Feature","geometry":{"type":"Point","coordinates":[8.7,48.1]},"properties":{"id":23544,"name":"Aldingen","state_code":"BW","country_code":"DE"}},{"type":"Feature","geometry":{"type":"Point","coordinates":[9.71857,48.84385]},"properties":{"id":23548,"name":"Alfdorf","state_code":"BW","country_code":"DE"}},{"type":"Feature","geometry":{"type":"Point","coordinates":[9.07145,47.71536]},"properties":{"id":23557,"name":"Allensbach","state_code":"BW","country_code":"DE"}},{"type":"Feature","geometry":{"type":"Point","coordinates":[9.72419,48.33052]},"properties":{"id":23561,"name":"Allmendingen","state_code":"BW","country_code":"DE"}},{"type":"Feature","geometry":{"type":"Point","coordinates":[9.46815,48.90659]},"properties":{"id":23562,"name":"Allmersbach im Tal","state_code":"BW","country_code":"DE"}},{"type":"Feature","geometry":{"type":"Point","coordinates":[8.40197,48.34507]},"properties":{"id":23566,"name":"Alpirsbach","state_code":"BW","country_code":"DE"}},{"type":"Feature","geometry":{"type":"Point","coordinates":[9.38078,48.72268]},"properties":{"id":23582,"name":"Altbach","state_code":"BW","country_code":"DE"}},{"type":"Feature","geometry":{"type":"Point","coordinates":[8.99626,48.63112]},"properties":{"id":23584,"name":"Altdorf","state_code":"BW","country_code":"DE"}},{"type":"Feature","geometry":{"type":"Point","coordinates":[9.22186,48.5914]},"properties":{"id":23612,"name":"Altenriet","state_code":"BW","country_code":"DE"}},{"type":"Feature","geometry":{"type":"Point","coordinates":[8.60395,48.58649]},"properties":{"id":23615,"name":"Altensteig","state_code":"BW","country_code":"DE"}},{"type":"Feature","geometry":{"type":"Point","coordinates":[9.53606,48.41755]},"properties":{"id":23619,"name":"Altes Lager","state_code":"BW","country_code":"DE"}},{"type":"Feature","geometry":{"type":"Point","coordinates":[8.79434,48.72325]},"properties":{"id":23623,"name":"Althengstett","state_code":"BW","country_code":"DE"}},{"type":"Feature","geometry":{"type":"Point","coordinates":[9.56984,48.91565]},"properties":{"id":23624,"name":"Althütte","state_code":"BW","country_code":"DE"}},{"type":"Feature","geometry":{"type":"Point","coordinates":[8.49917,49.30167]},"properties":{"id":23628,"name":"Altlußheim","state_code":"BW","country_code":"DE"}},{"type":"Feature","geometry":{"type":"Point","coordinates":[9.53333,47.93333]},"properties":{"id":23634,"name":"Altshausen","state_code":"BW","country_code":"DE"}},{"type":"Feature","geometry":{"type":"Point","coordinates":[9.87388,48.57876]},"properties":{"id":23650,"name":"Amstetten","state_code":"BW","country_code":"DE"}},{"type":"Feature","geometry":{"type":"Point","coordinates":[9.75,47.7]},"properties":{"id":23651,"name":"Amtzell","state_code":"BW","country_code":"DE"}},{"type":"Feature","geometry":{"type":"Point","coordinates":[9.4,48.96667]},"properties":{"id":23710,"name":"Aspach","state_code":"BW","country_code":"DE"}},{"type":"Feature","geometry":{"type":"Point","coordinates":[9.13502,48.90525]},"properties":{"id":23711,"name":"Asperg","state_code":"BW","country_code":"DE"}},{"type":"Feature","geometry":{"type":"Point","coordinates":[9.68611,49.42806]},"properties":{"id":23712,"name":"Assamstadt","state_code":"BW","country_code":"DE"}},{"type":"Feature","geometry":{"type":"Point","coordinates":[10.19166,48.52959]},"properties":{"id":23713,"name":"Asselfingen","state_code":"BW","country_code":"DE"}},{"type":"Feature","geometry":{"type":"Point","coordinates":[9.7,48.13333]},"properties":{"id":23717,"name":"Attenweiler","state_code":"BW","country_code":"DE"}},{"type":"Feature","geometry":{"type":"Point","coordinates":[7.83333,47.95]},"properties":{"id":23720,"name":"Au","state_code":"BW","country_code":"DE"}},{"type":"Feature","geometry":{"type":"Point","coordinates":[8.23333,48.95]},"properties":{"id":23721,"name":"Au am Rhein","state_code":"BW","country_code":"DE"}},{"type":"Feature","geometry":{"type":"Point","coordinates":[7.6,47.78333]},"properties":{"id":23730,"name":"Auggen","state_code":"BW","country_code":"DE"}},{"type":"Feature","geometry":{"type":"Point","coordinates":[9.63745,47.95083]},"properties":{"id":23738,"name":"Aulendorf","state_code":"BW","country_code":"DE"}},{"type":"Feature","geometry":{"type":"Point","coordinates":[9.43718,48.94743]},"properties":{"id":23758,"name":"Backnang","state_code":"BW","country_code":"DE"}},{"type":"Feature","geometry":{"type":"Point","coordinates":[7.55756,47.73147]},"properties":{"id":23763,"name":"Bad Bellingen","state_code":"BW","country_code":"DE"}},{"type":"Feature","geometry":{"type":"Point","coordinates":[9.61244,48.06231]},"properties":{"id":23779,"name":"Bad Buchau","state_code":"BW","country_code":"DE"}},{"type":"Feature","geometry":{"type":"Point","coordinates":[9.70393,48.5883]},"properties":{"id":23781,"name":"Bad Ditzenbach","state_code":"BW","country_code":"DE"}},{"type":"Feature","geometry":{"type":"Point","coordinates":[8.53056,48.02093]},"properties":{"id":23787,"name":"Bad Dürrheim","state_code":"BW","country_code":"DE"}},{"type":"Feature","geometry":{"type":"Point","coordinates":[8.43617,48.79787]},"properties":{"id":23805,"name":"Bad Herrenalb","state_code":"BW","country_code":"DE"}},{"type":"Feature","geometry":{"type":"Point","coordinates":[8.72971,48.77427]},"properties":{"id":23830,"name":"Bad Liebenzell","state_code":"BW","country_code":"DE"}},{"type":"Feature","geometry":{"type":"Point","coordinates":[9.77361,49.4925]},"properties":{"id":23835,"name":"Bad Mergentheim","state_code":"BW","country_code":"DE"}},{"type":"Feature","geometry":{"type":"Point","coordinates":[8.21667,48.43333]},"properties":{"id":23847,"name":"Bad Peterstal-Griesbach","state_code":"BW","country_code":"DE"}},{"type":"Feature","geometry":{"type":"Point","coordinates":[9.1018,49.23848]},"properties":{"id":23849,"name":"Bad Rappenau","state_code":"BW","country_code":"DE"}},{"type":"Feature","geometry":{"type":"Point","coordinates":[8.32584,48.42883]},"properties":{"id":23851,"name":"Bad Rippoldsau-Schapbach","state_code":"BW","country_code":"DE"}},{"type":"Feature","geometry":{"type":"Point","coordinates":[7.94612,47.55371]},"properties":{"id":23874,"name":"Bad Säckingen","state_code":"BW","country_code":"DE"}},{"type":"Feature","geometry":{"type":"Point","coordinates":[9.65741,48.00468]},"properties":{"id":23863,"name":"Bad Schussenried","state_code":"BW","country_code":"DE"}},{"type":"Feature","geometry":{"type":"Point","coordinates":[8.69285,48.69051]},"properties":{"id":23876,"name":"Bad Teinach-Zavelstein","state_code":"BW","country_code":"DE"}},{"type":"Feature","geometry":{"type":"Point","coordinates":[9.79586,48.59991]},"properties":{"id":23891,"name":"Bad Überkingen","state_code":"BW","country_code":"DE"}},{"type":"Feature","geometry":{"type":"Point","coordinates":[9.40009,48.49107]},"properties":{"id":23879,"name":"Bad Urach","state_code":"BW","country_code":"DE"}},{"type":"Feature","geometry":{"type":"Point","coordinates":[9.7549,47.92027]},"properties":{"id":23881,"name":"Bad Waldsee","state_code":"BW","country_code":"DE"}},{"type":"Feature","geometry":{"type":"Point","coordinates":[8.5504,48.75071]},"properties":{"id":23883,"name":"Bad Wildbad","state_code":"BW","country_code":"DE"}},{"type":"Feature","geometry":{"type":"Point","coordinates":[9.15648,49.22971]},"properties":{"id":23886,"name":"Bad Wimpfen","state_code":"BW","country_code":"DE"}},{"type":"Feature","geometry":{"type":"Point","coordinates":[9.89686,47.90799]},"properties":{"id":23888,"name":"Bad Wurzach","state_code":"BW","country_code":"DE"}},{"type":"Feature","geometry":{"type":"Point","coordinates":[8.23975,48.7606]},"properties":{"id":23895,"name":"Baden-Baden","state_code":"BW","country_code":"DE"}},{"type":"Feature","geometry":{"type":"Point","coordinates":[7.67236,47.80223]},"properties":{"id":23897,"name":"Badenweiler","state_code":"BW","country_code":"DE"}},{"type":"Feature","geometry":{"type":"Point","coordinates":[7.73982,48.12064]},"properties":{"id":23899,"name":"Bahlingen","state_code":"BW","country_code":"DE"}},{"type":"Feature","geometry":{"type":"Point","coordinates":[9.65157,47.82857]},"properties":{"id":23902,"name":"Baienfurt","state_code":"BW","country_code":"DE"}},{"type":"Feature","geometry":{"type":"Point","coordinates":[8.37699,48.50318]},"properties":{"id":23904,"name":"Baiersbronn","state_code":"BW","country_code":"DE"}},{"type":"Feature","geometry":{"type":"Point","coordinates":[9.66667,47.85]},"properties":{"id":23906,"name":"Baindt","state_code":"BW","country_code":"DE"}},{"type":"Feature","geometry":{"type":"Point","coordinates":[8.85464,48.27525]},"properties":{"id":23910,"name":"Balingen","state_code":"BW","country_code":"DE"}},{"type":"Feature","geometry":{"type":"Point","coordinates":[9.4494,48.74215]},"properties":{"id":23913,"name":"Baltmannsweiler","state_code":"BW","country_code":"DE"}},{"type":"Feature","geometry":{"type":"Point","coordinates":[8.78919,49.26892]},"properties":{"id":23915,"name":"Balzfeld","state_code":"BW","country_code":"DE"}},{"type":"Feature","geometry":{"type":"Point","coordinates":[8.77944,49.35611]},"properties":{"id":23919,"name":"Bammental","state_code":"BW","country_code":"DE"}},{"type":"Feature","geometry":{"type":"Point","coordinates":[9.98752,48.7535]},"properties":{"id":23945,"name":"Bartholomä","state_code":"BW","country_code":"DE"}},{"type":"Feature","geometry":{"type":"Point","coordinates":[9.3137,49.0414]},"properties":{"id":23995,"name":"Beilstein","state_code":"BW","country_code":"DE"}},{"type":"Feature","geometry":{"type":"Point","coordinates":[9.98333,48.48333]},"properties":{"id":23996,"name":"Beimerstetten","state_code":"BW","country_code":"DE"}},{"type":"Feature","geometry":{"type":"Point","coordinates":[9.26834,48.57178]},"properties":{"id":24006,"name":"Bempflingen","state_code":"BW","country_code":"DE"}},{"type":"Feature","geometry":{"type":"Point","coordinates":[9.24212,48.94672]},"properties":{"id":24014,"name":"Benningen am Neckar","state_code":"BW","country_code":"DE"}},{"type":"Feature","geometry":{"type":"Point","coordinates":[9.75,47.85]},"properties":{"id":24030,"name":"Bergatreute","state_code":"BW","country_code":"DE"}},{"type":"Feature","geometry":{"type":"Point","coordinates":[7.98672,48.40602]},"properties":{"id":24038,"name":"Berghaupten","state_code":"BW","country_code":"DE"}},{"type":"Feature","geometry":{"type":"Point","coordinates":[9.7611,48.46399]},"properties":{"id":24040,"name":"Berghülen","state_code":"BW","country_code":"DE"}},{"type":"Feature","geometry":{"type":"Point","coordinates":[10.08227,48.04263]},"properties":{"id":24052,"name":"Berkheim","state_code":"BW","country_code":"DE"}},{"type":"Feature","geometry":{"type":"Point","coordinates":[9.35,47.73333]},"properties":{"id":24058,"name":"Bermatingen","state_code":"BW","country_code":"DE"}},{"type":"Feature","geometry":{"type":"Point","coordinates":[8.0383,47.80018]},"properties":{"id":24059,"name":"Bernau","state_code":"BW","country_code":"DE"}},{"type":"Feature","geometry":{"type":"Point","coordinates":[10.02575,48.49957]},"properties":{"id":24072,"name":"Bernstadt","state_code":"BW","country_code":"DE"}},{"type":"Feature","geometry":{"type":"Point","coordinates":[9.14268,48.99797]},"properties":{"id":24078,"name":"Besigheim","state_code":"BW","country_code":"DE"}},{"type":"Feature","geometry":{"type":"Point","coordinates":[9.40406,48.56927]},"properties":{"id":24088,"name":"Beuren","state_code":"BW","country_code":"DE"}},{"type":"Feature","geometry":{"type":"Point","coordinates":[8.27704,48.61008]},"properties":{"id":24095,"name":"Biberach","state_code":"BW","country_code":"DE"}},{"type":"Feature","geometry":{"type":"Point","coordinates":[9.79053,48.09345]},"properties":{"id":24096,"name":"Biberach an der Riß","state_code":"BW","country_code":"DE"}},{"type":"Feature","geometry":{"type":"Point","coordinates":[8.25202,48.90919]},"properties":{"id":24114,"name":"Bietigheim","state_code":"BW","country_code":"DE"}},{"type":"Feature","geometry":{"type":"Point","coordinates":[9.11755,48.94407]},"properties":{"id":24115,"name":"Bietigheim-Bissingen","state_code":"BW","country_code":"DE"}},{"type":"Feature","geometry":{"type":"Point","coordinates":[9.25389,49.34861]},"properties":{"id":24118,"name":"Billigheim","state_code":"BW","country_code":"DE"}},{"type":"Feature","geometry":{"type":"Point","coordinates":[9.05806,49.36833]},"properties":{"id":24121,"name":"Binau","state_code":"BW","country_code":"DE"}},{"type":"Feature","geometry":{"type":"Point","coordinates":[9.27238,48.11127]},"properties":{"id":24123,"name":"Bingen","state_code":"BW","country_code":"DE"}},{"type":"Feature","geometry":{"type":"Point","coordinates":[7.61667,47.63333]},"properties":{"id":24128,"name":"Binzen","state_code":"BW","country_code":"DE"}},{"type":"Feature","geometry":{"type":"Point","coordinates":[9.66115,48.74732]},"properties":{"id":24130,"name":"Birenbach","state_code":"BW","country_code":"DE"}},{"type":"Feature","geometry":{"type":"Point","coordinates":[8.63333,48.86667]},"properties":{"id":24134,"name":"Birkenfeld","state_code":"BW","country_code":"DE"}},{"type":"Feature","geometry":{"type":"Point","coordinates":[8.28412,48.83766]},"properties":{"id":24152,"name":"Bischweier","state_code":"BW","country_code":"DE"}},{"type":"Feature","geometry":{"type":"Point","coordinates":[8.91738,48.31012]},"properties":{"id":24153,"name":"Bisingen","state_code":"BW","country_code":"DE"}},{"type":"Feature","geometry":{"type":"Point","coordinates":[9.49146,48.59915]},"properties":{"id":24158,"name":"Bissingen an der Teck","state_code":"BW","country_code":"DE"}},{"type":"Feature","geometry":{"type":"Point","coordinates":[9.09144,48.244]},"properties":{"id":24161,"name":"Bitz","state_code":"BW","country_code":"DE"}},{"type":"Feature","geometry":{"type":"Point","coordinates":[9.78427,48.41215]},"properties":{"id":24173,"name":"Blaubeuren","state_code":"BW","country_code":"DE"}},{"type":"Feature","geometry":{"type":"Point","coordinates":[9.97389,49.29778]},"properties":{"id":24174,"name":"Blaufelden","state_code":"BW","country_code":"DE"}},{"type":"Feature","geometry":{"type":"Point","coordinates":[8.53329,47.84058]},"properties":{"id":24187,"name":"Blumberg","state_code":"BW","country_code":"DE"}},{"type":"Feature","geometry":{"type":"Point","coordinates":[9.9213,48.81955]},"properties":{"id":24462,"name":"Böbingen an der Rems","state_code":"BW","country_code":"DE"}},{"type":"Feature","geometry":{"type":"Point","coordinates":[9.01171,48.68212]},"properties":{"id":24463,"name":"Böblingen","state_code":"BW","country_code":"DE"}},{"type":"Feature","geometry":{"type":"Point","coordinates":[8.97703,48.38886]},"properties":{"id":24203,"name":"Bodelshausen","state_code":"BW","country_code":"DE"}},{"type":"Feature","geometry":{"type":"Point","coordinates":[9.0554,47.81817]},"properties":{"id":24210,"name":"Bodman-Ludwigshafen","state_code":"BW","country_code":"DE"}},{"type":"Feature","geometry":{"type":"Point","coordinates":[9.68841,47.71014]},"properties":{"id":24211,"name":"Bodnegg","state_code":"BW","country_code":"DE"}},{"type":"Feature","geometry":{"type":"Point","coordinates":[9.93333,48.68333]},"properties":{"id":24467,"name":"Böhmenkirch","state_code":"BW","country_code":"DE"}},{"type":"Feature","geometry":{"type":"Point","coordinates":[10.14995,48.63141]},"properties":{"id":24222,"name":"Bolheim","state_code":"BW","country_code":"DE"}},{"type":"Feature","geometry":{"type":"Point","coordinates":[9.61295,48.64357]},"properties":{"id":24223,"name":"Boll","state_code":"BW","country_code":"DE"}},{"type":"Feature","geometry":{"type":"Point","coordinates":[7.78986,47.92143]},"properties":{"id":24226,"name":"Bollschweil","state_code":"BW","country_code":"DE"}},{"type":"Feature","geometry":{"type":"Point","coordinates":[8.83704,48.52064]},"properties":{"id":24229,"name":"Bondorf","state_code":"BW","country_code":"DE"}},{"type":"Feature","geometry":{"type":"Point","coordinates":[8.34139,47.81863]},"properties":{"id":24232,"name":"Bonndorf","state_code":"BW","country_code":"DE"}},{"type":"Feature","geometry":{"type":"Point","coordinates":[9.09386,49.04018]},"properties":{"id":24470,"name":"Bönnigheim","state_code":"BW","country_code":"DE"}},{"type":"Feature","geometry":{"type":"Point","coordinates":[10.35417,48.85847]},"properties":{"id":24236,"name":"Bopfingen","state_code":"BW","country_code":"DE"}},{"type":"Feature","geometry":{"type":"Point","coordinates":[9.63181,48.75376]},"properties":{"id":24476,"name":"Börtlingen","state_code":"BW","country_code":"DE"}},{"type":"Feature","geometry":{"type":"Point","coordinates":[8.55,48.23333]},"properties":{"id":24481,"name":"Bösingen","state_code":"BW","country_code":"DE"}},{"type":"Feature","geometry":{"type":"Point","coordinates":[8.8,48.1]},"properties":{"id":24483,"name":"Böttingen","state_code":"BW","country_code":"DE"}},{"type":"Feature","geometry":{"type":"Point","coordinates":[7.72485,48.07642]},"properties":{"id":24484,"name":"Bötzingen","state_code":"BW","country_code":"DE"}},{"type":"Feature","geometry":{"type":"Point","coordinates":[9.64006,49.47965]},"properties":{"id":24268,"name":"Boxberg","state_code":"BW","country_code":"DE"}},{"type":"Feature","geometry":{"type":"Point","coordinates":[9.06601,49.07787]},"properties":{"id":24271,"name":"Brackenheim","state_code":"BW","country_code":"DE"}},{"type":"Feature","geometry":{"type":"Point","coordinates":[8.44806,47.92957]},"properties":{"id":24364,"name":"Bräunlingen","state_code":"BW","country_code":"DE"}},{"type":"Feature","geometry":{"type":"Point","coordinates":[9.79056,49.19917]},"properties":{"id":24289,"name":"Braunsbach","state_code":"BW","country_code":"DE"}},{"type":"Feature","geometry":{"type":"Point","coordinates":[7.58294,48.03279]},"properties":{"id":24302,"name":"Breisach am Rhein","state_code":"BW","country_code":"DE"}},{"type":"Feature","geometry":{"type":"Point","coordinates":[8.08333,47.93333]},"properties":{"id":24314,"name":"Breitnau","state_code":"BW","country_code":"DE"}},{"type":"Feature","geometry":{"type":"Point","coordinates":[8.70745,49.03685]},"properties":{"id":24325,"name":"Bretten","state_code":"BW","country_code":"DE"}},{"type":"Feature","geometry":{"type":"Point","coordinates":[9.43833,49.17944]},"properties":{"id":24327,"name":"Bretzfeld","state_code":"BW","country_code":"DE"}},{"type":"Feature","geometry":{"type":"Point","coordinates":[8.59804,49.12426]},"properties":{"id":24351,"name":"Bruchsal","state_code":"BW","country_code":"DE"}},{"type":"Feature","geometry":{"type":"Point","coordinates":[8.53361,49.39722]},"properties":{"id":24371,"name":"Brühl","state_code":"BW","country_code":"DE"}},{"type":"Feature","geometry":{"type":"Point","coordinates":[8.83333,48.11667]},"properties":{"id":24377,"name":"Bubsheim","state_code":"BW","country_code":"DE"}},{"type":"Feature","geometry":{"type":"Point","coordinates":[9.5556,49.53909]},"properties":{"id":24380,"name":"Buch am Ahorn","state_code":"BW","country_code":"DE"}},{"type":"Feature","geometry":{"type":"Point","coordinates":[9.32293,49.52416]},"properties":{"id":24386,"name":"Buchen im Odenwald","state_code":"BW","country_code":"DE"}},{"type":"Feature","geometry":{"type":"Point","coordinates":[8.00909,47.96138]},"properties":{"id":24387,"name":"Buchenbach","state_code":"BW","country_code":"DE"}},{"type":"Feature","geometry":{"type":"Point","coordinates":[7.63799,47.8475]},"properties":{"id":24400,"name":"Buggingen","state_code":"BW","country_code":"DE"}},{"type":"Feature","geometry":{"type":"Point","coordinates":[8.13523,48.69676]},"properties":{"id":24495,"name":"Bühl","state_code":"BW","country_code":"DE"}},{"type":"Feature","geometry":{"type":"Point","coordinates":[8.18876,48.68569]},"properties":{"id":24496,"name":"Bühlertal","state_code":"BW","country_code":"DE"}},{"type":"Feature","geometry":{"type":"Point","coordinates":[9.90861,49.04167]},"properties":{"id":24497,"name":"Bühlertann","state_code":"BW","country_code":"DE"}},{"type":"Feature","geometry":{"type":"Point","coordinates":[9.92056,49.00333]},"properties":{"id":24498,"name":"Bühlerzell","state_code":"BW","country_code":"DE"}},{"type":"Feature","geometry":{"type":"Point","coordinates":[9.93333,48.23333]},"properties":{"id":24429,"name":"Burgrieden","state_code":"BW","country_code":"DE"}},{"type":"Feature","geometry":{"type":"Point","coordinates":[9.37239,48.92805]},"properties":{"id":24434,"name":"Burgstetten","state_code":"BW","country_code":"DE"}},{"type":"Feature","geometry":{"type":"Point","coordinates":[9.11286,48.29111]},"properties":{"id":24443,"name":"Burladingen","state_code":"BW","country_code":"DE"}},{"type":"Feature","geometry":{"type":"Point","coordinates":[8.68759,47.69638]},"properties":{"id":24505,"name":"Büsingen","state_code":"BW","country_code":"DE"}},{"type":"Feature","geometry":{"type":"Point","coordinates":[8.74031,48.71419]},"properties":{"id":24519,"name":"Calw","state_code":"BW","country_code":"DE"}},{"type":"Feature","geometry":{"type":"Point","coordinates":[9.03694,49.045]},"properties":{"id":24540,"name":"Cleebronn","state_code":"BW","country_code":"DE"}},{"type":"Feature","geometry":{"type":"Point","coordinates":[10.07193,49.13444]},"properties":{"id":24557,"name":"Crailsheim","state_code":"BW","country_code":"DE"}},{"type":"Feature","geometry":{"type":"Point","coordinates":[10.03119,49.46937]},"properties":{"id":24559,"name":"Creglingen","state_code":"BW","country_code":"DE"}},{"type":"Feature","geometry":{"type":"Point","coordinates":[9.26783,47.71265]},"properties":{"id":24585,"name":"Daisendorf","state_code":"BW","country_code":"DE"}},{"type":"Feature","geometry":{"type":"Point","coordinates":[8.55011,48.08993]},"properties":{"id":24604,"name":"Dauchingen","state_code":"BW","country_code":"DE"}},{"type":"Feature","geometry":{"type":"Point","coordinates":[8.82417,48.65128]},"properties":{"id":24607,"name":"Deckenpfronn","state_code":"BW","country_code":"DE"}},{"type":"Feature","geometry":{"type":"Point","coordinates":[9.71891,48.5971]},"properties":{"id":24611,"name":"Deggingen","state_code":"BW","country_code":"DE"}},{"type":"Feature","geometry":{"type":"Point","coordinates":[8.78533,48.1741]},"properties":{"id":24614,"name":"Deilingen","state_code":"BW","country_code":"DE"}},{"type":"Feature","geometry":{"type":"Point","coordinates":[8.60736,48.1123]},"properties":{"id":24620,"name":"Deißlingen","state_code":"BW","country_code":"DE"}},{"type":"Feature","geometry":{"type":"Point","coordinates":[9.3861,48.7122]},"properties":{"id":24619,"name":"Deizisau","state_code":"BW","country_code":"DE"}},{"type":"Feature","geometry":{"type":"Point","coordinates":[9.31675,48.69555]},"properties":{"id":24630,"name":"Denkendorf","state_code":"BW","country_code":"DE"}},{"type":"Feature","geometry":{"type":"Point","coordinates":[8.7382,48.1111]},"properties":{"id":24631,"name":"Denkingen","state_code":"BW","country_code":"DE"}},{"type":"Feature","geometry":{"type":"Point","coordinates":[7.88333,48.06667]},"properties":{"id":24635,"name":"Denzlingen","state_code":"BW","country_code":"DE"}},{"type":"Feature","geometry":{"type":"Point","coordinates":[9.10041,48.60758]},"properties":{"id":24649,"name":"Dettenhausen","state_code":"BW","country_code":"DE"}},{"type":"Feature","geometry":{"type":"Point","coordinates":[8.48512,47.62333]},"properties":{"id":24650,"name":"Dettighofen","state_code":"BW","country_code":"DE"}},{"type":"Feature","geometry":{"type":"Point","coordinates":[9.72161,48.26246]},"properties":{"id":24651,"name":"Dettingen","state_code":"BW","country_code":"DE"}},{"type":"Feature","geometry":{"type":"Point","coordinates":[9.34458,48.53077]},"properties":{"id":24652,"name":"Dettingen an der Erms","state_code":"BW","country_code":"DE"}},{"type":"Feature","geometry":{"type":"Point","coordinates":[9.45,48.61667]},"properties":{"id":24653,"name":"Dettingen unter Teck","state_code":"BW","country_code":"DE"}},{"type":"Feature","geometry":{"type":"Point","coordinates":[8.73806,49.28417]},"properties":{"id":24668,"name":"Dielheim","state_code":"BW","country_code":"DE"}},{"type":"Feature","geometry":{"type":"Point","coordinates":[10.07163,48.21072]},"properties":{"id":24677,"name":"Dietenheim","state_code":"BW","country_code":"DE"}},{"type":"Feature","geometry":{"type":"Point","coordinates":[8.64864,48.2048]},"properties":{"id":24683,"name":"Dietingen","state_code":"BW","country_code":"DE"}},{"type":"Feature","geometry":{"type":"Point","coordinates":[10.36667,48.7]},"properties":{"id":24704,"name":"Dischingen","state_code":"BW","country_code":"DE"}},{"type":"Feature","geometry":{"type":"Point","coordinates":[9.06703,48.82672]},"properties":{"id":24710,"name":"Ditzingen","state_code":"BW","country_code":"DE"}},{"type":"Feature","geometry":{"type":"Point","coordinates":[8.5,48.8]},"properties":{"id":24712,"name":"Dobel","state_code":"BW","country_code":"DE"}},{"type":"Feature","geometry":{"type":"Point","coordinates":[8.16713,47.60952]},"properties":{"id":24717,"name":"Dogern","state_code":"BW","country_code":"DE"}},{"type":"Feature","geometry":{"type":"Point","coordinates":[8.49707,47.95514]},"properties":{"id":24729,"name":"Donaueschingen","state_code":"BW","country_code":"DE"}},{"type":"Feature","geometry":{"type":"Point","coordinates":[9.81053,48.68544]},"properties":{"id":24733,"name":"Donzdorf","state_code":"BW","country_code":"DE"}},{"type":"Feature","geometry":{"type":"Point","coordinates":[8.77327,48.23688]},"properties":{"id":24739,"name":"Dormettingen","state_code":"BW","country_code":"DE"}},{"type":"Feature","geometry":{"type":"Point","coordinates":[8.50901,48.35008]},"properties":{"id":24742,"name":"Dornhan","state_code":"BW","country_code":"DE"}},{"type":"Feature","geometry":{"type":"Point","coordinates":[9.94434,48.46697]},"properties":{"id":24743,"name":"Dornstadt","state_code":"BW","country_code":"DE"}},{"type":"Feature","geometry":{"type":"Point","coordinates":[8.49817,48.47198]},"properties":{"id":24744,"name":"Dornstetten","state_code":"BW","country_code":"DE"}},{"type":"Feature","geometry":{"type":"Point","coordinates":[9.70732,49.38355]},"properties":{"id":24803,"name":"Dörzbach","state_code":"BW","country_code":"DE"}},{"type":"Feature","geometry":{"type":"Point","coordinates":[8.67472,49.45028]},"properties":{"id":24749,"name":"Dossenheim","state_code":"BW","country_code":"DE"}},{"type":"Feature","geometry":{"type":"Point","coordinates":[8.79228,48.22848]},"properties":{"id":24750,"name":"Dotternhausen","state_code":"BW","country_code":"DE"}},{"type":"Feature","geometry":{"type":"Point","coordinates":[8.50619,48.21242]},"properties":{"id":24782,"name":"Dunningen","state_code":"BW","country_code":"DE"}},{"type":"Feature","geometry":{"type":"Point","coordinates":[8.01736,48.49352]},"properties":{"id":24785,"name":"Durbach","state_code":"BW","country_code":"DE"}},{"type":"Feature","geometry":{"type":"Point","coordinates":[8.79344,48.05623]},"properties":{"id":24809,"name":"Dürbheim","state_code":"BW","country_code":"DE"}},{"type":"Feature","geometry":{"type":"Point","coordinates":[9.79654,48.85632]},"properties":{"id":24786,"name":"Durlangen","state_code":"BW","country_code":"DE"}},{"type":"Feature","geometry":{"type":"Point","coordinates":[9.53333,48.11667]},"properties":{"id":24811,"name":"Dürmentingen","state_code":"BW","country_code":"DE"}},{"type":"Feature","geometry":{"type":"Point","coordinates":[8.26667,48.93333]},"properties":{"id":24787,"name":"Durmersheim","state_code":"BW","country_code":"DE"}},{"type":"Feature","geometry":{"type":"Point","coordinates":[9.63544,48.64079]},"properties":{"id":24812,"name":"Dürnau","state_code":"BW","country_code":"DE"}},{"type":"Feature","geometry":{"type":"Point","coordinates":[9.05552,48.45357]},"properties":{"id":24789,"name":"Dußlingen","state_code":"BW","country_code":"DE"}},{"type":"Feature","geometry":{"type":"Point","coordinates":[9.51667,47.9]},"properties":{"id":24824,"name":"Ebenweiler","state_code":"BW","country_code":"DE"}},{"type":"Feature","geometry":{"type":"Point","coordinates":[8.99016,49.4668]},"properties":{"id":24825,"name":"Eberbach","state_code":"BW","country_code":"DE"}},{"type":"Feature","geometry":{"type":"Point","coordinates":[8.96502,48.87942]},"properties":{"id":24826,"name":"Eberdingen","state_code":"BW","country_code":"DE"}},{"type":"Feature","geometry":{"type":"Point","coordinates":[9.81667,48]},"properties":{"id":24828,"name":"Eberhardzell","state_code":"BW","country_code":"DE"}},{"type":"Feature","geometry":{"type":"Point","coordinates":[9.5236,48.716]},"properties":{"id":24833,"name":"Ebersbach an der Fils","state_code":"BW","country_code":"DE"}},{"type":"Feature","geometry":{"type":"Point","coordinates":[9.58333,47.96667]},"properties":{"id":24834,"name":"Ebersbach-Musbach","state_code":"BW","country_code":"DE"}},{"type":"Feature","geometry":{"type":"Point","coordinates":[9.32111,49.18028]},"properties":{"id":24838,"name":"Eberstadt","state_code":"BW","country_code":"DE"}},{"type":"Feature","geometry":{"type":"Point","coordinates":[8.68333,48.58333]},"properties":{"id":24841,"name":"Ebhausen","state_code":"BW","country_code":"DE"}},{"type":"Feature","geometry":{"type":"Point","coordinates":[7.77652,47.9578]},"properties":{"id":24843,"name":"Ebringen","state_code":"BW","country_code":"DE"}},{"type":"Feature","geometry":{"type":"Point","coordinates":[8.60639,49.45722]},"properties":{"id":24861,"name":"Edingen-Neckarhausen","state_code":"BW","country_code":"DE"}},{"type":"Feature","geometry":{"type":"Point","coordinates":[7.56667,47.65]},"properties":{"id":24864,"name":"Efringen-Kirchen","state_code":"BW","country_code":"DE"}},{"type":"Feature","geometry":{"type":"Point","coordinates":[8.61667,48.56667]},"properties":{"id":24867,"name":"Egenhausen","state_code":"BW","country_code":"DE"}},{"type":"Feature","geometry":{"type":"Point","coordinates":[8.39879,49.09006]},"properties":{"id":24873,"name":"Eggenstein-Leopoldshafen","state_code":"BW","country_code":"DE"}},{"type":"Feature","geometry":{"type":"Point","coordinates":[8.4,47.7]},"properties":{"id":24878,"name":"Eggingen","state_code":"BW","country_code":"DE"}},{"type":"Feature","geometry":{"type":"Point","coordinates":[9.72749,48.28259]},"properties":{"id":24888,"name":"Ehingen","state_code":"BW","country_code":"DE"}},{"type":"Feature","geometry":{"type":"Point","coordinates":[8.94124,48.65882]},"properties":{"id":24891,"name":"Ehningen","state_code":"BW","country_code":"DE"}},{"type":"Feature","geometry":{"type":"Point","coordinates":[7.74244,48.09427]},"properties":{"id":24905,"name":"Eichstetten","state_code":"BW","country_code":"DE"}},{"type":"Feature","geometry":{"type":"Point","coordinates":[8.89784,47.85802]},"properties":{"id":24911,"name":"Eigeltingen","state_code":"BW","country_code":"DE"}},{"type":"Feature","geometry":{"type":"Point","coordinates":[7.6,47.63333]},"properties":{"id":24916,"name":"Eimeldingen","state_code":"BW","country_code":"DE"}},{"type":"Feature","geometry":{"type":"Point","coordinates":[8.26802,47.96117]},"properties":{"id":24925,"name":"Eisenbach","state_code":"BW","country_code":"DE"}},{"type":"Feature","geometry":{"type":"Point","coordinates":[8.66667,48.95]},"properties":{"id":24931,"name":"Eisingen","state_code":"BW","country_code":"DE"}},{"type":"Feature","geometry":{"type":"Point","coordinates":[9.70676,48.69515]},"properties":{"id":24934,"name":"Eislingen","state_code":"BW","country_code":"DE"}},{"type":"Feature","geometry":{"type":"Point","coordinates":[10.21667,49.01667]},"properties":{"id":24947,"name":"Ellenberg","state_code":"BW","country_code":"DE"}},{"type":"Feature","geometry":{"type":"Point","coordinates":[9.32194,49.14667]},"properties":{"id":24953,"name":"Ellhofen","state_code":"BW","country_code":"DE"}},{"type":"Feature","geometry":{"type":"Point","coordinates":[10.13173,48.96164]},"properties":{"id":24956,"name":"Ellwangen","state_code":"BW","country_code":"DE"}},{"type":"Feature","geometry":{"type":"Point","coordinates":[8.06992,48.17247]},"properties":{"id":24979,"name":"Elzach","state_code":"BW","country_code":"DE"}},{"type":"Feature","geometry":{"type":"Point","coordinates":[7.85359,48.12096]},"properties":{"id":24988,"name":"Emmendingen","state_code":"BW","country_code":"DE"}},{"type":"Feature","geometry":{"type":"Point","coordinates":[8.88333,47.93333]},"properties":{"id":24991,"name":"Emmingen-Liptingen","state_code":"BW","country_code":"DE"}},{"type":"Feature","geometry":{"type":"Point","coordinates":[8.71036,48.39258]},"properties":{"id":24992,"name":"Empfingen","state_code":"BW","country_code":"DE"}},{"type":"Feature","geometry":{"type":"Point","coordinates":[7.70049,48.14221]},"properties":{"id":24999,"name":"Endingen","state_code":"BW","country_code":"DE"}},{"type":"Feature","geometry":{"type":"Point","coordinates":[8.65,48.83333]},"properties":{"id":25002,"name":"Engelsbrand","state_code":"BW","country_code":"DE"}},{"type":"Feature","geometry":{"type":"Point","coordinates":[8.77342,47.85534]},"properties":{"id":25005,"name":"Engen","state_code":"BW","country_code":"DE"}},{"type":"Feature","geometry":{"type":"Point","coordinates":[9.25946,48.48686]},"properties":{"id":25007,"name":"Eningen unter Achalm","state_code":"BW","country_code":"DE"}},{"type":"Feature","geometry":{"type":"Point","coordinates":[9.3201,48.05238]},"properties":{"id":25011,"name":"Ennetach","state_code":"BW","country_code":"DE"}},{"type":"Feature","geometry":{"type":"Point","coordinates":[8.47083,48.66638]},"properties":{"id":25015,"name":"Enzklösterle","state_code":"BW","country_code":"DE"}},{"type":"Feature","geometry":{"type":"Point","coordinates":[8.90778,49.33917]},"properties":{"id":25016,"name":"Epfenbach","state_code":"BW","country_code":"DE"}},{"type":"Feature","geometry":{"type":"Point","coordinates":[8.6,48.25]},"properties":{"id":25017,"name":"Epfendorf","state_code":"BW","country_code":"DE"}},{"type":"Feature","geometry":{"type":"Point","coordinates":[8.63644,49.4019]},"properties":{"id":25019,"name":"Eppelheim","state_code":"BW","country_code":"DE"}},{"type":"Feature","geometry":{"type":"Point","coordinates":[8.91229,49.13645]},"properties":{"id":25024,"name":"Eppingen","state_code":"BW","country_code":"DE"}},{"type":"Feature","geometry":{"type":"Point","coordinates":[9.88752,48.32841]},"properties":{"id":25028,"name":"Erbach","state_code":"BW","country_code":"DE"}},{"type":"Feature","geometry":{"type":"Point","coordinates":[9.29615,48.94256]},"properties":{"id":25033,"name":"Erdmannhausen","state_code":"BW","country_code":"DE"}},{"type":"Feature","geometry":{"type":"Point","coordinates":[9.54197,47.62479]},"properties":{"id":25044,"name":"Eriskirch","state_code":"BW","country_code":"DE"}},{"type":"Feature","geometry":{"type":"Point","coordinates":[9.43211,48.55656]},"properties":{"id":25046,"name":"Erkenbrechtsweiler","state_code":"BW","country_code":"DE"}},{"type":"Feature","geometry":{"type":"Point","coordinates":[9.26833,49.1725]},"properties":{"id":25057,"name":"Erlenbach","state_code":"BW","country_code":"DE"}},{"type":"Feature","geometry":{"type":"Point","coordinates":[9.97567,48.0653]},"properties":{"id":25059,"name":"Erlenmoos","state_code":"BW","country_code":"DE"}},{"type":"Feature","geometry":{"type":"Point","coordinates":[9.09722,49.0225]},"properties":{"id":25061,"name":"Erligheim","state_code":"BW","country_code":"DE"}},{"type":"Feature","geometry":{"type":"Point","coordinates":[10.073,48.09001]},"properties":{"id":25066,"name":"Erolzheim","state_code":"BW","country_code":"DE"}},{"type":"Feature","geometry":{"type":"Point","coordinates":[9.8551,48.2926]},"properties":{"id":25069,"name":"Ersingen","state_code":"BW","country_code":"DE"}},{"type":"Feature","geometry":{"type":"Point","coordinates":[9.46667,48.1]},"properties":{"id":25070,"name":"Ertingen","state_code":"BW","country_code":"DE"}},{"type":"Feature","geometry":{"type":"Point","coordinates":[9.86999,48.88832]},"properties":{"id":25074,"name":"Eschach","state_code":"BW","country_code":"DE"}},{"type":"Feature","geometry":{"type":"Point","coordinates":[8.86528,49.31944]},"properties":{"id":25079,"name":"Eschelbronn","state_code":"BW","country_code":"DE"}},{"type":"Feature","geometry":{"type":"Point","coordinates":[9.67037,48.65264]},"properties":{"id":25080,"name":"Eschenbach","state_code":"BW","country_code":"DE"}},{"type":"Feature","geometry":{"type":"Point","coordinates":[10.02773,48.80859]},"properties":{"id":25099,"name":"Essingen","state_code":"BW","country_code":"DE"}},{"type":"Feature","geometry":{"type":"Point","coordinates":[9.30473,48.73961]},"properties":{"id":25101,"name":"Esslingen","state_code":"BW","country_code":"DE"}},{"type":"Feature","geometry":{"type":"Point","coordinates":[7.81247,48.25696]},"properties":{"id":25106,"name":"Ettenheim","state_code":"BW","country_code":"DE"}},{"type":"Feature","geometry":{"type":"Point","coordinates":[8.40763,48.94094]},"properties":{"id":25107,"name":"Ettlingen","state_code":"BW","country_code":"DE"}},{"type":"Feature","geometry":{"type":"Point","coordinates":[8.74898,48.91246]},"properties":{"id":25118,"name":"Eutingen an der Enz","state_code":"BW","country_code":"DE"}},{"type":"Feature","geometry":{"type":"Point","coordinates":[9.15056,49.43139]},"properties":{"id":25127,"name":"Fahrenbach","state_code":"BW","country_code":"DE"}},{"type":"Feature","geometry":{"type":"Point","coordinates":[7.64142,47.77435]},"properties":{"id":25153,"name":"Feldberg","state_code":"BW","country_code":"DE"}},{"type":"Feature","geometry":{"type":"Point","coordinates":[9.27697,48.80912]},"properties":{"id":25159,"name":"Fellbach","state_code":"BW","country_code":"DE"}},{"type":"Feature","geometry":{"type":"Point","coordinates":[9.71199,48.98601]},"properties":{"id":25168,"name":"Fichtenberg","state_code":"BW","country_code":"DE"}},{"type":"Feature","geometry":{"type":"Point","coordinates":[9.22049,48.65698]},"properties":{"id":25170,"name":"Filderstadt","state_code":"BW","country_code":"DE"}},{"type":"Feature","geometry":{"type":"Point","coordinates":[8.10959,48.28687]},"properties":{"id":25181,"name":"Fischerbach","state_code":"BW","country_code":"DE"}},{"type":"Feature","geometry":{"type":"Point","coordinates":[9.21083,49.10306]},"properties":{"id":25188,"name":"Flein","state_code":"BW","country_code":"DE"}},{"type":"Feature","geometry":{"type":"Point","coordinates":[8.35,48.68333]},"properties":{"id":25203,"name":"Forbach","state_code":"BW","country_code":"DE"}},{"type":"Feature","geometry":{"type":"Point","coordinates":[7.7,48.16667]},"properties":{"id":25205,"name":"Forchheim","state_code":"BW","country_code":"DE"}},{"type":"Feature","geometry":{"type":"Point","coordinates":[9.56026,49.28867]},"properties":{"id":25206,"name":"Forchtenberg","state_code":"BW","country_code":"DE"}},{"type":"Feature","geometry":{"type":"Point","coordinates":[8.58083,49.15861]},"properties":{"id":25208,"name":"Forst","state_code":"BW","country_code":"DE"}},{"type":"Feature","geometry":{"type":"Point","coordinates":[9.2024,48.93196]},"properties":{"id":25239,"name":"Freiberg am Neckar","state_code":"BW","country_code":"DE"}},{"type":"Feature","geometry":{"type":"Point","coordinates":[7.85222,47.9959]},"properties":{"id":25240,"name":"Freiburg","state_code":"BW","country_code":"DE"}},{"type":"Feature","geometry":{"type":"Point","coordinates":[8.33333,48.16667]},"properties":{"id":25242,"name":"Freiburg Region","state_code":"BW","country_code":"DE"}},{"type":"Feature","geometry":{"type":"Point","coordinates":[9.32748,49.75349]},"properties":{"id":25258,"name":"Freudenberg","state_code":"BW","country_code":"DE"}},{"type":"Feature","geometry":{"type":"Point","coordinates":[8.41371,48.46695]},"properties":{"id":25260,"name":"Freudenstadt","state_code":"BW","country_code":"DE"}},{"type":"Feature","geometry":{"type":"Point","coordinates":[9.05917,49.00972]},"properties":{"id":25261,"name":"Freudental","state_code":"BW","country_code":"DE"}},{"type":"Feature","geometry":{"type":"Point","coordinates":[9.36005,48.59353]},"properties":{"id":25266,"name":"Frickenhausen","state_code":"BW","country_code":"DE"}},{"type":"Feature","geometry":{"type":"Point","coordinates":[9.27349,47.81438]},"properties":{"id":25267,"name":"Frickingen","state_code":"BW","country_code":"DE"}},{"type":"Feature","geometry":{"type":"Point","coordinates":[8.92322,48.01955]},"properties":{"id":25268,"name":"Fridingen an der Donau","state_code":"BW","country_code":"DE"}},{"type":"Feature","geometry":{"type":"Point","coordinates":[8.25627,47.91778]},"properties":{"id":25276,"name":"Friedenweiler","state_code":"BW","country_code":"DE"}},{"type":"Feature","geometry":{"type":"Point","coordinates":[9.47554,47.65689]},"properties":{"id":25288,"name":"Friedrichshafen","state_code":"BW","country_code":"DE"}},{"type":"Feature","geometry":{"type":"Point","coordinates":[8.83333,48.83333]},"properties":{"id":25301,"name":"Friolzheim","state_code":"BW","country_code":"DE"}},{"type":"Feature","geometry":{"type":"Point","coordinates":[8.70774,48.12709]},"properties":{"id":25302,"name":"Frittlingen","state_code":"BW","country_code":"DE"}},{"type":"Feature","geometry":{"type":"Point","coordinates":[9.56944,47.87053]},"properties":{"id":25307,"name":"Fronreute","state_code":"BW","country_code":"DE"}},{"type":"Feature","geometry":{"type":"Point","coordinates":[9.15535,47.67895]},"properties":{"id":25329,"name":"Fürstenberg","state_code":"BW","country_code":"DE"}},{"type":"Feature","geometry":{"type":"Point","coordinates":[8.20715,48.05156]},"properties":{"id":25319,"name":"Furtwangen","state_code":"BW","country_code":"DE"}},{"type":"Feature","geometry":{"type":"Point","coordinates":[8.33333,48.8]},"properties":{"id":25345,"name":"Gaggenau","state_code":"BW","country_code":"DE"}},{"type":"Feature","geometry":{"type":"Point","coordinates":[8.74972,49.36639]},"properties":{"id":25346,"name":"Gaiberg","state_code":"BW","country_code":"DE"}},{"type":"Feature","geometry":{"type":"Point","coordinates":[8.98333,47.68333]},"properties":{"id":25347,"name":"Gaienhofen","state_code":"BW","country_code":"DE"}},{"type":"Feature","geometry":{"type":"Point","coordinates":[9.76953,49.00027]},"properties":{"id":25348,"name":"Gaildorf","state_code":"BW","country_code":"DE"}},{"type":"Feature","geometry":{"type":"Point","coordinates":[8.75567,47.69711]},"properties":{"id":25349,"name":"Gailingen","state_code":"BW","country_code":"DE"}},{"type":"Feature","geometry":{"type":"Point","coordinates":[9.65072,48.64023]},"properties":{"id":25354,"name":"Gammelshausen","state_code":"BW","country_code":"DE"}},{"type":"Feature","geometry":{"type":"Point","coordinates":[9.22349,48.2524]},"properties":{"id":25355,"name":"Gammertingen","state_code":"BW","country_code":"DE"}},{"type":"Feature","geometry":{"type":"Point","coordinates":[8.90073,48.64176]},"properties":{"id":25774,"name":"Gärtringen","state_code":"BW","country_code":"DE"}},{"type":"Feature","geometry":{"type":"Point","coordinates":[8.82915,48.69527]},"properties":{"id":25387,"name":"Gechingen","state_code":"BW","country_code":"DE"}},{"type":"Feature","geometry":{"type":"Point","coordinates":[8.65002,47.92504]},"properties":{"id":25405,"name":"Geisingen","state_code":"BW","country_code":"DE"}},{"type":"Feature","geometry":{"type":"Point","coordinates":[8.81241,48.28768]},"properties":{"id":25407,"name":"Geislingen","state_code":"BW","country_code":"DE"}},{"type":"Feature","geometry":{"type":"Point","coordinates":[9.82736,48.62423]},"properties":{"id":25408,"name":"Geislingen an der Steige","state_code":"BW","country_code":"DE"}},{"type":"Feature","geometry":{"type":"Point","coordinates":[8.98194,49.15639]},"properties":{"id":25420,"name":"Gemmingen","state_code":"BW","country_code":"DE"}},{"type":"Feature","geometry":{"type":"Point","coordinates":[9.15556,49.02833]},"properties":{"id":25421,"name":"Gemmrigheim","state_code":"BW","country_code":"DE"}},{"type":"Feature","geometry":{"type":"Point","coordinates":[8.01433,48.40476]},"properties":{"id":25426,"name":"Gengenbach","state_code":"BW","country_code":"DE"}},{"type":"Feature","geometry":{"type":"Point","coordinates":[9.91986,48.97071]},"properties":{"id":25436,"name":"Gerabronn","state_code":"BW","country_code":"DE"}},{"type":"Feature","geometry":{"type":"Point","coordinates":[9.06316,48.79954]},"properties":{"id":25444,"name":"Gerlingen","state_code":"BW","country_code":"DE"}},{"type":"Feature","geometry":{"type":"Point","coordinates":[8.34306,48.77034]},"properties":{"id":25449,"name":"Gernsbach","state_code":"BW","country_code":"DE"}},{"type":"Feature","geometry":{"type":"Point","coordinates":[10.01984,48.62254]},"properties":{"id":25462,"name":"Gerstetten","state_code":"BW","country_code":"DE"}},{"type":"Feature","geometry":{"type":"Point","coordinates":[10.24312,48.62219]},"properties":{"id":25484,"name":"Giengen an der Brenz","state_code":"BW","country_code":"DE"}},{"type":"Feature","geometry":{"type":"Point","coordinates":[9.78092,48.65979]},"properties":{"id":25494,"name":"Gingen an der Fils","state_code":"BW","country_code":"DE"}},{"type":"Feature","geometry":{"type":"Point","coordinates":[8.51116,48.44246]},"properties":{"id":25507,"name":"Glatten","state_code":"BW","country_code":"DE"}},{"type":"Feature","geometry":{"type":"Point","coordinates":[9.88398,48.86123]},"properties":{"id":25776,"name":"Göggingen","state_code":"BW","country_code":"DE"}},{"type":"Feature","geometry":{"type":"Point","coordinates":[9.39065,48.3998]},"properties":{"id":25537,"name":"Gomadingen","state_code":"BW","country_code":"DE"}},{"type":"Feature","geometry":{"type":"Point","coordinates":[9.09582,48.45349]},"properties":{"id":25538,"name":"Gomaringen","state_code":"BW","country_code":"DE"}},{"type":"Feature","geometry":{"type":"Point","coordinates":[8.65833,49.05917]},"properties":{"id":25541,"name":"Gondelsheim","state_code":"BW","country_code":"DE"}},{"type":"Feature","geometry":{"type":"Point","coordinates":[9.65209,48.70354]},"properties":{"id":25779,"name":"Göppingen","state_code":"BW","country_code":"DE"}},{"type":"Feature","geometry":{"type":"Point","coordinates":[8.07482,47.64275]},"properties":{"id":25784,"name":"Görwihl","state_code":"BW","country_code":"DE"}},{"type":"Feature","geometry":{"type":"Point","coordinates":[8.75426,48.1343]},"properties":{"id":25546,"name":"Gosheim","state_code":"BW","country_code":"DE"}},{"type":"Feature","geometry":{"type":"Point","coordinates":[7.73333,48.05]},"properties":{"id":25550,"name":"Gottenheim","state_code":"BW","country_code":"DE"}},{"type":"Feature","geometry":{"type":"Point","coordinates":[8.77687,47.73511]},"properties":{"id":25553,"name":"Gottmadingen","state_code":"BW","country_code":"DE"}},{"type":"Feature","geometry":{"type":"Point","coordinates":[8.49243,49.16695]},"properties":{"id":25556,"name":"Graben-Neudorf","state_code":"BW","country_code":"DE"}},{"type":"Feature","geometry":{"type":"Point","coordinates":[9.46155,48.52397]},"properties":{"id":25557,"name":"Grabenstetten","state_code":"BW","country_code":"DE"}},{"type":"Feature","geometry":{"type":"Point","coordinates":[8.91219,48.71427]},"properties":{"id":25563,"name":"Grafenau","state_code":"BW","country_code":"DE"}},{"type":"Feature","geometry":{"type":"Point","coordinates":[7.76678,48.28427]},"properties":{"id":25565,"name":"Grafenhausen","state_code":"BW","country_code":"DE"}},{"type":"Feature","geometry":{"type":"Point","coordinates":[8.00515,48.75205]},"properties":{"id":25588,"name":"Greffern","state_code":"BW","country_code":"DE"}},{"type":"Feature","geometry":{"type":"Point","coordinates":[7.68333,47.55]},"properties":{"id":25599,"name":"Grenzach-Wyhlen","state_code":"BW","country_code":"DE"}},{"type":"Feature","geometry":{"type":"Point","coordinates":[9.30782,48.59052]},"properties":{"id":25654,"name":"Großbettlingen","state_code":"BW","country_code":"DE"}},{"type":"Feature","geometry":{"type":"Point","coordinates":[9.29348,49.00147]},"properties":{"id":25657,"name":"Großbottwar","state_code":"BW","country_code":"DE"}},{"type":"Feature","geometry":{"type":"Point","coordinates":[8.88704,48.33229]},"properties":{"id":25617,"name":"Grosselfingen","state_code":"BW","country_code":"DE"}},{"type":"Feature","geometry":{"type":"Point","coordinates":[9.51356,49.05368]},"properties":{"id":25671,"name":"Großerlach","state_code":"BW","country_code":"DE"}},{"type":"Feature","geometry":{"type":"Point","coordinates":[9.73356,49.66536]},"properties":{"id":25700,"name":"Großrinderfeld","state_code":"BW","country_code":"DE"}},{"type":"Feature","geometry":{"type":"Point","coordinates":[9.64389,48.59483]},"properties":{"id":25718,"name":"Gruibingen","state_code":"BW","country_code":"DE"}},{"type":"Feature","geometry":{"type":"Point","coordinates":[9.65588,47.74417]},"properties":{"id":25742,"name":"Grünkraut","state_code":"BW","country_code":"DE"}},{"type":"Feature","geometry":{"type":"Point","coordinates":[9.74725,49.60949]},"properties":{"id":25743,"name":"Grünsfeld","state_code":"BW","country_code":"DE"}},{"type":"Feature","geometry":{"type":"Point","coordinates":[9.74436,48.93333]},"properties":{"id":25746,"name":"Gschwend","state_code":"BW","country_code":"DE"}},{"type":"Feature","geometry":{"type":"Point","coordinates":[9.00175,49.06642]},"properties":{"id":25792,"name":"Güglingen","state_code":"BW","country_code":"DE"}},{"type":"Feature","geometry":{"type":"Point","coordinates":[7.8657,48.04246]},"properties":{"id":25754,"name":"Gundelfingen","state_code":"BW","country_code":"DE"}},{"type":"Feature","geometry":{"type":"Point","coordinates":[9.16037,49.2833]},"properties":{"id":25756,"name":"Gundelsheim","state_code":"BW","country_code":"DE"}},{"type":"Feature","geometry":{"type":"Point","coordinates":[8.21293,48.24844]},"properties":{"id":25764,"name":"Gutach","state_code":"BW","country_code":"DE"}},{"type":"Feature","geometry":{"type":"Point","coordinates":[7.98333,48.11667]},"properties":{"id":25765,"name":"Gutach im Breisgau","state_code":"BW","country_code":"DE"}},{"type":"Feature","geometry":{"type":"Point","coordinates":[8.15,48.05]},"properties":{"id":25801,"name":"Gütenbach","state_code":"BW","country_code":"DE"}},{"type":"Feature","geometry":{"type":"Point","coordinates":[9.98333,48.11667]},"properties":{"id":25769,"name":"Gutenzell-Hürbel","state_code":"BW","country_code":"DE"}},{"type":"Feature","geometry":{"type":"Point","coordinates":[9.31787,47.67666]},"properties":{"id":25824,"name":"Hagnau","state_code":"BW","country_code":"DE"}},{"type":"Feature","geometry":{"type":"Point","coordinates":[8.80357,48.36614]},"properties":{"id":25831,"name":"Haigerloch","state_code":"BW","country_code":"DE"}},{"type":"Feature","geometry":{"type":"Point","coordinates":[8.64435,48.52066]},"properties":{"id":25840,"name":"Haiterbach","state_code":"BW","country_code":"DE"}},{"type":"Feature","geometry":{"type":"Point","coordinates":[8.54056,49.19]},"properties":{"id":25865,"name":"Hambrücken","state_code":"BW","country_code":"DE"}},{"type":"Feature","geometry":{"type":"Point","coordinates":[9.47194,49.61194]},"properties":{"id":25900,"name":"Hardheim","state_code":"BW","country_code":"DE"}},{"type":"Feature","geometry":{"type":"Point","coordinates":[8.41667,48.18333]},"properties":{"id":25901,"name":"Hardt","state_code":"BW","country_code":"DE"}},{"type":"Feature","geometry":{"type":"Point","coordinates":[7.63333,47.93333]},"properties":{"id":25916,"name":"Hartheim","state_code":"BW","country_code":"DE"}},{"type":"Feature","geometry":{"type":"Point","coordinates":[7.8972,47.65342]},"properties":{"id":25921,"name":"Hasel","state_code":"BW","country_code":"DE"}},{"type":"Feature","geometry":{"type":"Point","coordinates":[8.05658,48.56531]},"properties":{"id":25928,"name":"Haslach","state_code":"BW","country_code":"DE"}},{"type":"Feature","geometry":{"type":"Point","coordinates":[9.15,49.3]},"properties":{"id":25965,"name":"Haßmersheim","state_code":"BW","country_code":"DE"}},{"type":"Feature","geometry":{"type":"Point","coordinates":[9.57456,48.66648]},"properties":{"id":25937,"name":"Hattenhofen","state_code":"BW","country_code":"DE"}},{"type":"Feature","geometry":{"type":"Point","coordinates":[8.17602,48.28426]},"properties":{"id":25949,"name":"Hausach","state_code":"BW","country_code":"DE"}},{"type":"Feature","geometry":{"type":"Point","coordinates":[7.83986,47.68128]},"properties":{"id":25952,"name":"Hausen","state_code":"BW","country_code":"DE"}},{"type":"Feature","geometry":{"type":"Point","coordinates":[8.16667,47.75]},"properties":{"id":26297,"name":"Häusern","state_code":"BW","country_code":"DE"}},{"type":"Feature","geometry":{"type":"Point","coordinates":[9.4776,48.27531]},"properties":{"id":25960,"name":"Hayingen","state_code":"BW","country_code":"DE"}},{"type":"Feature","geometry":{"type":"Point","coordinates":[8.96317,48.35149]},"properties":{"id":25968,"name":"Hechingen","state_code":"BW","country_code":"DE"}},{"type":"Feature","geometry":{"type":"Point","coordinates":[8.60361,49.50556]},"properties":{"id":25971,"name":"Heddesheim","state_code":"BW","country_code":"DE"}},{"type":"Feature","geometry":{"type":"Point","coordinates":[8.69079,49.40768]},"properties":{"id":25982,"name":"Heidelberg","state_code":"BW","country_code":"DE"}},{"type":"Feature","geometry":{"type":"Point","coordinates":[10.15162,48.67798]},"properties":{"id":25987,"name":"Heidenheim an der Brenz","state_code":"BW","country_code":"DE"}},{"type":"Feature","geometry":{"type":"Point","coordinates":[9.22054,49.13995]},"properties":{"id":25994,"name":"Heilbronn","state_code":"BW","country_code":"DE"}},{"type":"Feature","geometry":{"type":"Point","coordinates":[9.3128,47.82094]},"properties":{"id":25995,"name":"Heiligenberg","state_code":"BW","country_code":"DE"}},{"type":"Feature","geometry":{"type":"Point","coordinates":[8.795,49.48333]},"properties":{"id":26003,"name":"Heiligkreuzsteinach","state_code":"BW","country_code":"DE"}},{"type":"Feature","geometry":{"type":"Point","coordinates":[8.86744,48.80656]},"properties":{"id":26010,"name":"Heimsheim","state_code":"BW","country_code":"DE"}},{"type":"Feature","geometry":{"type":"Point","coordinates":[9.64977,48.66177]},"properties":{"id":26014,"name":"Heiningen","state_code":"BW","country_code":"DE"}},{"type":"Feature","geometry":{"type":"Point","coordinates":[7.65721,47.87468]},"properties":{"id":26019,"name":"Heitersheim","state_code":"BW","country_code":"DE"}},{"type":"Feature","geometry":{"type":"Point","coordinates":[8.99712,49.31427]},"properties":{"id":26031,"name":"Helmstadt-Bargen","state_code":"BW","country_code":"DE"}},{"type":"Feature","geometry":{"type":"Point","coordinates":[9.03333,48.86667]},"properties":{"id":26041,"name":"Hemmingen","state_code":"BW","country_code":"DE"}},{"type":"Feature","geometry":{"type":"Point","coordinates":[8.64779,49.59075]},"properties":{"id":26044,"name":"Hemsbach","state_code":"BW","country_code":"DE"}},{"type":"Feature","geometry":{"type":"Point","coordinates":[9.43333,48.06667]},"properties":{"id":26057,"name":"Herbertingen","state_code":"BW","country_code":"DE"}},{"type":"Feature","geometry":{"type":"Point","coordinates":[7.77746,48.21884]},"properties":{"id":26058,"name":"Herbolzheim","state_code":"BW","country_code":"DE"}},{"type":"Feature","geometry":{"type":"Point","coordinates":[10.176,48.62173]},"properties":{"id":26060,"name":"Herbrechtingen","state_code":"BW","country_code":"DE"}},{"type":"Feature","geometry":{"type":"Point","coordinates":[9.2,47.85]},"properties":{"id":26065,"name":"Herdwangen-Schönach","state_code":"BW","country_code":"DE"}},{"type":"Feature","geometry":{"type":"Point","coordinates":[10.26065,48.59544]},"properties":{"id":26076,"name":"Hermaringen","state_code":"BW","country_code":"DE"}},{"type":"Feature","geometry":{"type":"Point","coordinates":[8.86648,48.59523]},"properties":{"id":26086,"name":"Herrenberg","state_code":"BW","country_code":"DE"}},{"type":"Feature","geometry":{"type":"Point","coordinates":[8,47.66667]},"properties":{"id":26088,"name":"Herrischried","state_code":"BW","country_code":"DE"}},{"type":"Feature","geometry":{"type":"Point","coordinates":[9.18629,48.99407]},"properties":{"id":26106,"name":"Hessigheim","state_code":"BW","country_code":"DE"}},{"type":"Feature","geometry":{"type":"Point","coordinates":[9.23169,48.21601]},"properties":{"id":26112,"name":"Hettingen","state_code":"BW","country_code":"DE"}},{"type":"Feature","geometry":{"type":"Point","coordinates":[9.9337,48.79267]},"properties":{"id":26117,"name":"Heubach","state_code":"BW","country_code":"DE"}},{"type":"Feature","geometry":{"type":"Point","coordinates":[9.94391,48.85215]},"properties":{"id":26120,"name":"Heuchlingen","state_code":"BW","country_code":"DE"}},{"type":"Feature","geometry":{"type":"Point","coordinates":[8.96605,48.62423]},"properties":{"id":26138,"name":"Hildrizhausen","state_code":"BW","country_code":"DE"}},{"type":"Feature","geometry":{"type":"Point","coordinates":[8.78333,47.76667]},"properties":{"id":26150,"name":"Hilzingen","state_code":"BW","country_code":"DE"}},{"type":"Feature","geometry":{"type":"Point","coordinates":[8.10701,47.90276]},"properties":{"id":26158,"name":"Hinterzarten","state_code":"BW","country_code":"DE"}},{"type":"Feature","geometry":{"type":"Point","coordinates":[8.88742,48.41245]},"properties":{"id":26160,"name":"Hirrlingen","state_code":"BW","country_code":"DE"}},{"type":"Feature","geometry":{"type":"Point","coordinates":[8.65693,49.5071]},"properties":{"id":26164,"name":"Hirschberg an der Bergstraße","state_code":"BW","country_code":"DE"}},{"type":"Feature","geometry":{"type":"Point","coordinates":[9.78778,48.0256]},"properties":{"id":26173,"name":"Hochdorf","state_code":"BW","country_code":"DE"}},{"type":"Feature","geometry":{"type":"Point","coordinates":[8.16667,47.73333]},"properties":{"id":26299,"name":"Höchenschwand","state_code":"BW","country_code":"DE"}},{"type":"Feature","geometry":{"type":"Point","coordinates":[8.55194,49.32334]},"properties":{"id":26182,"name":"Hockenheim","state_code":"BW","country_code":"DE"}},{"type":"Feature","geometry":{"type":"Point","coordinates":[8.58333,48.8]},"properties":{"id":26306,"name":"Höfen an der Enz","state_code":"BW","country_code":"DE"}},{"type":"Feature","geometry":{"type":"Point","coordinates":[8.06595,48.25846]},"properties":{"id":26191,"name":"Hofstetten","state_code":"BW","country_code":"DE"}},{"type":"Feature","geometry":{"type":"Point","coordinates":[7.89972,48.3227]},"properties":{"id":26193,"name":"Hohberg","state_code":"BW","country_code":"DE"}},{"type":"Feature","geometry":{"type":"Point","coordinates":[8.4325,47.57005]},"properties":{"id":26216,"name":"Hohentengen","state_code":"BW","country_code":"DE"}},{"type":"Feature","geometry":{"type":"Point","coordinates":[9.01149,48.63969]},"properties":{"id":26242,"name":"Holzgerlingen","state_code":"BW","country_code":"DE"}},{"type":"Feature","geometry":{"type":"Point","coordinates":[9.51667,48.63333]},"properties":{"id":26247,"name":"Holzmaden","state_code":"BW","country_code":"DE"}},{"type":"Feature","geometry":{"type":"Point","coordinates":[9.42861,49.6025]},"properties":{"id":26315,"name":"Höpfingen","state_code":"BW","country_code":"DE"}},{"type":"Feature","geometry":{"type":"Point","coordinates":[8.6913,48.44423]},"properties":{"id":26256,"name":"Horb am Neckar","state_code":"BW","country_code":"DE"}},{"type":"Feature","geometry":{"type":"Point","coordinates":[7.86667,47.93333]},"properties":{"id":26257,"name":"Horben","state_code":"BW","country_code":"DE"}},{"type":"Feature","geometry":{"type":"Point","coordinates":[9.49727,47.80534]},"properties":{"id":26260,"name":"Horgenzell","state_code":"BW","country_code":"DE"}},{"type":"Feature","geometry":{"type":"Point","coordinates":[8.23275,48.21068]},"properties":{"id":26266,"name":"Hornberg","state_code":"BW","country_code":"DE"}},{"type":"Feature","geometry":{"type":"Point","coordinates":[8.78087,49.2804]},"properties":{"id":26271,"name":"Horrenberg","state_code":"BW","country_code":"DE"}},{"type":"Feature","geometry":{"type":"Point","coordinates":[9.08167,49.29194]},"properties":{"id":26331,"name":"Hüffenhardt","state_code":"BW","country_code":"DE"}},{"type":"Feature","geometry":{"type":"Point","coordinates":[8.48831,47.92543]},"properties":{"id":26332,"name":"Hüfingen","state_code":"BW","country_code":"DE"}},{"type":"Feature","geometry":{"type":"Point","coordinates":[8.11667,48.8]},"properties":{"id":26333,"name":"Hügelsheim","state_code":"BW","country_code":"DE"}},{"type":"Feature","geometry":{"type":"Point","coordinates":[9.4079,48.51982]},"properties":{"id":26334,"name":"Hülben","state_code":"BW","country_code":"DE"}},{"type":"Feature","geometry":{"type":"Point","coordinates":[9.94246,48.27965]},"properties":{"id":26344,"name":"Hüttisheim","state_code":"BW","country_code":"DE"}},{"type":"Feature","geometry":{"type":"Point","coordinates":[10.10064,48.89266]},"properties":{"id":26345,"name":"Hüttlingen","state_code":"BW","country_code":"DE"}},{"type":"Feature","geometry":{"type":"Point","coordinates":[8.1431,48.82167]},"properties":{"id":26353,"name":"Iffezheim","state_code":"BW","country_code":"DE"}},{"type":"Feature","geometry":{"type":"Point","coordinates":[9.81694,49.49444]},"properties":{"id":26357,"name":"Igersheim","state_code":"BW","country_code":"DE"}},{"type":"Feature","geometry":{"type":"Point","coordinates":[9.87894,48.83167]},"properties":{"id":26359,"name":"Iggingen","state_code":"BW","country_code":"DE"}},{"type":"Feature","geometry":{"type":"Point","coordinates":[7.6476,48.04303]},"properties":{"id":26361,"name":"Ihringen","state_code":"BW","country_code":"DE"}},{"type":"Feature","geometry":{"type":"Point","coordinates":[10.05155,48.27017]},"properties":{"id":26366,"name":"Illerrieden","state_code":"BW","country_code":"DE"}},{"type":"Feature","geometry":{"type":"Point","coordinates":[8.92459,48.95616]},"properties":{"id":26368,"name":"Illingen","state_code":"BW","country_code":"DE"}},{"type":"Feature","geometry":{"type":"Point","coordinates":[9.37235,47.86229]},"properties":{"id":26370,"name":"Illmensee","state_code":"BW","country_code":"DE"}},{"type":"Feature","geometry":{"type":"Point","coordinates":[9.24598,49.05548]},"properties":{"id":26376,"name":"Ilsfeld","state_code":"BW","country_code":"DE"}},{"type":"Feature","geometry":{"type":"Point","coordinates":[9.91825,49.17015]},"properties":{"id":26377,"name":"Ilshofen","state_code":"BW","country_code":"DE"}},{"type":"Feature","geometry":{"type":"Point","coordinates":[8.5674,49.47404]},"properties":{"id":26378,"name":"Ilvesheim","state_code":"BW","country_code":"DE"}},{"type":"Feature","geometry":{"type":"Point","coordinates":[8.73333,47.93333]},"properties":{"id":26380,"name":"Immendingen","state_code":"BW","country_code":"DE"}},{"type":"Feature","geometry":{"type":"Point","coordinates":[9.36667,47.66667]},"properties":{"id":26383,"name":"Immenstaad am Bodensee","state_code":"BW","country_code":"DE"}},{"type":"Feature","geometry":{"type":"Point","coordinates":[9.65303,49.30028]},"properties":{"id":26388,"name":"Ingelfingen","state_code":"BW","country_code":"DE"}},{"type":"Feature","geometry":{"type":"Point","coordinates":[9.74195,48.02552]},"properties":{"id":26391,"name":"Ingoldingen","state_code":"BW","country_code":"DE"}},{"type":"Feature","geometry":{"type":"Point","coordinates":[9.17998,48.07034]},"properties":{"id":26399,"name":"Inzigkofen","state_code":"BW","country_code":"DE"}},{"type":"Feature","geometry":{"type":"Point","coordinates":[7.69094,47.58851]},"properties":{"id":26400,"name":"Inzlingen","state_code":"BW","country_code":"DE"}},{"type":"Feature","geometry":{"type":"Point","coordinates":[10.03857,47.6926]},"properties":{"id":26416,"name":"Isny","state_code":"BW","country_code":"DE"}},{"type":"Feature","geometry":{"type":"Point","coordinates":[8.66667,48.91667]},"properties":{"id":26417,"name":"Ispringen","state_code":"BW","country_code":"DE"}},{"type":"Feature","geometry":{"type":"Point","coordinates":[8.93083,49.19083]},"properties":{"id":26421,"name":"Ittlingen","state_code":"BW","country_code":"DE"}},{"type":"Feature","geometry":{"type":"Point","coordinates":[9.46833,49.31056]},"properties":{"id":26425,"name":"Jagsthausen","state_code":"BW","country_code":"DE"}},{"type":"Feature","geometry":{"type":"Point","coordinates":[10.09751,49.03055]},"properties":{"id":26426,"name":"Jagstzell","state_code":"BW","country_code":"DE"}},{"type":"Feature","geometry":{"type":"Point","coordinates":[8.56667,47.65]},"properties":{"id":26446,"name":"Jestetten","state_code":"BW","country_code":"DE"}},{"type":"Feature","geometry":{"type":"Point","coordinates":[8.5735,49.03218]},"properties":{"id":26466,"name":"Jöhlingen","state_code":"BW","country_code":"DE"}},{"type":"Feature","geometry":{"type":"Point","coordinates":[9.04095,48.32787]},"properties":{"id":26463,"name":"Jungingen","state_code":"BW","country_code":"DE"}},{"type":"Feature","geometry":{"type":"Point","coordinates":[9.63898,48.93023]},"properties":{"id":26481,"name":"Kaisersbach","state_code":"BW","country_code":"DE"}},{"type":"Feature","geometry":{"type":"Point","coordinates":[7.66237,47.71393]},"properties":{"id":26506,"name":"Kandern","state_code":"BW","country_code":"DE"}},{"type":"Feature","geometry":{"type":"Point","coordinates":[7.76605,48.28382]},"properties":{"id":26508,"name":"Kappel-Grafenhausen","state_code":"BW","country_code":"DE"}},{"type":"Feature","geometry":{"type":"Point","coordinates":[8.11692,48.59182]},"properties":{"id":26510,"name":"Kappelrodeck","state_code":"BW","country_code":"DE"}},{"type":"Feature","geometry":{"type":"Point","coordinates":[8.53028,49.13472]},"properties":{"id":26514,"name":"Karlsdorf-Neuthard","state_code":"BW","country_code":"DE"}},{"type":"Feature","geometry":{"type":"Point","coordinates":[8.40444,49.00937]},"properties":{"id":26520,"name":"Karlsruhe","state_code":"BW","country_code":"DE"}},{"type":"Feature","geometry":{"type":"Point","coordinates":[8.66667,49]},"properties":{"id":26521,"name":"Karlsruhe Region","state_code":"BW","country_code":"DE"}},{"type":"Feature","geometry":{"type":"Point","coordinates":[7.81523,48.57297]},"properties":{"id":26551,"name":"Kehl","state_code":"BW","country_code":"DE"}},{"type":"Feature","geometry":{"type":"Point","coordinates":[7.76974,48.1963]},"properties":{"id":26571,"name":"Kenzingen","state_code":"BW","country_code":"DE"}},{"type":"Feature","geometry":{"type":"Point","coordinates":[8.53111,49.36778]},"properties":{"id":26575,"name":"Ketsch","state_code":"BW","country_code":"DE"}},{"type":"Feature","geometry":{"type":"Point","coordinates":[8.75,48.93333]},"properties":{"id":26587,"name":"Kieselbronn","state_code":"BW","country_code":"DE"}},{"type":"Feature","geometry":{"type":"Point","coordinates":[7.8251,48.29564]},"properties":{"id":26592,"name":"Kippenheim","state_code":"BW","country_code":"DE"}},{"type":"Feature","geometry":{"type":"Point","coordinates":[8.99167,49.205]},"properties":{"id":26594,"name":"Kirchardt","state_code":"BW","country_code":"DE"}},{"type":"Feature","geometry":{"type":"Point","coordinates":[10.08333,48.13333]},"properties":{"id":26598,"name":"Kirchberg an der Iller","state_code":"BW","country_code":"DE"}},{"type":"Feature","geometry":{"type":"Point","coordinates":[9.98226,49.20056]},"properties":{"id":26599,"name":"Kirchberg an der Jagst","state_code":"BW","country_code":"DE"}},{"type":"Feature","geometry":{"type":"Point","coordinates":[9.34083,48.94297]},"properties":{"id":26600,"name":"Kirchberg an der Murr","state_code":"BW","country_code":"DE"}},{"type":"Feature","geometry":{"type":"Point","coordinates":[10.12629,48.07667]},"properties":{"id":26603,"name":"Kirchdorf","state_code":"BW","country_code":"DE"}},{"type":"Feature","geometry":{"type":"Point","coordinates":[9.14732,48.53315]},"properties":{"id":26612,"name":"Kirchentellinsfurt","state_code":"BW","country_code":"DE"}},{"type":"Feature","geometry":{"type":"Point","coordinates":[9.14222,49.045]},"properties":{"id":26621,"name":"Kirchheim am Neckar","state_code":"BW","country_code":"DE"}},{"type":"Feature","geometry":{"type":"Point","coordinates":[10.40028,48.87922]},"properties":{"id":26622,"name":"Kirchheim am Ries","state_code":"BW","country_code":"DE"}},{"type":"Feature","geometry":{"type":"Point","coordinates":[9.45378,48.64683]},"properties":{"id":26625,"name":"Kirchheim unter Teck","state_code":"BW","country_code":"DE"}},{"type":"Feature","geometry":{"type":"Point","coordinates":[7.95,47.96667]},"properties":{"id":26639,"name":"Kirchzarten","state_code":"BW","country_code":"DE"}},{"type":"Feature","geometry":{"type":"Point","coordinates":[9.88383,47.78894]},"properties":{"id":26654,"name":"Kißlegg","state_code":"BW","country_code":"DE"}},{"type":"Feature","geometry":{"type":"Point","coordinates":[9.90812,48.41849]},"properties":{"id":26688,"name":"Klingenstein","state_code":"BW","country_code":"DE"}},{"type":"Feature","geometry":{"type":"Point","coordinates":[8.75606,49.02487]},"properties":{"id":26703,"name":"Knittlingen","state_code":"BW","country_code":"DE"}},{"type":"Feature","geometry":{"type":"Point","coordinates":[9.33576,48.55845]},"properties":{"id":26709,"name":"Kohlberg","state_code":"BW","country_code":"DE"}},{"type":"Feature","geometry":{"type":"Point","coordinates":[8.88957,48.05227]},"properties":{"id":26711,"name":"Kolbingen","state_code":"BW","country_code":"DE"}},{"type":"Feature","geometry":{"type":"Point","coordinates":[9.36667,48.68333]},"properties":{"id":26819,"name":"Köngen","state_code":"BW","country_code":"DE"}},{"type":"Feature","geometry":{"type":"Point","coordinates":[9.59583,49.62028]},"properties":{"id":26821,"name":"Königheim","state_code":"BW","country_code":"DE"}},{"type":"Feature","geometry":{"type":"Point","coordinates":[8.60573,48.96585]},"properties":{"id":26823,"name":"Königsbach-Stein","state_code":"BW","country_code":"DE"}},{"type":"Feature","geometry":{"type":"Point","coordinates":[10.11193,48.74317]},"properties":{"id":26824,"name":"Königsbronn","state_code":"BW","country_code":"DE"}},{"type":"Feature","geometry":{"type":"Point","coordinates":[8.41973,48.13814]},"properties":{"id":26831,"name":"Königsfeld im Schwarzwald","state_code":"BW","country_code":"DE"}},{"type":"Feature","geometry":{"type":"Point","coordinates":[9.17582,47.66033]},"properties":{"id":26718,"name":"Konstanz","state_code":"BW","country_code":"DE"}},{"type":"Feature","geometry":{"type":"Point","coordinates":[9.36258,48.84303]},"properties":{"id":26721,"name":"Korb","state_code":"BW","country_code":"DE"}},{"type":"Feature","geometry":{"type":"Point","coordinates":[9.1214,48.83218]},"properties":{"id":26724,"name":"Korntal","state_code":"BW","country_code":"DE"}},{"type":"Feature","geometry":{"type":"Point","coordinates":[9.18569,48.86158]},"properties":{"id":26725,"name":"Kornwestheim","state_code":"BW","country_code":"DE"}},{"type":"Feature","geometry":{"type":"Point","coordinates":[8.73276,49.14623]},"properties":{"id":26735,"name":"Kraichtal","state_code":"BW","country_code":"DE"}},{"type":"Feature","geometry":{"type":"Point","coordinates":[9.24757,48.01651]},"properties":{"id":26741,"name":"Krauchenwies","state_code":"BW","country_code":"DE"}},{"type":"Feature","geometry":{"type":"Point","coordinates":[9.63553,49.38789]},"properties":{"id":26744,"name":"Krautheim","state_code":"BW","country_code":"DE"}},{"type":"Feature","geometry":{"type":"Point","coordinates":[9.59707,47.5976]},"properties":{"id":26752,"name":"Kressbronn am Bodensee","state_code":"BW","country_code":"DE"}},{"type":"Feature","geometry":{"type":"Point","coordinates":[8.63111,49.2225]},"properties":{"id":26768,"name":"Kronau","state_code":"BW","country_code":"DE"}},{"type":"Feature","geometry":{"type":"Point","coordinates":[9.79989,48.63583]},"properties":{"id":26789,"name":"Kuchen","state_code":"BW","country_code":"DE"}},{"type":"Feature","geometry":{"type":"Point","coordinates":[9.52361,49.66942]},"properties":{"id":26853,"name":"Külsheim","state_code":"BW","country_code":"DE"}},{"type":"Feature","geometry":{"type":"Point","coordinates":[9.68352,49.2818]},"properties":{"id":26856,"name":"Künzelsau","state_code":"BW","country_code":"DE"}},{"type":"Feature","geometry":{"type":"Point","coordinates":[9.69,49.22778]},"properties":{"id":26799,"name":"Kupferzell","state_code":"BW","country_code":"DE"}},{"type":"Feature","geometry":{"type":"Point","coordinates":[8.25417,48.82794]},"properties":{"id":26800,"name":"Kuppenheim","state_code":"BW","country_code":"DE"}},{"type":"Feature","geometry":{"type":"Point","coordinates":[8.84556,49.0775]},"properties":{"id":26859,"name":"Kürnbach","state_code":"BW","country_code":"DE"}},{"type":"Feature","geometry":{"type":"Point","coordinates":[9.11977,48.52291]},"properties":{"id":26807,"name":"Kusterdingen","state_code":"BW","country_code":"DE"}},{"type":"Feature","geometry":{"type":"Point","coordinates":[8.60896,49.47307]},"properties":{"id":26872,"name":"Ladenburg","state_code":"BW","country_code":"DE"}},{"type":"Feature","geometry":{"type":"Point","coordinates":[7.86886,48.34042]},"properties":{"id":26876,"name":"Lahr","state_code":"BW","country_code":"DE"}},{"type":"Feature","geometry":{"type":"Point","coordinates":[9.68612,48.48939]},"properties":{"id":26877,"name":"Laichingen","state_code":"BW","country_code":"DE"}},{"type":"Feature","geometry":{"type":"Point","coordinates":[9.54163,47.59858]},"properties":{"id":26905,"name":"Langenargen","state_code":"BW","country_code":"DE"}},{"type":"Feature","geometry":{"type":"Point","coordinates":[10.11849,48.49616]},"properties":{"id":26906,"name":"Langenau","state_code":"BW","country_code":"DE"}},{"type":"Feature","geometry":{"type":"Point","coordinates":[9.41842,49.22601]},"properties":{"id":26912,"name":"Langenbrettach","state_code":"BW","country_code":"DE"}},{"type":"Feature","geometry":{"type":"Point","coordinates":[9.85673,49.25401]},"properties":{"id":26913,"name":"Langenburg","state_code":"BW","country_code":"DE"}},{"type":"Feature","geometry":{"type":"Point","coordinates":[9.37765,48.14851]},"properties":{"id":26916,"name":"Langenenslingen","state_code":"BW","country_code":"DE"}},{"type":"Feature","geometry":{"type":"Point","coordinates":[10.24222,48.87135]},"properties":{"id":26960,"name":"Lauchheim","state_code":"BW","country_code":"DE"}},{"type":"Feature","geometry":{"type":"Point","coordinates":[8.31442,47.62699]},"properties":{"id":26961,"name":"Lauchringen","state_code":"BW","country_code":"DE"}},{"type":"Feature","geometry":{"type":"Point","coordinates":[9.70816,49.56526]},"properties":{"id":26963,"name":"Lauda-Königshofen","state_code":"BW","country_code":"DE"}},{"type":"Feature","geometry":{"type":"Point","coordinates":[8.65389,49.61333]},"properties":{"id":26965,"name":"Laudenbach","state_code":"BW","country_code":"DE"}},{"type":"Feature","geometry":{"type":"Point","coordinates":[8.13333,48.65]},"properties":{"id":26970,"name":"Lauf","state_code":"BW","country_code":"DE"}},{"type":"Feature","geometry":{"type":"Point","coordinates":[8.06045,47.56512]},"properties":{"id":26975,"name":"Laufenburg","state_code":"BW","country_code":"DE"}},{"type":"Feature","geometry":{"type":"Point","coordinates":[9.14567,49.0734]},"properties":{"id":26976,"name":"Lauffen am Neckar","state_code":"BW","country_code":"DE"}},{"type":"Feature","geometry":{"type":"Point","coordinates":[9.87874,48.22786]},"properties":{"id":26979,"name":"Laupheim","state_code":"BW","country_code":"DE"}},{"type":"Feature","geometry":{"type":"Point","coordinates":[8.02732,48.48185]},"properties":{"id":26981,"name":"Lautenbach","state_code":"BW","country_code":"DE"}},{"type":"Feature","geometry":{"type":"Point","coordinates":[8.3424,48.22999]},"properties":{"id":26985,"name":"Lauterbach/Schwarzwald","state_code":"BW","country_code":"DE"}},{"type":"Feature","geometry":{"type":"Point","coordinates":[9.32722,49.13111]},"properties":{"id":27012,"name":"Lehrensteinsfeld","state_code":"BW","country_code":"DE"}},{"type":"Feature","geometry":{"type":"Point","coordinates":[9.01308,48.04263]},"properties":{"id":27014,"name":"Leibertingen","state_code":"BW","country_code":"DE"}},{"type":"Feature","geometry":{"type":"Point","coordinates":[8.68733,49.34737]},"properties":{"id":27020,"name":"Leimen","state_code":"BW","country_code":"DE"}},{"type":"Feature","geometry":{"type":"Point","coordinates":[9.16809,48.69406]},"properties":{"id":27024,"name":"Leinfelden-Echterdingen","state_code":"BW","country_code":"DE"}},{"type":"Feature","geometry":{"type":"Point","coordinates":[9.11694,49.14639]},"properties":{"id":27025,"name":"Leingarten","state_code":"BW","country_code":"DE"}},{"type":"Feature","geometry":{"type":"Point","coordinates":[9.8775,48.84941]},"properties":{"id":27026,"name":"Leinzell","state_code":"BW","country_code":"DE"}},{"type":"Feature","geometry":{"type":"Point","coordinates":[9.47674,48.55048]},"properties":{"id":27047,"name":"Lenningen","state_code":"BW","country_code":"DE"}},{"type":"Feature","geometry":{"type":"Point","coordinates":[8.20211,47.86832]},"properties":{"id":27051,"name":"Lenzkirch","state_code":"BW","country_code":"DE"}},{"type":"Feature","geometry":{"type":"Point","coordinates":[9.01667,48.8]},"properties":{"id":27053,"name":"Leonberg","state_code":"BW","country_code":"DE"}},{"type":"Feature","geometry":{"type":"Point","coordinates":[9.39267,48.88791]},"properties":{"id":27065,"name":"Leutenbach","state_code":"BW","country_code":"DE"}},{"type":"Feature","geometry":{"type":"Point","coordinates":[10.0205,47.82672]},"properties":{"id":27070,"name":"Leutkirch","state_code":"BW","country_code":"DE"}},{"type":"Feature","geometry":{"type":"Point","coordinates":[8.00486,48.72607]},"properties":{"id":27076,"name":"Lichtenau","state_code":"BW","country_code":"DE"}},{"type":"Feature","geometry":{"type":"Point","coordinates":[8.41244,49.13197]},"properties":{"id":27116,"name":"Linkenheim-Hochstetten","state_code":"BW","country_code":"DE"}},{"type":"Feature","geometry":{"type":"Point","coordinates":[8.88884,49.37519]},"properties":{"id":27124,"name":"Lobbach","state_code":"BW","country_code":"DE"}},{"type":"Feature","geometry":{"type":"Point","coordinates":[9.10639,49.00361]},"properties":{"id":27190,"name":"Löchgau","state_code":"BW","country_code":"DE"}},{"type":"Feature","geometry":{"type":"Point","coordinates":[8.38463,48.77214]},"properties":{"id":27129,"name":"Loffenau","state_code":"BW","country_code":"DE"}},{"type":"Feature","geometry":{"type":"Point","coordinates":[8.34384,47.88405]},"properties":{"id":27193,"name":"Löffingen","state_code":"BW","country_code":"DE"}},{"type":"Feature","geometry":{"type":"Point","coordinates":[9.91999,48.5434]},"properties":{"id":27147,"name":"Lonsee","state_code":"BW","country_code":"DE"}},{"type":"Feature","geometry":{"type":"Point","coordinates":[9.6914,48.79833]},"properties":{"id":27148,"name":"Lorch","state_code":"BW","country_code":"DE"}},{"type":"Feature","geometry":{"type":"Point","coordinates":[7.66457,47.61497]},"properties":{"id":27197,"name":"Lörrach","state_code":"BW","country_code":"DE"}},{"type":"Feature","geometry":{"type":"Point","coordinates":[8.45,48.4]},"properties":{"id":27157,"name":"Loßburg","state_code":"BW","country_code":"DE"}},{"type":"Feature","geometry":{"type":"Point","coordinates":[8.56667,47.63333]},"properties":{"id":27154,"name":"Lottstetten","state_code":"BW","country_code":"DE"}},{"type":"Feature","geometry":{"type":"Point","coordinates":[9.38,49.09558]},"properties":{"id":27199,"name":"Löwenstein","state_code":"BW","country_code":"DE"}},{"type":"Feature","geometry":{"type":"Point","coordinates":[9.19161,48.89731]},"properties":{"id":27163,"name":"Ludwigsburg","state_code":"BW","country_code":"DE"}},{"type":"Feature","geometry":{"type":"Point","coordinates":[8.96675,48.74471]},"properties":{"id":27231,"name":"Magstadt","state_code":"BW","country_code":"DE"}},{"type":"Feature","geometry":{"type":"Point","coordinates":[7.81411,48.28639]},"properties":{"id":27232,"name":"Mahlberg","state_code":"BW","country_code":"DE"}},{"type":"Feature","geometry":{"type":"Point","coordinates":[9.55639,49.07611]},"properties":{"id":27240,"name":"Mainhardt","state_code":"BW","country_code":"DE"}},{"type":"Feature","geometry":{"type":"Point","coordinates":[8.68278,49.24722]},"properties":{"id":27256,"name":"Malsch","state_code":"BW","country_code":"DE"}},{"type":"Feature","geometry":{"type":"Point","coordinates":[7.78608,48.15719]},"properties":{"id":27259,"name":"Malterdingen","state_code":"BW","country_code":"DE"}},{"type":"Feature","geometry":{"type":"Point","coordinates":[8.46694,49.4891]},"properties":{"id":27265,"name":"Mannheim","state_code":"BW","country_code":"DE"}},{"type":"Feature","geometry":{"type":"Point","coordinates":[9.25995,48.93964]},"properties":{"id":27269,"name":"Marbach am Neckar","state_code":"BW","country_code":"DE"}},{"type":"Feature","geometry":{"type":"Point","coordinates":[9.39028,47.71916]},"properties":{"id":27283,"name":"Markdorf","state_code":"BW","country_code":"DE"}},{"type":"Feature","geometry":{"type":"Point","coordinates":[9.08059,48.90493]},"properties":{"id":27286,"name":"Markgröningen","state_code":"BW","country_code":"DE"}},{"type":"Feature","geometry":{"type":"Point","coordinates":[9.88333,48.13333]},"properties":{"id":27337,"name":"Maselheim","state_code":"BW","country_code":"DE"}},{"type":"Feature","geometry":{"type":"Point","coordinates":[9.04333,49.17778]},"properties":{"id":27338,"name":"Massenbachhausen","state_code":"BW","country_code":"DE"}},{"type":"Feature","geometry":{"type":"Point","coordinates":[8.80028,49.34083]},"properties":{"id":27342,"name":"Mauer","state_code":"BW","country_code":"DE"}},{"type":"Feature","geometry":{"type":"Point","coordinates":[8.80337,48.99958]},"properties":{"id":27345,"name":"Maulbronn","state_code":"BW","country_code":"DE"}},{"type":"Feature","geometry":{"type":"Point","coordinates":[7.7821,47.64631]},"properties":{"id":27346,"name":"Maulburg","state_code":"BW","country_code":"DE"}},{"type":"Feature","geometry":{"type":"Point","coordinates":[9.56667,47.7]},"properties":{"id":27356,"name":"Meckenbeuren","state_code":"BW","country_code":"DE"}},{"type":"Feature","geometry":{"type":"Point","coordinates":[8.81944,49.32167]},"properties":{"id":27359,"name":"Meckesheim","state_code":"BW","country_code":"DE"}},{"type":"Feature","geometry":{"type":"Point","coordinates":[9.27113,47.69419]},"properties":{"id":27369,"name":"Meersburg","state_code":"BW","country_code":"DE"}},{"type":"Feature","geometry":{"type":"Point","coordinates":[9.566,48.37609]},"properties":{"id":27379,"name":"Mehrstetten","state_code":"BW","country_code":"DE"}},{"type":"Feature","geometry":{"type":"Point","coordinates":[7.77266,48.41035]},"properties":{"id":27388,"name":"Meißenheim","state_code":"BW","country_code":"DE"}},{"type":"Feature","geometry":{"type":"Point","coordinates":[9.33005,48.04951]},"properties":{"id":27406,"name":"Mengen","state_code":"BW","country_code":"DE"}},{"type":"Feature","geometry":{"type":"Point","coordinates":[7.68333,48.01667]},"properties":{"id":27416,"name":"Merdingen","state_code":"BW","country_code":"DE"}},{"type":"Feature","geometry":{"type":"Point","coordinates":[9.75496,48.51135]},"properties":{"id":27421,"name":"Merklingen","state_code":"BW","country_code":"DE"}},{"type":"Feature","geometry":{"type":"Point","coordinates":[7.83333,47.96667]},"properties":{"id":27429,"name":"Merzhausen","state_code":"BW","country_code":"DE"}},{"type":"Feature","geometry":{"type":"Point","coordinates":[9.11479,47.99457]},"properties":{"id":27449,"name":"Meßkirch","state_code":"BW","country_code":"DE"}},{"type":"Feature","geometry":{"type":"Point","coordinates":[8.96565,48.18317]},"properties":{"id":27450,"name":"Meßstetten","state_code":"BW","country_code":"DE"}},{"type":"Feature","geometry":{"type":"Point","coordinates":[9.2833,48.53695]},"properties":{"id":27444,"name":"Metzingen","state_code":"BW","country_code":"DE"}},{"type":"Feature","geometry":{"type":"Point","coordinates":[9.7625,49.07028]},"properties":{"id":27452,"name":"Michelbach an der Bilz","state_code":"BW","country_code":"DE"}},{"type":"Feature","geometry":{"type":"Point","coordinates":[9.67861,49.0975]},"properties":{"id":27453,"name":"Michelfeld","state_code":"BW","country_code":"DE"}},{"type":"Feature","geometry":{"type":"Point","coordinates":[9.9,48.18333]},"properties":{"id":27463,"name":"Mietingen","state_code":"BW","country_code":"DE"}},{"type":"Feature","geometry":{"type":"Point","coordinates":[9.75,48.08333]},"properties":{"id":27480,"name":"Mittelbiberach","state_code":"BW","country_code":"DE"}},{"type":"Feature","geometry":{"type":"Point","coordinates":[9.3952,48.94615]},"properties":{"id":27485,"name":"Mittelschöntal","state_code":"BW","country_code":"DE"}},{"type":"Feature","geometry":{"type":"Point","coordinates":[9.35837,49.3249]},"properties":{"id":27556,"name":"Möckmühl","state_code":"BW","country_code":"DE"}},{"type":"Feature","geometry":{"type":"Point","coordinates":[9.9625,48.8232]},"properties":{"id":27558,"name":"Mögglingen","state_code":"BW","country_code":"DE"}},{"type":"Feature","geometry":{"type":"Point","coordinates":[9.12694,48.88741]},"properties":{"id":27559,"name":"Möglingen","state_code":"BW","country_code":"DE"}},{"type":"Feature","geometry":{"type":"Point","coordinates":[8.42219,48.1004]},"properties":{"id":27573,"name":"Mönchweiler","state_code":"BW","country_code":"DE"}},{"type":"Feature","geometry":{"type":"Point","coordinates":[8.86667,48.86667]},"properties":{"id":27575,"name":"Mönsheim","state_code":"BW","country_code":"DE"}},{"type":"Feature","geometry":{"type":"Point","coordinates":[8.93479,47.72439]},"properties":{"id":27517,"name":"Moos","state_code":"BW","country_code":"DE"}},{"type":"Feature","geometry":{"type":"Point","coordinates":[9.15106,49.35357]},"properties":{"id":27528,"name":"Mosbach","state_code":"BW","country_code":"DE"}},{"type":"Feature","geometry":{"type":"Point","coordinates":[9.05419,48.40567]},"properties":{"id":27579,"name":"Mössingen","state_code":"BW","country_code":"DE"}},{"type":"Feature","geometry":{"type":"Point","coordinates":[8.77447,48.5332]},"properties":{"id":27582,"name":"Mötzingen","state_code":"BW","country_code":"DE"}},{"type":"Feature","geometry":{"type":"Point","coordinates":[9.20444,49.53444]},"properties":{"id":27531,"name":"Mudau","state_code":"BW","country_code":"DE"}},{"type":"Feature","geometry":{"type":"Point","coordinates":[8.28333,48.86667]},"properties":{"id":27533,"name":"Muggensturm","state_code":"BW","country_code":"DE"}},{"type":"Feature","geometry":{"type":"Point","coordinates":[8.83675,48.94754]},"properties":{"id":27589,"name":"Mühlacker","state_code":"BW","country_code":"DE"}},{"type":"Feature","geometry":{"type":"Point","coordinates":[8.11667,48.25]},"properties":{"id":27595,"name":"Mühlenbach","state_code":"BW","country_code":"DE"}},{"type":"Feature","geometry":{"type":"Point","coordinates":[8.72667,49.24861]},"properties":{"id":27598,"name":"Mühlhausen","state_code":"BW","country_code":"DE"}},{"type":"Feature","geometry":{"type":"Point","coordinates":[8.81224,47.81102]},"properties":{"id":27599,"name":"Mühlhausen-Ehingen","state_code":"BW","country_code":"DE"}},{"type":"Feature","geometry":{"type":"Point","coordinates":[8.69735,48.37863]},"properties":{"id":27600,"name":"Mühlheim am Bach","state_code":"BW","country_code":"DE"}},{"type":"Feature","geometry":{"type":"Point","coordinates":[9.01667,47.91667]},"properties":{"id":27602,"name":"Mühlingen","state_code":"BW","country_code":"DE"}},{"type":"Feature","geometry":{"type":"Point","coordinates":[9.80083,49.34028]},"properties":{"id":27537,"name":"Mulfingen","state_code":"BW","country_code":"DE"}},{"type":"Feature","geometry":{"type":"Point","coordinates":[7.63035,47.8082]},"properties":{"id":27606,"name":"Müllheim","state_code":"BW","country_code":"DE"}},{"type":"Feature","geometry":{"type":"Point","coordinates":[9.20778,49.00083]},"properties":{"id":27538,"name":"Mundelsheim","state_code":"BW","country_code":"DE"}},{"type":"Feature","geometry":{"type":"Point","coordinates":[9.64398,48.23568]},"properties":{"id":27539,"name":"Munderkingen","state_code":"BW","country_code":"DE"}},{"type":"Feature","geometry":{"type":"Point","coordinates":[9.49704,48.41126]},"properties":{"id":27619,"name":"Münsingen","state_code":"BW","country_code":"DE"}},{"type":"Feature","geometry":{"type":"Point","coordinates":[7.78417,47.85472]},"properties":{"id":27627,"name":"Münstertal/Schwarzwald","state_code":"BW","country_code":"DE"}},{"type":"Feature","geometry":{"type":"Point","coordinates":[8.02182,47.55492]},"properties":{"id":27544,"name":"Murg","state_code":"BW","country_code":"DE"}},{"type":"Feature","geometry":{"type":"Point","coordinates":[9.25924,48.96207]},"properties":{"id":27546,"name":"Murr","state_code":"BW","country_code":"DE"}},{"type":"Feature","geometry":{"type":"Point","coordinates":[9.57047,48.98191]},"properties":{"id":27547,"name":"Murrhardt","state_code":"BW","country_code":"DE"}},{"type":"Feature","geometry":{"type":"Point","coordinates":[9.79714,48.82588]},"properties":{"id":27549,"name":"Mutlangen","state_code":"BW","country_code":"DE"}},{"type":"Feature","geometry":{"type":"Point","coordinates":[8.72366,48.5498]},"properties":{"id":27635,"name":"Nagold","state_code":"BW","country_code":"DE"}},{"type":"Feature","geometry":{"type":"Point","coordinates":[10.24209,48.69963]},"properties":{"id":27646,"name":"Nattheim","state_code":"BW","country_code":"DE"}},{"type":"Feature","geometry":{"type":"Point","coordinates":[8.9638,49.29625]},"properties":{"id":27658,"name":"Neckarbischofsheim","state_code":"BW","country_code":"DE"}},{"type":"Feature","geometry":{"type":"Point","coordinates":[8.7959,49.38899]},"properties":{"id":27659,"name":"Neckargemünd","state_code":"BW","country_code":"DE"}},{"type":"Feature","geometry":{"type":"Point","coordinates":[9.06667,49.4]},"properties":{"id":27660,"name":"Neckargerach","state_code":"BW","country_code":"DE"}},{"type":"Feature","geometry":{"type":"Point","coordinates":[9.22527,49.18912]},"properties":{"id":27662,"name":"Neckarsulm","state_code":"BW","country_code":"DE"}},{"type":"Feature","geometry":{"type":"Point","coordinates":[9.26371,48.61172]},"properties":{"id":27663,"name":"Neckartailfingen","state_code":"BW","country_code":"DE"}},{"type":"Feature","geometry":{"type":"Point","coordinates":[9.23478,48.58981]},"properties":{"id":27664,"name":"Neckartenzlingen","state_code":"BW","country_code":"DE"}},{"type":"Feature","geometry":{"type":"Point","coordinates":[9.19,49.04694]},"properties":{"id":27665,"name":"Neckarwestheim","state_code":"BW","country_code":"DE"}},{"type":"Feature","geometry":{"type":"Point","coordinates":[9.13278,49.31917]},"properties":{"id":27666,"name":"Neckarzimmern","state_code":"BW","country_code":"DE"}},{"type":"Feature","geometry":{"type":"Point","coordinates":[9.0699,48.43097]},"properties":{"id":27668,"name":"Nehren","state_code":"BW","country_code":"DE"}},{"type":"Feature","geometry":{"type":"Point","coordinates":[8.88472,49.31667]},"properties":{"id":27669,"name":"Neidenstein","state_code":"BW","country_code":"DE"}},{"type":"Feature","geometry":{"type":"Point","coordinates":[9.56454,48.57865]},"properties":{"id":27670,"name":"Neidlingen","state_code":"BW","country_code":"DE"}},{"type":"Feature","geometry":{"type":"Point","coordinates":[9.79053,48.54196]},"properties":{"id":27672,"name":"Nellingen","state_code":"BW","country_code":"DE"}},{"type":"Feature","geometry":{"type":"Point","coordinates":[10.33041,48.75511]},"properties":{"id":27678,"name":"Neresheim","state_code":"BW","country_code":"DE"}},{"type":"Feature","geometry":{"type":"Point","coordinates":[8.69611,48.66092]},"properties":{"id":27705,"name":"Neubulach","state_code":"BW","country_code":"DE"}},{"type":"Feature","geometry":{"type":"Point","coordinates":[9.26975,49.29181]},"properties":{"id":27711,"name":"Neudenau","state_code":"BW","country_code":"DE"}},{"type":"Feature","geometry":{"type":"Point","coordinates":[8.59574,48.84516]},"properties":{"id":27718,"name":"Neuenbürg","state_code":"BW","country_code":"DE"}},{"type":"Feature","geometry":{"type":"Point","coordinates":[7.56005,47.81431]},"properties":{"id":27717,"name":"Neuenburg am Rhein","state_code":"BW","country_code":"DE"}},{"type":"Feature","geometry":{"type":"Point","coordinates":[9.33215,49.23498]},"properties":{"id":27727,"name":"Neuenstadt am Kocher","state_code":"BW","country_code":"DE"}},{"type":"Feature","geometry":{"type":"Point","coordinates":[9.58,49.2049]},"properties":{"id":27728,"name":"Neuenstein","state_code":"BW","country_code":"DE"}},{"type":"Feature","geometry":{"type":"Point","coordinates":[9.3755,48.5546]},"properties":{"id":27733,"name":"Neuffen","state_code":"BW","country_code":"DE"}},{"type":"Feature","geometry":{"type":"Point","coordinates":[9.47554,48.1288]},"properties":{"id":27734,"name":"Neufra","state_code":"BW","country_code":"DE"}},{"type":"Feature","geometry":{"type":"Point","coordinates":[8.77649,48.7926]},"properties":{"id":27746,"name":"Neuhausen","state_code":"BW","country_code":"DE"}},{"type":"Feature","geometry":{"type":"Point","coordinates":[9.28333,48.68333]},"properties":{"id":27747,"name":"Neuhausen auf den Fildern","state_code":"BW","country_code":"DE"}},{"type":"Feature","geometry":{"type":"Point","coordinates":[9.70333,47.65738]},"properties":{"id":27757,"name":"Neukirch","state_code":"BW","country_code":"DE"}},{"type":"Feature","geometry":{"type":"Point","coordinates":[10.06888,48.92803]},"properties":{"id":27766,"name":"Neuler","state_code":"BW","country_code":"DE"}},{"type":"Feature","geometry":{"type":"Point","coordinates":[8.6285737,48.9591267]},"properties":{"id":153784,"name":"Neulingen","state_code":"BW","country_code":"DE"}},{"type":"Feature","geometry":{"type":"Point","coordinates":[8.51833,49.29806]},"properties":{"id":27768,"name":"Neulußheim","state_code":"BW","country_code":"DE"}},{"type":"Feature","geometry":{"type":"Point","coordinates":[9.01056,49.38694]},"properties":{"id":27778,"name":"Neunkirchen","state_code":"BW","country_code":"DE"}},{"type":"Feature","geometry":{"type":"Point","coordinates":[8.6,48.66667]},"properties":{"id":27813,"name":"Neuweiler","state_code":"BW","country_code":"DE"}},{"type":"Feature","geometry":{"type":"Point","coordinates":[8.53333,48.13333]},"properties":{"id":27844,"name":"Niedereschach","state_code":"BW","country_code":"DE"}},{"type":"Feature","geometry":{"type":"Point","coordinates":[9.61604,49.29516]},"properties":{"id":27863,"name":"Niedernhall","state_code":"BW","country_code":"DE"}},{"type":"Feature","geometry":{"type":"Point","coordinates":[9.91944,49.4]},"properties":{"id":27875,"name":"Niederstetten","state_code":"BW","country_code":"DE"}},{"type":"Feature","geometry":{"type":"Point","coordinates":[10.23505,48.54127]},"properties":{"id":27876,"name":"Niederstotzingen","state_code":"BW","country_code":"DE"}},{"type":"Feature","geometry":{"type":"Point","coordinates":[9.7988,47.67192]},"properties":{"id":27880,"name":"Niederwangen","state_code":"BW","country_code":"DE"}},{"type":"Feature","geometry":{"type":"Point","coordinates":[8.78333,48.91667]},"properties":{"id":27888,"name":"Niefern-Öschelbronn","state_code":"BW","country_code":"DE"}},{"type":"Feature","geometry":{"type":"Point","coordinates":[9.12778,49.10861]},"properties":{"id":27921,"name":"Nordheim","state_code":"BW","country_code":"DE"}},{"type":"Feature","geometry":{"type":"Point","coordinates":[8.08333,48.4]},"properties":{"id":27926,"name":"Nordrach","state_code":"BW","country_code":"DE"}},{"type":"Feature","geometry":{"type":"Point","coordinates":[9.45721,48.67076]},"properties":{"id":27938,"name":"Notzingen","state_code":"BW","country_code":"DE"}},{"type":"Feature","geometry":{"type":"Point","coordinates":[8.89009,48.62253]},"properties":{"id":27940,"name":"Nufringen","state_code":"BW","country_code":"DE"}},{"type":"Feature","geometry":{"type":"Point","coordinates":[9.34203,48.62565]},"properties":{"id":27955,"name":"Nürtingen","state_code":"BW","country_code":"DE"}},{"type":"Feature","geometry":{"type":"Point","coordinates":[8.69556,49.32389]},"properties":{"id":27944,"name":"Nußloch","state_code":"BW","country_code":"DE"}},{"type":"Feature","geometry":{"type":"Point","coordinates":[9.36667,48.65]},"properties":{"id":27968,"name":"Oberboihingen","state_code":"BW","country_code":"DE"}},{"type":"Feature","geometry":{"type":"Point","coordinates":[8.80306,49.06556]},"properties":{"id":27971,"name":"Oberderdingen","state_code":"BW","country_code":"DE"}},{"type":"Feature","geometry":{"type":"Point","coordinates":[9.83333,48.3]},"properties":{"id":27973,"name":"Oberdischingen","state_code":"BW","country_code":"DE"}},{"type":"Feature","geometry":{"type":"Point","coordinates":[8.12542,48.37358]},"properties":{"id":27983,"name":"Oberharmersbach","state_code":"BW","country_code":"DE"}},{"type":"Feature","geometry":{"type":"Point","coordinates":[8.47167,49.27389]},"properties":{"id":27986,"name":"Oberhausen-Rheinhausen","state_code":"BW","country_code":"DE"}},{"type":"Feature","geometry":{"type":"Point","coordinates":[8.77636,48.57468]},"properties":{"id":27988,"name":"Oberjettingen","state_code":"BW","country_code":"DE"}},{"type":"Feature","geometry":{"type":"Point","coordinates":[8.07864,48.53241]},"properties":{"id":27989,"name":"Oberkirch","state_code":"BW","country_code":"DE"}},{"type":"Feature","geometry":{"type":"Point","coordinates":[10.10519,48.78379]},"properties":{"id":27990,"name":"Oberkochen","state_code":"BW","country_code":"DE"}},{"type":"Feature","geometry":{"type":"Point","coordinates":[9.57235,48.23279]},"properties":{"id":27995,"name":"Obermarchtal","state_code":"BW","country_code":"DE"}},{"type":"Feature","geometry":{"type":"Point","coordinates":[8.57221,48.2905]},"properties":{"id":28004,"name":"Oberndorf","state_code":"BW","country_code":"DE"}},{"type":"Feature","geometry":{"type":"Point","coordinates":[8.86113,48.16297]},"properties":{"id":28008,"name":"Obernheim","state_code":"BW","country_code":"DE"}},{"type":"Feature","geometry":{"type":"Point","coordinates":[8.66667,48.73333]},"properties":{"id":28020,"name":"Oberreichenbach","state_code":"BW","country_code":"DE"}},{"type":"Feature","geometry":{"type":"Point","coordinates":[7.95,47.93333]},"properties":{"id":28022,"name":"Oberried","state_code":"BW","country_code":"DE"}},{"type":"Feature","geometry":{"type":"Point","coordinates":[9.02701,48.92652]},"properties":{"id":28024,"name":"Oberriexingen","state_code":"BW","country_code":"DE"}},{"type":"Feature","geometry":{"type":"Point","coordinates":[9.66722,49.01444]},"properties":{"id":28025,"name":"Oberrot","state_code":"BW","country_code":"DE"}},{"type":"Feature","geometry":{"type":"Point","coordinates":[7.63601,48.0899]},"properties":{"id":28026,"name":"Oberrotweil","state_code":"BW","country_code":"DE"}},{"type":"Feature","geometry":{"type":"Point","coordinates":[9.89917,49.05667]},"properties":{"id":28036,"name":"Obersontheim","state_code":"BW","country_code":"DE"}},{"type":"Feature","geometry":{"type":"Point","coordinates":[9.69241,48.18596]},"properties":{"id":28037,"name":"Oberstadion","state_code":"BW","country_code":"DE"}},{"type":"Feature","geometry":{"type":"Point","coordinates":[9.32083,49.02611]},"properties":{"id":28040,"name":"Oberstenfeld","state_code":"BW","country_code":"DE"}},{"type":"Feature","geometry":{"type":"Point","coordinates":[9.46979,47.72409]},"properties":{"id":28045,"name":"Oberteuringen","state_code":"BW","country_code":"DE"}},{"type":"Feature","geometry":{"type":"Point","coordinates":[8.21667,48.31667]},"properties":{"id":28056,"name":"Oberwolfach","state_code":"BW","country_code":"DE"}},{"type":"Feature","geometry":{"type":"Point","coordinates":[9.09083,49.35194]},"properties":{"id":28060,"name":"Obrigheim","state_code":"BW","country_code":"DE"}},{"type":"Feature","geometry":{"type":"Point","coordinates":[9.9503,48.07029]},"properties":{"id":28063,"name":"Ochsenhausen","state_code":"BW","country_code":"DE"}},{"type":"Feature","geometry":{"type":"Point","coordinates":[9.25333,49.24028]},"properties":{"id":28075,"name":"Oedheim","state_code":"BW","country_code":"DE"}},{"type":"Feature","geometry":{"type":"Point","coordinates":[9.16056,49.24583]},"properties":{"id":28085,"name":"Offenau","state_code":"BW","country_code":"DE"}},{"type":"Feature","geometry":{"type":"Point","coordinates":[7.94495,48.47377]},"properties":{"id":28090,"name":"Offenburg","state_code":"BW","country_code":"DE"}},{"type":"Feature","geometry":{"type":"Point","coordinates":[9.03333,48.41667]},"properties":{"id":28094,"name":"Ofterdingen","state_code":"BW","country_code":"DE"}},{"type":"Feature","geometry":{"type":"Point","coordinates":[8.58306,49.36528]},"properties":{"id":28096,"name":"Oftersheim","state_code":"BW","country_code":"DE"}},{"type":"Feature","geometry":{"type":"Point","coordinates":[7.99384,48.43222]},"properties":{"id":28097,"name":"Ohlsbach","state_code":"BW","country_code":"DE"}},{"type":"Feature","geometry":{"type":"Point","coordinates":[9.52698,48.64599]},"properties":{"id":28100,"name":"Ohmden","state_code":"BW","country_code":"DE"}},{"type":"Feature","geometry":{"type":"Point","coordinates":[8.88674,47.66186]},"properties":{"id":30545,"name":"Öhningen","state_code":"BW","country_code":"DE"}},{"type":"Feature","geometry":{"type":"Point","coordinates":[9.5072,49.19884]},"properties":{"id":30546,"name":"Öhringen","state_code":"BW","country_code":"DE"}},{"type":"Feature","geometry":{"type":"Point","coordinates":[8.75,48.96667]},"properties":{"id":30547,"name":"Ölbronn-Dürrn","state_code":"BW","country_code":"DE"}},{"type":"Feature","geometry":{"type":"Point","coordinates":[9.80259,48.28636]},"properties":{"id":30548,"name":"Öpfingen","state_code":"BW","country_code":"DE"}},{"type":"Feature","geometry":{"type":"Point","coordinates":[8.1597,48.47332]},"properties":{"id":28118,"name":"Oppenau","state_code":"BW","country_code":"DE"}},{"type":"Feature","geometry":{"type":"Point","coordinates":[9.4585,48.9827]},"properties":{"id":28120,"name":"Oppenweiler","state_code":"BW","country_code":"DE"}},{"type":"Feature","geometry":{"type":"Point","coordinates":[8.95909,47.84272]},"properties":{"id":28129,"name":"Orsingen-Nenzingen","state_code":"BW","country_code":"DE"}},{"type":"Feature","geometry":{"type":"Point","coordinates":[7.97178,48.45158]},"properties":{"id":28131,"name":"Ortenberg","state_code":"BW","country_code":"DE"}},{"type":"Feature","geometry":{"type":"Point","coordinates":[8.84816,48.72633]},"properties":{"id":28144,"name":"Ostelsheim","state_code":"BW","country_code":"DE"}},{"type":"Feature","geometry":{"type":"Point","coordinates":[9.42252,49.42997]},"properties":{"id":28148,"name":"Osterburken","state_code":"BW","country_code":"DE"}},{"type":"Feature","geometry":{"type":"Point","coordinates":[9.24954,48.72704]},"properties":{"id":28160,"name":"Ostfildern","state_code":"BW","country_code":"DE"}},{"type":"Feature","geometry":{"type":"Point","coordinates":[9.38333,47.95]},"properties":{"id":28164,"name":"Ostrach","state_code":"BW","country_code":"DE"}},{"type":"Feature","geometry":{"type":"Point","coordinates":[8.71192,49.21911]},"properties":{"id":30549,"name":"Östringen","state_code":"BW","country_code":"DE"}},{"type":"Feature","geometry":{"type":"Point","coordinates":[8.23442,48.89085]},"properties":{"id":30550,"name":"Ötigheim","state_code":"BW","country_code":"DE"}},{"type":"Feature","geometry":{"type":"Point","coordinates":[8.8,48.96667]},"properties":{"id":30551,"name":"Ötisheim","state_code":"BW","country_code":"DE"}},{"type":"Feature","geometry":{"type":"Point","coordinates":[9.74844,48.73649]},"properties":{"id":28177,"name":"Ottenbach","state_code":"BW","country_code":"DE"}},{"type":"Feature","geometry":{"type":"Point","coordinates":[8.12981,48.7356]},"properties":{"id":28180,"name":"Ottenhofen","state_code":"BW","country_code":"DE"}},{"type":"Feature","geometry":{"type":"Point","coordinates":[8.11323,48.67022]},"properties":{"id":28192,"name":"Ottersweier","state_code":"BW","country_code":"DE"}},{"type":"Feature","geometry":{"type":"Point","coordinates":[9.44978,48.58742]},"properties":{"id":28201,"name":"Owen","state_code":"BW","country_code":"DE"}},{"type":"Feature","geometry":{"type":"Point","coordinates":[9.17173,47.80967]},"properties":{"id":28202,"name":"Owingen","state_code":"BW","country_code":"DE"}},{"type":"Feature","geometry":{"type":"Point","coordinates":[8.97639,49.06444]},"properties":{"id":28272,"name":"Pfaffenhofen","state_code":"BW","country_code":"DE"}},{"type":"Feature","geometry":{"type":"Point","coordinates":[7.75,47.93333]},"properties":{"id":28276,"name":"Pfaffenweiler","state_code":"BW","country_code":"DE"}},{"type":"Feature","geometry":{"type":"Point","coordinates":[8.56582,48.5265]},"properties":{"id":28280,"name":"Pfalzgrafenweiler","state_code":"BW","country_code":"DE"}},{"type":"Feature","geometry":{"type":"Point","coordinates":[9.505,49.17806]},"properties":{"id":28284,"name":"Pfedelbach","state_code":"BW","country_code":"DE"}},{"type":"Feature","geometry":{"type":"Point","coordinates":[8.69892,48.88436]},"properties":{"id":28289,"name":"Pforzheim","state_code":"BW","country_code":"DE"}},{"type":"Feature","geometry":{"type":"Point","coordinates":[9.35995,48.27641]},"properties":{"id":28291,"name":"Pfronstetten","state_code":"BW","country_code":"DE"}},{"type":"Feature","geometry":{"type":"Point","coordinates":[9.2578,47.9261]},"properties":{"id":28293,"name":"Pfullendorf","state_code":"BW","country_code":"DE"}},{"type":"Feature","geometry":{"type":"Point","coordinates":[9.22796,48.46458]},"properties":{"id":28294,"name":"Pfullingen","state_code":"BW","country_code":"DE"}},{"type":"Feature","geometry":{"type":"Point","coordinates":[8.46074,49.2317]},"properties":{"id":28296,"name":"Philippsburg","state_code":"BW","country_code":"DE"}},{"type":"Feature","geometry":{"type":"Point","coordinates":[8.59611,49.39444]},"properties":{"id":28313,"name":"Plankstadt","state_code":"BW","country_code":"DE"}},{"type":"Feature","geometry":{"type":"Point","coordinates":[9.20311,48.9592]},"properties":{"id":28320,"name":"Pleidelsheim","state_code":"BW","country_code":"DE"}},{"type":"Feature","geometry":{"type":"Point","coordinates":[9.20749,48.55934]},"properties":{"id":28327,"name":"Pliezhausen","state_code":"BW","country_code":"DE"}},{"type":"Feature","geometry":{"type":"Point","coordinates":[9.41949,48.71067]},"properties":{"id":28328,"name":"Plochingen","state_code":"BW","country_code":"DE"}},{"type":"Feature","geometry":{"type":"Point","coordinates":[9.59587,48.79875]},"properties":{"id":28335,"name":"Plüderhausen","state_code":"BW","country_code":"DE"}},{"type":"Feature","geometry":{"type":"Point","coordinates":[8.97098,47.74194]},"properties":{"id":28448,"name":"Radolfzell","state_code":"BW","country_code":"DE"}},{"type":"Feature","geometry":{"type":"Point","coordinates":[10.17197,48.51814]},"properties":{"id":28463,"name":"Rammingen","state_code":"BW","country_code":"DE"}},{"type":"Feature","geometry":{"type":"Point","coordinates":[8.8894,48.38168]},"properties":{"id":28470,"name":"Rangendingen","state_code":"BW","country_code":"DE"}},{"type":"Feature","geometry":{"type":"Point","coordinates":[8.20965,48.85851]},"properties":{"id":28479,"name":"Rastatt","state_code":"BW","country_code":"DE"}},{"type":"Feature","geometry":{"type":"Point","coordinates":[8.70344,49.26943]},"properties":{"id":28495,"name":"Rauenberg","state_code":"BW","country_code":"DE"}},{"type":"Feature","geometry":{"type":"Point","coordinates":[9.61062,47.78198]},"properties":{"id":28498,"name":"Ravensburg","state_code":"BW","country_code":"DE"}},{"type":"Feature","geometry":{"type":"Point","coordinates":[9.64419,48.7308]},"properties":{"id":28500,"name":"Rechberghausen","state_code":"BW","country_code":"DE"}},{"type":"Feature","geometry":{"type":"Point","coordinates":[9.66667,49.08333]},"properties":{"id":28524,"name":"Regierungsbezirk Stuttgart","state_code":"BW","country_code":"DE"}},{"type":"Feature","geometry":{"type":"Point","coordinates":[8.94528,49.355]},"properties":{"id":28536,"name":"Reichartshausen","state_code":"BW","country_code":"DE"}},{"type":"Feature","geometry":{"type":"Point","coordinates":[9.06355,47.68885]},"properties":{"id":28538,"name":"Reichenau","state_code":"BW","country_code":"DE"}},{"type":"Feature","geometry":{"type":"Point","coordinates":[9.46429,48.71011]},"properties":{"id":28541,"name":"Reichenbach an der Fils","state_code":"BW","country_code":"DE"}},{"type":"Feature","geometry":{"type":"Point","coordinates":[8.56417,49.29833]},"properties":{"id":28553,"name":"Reilingen","state_code":"BW","country_code":"DE"}},{"type":"Feature","geometry":{"type":"Point","coordinates":[8.01321,48.5885]},"properties":{"id":28578,"name":"Renchen","state_code":"BW","country_code":"DE"}},{"type":"Feature","geometry":{"type":"Point","coordinates":[8.93871,48.76974]},"properties":{"id":28583,"name":"Renningen","state_code":"BW","country_code":"DE"}},{"type":"Feature","geometry":{"type":"Point","coordinates":[9.20427,48.49144]},"properties":{"id":28596,"name":"Reutlingen","state_code":"BW","country_code":"DE"}},{"type":"Feature","geometry":{"type":"Point","coordinates":[7.93659,48.66602]},"properties":{"id":28604,"name":"Rheinau","state_code":"BW","country_code":"DE"}},{"type":"Feature","geometry":{"type":"Point","coordinates":[7.78715,47.56013]},"properties":{"id":28611,"name":"Rheinfelden","state_code":"BW","country_code":"DE"}},{"type":"Feature","geometry":{"type":"Point","coordinates":[8.30704,48.9685]},"properties":{"id":28613,"name":"Rheinstetten","state_code":"BW","country_code":"DE"}},{"type":"Feature","geometry":{"type":"Point","coordinates":[7.97873,47.61895]},"properties":{"id":28623,"name":"Rickenbach","state_code":"BW","country_code":"DE"}},{"type":"Feature","geometry":{"type":"Point","coordinates":[9.26883,48.56029]},"properties":{"id":28634,"name":"Riederich","state_code":"BW","country_code":"DE"}},{"type":"Feature","geometry":{"type":"Point","coordinates":[9.47558,48.15455]},"properties":{"id":28636,"name":"Riedlingen","state_code":"BW","country_code":"DE"}},{"type":"Feature","geometry":{"type":"Point","coordinates":[7.74915,48.15111]},"properties":{"id":28638,"name":"Riegel","state_code":"BW","country_code":"DE"}},{"type":"Feature","geometry":{"type":"Point","coordinates":[8.84013,47.73465]},"properties":{"id":28642,"name":"Rielasingen-Worblingen","state_code":"BW","country_code":"DE"}},{"type":"Feature","geometry":{"type":"Point","coordinates":[8.76667,48.01667]},"properties":{"id":28651,"name":"Rietheim-Weilheim","state_code":"BW","country_code":"DE"}},{"type":"Feature","geometry":{"type":"Point","coordinates":[7.77823,48.24765]},"properties":{"id":28663,"name":"Ringsheim","state_code":"BW","country_code":"DE"}},{"type":"Feature","geometry":{"type":"Point","coordinates":[8.7,48.56667]},"properties":{"id":28692,"name":"Rohrdorf","state_code":"BW","country_code":"DE"}},{"type":"Feature","geometry":{"type":"Point","coordinates":[9.34,49.36472]},"properties":{"id":28694,"name":"Roigheim","state_code":"BW","country_code":"DE"}},{"type":"Feature","geometry":{"type":"Point","coordinates":[10.0296,49.01892]},"properties":{"id":28705,"name":"Rosenberg","state_code":"BW","country_code":"DE"}},{"type":"Feature","geometry":{"type":"Point","coordinates":[8.72357,48.28639]},"properties":{"id":28706,"name":"Rosenfeld","state_code":"BW","country_code":"DE"}},{"type":"Feature","geometry":{"type":"Point","coordinates":[9.10485,47.92278]},"properties":{"id":28716,"name":"Rot","state_code":"BW","country_code":"DE"}},{"type":"Feature","geometry":{"type":"Point","coordinates":[10.01667,49.25]},"properties":{"id":28717,"name":"Rot am See","state_code":"BW","country_code":"DE"}},{"type":"Feature","geometry":{"type":"Point","coordinates":[9.68956,48.23485]},"properties":{"id":28731,"name":"Rottenacker","state_code":"BW","country_code":"DE"}},{"type":"Feature","geometry":{"type":"Point","coordinates":[8.93528,48.47629]},"properties":{"id":28734,"name":"Rottenburg","state_code":"BW","country_code":"DE"}},{"type":"Feature","geometry":{"type":"Point","coordinates":[8.62719,48.16783]},"properties":{"id":28739,"name":"Rottweil","state_code":"BW","country_code":"DE"}},{"type":"Feature","geometry":{"type":"Point","coordinates":[9.52927,48.88515]},"properties":{"id":28750,"name":"Rudersberg","state_code":"BW","country_code":"DE"}},{"type":"Feature","geometry":{"type":"Point","coordinates":[7.64198,47.6412]},"properties":{"id":28807,"name":"Rümmingen","state_code":"BW","country_code":"DE"}},{"type":"Feature","geometry":{"type":"Point","coordinates":[9.81506,48.88275]},"properties":{"id":28767,"name":"Ruppertshofen","state_code":"BW","country_code":"DE"}},{"type":"Feature","geometry":{"type":"Point","coordinates":[7.73333,48.26667]},"properties":{"id":28770,"name":"Rust","state_code":"BW","country_code":"DE"}},{"type":"Feature","geometry":{"type":"Point","coordinates":[8.94536,48.80808]},"properties":{"id":28771,"name":"Rutesheim","state_code":"BW","country_code":"DE"}},{"type":"Feature","geometry":{"type":"Point","coordinates":[9.06472,48.96]},"properties":{"id":28824,"name":"Sachsenheim","state_code":"BW","country_code":"DE"}},{"type":"Feature","geometry":{"type":"Point","coordinates":[9.73715,48.69198]},"properties":{"id":28830,"name":"Salach","state_code":"BW","country_code":"DE"}},{"type":"Feature","geometry":{"type":"Point","coordinates":[9.29031,47.76258]},"properties":{"id":28833,"name":"Salem","state_code":"BW","country_code":"DE"}},{"type":"Feature","geometry":{"type":"Point","coordinates":[8.65917,49.34278]},"properties":{"id":28856,"name":"Sandhausen","state_code":"BW","country_code":"DE"}},{"type":"Feature","geometry":{"type":"Point","coordinates":[8.12714,47.76252]},"properties":{"id":28862,"name":"Sankt Blasien","state_code":"BW","country_code":"DE"}},{"type":"Feature","geometry":{"type":"Point","coordinates":[8.33513,48.12716]},"properties":{"id":28866,"name":"Sankt Georgen im Schwarzwald","state_code":"BW","country_code":"DE"}},{"type":"Feature","geometry":{"type":"Point","coordinates":[9.34396,48.45397]},"properties":{"id":28870,"name":"Sankt Johann","state_code":"BW","country_code":"DE"}},{"type":"Feature","geometry":{"type":"Point","coordinates":[8.61803,49.26593]},"properties":{"id":28874,"name":"Sankt Leon-Rot","state_code":"BW","country_code":"DE"}},{"type":"Feature","geometry":{"type":"Point","coordinates":[8.09283,48.00805]},"properties":{"id":28879,"name":"Sankt Märgen","state_code":"BW","country_code":"DE"}},{"type":"Feature","geometry":{"type":"Point","coordinates":[8.03294,48.01475]},"properties":{"id":28880,"name":"Sankt Peter","state_code":"BW","country_code":"DE"}},{"type":"Feature","geometry":{"type":"Point","coordinates":[8.09375,48.63971]},"properties":{"id":28886,"name":"Sasbach","state_code":"BW","country_code":"DE"}},{"type":"Feature","geometry":{"type":"Point","coordinates":[8.13333,48.61667]},"properties":{"id":28887,"name":"Sasbachwalden","state_code":"BW","country_code":"DE"}},{"type":"Feature","geometry":{"type":"Point","coordinates":[10.07957,49.16953]},"properties":{"id":28893,"name":"Satteldorf","state_code":"BW","country_code":"DE"}},{"type":"Feature","geometry":{"type":"Point","coordinates":[9.10833,47.94371]},"properties":{"id":28896,"name":"Sauldorf","state_code":"BW","country_code":"DE"}},{"type":"Feature","geometry":{"type":"Point","coordinates":[9.50064,48.01676]},"properties":{"id":28897,"name":"Saulgau","state_code":"BW","country_code":"DE"}},{"type":"Feature","geometry":{"type":"Point","coordinates":[7.75755,47.95855]},"properties":{"id":28908,"name":"Schallstadt","state_code":"BW","country_code":"DE"}},{"type":"Feature","geometry":{"type":"Point","coordinates":[9.91744,48.87341]},"properties":{"id":28917,"name":"Schechingen","state_code":"BW","country_code":"DE"}},{"type":"Feature","geometry":{"type":"Point","coordinates":[9.29486,48.07292]},"properties":{"id":28919,"name":"Scheer","state_code":"BW","country_code":"DE"}},{"type":"Feature","geometry":{"type":"Point","coordinates":[9.73273,48.37575]},"properties":{"id":28925,"name":"Schelklingen","state_code":"BW","country_code":"DE"}},{"type":"Feature","geometry":{"type":"Point","coordinates":[8.37212,48.31202]},"properties":{"id":28930,"name":"Schenkenzell","state_code":"BW","country_code":"DE"}},{"type":"Feature","geometry":{"type":"Point","coordinates":[8.34169,48.28932]},"properties":{"id":28949,"name":"Schiltach","state_code":"BW","country_code":"DE"}},{"type":"Feature","geometry":{"type":"Point","coordinates":[9.22268,48.60431]},"properties":{"id":28960,"name":"Schlaitdorf","state_code":"BW","country_code":"DE"}},{"type":"Feature","geometry":{"type":"Point","coordinates":[9.70625,48.65321]},"properties":{"id":28964,"name":"Schlat","state_code":"BW","country_code":"DE"}},{"type":"Feature","geometry":{"type":"Point","coordinates":[7.57645,47.75698]},"properties":{"id":28976,"name":"Schliengen","state_code":"BW","country_code":"DE"}},{"type":"Feature","geometry":{"type":"Point","coordinates":[9.67354,47.77004]},"properties":{"id":28977,"name":"Schlier","state_code":"BW","country_code":"DE"}},{"type":"Feature","geometry":{"type":"Point","coordinates":[9.51811,48.67362]},"properties":{"id":28978,"name":"Schlierbach","state_code":"BW","country_code":"DE"}},{"type":"Feature","geometry":{"type":"Point","coordinates":[8.18333,47.81667]},"properties":{"id":28983,"name":"Schluchsee","state_code":"BW","country_code":"DE"}},{"type":"Feature","geometry":{"type":"Point","coordinates":[9.99292,48.2728]},"properties":{"id":29010,"name":"Schnürpflingen","state_code":"BW","country_code":"DE"}},{"type":"Feature","geometry":{"type":"Point","coordinates":[8.64495,48.78713]},"properties":{"id":29103,"name":"Schömberg","state_code":"BW","country_code":"DE"}},{"type":"Feature","geometry":{"type":"Point","coordinates":[8.20289,48.14229]},"properties":{"id":29013,"name":"Schonach im Schwarzwald","state_code":"BW","country_code":"DE"}},{"type":"Feature","geometry":{"type":"Point","coordinates":[9.06012,48.65871]},"properties":{"id":29104,"name":"Schönaich","state_code":"BW","country_code":"DE"}},{"type":"Feature","geometry":{"type":"Point","coordinates":[8.8088,49.43665]},"properties":{"id":29106,"name":"Schönau","state_code":"BW","country_code":"DE"}},{"type":"Feature","geometry":{"type":"Point","coordinates":[7.89445,47.78623]},"properties":{"id":29108,"name":"Schönau im Schwarzwald","state_code":"BW","country_code":"DE"}},{"type":"Feature","geometry":{"type":"Point","coordinates":[8.20387,48.10549]},"properties":{"id":29133,"name":"Schönwald","state_code":"BW","country_code":"DE"}},{"type":"Feature","geometry":{"type":"Point","coordinates":[7.82089,47.65105]},"properties":{"id":29019,"name":"Schopfheim","state_code":"BW","country_code":"DE"}},{"type":"Feature","geometry":{"type":"Point","coordinates":[8.55131,48.45477]},"properties":{"id":29021,"name":"Schopfloch","state_code":"BW","country_code":"DE"}},{"type":"Feature","geometry":{"type":"Point","coordinates":[9.52721,48.80537]},"properties":{"id":29024,"name":"Schorndorf","state_code":"BW","country_code":"DE"}},{"type":"Feature","geometry":{"type":"Point","coordinates":[8.38583,48.22399]},"properties":{"id":29028,"name":"Schramberg","state_code":"BW","country_code":"DE"}},{"type":"Feature","geometry":{"type":"Point","coordinates":[8.6636,49.47372]},"properties":{"id":29031,"name":"Schriesheim","state_code":"BW","country_code":"DE"}},{"type":"Feature","geometry":{"type":"Point","coordinates":[9.97944,49.34528]},"properties":{"id":29033,"name":"Schrozberg","state_code":"BW","country_code":"DE"}},{"type":"Feature","geometry":{"type":"Point","coordinates":[7.95,48.26667]},"properties":{"id":29036,"name":"Schuttertal","state_code":"BW","country_code":"DE"}},{"type":"Feature","geometry":{"type":"Point","coordinates":[7.88333,48.45]},"properties":{"id":29037,"name":"Schutterwald","state_code":"BW","country_code":"DE"}},{"type":"Feature","geometry":{"type":"Point","coordinates":[9.79809,48.79947]},"properties":{"id":29095,"name":"Schwäbisch Gmünd","state_code":"BW","country_code":"DE"}},{"type":"Feature","geometry":{"type":"Point","coordinates":[9.73908,49.11127]},"properties":{"id":29096,"name":"Schwäbisch Hall","state_code":"BW","country_code":"DE"}},{"type":"Feature","geometry":{"type":"Point","coordinates":[9.05525,49.14494]},"properties":{"id":29047,"name":"Schwaigern","state_code":"BW","country_code":"DE"}},{"type":"Feature","geometry":{"type":"Point","coordinates":[9.34958,48.87733]},"properties":{"id":29048,"name":"Schwaikheim","state_code":"BW","country_code":"DE"}},{"type":"Feature","geometry":{"type":"Point","coordinates":[7.76244,48.36669]},"properties":{"id":29056,"name":"Schwanau","state_code":"BW","country_code":"DE"}},{"type":"Feature","geometry":{"type":"Point","coordinates":[8.03738,48.74738]},"properties":{"id":29065,"name":"Schwarzach","state_code":"BW","country_code":"DE"}},{"type":"Feature","geometry":{"type":"Point","coordinates":[9.97541,48.17424]},"properties":{"id":29086,"name":"Schwendi","state_code":"BW","country_code":"DE"}},{"type":"Feature","geometry":{"type":"Point","coordinates":[9,48.1]},"properties":{"id":29088,"name":"Schwenningen","state_code":"BW","country_code":"DE"}},{"type":"Feature","geometry":{"type":"Point","coordinates":[8.5823,49.38217]},"properties":{"id":29092,"name":"Schwetzingen","state_code":"BW","country_code":"DE"}},{"type":"Feature","geometry":{"type":"Point","coordinates":[9.07439,48.87644]},"properties":{"id":29093,"name":"Schwieberdingen","state_code":"BW","country_code":"DE"}},{"type":"Feature","geometry":{"type":"Point","coordinates":[7.8784,47.59314]},"properties":{"id":29097,"name":"Schwörstadt","state_code":"BW","country_code":"DE"}},{"type":"Feature","geometry":{"type":"Point","coordinates":[9.33417,49.44222]},"properties":{"id":29141,"name":"Seckach","state_code":"BW","country_code":"DE"}},{"type":"Feature","geometry":{"type":"Point","coordinates":[8.17048,48.57621]},"properties":{"id":29143,"name":"Seebach","state_code":"BW","country_code":"DE"}},{"type":"Feature","geometry":{"type":"Point","coordinates":[8.48993,48.24908]},"properties":{"id":29148,"name":"Seedorf","state_code":"BW","country_code":"DE"}},{"type":"Feature","geometry":{"type":"Point","coordinates":[7.94069,48.31055]},"properties":{"id":29157,"name":"Seelbach","state_code":"BW","country_code":"DE"}},{"type":"Feature","geometry":{"type":"Point","coordinates":[8.71667,48.01667]},"properties":{"id":29175,"name":"Seitingen-Oberflacht","state_code":"BW","country_code":"DE"}},{"type":"Feature","geometry":{"type":"Point","coordinates":[9.01667,48.96667]},"properties":{"id":29196,"name":"Sersheim","state_code":"BW","country_code":"DE"}},{"type":"Feature","geometry":{"type":"Point","coordinates":[7.90757,48.10209]},"properties":{"id":29201,"name":"Sexau","state_code":"BW","country_code":"DE"}},{"type":"Feature","geometry":{"type":"Point","coordinates":[9.18114,48.53252]},"properties":{"id":29206,"name":"Sickenhausen","state_code":"BW","country_code":"DE"}},{"type":"Feature","geometry":{"type":"Point","coordinates":[9.08972,49.26972]},"properties":{"id":29212,"name":"Siegelsbach","state_code":"BW","country_code":"DE"}},{"type":"Feature","geometry":{"type":"Point","coordinates":[9.23033,48.08829]},"properties":{"id":29226,"name":"Sigmaringen","state_code":"BW","country_code":"DE"}},{"type":"Feature","geometry":{"type":"Point","coordinates":[9.26208,48.06586]},"properties":{"id":29227,"name":"Sigmaringendorf","state_code":"BW","country_code":"DE"}},{"type":"Feature","geometry":{"type":"Point","coordinates":[8.51667,48.61667]},"properties":{"id":29236,"name":"Simmersfeld","state_code":"BW","country_code":"DE"}},{"type":"Feature","geometry":{"type":"Point","coordinates":[8.81142,48.75127]},"properties":{"id":29238,"name":"Simmozheim","state_code":"BW","country_code":"DE"}},{"type":"Feature","geometry":{"type":"Point","coordinates":[9.01667,48.7]},"properties":{"id":29239,"name":"Sindelfingen","state_code":"BW","country_code":"DE"}},{"type":"Feature","geometry":{"type":"Point","coordinates":[8.8403,47.75935]},"properties":{"id":29241,"name":"Singen","state_code":"BW","country_code":"DE"}},{"type":"Feature","geometry":{"type":"Point","coordinates":[8.87867,49.2529]},"properties":{"id":29245,"name":"Sinsheim","state_code":"BW","country_code":"DE"}},{"type":"Feature","geometry":{"type":"Point","coordinates":[8.16667,48.76667]},"properties":{"id":29246,"name":"Sinzheim","state_code":"BW","country_code":"DE"}},{"type":"Feature","geometry":{"type":"Point","coordinates":[9.09737,47.79678]},"properties":{"id":29250,"name":"Sipplingen","state_code":"BW","country_code":"DE"}},{"type":"Feature","geometry":{"type":"Point","coordinates":[7.81667,47.93333]},"properties":{"id":29493,"name":"Sölden","state_code":"BW","country_code":"DE"}},{"type":"Feature","geometry":{"type":"Point","coordinates":[10.29097,48.55235]},"properties":{"id":29277,"name":"Sontheim an der Brenz","state_code":"BW","country_code":"DE"}},{"type":"Feature","geometry":{"type":"Point","coordinates":[8.73508,48.07477]},"properties":{"id":29284,"name":"Spaichingen","state_code":"BW","country_code":"DE"}},{"type":"Feature","geometry":{"type":"Point","coordinates":[8.88333,49.34639]},"properties":{"id":29291,"name":"Spechbach","state_code":"BW","country_code":"DE"}},{"type":"Feature","geometry":{"type":"Point","coordinates":[9.44444,49.04083]},"properties":{"id":29301,"name":"Spiegelberg","state_code":"BW","country_code":"DE"}},{"type":"Feature","geometry":{"type":"Point","coordinates":[9.76217,48.88065]},"properties":{"id":29305,"name":"Spraitbach","state_code":"BW","country_code":"DE"}},{"type":"Feature","geometry":{"type":"Point","coordinates":[9.99138,48.29998]},"properties":{"id":29334,"name":"Staig","state_code":"BW","country_code":"DE"}},{"type":"Feature","geometry":{"type":"Point","coordinates":[8.21078,47.75686]},"properties":{"id":29345,"name":"Staufen","state_code":"BW","country_code":"DE"}},{"type":"Feature","geometry":{"type":"Point","coordinates":[7.96667,47.98333]},"properties":{"id":29352,"name":"Stegen","state_code":"BW","country_code":"DE"}},{"type":"Feature","geometry":{"type":"Point","coordinates":[8.05,48.3]},"properties":{"id":29360,"name":"Steinach","state_code":"BW","country_code":"DE"}},{"type":"Feature","geometry":{"type":"Point","coordinates":[7.73914,47.64446]},"properties":{"id":29369,"name":"Steinen","state_code":"BW","country_code":"DE"}},{"type":"Feature","geometry":{"type":"Point","coordinates":[9.11667,48.66667]},"properties":{"id":29370,"name":"Steinenbronn","state_code":"BW","country_code":"DE"}},{"type":"Feature","geometry":{"type":"Point","coordinates":[10.06382,48.6909]},"properties":{"id":29381,"name":"Steinheim am Albuch","state_code":"BW","country_code":"DE"}},{"type":"Feature","geometry":{"type":"Point","coordinates":[9.27708,48.96821]},"properties":{"id":29382,"name":"Steinheim am der Murr","state_code":"BW","country_code":"DE"}},{"type":"Feature","geometry":{"type":"Point","coordinates":[8.19692,48.90095]},"properties":{"id":29389,"name":"Steinmauern","state_code":"BW","country_code":"DE"}},{"type":"Feature","geometry":{"type":"Point","coordinates":[8.93333,47.8]},"properties":{"id":29394,"name":"Steißlingen","state_code":"BW","country_code":"DE"}},{"type":"Feature","geometry":{"type":"Point","coordinates":[8.85083,49.05139]},"properties":{"id":29402,"name":"Sternenfels","state_code":"BW","country_code":"DE"}},{"type":"Feature","geometry":{"type":"Point","coordinates":[9.07775,48.12419]},"properties":{"id":29405,"name":"Stetten am Kalten Markt","state_code":"BW","country_code":"DE"}},{"type":"Feature","geometry":{"type":"Point","coordinates":[10.09274,49.06135]},"properties":{"id":29409,"name":"Stimpfach","state_code":"BW","country_code":"DE"}},{"type":"Feature","geometry":{"type":"Point","coordinates":[9.0091,47.85105]},"properties":{"id":29410,"name":"Stockach","state_code":"BW","country_code":"DE"}},{"type":"Feature","geometry":{"type":"Point","coordinates":[10.3,49]},"properties":{"id":29450,"name":"Stödtlen","state_code":"BW","country_code":"DE"}},{"type":"Feature","geometry":{"type":"Point","coordinates":[9.09059,48.17805]},"properties":{"id":29432,"name":"Straßberg","state_code":"BW","country_code":"DE"}},{"type":"Feature","geometry":{"type":"Point","coordinates":[8.44813,47.7458]},"properties":{"id":29455,"name":"Stühlingen","state_code":"BW","country_code":"DE"}},{"type":"Feature","geometry":{"type":"Point","coordinates":[9.17702,48.78232]},"properties":{"id":29444,"name":"Stuttgart","state_code":"BW","country_code":"DE"}},{"type":"Feature","geometry":{"type":"Point","coordinates":[9.15719,48.80867]},"properties":{"id":29445,"name":"Stuttgart Feuerbach","state_code":"BW","country_code":"DE"}},{"type":"Feature","geometry":{"type":"Point","coordinates":[9.23028,48.84232]},"properties":{"id":29446,"name":"Stuttgart Mühlhausen","state_code":"BW","country_code":"DE"}},{"type":"Feature","geometry":{"type":"Point","coordinates":[9.21032,48.78363]},"properties":{"id":29447,"name":"Stuttgart-Ost","state_code":"BW","country_code":"DE"}},{"type":"Feature","geometry":{"type":"Point","coordinates":[8.63309,48.36241]},"properties":{"id":29466,"name":"Sulz am Neckar","state_code":"BW","country_code":"DE"}},{"type":"Feature","geometry":{"type":"Point","coordinates":[9.5003,49.00303]},"properties":{"id":29470,"name":"Sulzbach an der Murr","state_code":"BW","country_code":"DE"}},{"type":"Feature","geometry":{"type":"Point","coordinates":[7.70777,47.84116]},"properties":{"id":29473,"name":"Sulzburg","state_code":"BW","country_code":"DE"}},{"type":"Feature","geometry":{"type":"Point","coordinates":[8.85583,49.10472]},"properties":{"id":29477,"name":"Sulzfeld","state_code":"BW","country_code":"DE"}},{"type":"Feature","geometry":{"type":"Point","coordinates":[9.75534,48.67934]},"properties":{"id":29509,"name":"Süßen","state_code":"BW","country_code":"DE"}},{"type":"Feature","geometry":{"type":"Point","coordinates":[9.83824,48.84972]},"properties":{"id":29698,"name":"Täferrot","state_code":"BW","country_code":"DE"}},{"type":"Feature","geometry":{"type":"Point","coordinates":[9.19306,49.08333]},"properties":{"id":29514,"name":"Talheim","state_code":"BW","country_code":"DE"}},{"type":"Feature","geometry":{"type":"Point","coordinates":[9.11556,48.91988]},"properties":{"id":29516,"name":"Tamm","state_code":"BW","country_code":"DE"}},{"type":"Feature","geometry":{"type":"Point","coordinates":[10.36129,48.9787]},"properties":{"id":29525,"name":"Tannhausen","state_code":"BW","country_code":"DE"}},{"type":"Feature","geometry":{"type":"Point","coordinates":[10.08333,48]},"properties":{"id":29526,"name":"Tannheim","state_code":"BW","country_code":"DE"}},{"type":"Feature","geometry":{"type":"Point","coordinates":[9.66278,49.62472]},"properties":{"id":29533,"name":"Tauberbischofsheim","state_code":"BW","country_code":"DE"}},{"type":"Feature","geometry":{"type":"Point","coordinates":[8.66117,47.82128]},"properties":{"id":29557,"name":"Tengen","state_code":"BW","country_code":"DE"}},{"type":"Feature","geometry":{"type":"Point","coordinates":[7.81205,48.12952]},"properties":{"id":29558,"name":"Teningen","state_code":"BW","country_code":"DE"}},{"type":"Feature","geometry":{"type":"Point","coordinates":[8.35176,48.19041]},"properties":{"id":29559,"name":"Tennenbronn","state_code":"BW","country_code":"DE"}},{"type":"Feature","geometry":{"type":"Point","coordinates":[9.59132,47.66857]},"properties":{"id":29565,"name":"Tettnang","state_code":"BW","country_code":"DE"}},{"type":"Feature","geometry":{"type":"Point","coordinates":[8.80129,48.82398]},"properties":{"id":29610,"name":"Tiefenbronn","state_code":"BW","country_code":"DE"}},{"type":"Feature","geometry":{"type":"Point","coordinates":[8.19063,47.92104]},"properties":{"id":29619,"name":"Titisee-Neustadt","state_code":"BW","country_code":"DE"}},{"type":"Feature","geometry":{"type":"Point","coordinates":[8.00183,47.74014]},"properties":{"id":29627,"name":"Todtmoos","state_code":"BW","country_code":"DE"}},{"type":"Feature","geometry":{"type":"Point","coordinates":[7.9438,47.82941]},"properties":{"id":29628,"name":"Todtnau","state_code":"BW","country_code":"DE"}},{"type":"Feature","geometry":{"type":"Point","coordinates":[8.23317,48.13175]},"properties":{"id":29664,"name":"Triberg","state_code":"BW","country_code":"DE"}},{"type":"Feature","geometry":{"type":"Point","coordinates":[9.24491,48.30843]},"properties":{"id":29676,"name":"Trochtelfingen","state_code":"BW","country_code":"DE"}},{"type":"Feature","geometry":{"type":"Point","coordinates":[8.64409,48.07667]},"properties":{"id":29681,"name":"Trossingen","state_code":"BW","country_code":"DE"}},{"type":"Feature","geometry":{"type":"Point","coordinates":[9.05222,48.52266]},"properties":{"id":29704,"name":"Tübingen","state_code":"BW","country_code":"DE"}},{"type":"Feature","geometry":{"type":"Point","coordinates":[9.5,48.16667]},"properties":{"id":29705,"name":"Tübingen Region","state_code":"BW","country_code":"DE"}},{"type":"Feature","geometry":{"type":"Point","coordinates":[8.6,48.03333]},"properties":{"id":29690,"name":"Tuningen","state_code":"BW","country_code":"DE"}},{"type":"Feature","geometry":{"type":"Point","coordinates":[8.8177,47.98464]},"properties":{"id":29694,"name":"Tuttlingen","state_code":"BW","country_code":"DE"}},{"type":"Feature","geometry":{"type":"Point","coordinates":[9.17136,47.76977]},"properties":{"id":30555,"name":"Überlingen","state_code":"BW","country_code":"DE"}},{"type":"Feature","geometry":{"type":"Point","coordinates":[8.63165,49.16296]},"properties":{"id":29712,"name":"Ubstadt-Weiher","state_code":"BW","country_code":"DE"}},{"type":"Feature","geometry":{"type":"Point","coordinates":[9.5857,48.70475]},"properties":{"id":29733,"name":"Uhingen","state_code":"BW","country_code":"DE"}},{"type":"Feature","geometry":{"type":"Point","coordinates":[9.25,47.73333]},"properties":{"id":29734,"name":"Uhldingen-Mühlhofen","state_code":"BW","country_code":"DE"}},{"type":"Feature","geometry":{"type":"Point","coordinates":[8.31667,47.71667]},"properties":{"id":30559,"name":"Ühlingen-Birkendorf","state_code":"BW","country_code":"DE"}},{"type":"Feature","geometry":{"type":"Point","coordinates":[9.99155,48.39841]},"properties":{"id":29737,"name":"Ulm","state_code":"BW","country_code":"DE"}},{"type":"Feature","geometry":{"type":"Point","coordinates":[7.76667,48.03333]},"properties":{"id":29740,"name":"Umkirch","state_code":"BW","country_code":"DE"}},{"type":"Feature","geometry":{"type":"Point","coordinates":[9.83333,48.06667]},"properties":{"id":29742,"name":"Ummendorf","state_code":"BW","country_code":"DE"}},{"type":"Feature","geometry":{"type":"Point","coordinates":[9.52219,48.16734]},"properties":{"id":29747,"name":"Unlingen","state_code":"BW","country_code":"DE"}},{"type":"Feature","geometry":{"type":"Point","coordinates":[9.20194,49.21111]},"properties":{"id":29757,"name":"Untereisesheim","state_code":"BW","country_code":"DE"}},{"type":"Feature","geometry":{"type":"Point","coordinates":[9.35799,48.65452]},"properties":{"id":29758,"name":"Unterensingen","state_code":"BW","country_code":"DE"}},{"type":"Feature","geometry":{"type":"Point","coordinates":[9.27516,49.0894]},"properties":{"id":29761,"name":"Untergruppenbach","state_code":"BW","country_code":"DE"}},{"type":"Feature","geometry":{"type":"Point","coordinates":[9.25504,48.4298]},"properties":{"id":29763,"name":"Unterhausen","state_code":"BW","country_code":"DE"}},{"type":"Feature","geometry":{"type":"Point","coordinates":[8.78445,48.5623]},"properties":{"id":29764,"name":"Unterjettingen","state_code":"BW","country_code":"DE"}},{"type":"Feature","geometry":{"type":"Point","coordinates":[8.36575,48.07946]},"properties":{"id":29765,"name":"Unterkirnach","state_code":"BW","country_code":"DE"}},{"type":"Feature","geometry":{"type":"Point","coordinates":[7.69045,47.91933]},"properties":{"id":29766,"name":"Unterkrozingen","state_code":"BW","country_code":"DE"}},{"type":"Feature","geometry":{"type":"Point","coordinates":[9.73384,49.15255]},"properties":{"id":29772,"name":"Untermünkheim","state_code":"BW","country_code":"DE"}},{"type":"Feature","geometry":{"type":"Point","coordinates":[8.70885,48.82496]},"properties":{"id":29775,"name":"Unterreichenbach","state_code":"BW","country_code":"DE"}},{"type":"Feature","geometry":{"type":"Point","coordinates":[10.36667,48.93333]},"properties":{"id":29778,"name":"Unterschneidheim","state_code":"BW","country_code":"DE"}},{"type":"Feature","geometry":{"type":"Point","coordinates":[9.5769,48.8168]},"properties":{"id":29790,"name":"Urbach","state_code":"BW","country_code":"DE"}},{"type":"Feature","geometry":{"type":"Point","coordinates":[9.61667,48.15]},"properties":{"id":29804,"name":"Uttenweiler","state_code":"BW","country_code":"DE"}},{"type":"Feature","geometry":{"type":"Point","coordinates":[8.96045,48.93563]},"properties":{"id":29810,"name":"Vaihingen an der Enz","state_code":"BW","country_code":"DE"}},{"type":"Feature","geometry":{"type":"Point","coordinates":[9.87914,49.0843]},"properties":{"id":29828,"name":"Vellberg","state_code":"BW","country_code":"DE"}},{"type":"Feature","geometry":{"type":"Point","coordinates":[9.21079,48.18515]},"properties":{"id":29835,"name":"Veringenstadt","state_code":"BW","country_code":"DE"}},{"type":"Feature","geometry":{"type":"Point","coordinates":[8.49358,48.06226]},"properties":{"id":29852,"name":"Villingen-Schwenningen","state_code":"BW","country_code":"DE"}},{"type":"Feature","geometry":{"type":"Point","coordinates":[8.58333,48.2]},"properties":{"id":29853,"name":"Villingendorf","state_code":"BW","country_code":"DE"}},{"type":"Feature","geometry":{"type":"Point","coordinates":[9.76667,47.76667]},"properties":{"id":29866,"name":"Vogt","state_code":"BW","country_code":"DE"}},{"type":"Feature","geometry":{"type":"Point","coordinates":[7.64185,48.09688]},"properties":{"id":29868,"name":"Vogtsburg","state_code":"BW","country_code":"DE"}},{"type":"Feature","geometry":{"type":"Point","coordinates":[8.3,48.05]},"properties":{"id":29888,"name":"Vöhrenbach","state_code":"BW","country_code":"DE"}},{"type":"Feature","geometry":{"type":"Point","coordinates":[8.66392,48.33446]},"properties":{"id":29889,"name":"Vöhringen","state_code":"BW","country_code":"DE"}},{"type":"Feature","geometry":{"type":"Point","coordinates":[8.86667,47.81667]},"properties":{"id":29874,"name":"Volkertshausen","state_code":"BW","country_code":"DE"}},{"type":"Feature","geometry":{"type":"Point","coordinates":[7.85,48.06667]},"properties":{"id":29894,"name":"Vörstetten","state_code":"BW","country_code":"DE"}},{"type":"Feature","geometry":{"type":"Point","coordinates":[8.51257,49.24991]},"properties":{"id":29916,"name":"Waghäusel","state_code":"BW","country_code":"DE"}},{"type":"Feature","geometry":{"type":"Point","coordinates":[9.31641,48.83241]},"properties":{"id":29922,"name":"Waiblingen","state_code":"BW","country_code":"DE"}},{"type":"Feature","geometry":{"type":"Point","coordinates":[8.91771,49.29505]},"properties":{"id":29923,"name":"Waibstadt","state_code":"BW","country_code":"DE"}},{"type":"Feature","geometry":{"type":"Point","coordinates":[10.0209,48.18904]},"properties":{"id":29928,"name":"Wain","state_code":"BW","country_code":"DE"}},{"type":"Feature","geometry":{"type":"Point","coordinates":[9.16667,47.93333]},"properties":{"id":29932,"name":"Wald","state_code":"BW","country_code":"DE"}},{"type":"Feature","geometry":{"type":"Point","coordinates":[9.71342,47.7571]},"properties":{"id":29940,"name":"Waldburg","state_code":"BW","country_code":"DE"}},{"type":"Feature","geometry":{"type":"Point","coordinates":[9.13256,48.6383]},"properties":{"id":29945,"name":"Waldenbuch","state_code":"BW","country_code":"DE"}},{"type":"Feature","geometry":{"type":"Point","coordinates":[9.63994,49.18468]},"properties":{"id":29947,"name":"Waldenburg","state_code":"BW","country_code":"DE"}},{"type":"Feature","geometry":{"type":"Point","coordinates":[7.96371,48.09585]},"properties":{"id":29954,"name":"Waldkirch","state_code":"BW","country_code":"DE"}},{"type":"Feature","geometry":{"type":"Point","coordinates":[8.21717,47.62323]},"properties":{"id":29963,"name":"Waldshut-Tiengen","state_code":"BW","country_code":"DE"}},{"type":"Feature","geometry":{"type":"Point","coordinates":[9.82135,48.76615]},"properties":{"id":29965,"name":"Waldstetten","state_code":"BW","country_code":"DE"}},{"type":"Feature","geometry":{"type":"Point","coordinates":[9.15111,49.01417]},"properties":{"id":29968,"name":"Walheim","state_code":"BW","country_code":"DE"}},{"type":"Feature","geometry":{"type":"Point","coordinates":[8.64236,49.30637]},"properties":{"id":29972,"name":"Walldorf","state_code":"BW","country_code":"DE"}},{"type":"Feature","geometry":{"type":"Point","coordinates":[9.36642,49.58358]},"properties":{"id":29973,"name":"Walldürn","state_code":"BW","country_code":"DE"}},{"type":"Feature","geometry":{"type":"Point","coordinates":[10.06219,49.21042]},"properties":{"id":29985,"name":"Wallhausen","state_code":"BW","country_code":"DE"}},{"type":"Feature","geometry":{"type":"Point","coordinates":[9.83247,47.6895]},"properties":{"id":30004,"name":"Wangen","state_code":"BW","country_code":"DE"}},{"type":"Feature","geometry":{"type":"Point","coordinates":[9.15,48.51667]},"properties":{"id":30009,"name":"Wannweil","state_code":"BW","country_code":"DE"}},{"type":"Feature","geometry":{"type":"Point","coordinates":[9.79749,48.12863]},"properties":{"id":30026,"name":"Warthausen","state_code":"BW","country_code":"DE"}},{"type":"Feature","geometry":{"type":"Point","coordinates":[9.68735,48.75991]},"properties":{"id":30437,"name":"Wäschenbeuren","state_code":"BW","country_code":"DE"}},{"type":"Feature","geometry":{"type":"Point","coordinates":[8.79151,48.14533]},"properties":{"id":30059,"name":"Wehingen","state_code":"BW","country_code":"DE"}},{"type":"Feature","geometry":{"type":"Point","coordinates":[7.90423,47.62983]},"properties":{"id":30061,"name":"Wehr","state_code":"BW","country_code":"DE"}},{"type":"Feature","geometry":{"type":"Point","coordinates":[9.9961,48.5525]},"properties":{"id":30071,"name":"Weidenstetten","state_code":"BW","country_code":"DE"}},{"type":"Feature","geometry":{"type":"Point","coordinates":[9.89977,49.47866]},"properties":{"id":30079,"name":"Weikersheim","state_code":"BW","country_code":"DE"}},{"type":"Feature","geometry":{"type":"Point","coordinates":[7.62082,47.59331]},"properties":{"id":30081,"name":"Weil am Rhein","state_code":"BW","country_code":"DE"}},{"type":"Feature","geometry":{"type":"Point","coordinates":[8.87176,48.74953]},"properties":{"id":30082,"name":"Weil der Stadt","state_code":"BW","country_code":"DE"}},{"type":"Feature","geometry":{"type":"Point","coordinates":[9.06355,48.6227]},"properties":{"id":30083,"name":"Weil im Schönbuch","state_code":"BW","country_code":"DE"}},{"type":"Feature","geometry":{"type":"Point","coordinates":[8.23333,47.66667]},"properties":{"id":30092,"name":"Weilheim","state_code":"BW","country_code":"DE"}},{"type":"Feature","geometry":{"type":"Point","coordinates":[9.53751,48.61572]},"properties":{"id":30093,"name":"Weilheim an der Teck","state_code":"BW","country_code":"DE"}},{"type":"Feature","geometry":{"type":"Point","coordinates":[8.52678,49.05457]},"properties":{"id":30100,"name":"Weingarten","state_code":"BW","country_code":"DE"}},{"type":"Feature","geometry":{"type":"Point","coordinates":[8.66697,49.54887]},"properties":{"id":30101,"name":"Weinheim","state_code":"BW","country_code":"DE"}},{"type":"Feature","geometry":{"type":"Point","coordinates":[9.28762,49.15127]},"properties":{"id":30102,"name":"Weinsberg","state_code":"BW","country_code":"DE"}},{"type":"Feature","geometry":{"type":"Point","coordinates":[9.36387,48.81311]},"properties":{"id":30104,"name":"Weinstadt-Endersbach","state_code":"BW","country_code":"DE"}},{"type":"Feature","geometry":{"type":"Point","coordinates":[8.35378,48.72757]},"properties":{"id":30108,"name":"Weisenbach","state_code":"BW","country_code":"DE"}},{"type":"Feature","geometry":{"type":"Point","coordinates":[8.92828,48.84687]},"properties":{"id":30112,"name":"Weissach","state_code":"BW","country_code":"DE"}},{"type":"Feature","geometry":{"type":"Point","coordinates":[9.59531,49.29717]},"properties":{"id":30122,"name":"Weißbach","state_code":"BW","country_code":"DE"}},{"type":"Feature","geometry":{"type":"Point","coordinates":[7.67713,48.19939]},"properties":{"id":30113,"name":"Weisweil","state_code":"BW","country_code":"DE"}},{"type":"Feature","geometry":{"type":"Point","coordinates":[8.70375,48.14745]},"properties":{"id":30144,"name":"Wellendingen","state_code":"BW","country_code":"DE"}},{"type":"Feature","geometry":{"type":"Point","coordinates":[9.63434,48.87675]},"properties":{"id":30149,"name":"Welzheim","state_code":"BW","country_code":"DE"}},{"type":"Feature","geometry":{"type":"Point","coordinates":[9.37632,48.67124]},"properties":{"id":30158,"name":"Wendlingen am Neckar","state_code":"BW","country_code":"DE"}},{"type":"Feature","geometry":{"type":"Point","coordinates":[9.63944,49.67083]},"properties":{"id":30166,"name":"Werbach","state_code":"BW","country_code":"DE"}},{"type":"Feature","geometry":{"type":"Point","coordinates":[9.41533,48.69306]},"properties":{"id":30178,"name":"Wernau","state_code":"BW","country_code":"DE"}},{"type":"Feature","geometry":{"type":"Point","coordinates":[9.50852,49.759]},"properties":{"id":30188,"name":"Wertheim","state_code":"BW","country_code":"DE"}},{"type":"Feature","geometry":{"type":"Point","coordinates":[9.62424,48.51511]},"properties":{"id":30208,"name":"Westerheim","state_code":"BW","country_code":"DE"}},{"type":"Feature","geometry":{"type":"Point","coordinates":[9.95494,48.51916]},"properties":{"id":30216,"name":"Westerstetten","state_code":"BW","country_code":"DE"}},{"type":"Feature","geometry":{"type":"Point","coordinates":[10.18333,48.88333]},"properties":{"id":30218,"name":"Westhausen","state_code":"BW","country_code":"DE"}},{"type":"Feature","geometry":{"type":"Point","coordinates":[9.42209,49.31825]},"properties":{"id":30237,"name":"Widdern","state_code":"BW","country_code":"DE"}},{"type":"Feature","geometry":{"type":"Point","coordinates":[8.85,48.88333]},"properties":{"id":30251,"name":"Wiernsheim","state_code":"BW","country_code":"DE"}},{"type":"Feature","geometry":{"type":"Point","coordinates":[8.80361,49.36139]},"properties":{"id":30257,"name":"Wiesenbach","state_code":"BW","country_code":"DE"}},{"type":"Feature","geometry":{"type":"Point","coordinates":[9.6254,48.56127]},"properties":{"id":30260,"name":"Wiesensteig","state_code":"BW","country_code":"DE"}},{"type":"Feature","geometry":{"type":"Point","coordinates":[8.69846,49.29504]},"properties":{"id":30264,"name":"Wiesloch","state_code":"BW","country_code":"DE"}},{"type":"Feature","geometry":{"type":"Point","coordinates":[8.74518,48.62336]},"properties":{"id":30273,"name":"Wildberg","state_code":"BW","country_code":"DE"}},{"type":"Feature","geometry":{"type":"Point","coordinates":[9.42621,47.86612]},"properties":{"id":30283,"name":"Wilhelmsdorf","state_code":"BW","country_code":"DE"}},{"type":"Feature","geometry":{"type":"Point","coordinates":[8.75361,49.47056]},"properties":{"id":30285,"name":"Wilhelmsfeld","state_code":"BW","country_code":"DE"}},{"type":"Feature","geometry":{"type":"Point","coordinates":[7.89314,48.54071]},"properties":{"id":30298,"name":"Willstätt","state_code":"BW","country_code":"DE"}},{"type":"Feature","geometry":{"type":"Point","coordinates":[8.83333,48.85]},"properties":{"id":30308,"name":"Wimsheim","state_code":"BW","country_code":"DE"}},{"type":"Feature","geometry":{"type":"Point","coordinates":[9.39819,48.87563]},"properties":{"id":30326,"name":"Winnenden","state_code":"BW","country_code":"DE"}},{"type":"Feature","geometry":{"type":"Point","coordinates":[9.47914,48.79918]},"properties":{"id":30330,"name":"Winterbach","state_code":"BW","country_code":"DE"}},{"type":"Feature","geometry":{"type":"Point","coordinates":[9.11667,48.18333]},"properties":{"id":30334,"name":"Winterlingen","state_code":"BW","country_code":"DE"}},{"type":"Feature","geometry":{"type":"Point","coordinates":[7.81667,47.95]},"properties":{"id":30364,"name":"Wittnau","state_code":"BW","country_code":"DE"}},{"type":"Feature","geometry":{"type":"Point","coordinates":[8.2158,48.29319]},"properties":{"id":30374,"name":"Wolfach","state_code":"BW","country_code":"DE"}},{"type":"Feature","geometry":{"type":"Point","coordinates":[9.79491,47.8203]},"properties":{"id":30375,"name":"Wolfegg","state_code":"BW","country_code":"DE"}},{"type":"Feature","geometry":{"type":"Point","coordinates":[9.28333,48.65]},"properties":{"id":30386,"name":"Wolfschlugen","state_code":"BW","country_code":"DE"}},{"type":"Feature","geometry":{"type":"Point","coordinates":[9.84472,49.1675]},"properties":{"id":30397,"name":"Wolpertshausen","state_code":"BW","country_code":"DE"}},{"type":"Feature","geometry":{"type":"Point","coordinates":[9.61202,47.89471]},"properties":{"id":30398,"name":"Wolpertswende","state_code":"BW","country_code":"DE"}},{"type":"Feature","geometry":{"type":"Point","coordinates":[10.27239,49.03047]},"properties":{"id":30445,"name":"Wört","state_code":"BW","country_code":"DE"}},{"type":"Feature","geometry":{"type":"Point","coordinates":[8.60754,49.01205]},"properties":{"id":30452,"name":"Wössingen","state_code":"BW","country_code":"DE"}},{"type":"Feature","geometry":{"type":"Point","coordinates":[8.81667,48.86667]},"properties":{"id":30422,"name":"Wurmberg","state_code":"BW","country_code":"DE"}},{"type":"Feature","geometry":{"type":"Point","coordinates":[8.78333,48]},"properties":{"id":30423,"name":"Wurmlingen","state_code":"BW","country_code":"DE"}},{"type":"Feature","geometry":{"type":"Point","coordinates":[9.46056,49.08083]},"properties":{"id":30460,"name":"Wüstenrot","state_code":"BW","country_code":"DE"}},{"type":"Feature","geometry":{"type":"Point","coordinates":[8.36755,47.66019]},"properties":{"id":30433,"name":"Wutöschingen","state_code":"BW","country_code":"DE"}},{"type":"Feature","geometry":{"type":"Point","coordinates":[7.64917,48.16617]},"properties":{"id":30434,"name":"Wyhl","state_code":"BW","country_code":"DE"}},{"type":"Feature","geometry":{"type":"Point","coordinates":[8.92694,49.05611]},"properties":{"id":30463,"name":"Zaberfeld","state_code":"BW","country_code":"DE"}},{"type":"Feature","geometry":{"type":"Point","coordinates":[8.81278,49.10667]},"properties":{"id":30466,"name":"Zaisenhausen","state_code":"BW","country_code":"DE"}},{"type":"Feature","geometry":{"type":"Point","coordinates":[8.06301,48.69235]},"properties":{"id":30484,"name":"Zell","state_code":"BW","country_code":"DE"}},{"type":"Feature","geometry":{"type":"Point","coordinates":[7.85248,47.70555]},"properties":{"id":30487,"name":"Zell im Wiesental","state_code":"BW","country_code":"DE"}},{"type":"Feature","geometry":{"type":"Point","coordinates":[9.57137,48.64882]},"properties":{"id":30488,"name":"Zell unter Aichelberg","state_code":"BW","country_code":"DE"}},{"type":"Feature","geometry":{"type":"Point","coordinates":[8.59436,48.1666]},"properties":{"id":30508,"name":"Zimmern ob Rottweil","state_code":"BW","country_code":"DE"}},{"type":"Feature","geometry":{"type":"Point","coordinates":[8.82254,49.29636]},"properties":{"id":30530,"name":"Zuzenhausen","state_code":"BW","country_code":"DE"}},{"type":"Feature","geometry":{"type":"Point","coordinates":[9.51806,49.25639]},"properties":{"id":30532,"name":"Zweiflingen","state_code":"BW","country_code":"DE"}},{"type":"Feature","geometry":{"type":"Point","coordinates":[9.46232,48.23396]},"properties":{"id":30535,"name":"Zwiefalten","state_code":"BW","country_code":"DE"}}]}