{"type":"FeatureCollection","features":[{"type":"Feature","geometry":{"type":"Point","coordinates":[10.55649,52.35233]},"properties":{"id":23465,"name":"Abbesbüttel","state_code":"NI","country_code":"DE"}},{"type":"Feature","geometry":{"type":"Point","coordinates":[9.0263,53.01416]},"properties":{"id":23473,"name":"Achim","state_code":"NI","country_code":"DE"}},{"type":"Feature","geometry":{"type":"Point","coordinates":[9.75461,51.58272]},"properties":{"id":23478,"name":"Adelebsen","state_code":"NI","country_code":"DE"}},{"type":"Feature","geometry":{"type":"Point","coordinates":[10.06039,52.56404]},"properties":{"id":23479,"name":"Adelheidsdorf","state_code":"NI","country_code":"DE"}},{"type":"Feature","geometry":{"type":"Point","coordinates":[10.45079,52.37984]},"properties":{"id":23487,"name":"Adenbüttel","state_code":"NI","country_code":"DE"}},{"type":"Feature","geometry":{"type":"Point","coordinates":[10.43787,53.28189]},"properties":{"id":23488,"name":"Adendorf","state_code":"NI","country_code":"DE"}},{"type":"Feature","geometry":{"type":"Point","coordinates":[9.93516,51.99852]},"properties":{"id":23489,"name":"Adenstedt","state_code":"NI","country_code":"DE"}},{"type":"Feature","geometry":{"type":"Point","coordinates":[9.25856,52.04953]},"properties":{"id":23494,"name":"Aerzen","state_code":"NI","country_code":"DE"}},{"type":"Feature","geometry":{"type":"Point","coordinates":[9.5318,53.56065]},"properties":{"id":23497,"name":"Agathenburg","state_code":"NI","country_code":"DE"}},{"type":"Feature","geometry":{"type":"Point","coordinates":[9.31667,53.06667]},"properties":{"id":23501,"name":"Ahausen","state_code":"NI","country_code":"DE"}},{"type":"Feature","geometry":{"type":"Point","coordinates":[9.55115,52.75968]},"properties":{"id":23503,"name":"Ahlden","state_code":"NI","country_code":"DE"}},{"type":"Feature","geometry":{"type":"Point","coordinates":[9.45,53.4]},"properties":{"id":23505,"name":"Ahlerstedt","state_code":"NI","country_code":"DE"}},{"type":"Feature","geometry":{"type":"Point","coordinates":[10.28534,52.61071]},"properties":{"id":23507,"name":"Ahnsbeck","state_code":"NI","country_code":"DE"}},{"type":"Feature","geometry":{"type":"Point","coordinates":[9.10089,52.25466]},"properties":{"id":23508,"name":"Ahnsen","state_code":"NI","country_code":"DE"}},{"type":"Feature","geometry":{"type":"Point","coordinates":[9.07933,52.95868]},"properties":{"id":23515,"name":"Ahsen-Oetzen","state_code":"NI","country_code":"DE"}},{"type":"Feature","geometry":{"type":"Point","coordinates":[9.81989,51.98382]},"properties":{"id":23549,"name":"Alfeld","state_code":"NI","country_code":"DE"}},{"type":"Feature","geometry":{"type":"Point","coordinates":[7.95,52.5]},"properties":{"id":23551,"name":"Alfhausen","state_code":"NI","country_code":"DE"}},{"type":"Feature","geometry":{"type":"Point","coordinates":[9.96915,52.25332]},"properties":{"id":23553,"name":"Algermissen","state_code":"NI","country_code":"DE"}},{"type":"Feature","geometry":{"type":"Point","coordinates":[10.30294,52.01933]},"properties":{"id":23578,"name":"Alt Wallmoden","state_code":"NI","country_code":"DE"}},{"type":"Feature","geometry":{"type":"Point","coordinates":[10.44148,51.80113]},"properties":{"id":23591,"name":"Altenau","state_code":"NI","country_code":"DE"}},{"type":"Feature","geometry":{"type":"Point","coordinates":[10.60163,53.1305]},"properties":{"id":23609,"name":"Altenmedingen","state_code":"NI","country_code":"DE"}},{"type":"Feature","geometry":{"type":"Point","coordinates":[10.21274,53.12397]},"properties":{"id":23644,"name":"Amelinghausen","state_code":"NI","country_code":"DE"}},{"type":"Feature","geometry":{"type":"Point","coordinates":[7.88333,52.55]},"properties":{"id":23660,"name":"Ankum","state_code":"NI","country_code":"DE"}},{"type":"Feature","geometry":{"type":"Point","coordinates":[9.3358,52.28979]},"properties":{"id":23669,"name":"Apelern","state_code":"NI","country_code":"DE"}},{"type":"Feature","geometry":{"type":"Point","coordinates":[7.8,53.21667]},"properties":{"id":23670,"name":"Apen","state_code":"NI","country_code":"DE"}},{"type":"Feature","geometry":{"type":"Point","coordinates":[9.61667,53.43333]},"properties":{"id":23671,"name":"Apensen","state_code":"NI","country_code":"DE"}},{"type":"Feature","geometry":{"type":"Point","coordinates":[9.74565,53.3906]},"properties":{"id":23676,"name":"Appel","state_code":"NI","country_code":"DE"}},{"type":"Feature","geometry":{"type":"Point","coordinates":[10.10047,52.38597]},"properties":{"id":23691,"name":"Arpke","state_code":"NI","country_code":"DE"}},{"type":"Feature","geometry":{"type":"Point","coordinates":[10.48793,53.37182]},"properties":{"id":23694,"name":"Artlenburg","state_code":"NI","country_code":"DE"}},{"type":"Feature","geometry":{"type":"Point","coordinates":[9.00489,52.77219]},"properties":{"id":23709,"name":"Asendorf","state_code":"NI","country_code":"DE"}},{"type":"Feature","geometry":{"type":"Point","coordinates":[9.60248,52.41943]},"properties":{"id":23727,"name":"Auf der Horst","state_code":"NI","country_code":"DE"}},{"type":"Feature","geometry":{"type":"Point","coordinates":[9.29194,52.39828]},"properties":{"id":23734,"name":"Auhagen","state_code":"NI","country_code":"DE"}},{"type":"Feature","geometry":{"type":"Point","coordinates":[7.48232,53.46919]},"properties":{"id":23741,"name":"Aurich","state_code":"NI","country_code":"DE"}},{"type":"Feature","geometry":{"type":"Point","coordinates":[8.77485,53.35466]},"properties":{"id":23744,"name":"Axstedt","state_code":"NI","country_code":"DE"}},{"type":"Feature","geometry":{"type":"Point","coordinates":[7.15763,52.30066]},"properties":{"id":23765,"name":"Bad Bentheim","state_code":"NI","country_code":"DE"}},{"type":"Feature","geometry":{"type":"Point","coordinates":[10.58129,53.07923]},"properties":{"id":23770,"name":"Bad Bevensen","state_code":"NI","country_code":"DE"}},{"type":"Feature","geometry":{"type":"Point","coordinates":[9.09822,52.24215]},"properties":{"id":23788,"name":"Bad Eilsen","state_code":"NI","country_code":"DE"}},{"type":"Feature","geometry":{"type":"Point","coordinates":[8.33333,52.31667]},"properties":{"id":23793,"name":"Bad Essen","state_code":"NI","country_code":"DE"}},{"type":"Feature","geometry":{"type":"Point","coordinates":[9.69558,52.86641]},"properties":{"id":23794,"name":"Bad Fallingbostel","state_code":"NI","country_code":"DE"}},{"type":"Feature","geometry":{"type":"Point","coordinates":[10.02537,51.87167]},"properties":{"id":23800,"name":"Bad Gandersheim","state_code":"NI","country_code":"DE"}},{"type":"Feature","geometry":{"type":"Point","coordinates":[10.23694,51.81021]},"properties":{"id":23802,"name":"Bad Grund","state_code":"NI","country_code":"DE"}},{"type":"Feature","geometry":{"type":"Point","coordinates":[10.56157,51.88268]},"properties":{"id":23803,"name":"Bad Harzburg","state_code":"NI","country_code":"DE"}},{"type":"Feature","geometry":{"type":"Point","coordinates":[8.04216,52.1549]},"properties":{"id":23811,"name":"Bad Iburg","state_code":"NI","country_code":"DE"}},{"type":"Feature","geometry":{"type":"Point","coordinates":[8.08333,52.1]},"properties":{"id":23823,"name":"Bad Laer","state_code":"NI","country_code":"DE"}},{"type":"Feature","geometry":{"type":"Point","coordinates":[10.47031,51.63272]},"properties":{"id":23827,"name":"Bad Lauterberg im Harz","state_code":"NI","country_code":"DE"}},{"type":"Feature","geometry":{"type":"Point","coordinates":[9.46421,52.19551]},"properties":{"id":23837,"name":"Bad Münder am Deister","state_code":"NI","country_code":"DE"}},{"type":"Feature","geometry":{"type":"Point","coordinates":[9.37904,52.33703]},"properties":{"id":23841,"name":"Bad Nenndorf","state_code":"NI","country_code":"DE"}},{"type":"Feature","geometry":{"type":"Point","coordinates":[9.25246,51.98589]},"properties":{"id":23848,"name":"Bad Pyrmont","state_code":"NI","country_code":"DE"}},{"type":"Feature","geometry":{"type":"Point","coordinates":[8.16667,52.11667]},"properties":{"id":23852,"name":"Bad Rothenfelde","state_code":"NI","country_code":"DE"}},{"type":"Feature","geometry":{"type":"Point","coordinates":[10.55546,51.59499]},"properties":{"id":23854,"name":"Bad Sachsa","state_code":"NI","country_code":"DE"}},{"type":"Feature","geometry":{"type":"Point","coordinates":[10.0058,52.05777]},"properties":{"id":23855,"name":"Bad Salzdetfurth","state_code":"NI","country_code":"DE"}},{"type":"Feature","geometry":{"type":"Point","coordinates":[8,53.18333]},"properties":{"id":23890,"name":"Bad Zwischenahn","state_code":"NI","country_code":"DE"}},{"type":"Feature","geometry":{"type":"Point","coordinates":[7.98333,52.63333]},"properties":{"id":23892,"name":"Badbergen","state_code":"NI","country_code":"DE"}},{"type":"Feature","geometry":{"type":"Point","coordinates":[10.23333,52.08333]},"properties":{"id":23893,"name":"Baddeckenstedt","state_code":"NI","country_code":"DE"}},{"type":"Feature","geometry":{"type":"Point","coordinates":[10.20493,51.76996]},"properties":{"id":23896,"name":"Badenhausen","state_code":"NI","country_code":"DE"}},{"type":"Feature","geometry":{"type":"Point","coordinates":[11.0004,52.38587]},"properties":{"id":23900,"name":"Bahrdorf","state_code":"NI","country_code":"DE"}},{"type":"Feature","geometry":{"type":"Point","coordinates":[8.80863,52.57009]},"properties":{"id":23901,"name":"Bahrenborstel","state_code":"NI","country_code":"DE"}},{"type":"Feature","geometry":{"type":"Point","coordinates":[8.19546,52.74118]},"properties":{"id":23908,"name":"Bakum","state_code":"NI","country_code":"DE"}},{"type":"Feature","geometry":{"type":"Point","coordinates":[9.16667,52.71667]},"properties":{"id":23909,"name":"Balge","state_code":"NI","country_code":"DE"}},{"type":"Feature","geometry":{"type":"Point","coordinates":[9.13333,53.83333]},"properties":{"id":23911,"name":"Balje","state_code":"NI","country_code":"DE"}},{"type":"Feature","geometry":{"type":"Point","coordinates":[9.75,52.06667]},"properties":{"id":23922,"name":"Banteln","state_code":"NI","country_code":"DE"}},{"type":"Feature","geometry":{"type":"Point","coordinates":[10.38811,53.29354]},"properties":{"id":23927,"name":"Bardowick","state_code":"NI","country_code":"DE"}},{"type":"Feature","geometry":{"type":"Point","coordinates":[8.79999,52.61953]},"properties":{"id":23928,"name":"Barenburg","state_code":"NI","country_code":"DE"}},{"type":"Feature","geometry":{"type":"Point","coordinates":[10.52158,53.22896]},"properties":{"id":23929,"name":"Barendorf","state_code":"NI","country_code":"DE"}},{"type":"Feature","geometry":{"type":"Point","coordinates":[9.45,53.46667]},"properties":{"id":23931,"name":"Bargstedt","state_code":"NI","country_code":"DE"}},{"type":"Feature","geometry":{"type":"Point","coordinates":[8.50256,52.71009]},"properties":{"id":23938,"name":"Barnstorf","state_code":"NI","country_code":"DE"}},{"type":"Feature","geometry":{"type":"Point","coordinates":[9.45,52.3]},"properties":{"id":23942,"name":"Barsinghausen","state_code":"NI","country_code":"DE"}},{"type":"Feature","geometry":{"type":"Point","coordinates":[7.75012,53.16981]},"properties":{"id":23950,"name":"Barßel","state_code":"NI","country_code":"DE"}},{"type":"Feature","geometry":{"type":"Point","coordinates":[10.4,53.35]},"properties":{"id":23946,"name":"Barum","state_code":"NI","country_code":"DE"}},{"type":"Feature","geometry":{"type":"Point","coordinates":[8.59251,52.62066]},"properties":{"id":23948,"name":"Barver","state_code":"NI","country_code":"DE"}},{"type":"Feature","geometry":{"type":"Point","coordinates":[10.77488,52.52192]},"properties":{"id":23949,"name":"Barwedel","state_code":"NI","country_code":"DE"}},{"type":"Feature","geometry":{"type":"Point","coordinates":[9.00025,53.44502]},"properties":{"id":23951,"name":"Basdahl","state_code":"NI","country_code":"DE"}},{"type":"Feature","geometry":{"type":"Point","coordinates":[8.72791,52.85059]},"properties":{"id":23953,"name":"Bassum","state_code":"NI","country_code":"DE"}},{"type":"Feature","geometry":{"type":"Point","coordinates":[7.4,52.6]},"properties":{"id":23964,"name":"Bawinkel","state_code":"NI","country_code":"DE"}},{"type":"Feature","geometry":{"type":"Point","coordinates":[9.61667,53.41667]},"properties":{"id":23976,"name":"Beckdorf","state_code":"NI","country_code":"DE"}},{"type":"Feature","geometry":{"type":"Point","coordinates":[9.31667,52.35]},"properties":{"id":23977,"name":"Beckedorf","state_code":"NI","country_code":"DE"}},{"type":"Feature","geometry":{"type":"Point","coordinates":[10.25907,52.64288]},"properties":{"id":23981,"name":"Beedenbostel","state_code":"NI","country_code":"DE"}},{"type":"Feature","geometry":{"type":"Point","coordinates":[7.5,52.43333]},"properties":{"id":23988,"name":"Beesten","state_code":"NI","country_code":"DE"}},{"type":"Feature","geometry":{"type":"Point","coordinates":[9.11191,53.51351]},"properties":{"id":23991,"name":"Bei der Höhne","state_code":"NI","country_code":"DE"}},{"type":"Feature","geometry":{"type":"Point","coordinates":[8.13333,52.3]},"properties":{"id":24004,"name":"Belm","state_code":"NI","country_code":"DE"}},{"type":"Feature","geometry":{"type":"Point","coordinates":[9.96154,53.33583]},"properties":{"id":24007,"name":"Bendestorf","state_code":"NI","country_code":"DE"}},{"type":"Feature","geometry":{"type":"Point","coordinates":[7.7455,52.62326]},"properties":{"id":24031,"name":"Berge","state_code":"NI","country_code":"DE"}},{"type":"Feature","geometry":{"type":"Point","coordinates":[9.96374,52.80837]},"properties":{"id":24033,"name":"Bergen","state_code":"NI","country_code":"DE"}},{"type":"Feature","geometry":{"type":"Point","coordinates":[10.95629,52.89109]},"properties":{"id":24036,"name":"Bergen an der Dumme","state_code":"NI","country_code":"DE"}},{"type":"Feature","geometry":{"type":"Point","coordinates":[7.94836,52.5516]},"properties":{"id":24073,"name":"Bersenbrück","state_code":"NI","country_code":"DE"}},{"type":"Feature","geometry":{"type":"Point","coordinates":[7.31667,53.6]},"properties":{"id":24077,"name":"Berumbur","state_code":"NI","country_code":"DE"}},{"type":"Feature","geometry":{"type":"Point","coordinates":[9.79397,52.11431]},"properties":{"id":24081,"name":"Betheln","state_code":"NI","country_code":"DE"}},{"type":"Feature","geometry":{"type":"Point","coordinates":[10.31273,53.1375]},"properties":{"id":24084,"name":"Betzendorf","state_code":"NI","country_code":"DE"}},{"type":"Feature","geometry":{"type":"Point","coordinates":[10.57743,52.34026]},"properties":{"id":24090,"name":"Bevenrode","state_code":"NI","country_code":"DE"}},{"type":"Feature","geometry":{"type":"Point","coordinates":[9.49408,51.85826]},"properties":{"id":24091,"name":"Bevern","state_code":"NI","country_code":"DE"}},{"type":"Feature","geometry":{"type":"Point","coordinates":[8.81915,53.43413]},"properties":{"id":24092,"name":"Beverstedt","state_code":"NI","country_code":"DE"}},{"type":"Feature","geometry":{"type":"Point","coordinates":[10.48679,53.14157]},"properties":{"id":24109,"name":"Bienenbüttel","state_code":"NI","country_code":"DE"}},{"type":"Feature","geometry":{"type":"Point","coordinates":[10.15859,51.62974]},"properties":{"id":24120,"name":"Bilshausen","state_code":"NI","country_code":"DE"}},{"type":"Feature","geometry":{"type":"Point","coordinates":[9.13333,52.61667]},"properties":{"id":24125,"name":"Binnen","state_code":"NI","country_code":"DE"}},{"type":"Feature","geometry":{"type":"Point","coordinates":[7.73333,52.58333]},"properties":{"id":24129,"name":"Bippen","state_code":"NI","country_code":"DE"}},{"type":"Feature","geometry":{"type":"Point","coordinates":[9.99772,53.08312]},"properties":{"id":24155,"name":"Bispingen","state_code":"NI","country_code":"DE"}},{"type":"Feature","geometry":{"type":"Point","coordinates":[8.16667,52.23333]},"properties":{"id":24156,"name":"Bissendorf","state_code":"NI","country_code":"DE"}},{"type":"Feature","geometry":{"type":"Point","coordinates":[10.73372,53.28972]},"properties":{"id":24175,"name":"Bleckede","state_code":"NI","country_code":"DE"}},{"type":"Feature","geometry":{"type":"Point","coordinates":[9.13333,52.91667]},"properties":{"id":24179,"name":"Blender","state_code":"NI","country_code":"DE"}},{"type":"Feature","geometry":{"type":"Point","coordinates":[9.56667,53.48333]},"properties":{"id":24180,"name":"Bliedersdorf","state_code":"NI","country_code":"DE"}},{"type":"Feature","geometry":{"type":"Point","coordinates":[7.55824,53.57678]},"properties":{"id":24185,"name":"Blomberg","state_code":"NI","country_code":"DE"}},{"type":"Feature","geometry":{"type":"Point","coordinates":[10.13197,52.00993]},"properties":{"id":24198,"name":"Bockenem","state_code":"NI","country_code":"DE"}},{"type":"Feature","geometry":{"type":"Point","coordinates":[8.01667,53.4]},"properties":{"id":24200,"name":"Bockhorn","state_code":"NI","country_code":"DE"}},{"type":"Feature","geometry":{"type":"Point","coordinates":[7.57576,53.03296]},"properties":{"id":24202,"name":"Bockhorst","state_code":"NI","country_code":"DE"}},{"type":"Feature","geometry":{"type":"Point","coordinates":[9.55569,51.64044]},"properties":{"id":24204,"name":"Bodenfelde","state_code":"NI","country_code":"DE"}},{"type":"Feature","geometry":{"type":"Point","coordinates":[9.51931,51.97156]},"properties":{"id":24208,"name":"Bodenwerder","state_code":"NI","country_code":"DE"}},{"type":"Feature","geometry":{"type":"Point","coordinates":[9.38333,51.75]},"properties":{"id":24213,"name":"Boffzen","state_code":"NI","country_code":"DE"}},{"type":"Feature","geometry":{"type":"Point","coordinates":[8.31667,52.36667]},"properties":{"id":24216,"name":"Bohmte","state_code":"NI","country_code":"DE"}},{"type":"Feature","geometry":{"type":"Point","coordinates":[8.76803,53.39326]},"properties":{"id":24219,"name":"Bokel","state_code":"NI","country_code":"DE"}},{"type":"Feature","geometry":{"type":"Point","coordinates":[9.65,52.9]},"properties":{"id":24228,"name":"Bomlitz","state_code":"NI","country_code":"DE"}},{"type":"Feature","geometry":{"type":"Point","coordinates":[7.53576,52.91211]},"properties":{"id":24472,"name":"Börger","state_code":"NI","country_code":"DE"}},{"type":"Feature","geometry":{"type":"Point","coordinates":[6.69153,53.58094]},"properties":{"id":24247,"name":"Borkum","state_code":"NI","country_code":"DE"}},{"type":"Feature","geometry":{"type":"Point","coordinates":[10.58431,52.06921]},"properties":{"id":24477,"name":"Börßum","state_code":"NI","country_code":"DE"}},{"type":"Feature","geometry":{"type":"Point","coordinates":[8.96896,52.67034]},"properties":{"id":24258,"name":"Borstel","state_code":"NI","country_code":"DE"}},{"type":"Feature","geometry":{"type":"Point","coordinates":[7.95,53]},"properties":{"id":24479,"name":"Bösel","state_code":"NI","country_code":"DE"}},{"type":"Feature","geometry":{"type":"Point","coordinates":[9.31667,53.13333]},"properties":{"id":24482,"name":"Bötersen","state_code":"NI","country_code":"DE"}},{"type":"Feature","geometry":{"type":"Point","coordinates":[9.5,53.06667]},"properties":{"id":24262,"name":"Bothel","state_code":"NI","country_code":"DE"}},{"type":"Feature","geometry":{"type":"Point","coordinates":[9.9222,51.58836]},"properties":{"id":24266,"name":"Bovenden","state_code":"NI","country_code":"DE"}},{"type":"Feature","geometry":{"type":"Point","coordinates":[10.0486,53.29974]},"properties":{"id":24270,"name":"Brackel","state_code":"NI","country_code":"DE"}},{"type":"Feature","geometry":{"type":"Point","coordinates":[8.48333,53.33333]},"properties":{"id":24273,"name":"Brake (Unterweser)","state_code":"NI","country_code":"DE"}},{"type":"Feature","geometry":{"type":"Point","coordinates":[7.97288,52.40881]},"properties":{"id":24275,"name":"Bramsche","state_code":"NI","country_code":"DE"}},{"type":"Feature","geometry":{"type":"Point","coordinates":[8.69005,53.36603]},"properties":{"id":24276,"name":"Bramstedt","state_code":"NI","country_code":"DE"}},{"type":"Feature","geometry":{"type":"Point","coordinates":[10.6109,51.72651]},"properties":{"id":24288,"name":"Braunlage","state_code":"NI","country_code":"DE"}},{"type":"Feature","geometry":{"type":"Point","coordinates":[10.52673,52.26594]},"properties":{"id":24291,"name":"Braunschweig","state_code":"NI","country_code":"DE"}},{"type":"Feature","geometry":{"type":"Point","coordinates":[9.08089,53.29262]},"properties":{"id":24294,"name":"Breddorf","state_code":"NI","country_code":"DE"}},{"type":"Feature","geometry":{"type":"Point","coordinates":[9.14306,53.48458]},"properties":{"id":24322,"name":"Bremervörde","state_code":"NI","country_code":"DE"}},{"type":"Feature","geometry":{"type":"Point","coordinates":[10.45,53.33333]},"properties":{"id":24334,"name":"Brietlingen","state_code":"NI","country_code":"DE"}},{"type":"Feature","geometry":{"type":"Point","coordinates":[9.51667,53.1]},"properties":{"id":24339,"name":"Brockel","state_code":"NI","country_code":"DE"}},{"type":"Feature","geometry":{"type":"Point","coordinates":[8.41667,52.46667]},"properties":{"id":24340,"name":"Brockum","state_code":"NI","country_code":"DE"}},{"type":"Feature","geometry":{"type":"Point","coordinates":[10.93754,52.60019]},"properties":{"id":24345,"name":"Brome","state_code":"NI","country_code":"DE"}},{"type":"Feature","geometry":{"type":"Point","coordinates":[8.99066,52.82931]},"properties":{"id":24348,"name":"Bruchhausen-Vilsen","state_code":"NI","country_code":"DE"}},{"type":"Feature","geometry":{"type":"Point","coordinates":[9.7745,52.0425]},"properties":{"id":24370,"name":"Brüggen","state_code":"NI","country_code":"DE"}},{"type":"Feature","geometry":{"type":"Point","coordinates":[9.56287,53.00884]},"properties":{"id":24392,"name":"Buchholz","state_code":"NI","country_code":"DE"}},{"type":"Feature","geometry":{"type":"Point","coordinates":[9.86812,53.32641]},"properties":{"id":24393,"name":"Buchholz in der Nordheide","state_code":"NI","country_code":"DE"}},{"type":"Feature","geometry":{"type":"Point","coordinates":[9.04939,52.26065]},"properties":{"id":24490,"name":"Bückeburg","state_code":"NI","country_code":"DE"}},{"type":"Feature","geometry":{"type":"Point","coordinates":[9.13371,52.77876]},"properties":{"id":24491,"name":"Bücken","state_code":"NI","country_code":"DE"}},{"type":"Feature","geometry":{"type":"Point","coordinates":[11.01877,52.17035]},"properties":{"id":24492,"name":"Büddenstedt","state_code":"NI","country_code":"DE"}},{"type":"Feature","geometry":{"type":"Point","coordinates":[8.2188,52.80629]},"properties":{"id":24499,"name":"Bühren","state_code":"NI","country_code":"DE"}},{"type":"Feature","geometry":{"type":"Point","coordinates":[7.26667,53.18333]},"properties":{"id":24402,"name":"Bunde","state_code":"NI","country_code":"DE"}},{"type":"Feature","geometry":{"type":"Point","coordinates":[10.0064,52.44628]},"properties":{"id":24415,"name":"Burgdorf","state_code":"NI","country_code":"DE"}},{"type":"Feature","geometry":{"type":"Point","coordinates":[8.335,53.54722]},"properties":{"id":24449,"name":"Butjadingen","state_code":"NI","country_code":"DE"}},{"type":"Feature","geometry":{"type":"Point","coordinates":[9.68636,53.46716]},"properties":{"id":24457,"name":"Buxtehude","state_code":"NI","country_code":"DE"}},{"type":"Feature","geometry":{"type":"Point","coordinates":[9.06269,53.76926]},"properties":{"id":24511,"name":"Cadenberge","state_code":"NI","country_code":"DE"}},{"type":"Feature","geometry":{"type":"Point","coordinates":[10.62326,52.42074]},"properties":{"id":24515,"name":"Calberlah","state_code":"NI","country_code":"DE"}},{"type":"Feature","geometry":{"type":"Point","coordinates":[8.11474,52.81085]},"properties":{"id":24521,"name":"Cappeln","state_code":"NI","country_code":"DE"}},{"type":"Feature","geometry":{"type":"Point","coordinates":[10.08047,52.62264]},"properties":{"id":24528,"name":"Celle","state_code":"NI","country_code":"DE"}},{"type":"Feature","geometry":{"type":"Point","coordinates":[10.33821,51.80949]},"properties":{"id":24538,"name":"Clausthal-Zellerfeld","state_code":"NI","country_code":"DE"}},{"type":"Feature","geometry":{"type":"Point","coordinates":[10.9575,52.93729]},"properties":{"id":24541,"name":"Clenze","state_code":"NI","country_code":"DE"}},{"type":"Feature","geometry":{"type":"Point","coordinates":[8.045,52.84754]},"properties":{"id":24543,"name":"Cloppenburg","state_code":"NI","country_code":"DE"}},{"type":"Feature","geometry":{"type":"Point","coordinates":[9.5487,52.11852]},"properties":{"id":24552,"name":"Coppenbrügge","state_code":"NI","country_code":"DE"}},{"type":"Feature","geometry":{"type":"Point","coordinates":[10.65,52.25]},"properties":{"id":24560,"name":"Cremlingen","state_code":"NI","country_code":"DE"}},{"type":"Feature","geometry":{"type":"Point","coordinates":[8.69087,53.87176]},"properties":{"id":24570,"name":"Cuxhaven","state_code":"NI","country_code":"DE"}},{"type":"Feature","geometry":{"type":"Point","coordinates":[10.7365,53.18767]},"properties":{"id":24580,"name":"Dahlenburg","state_code":"NI","country_code":"DE"}},{"type":"Feature","geometry":{"type":"Point","coordinates":[8.19793,52.52157]},"properties":{"id":24588,"name":"Damme","state_code":"NI","country_code":"DE"}},{"type":"Feature","geometry":{"type":"Point","coordinates":[10.91286,52.42472]},"properties":{"id":24591,"name":"Danndorf","state_code":"NI","country_code":"DE"}},{"type":"Feature","geometry":{"type":"Point","coordinates":[11.09001,53.0967]},"properties":{"id":24592,"name":"Dannenberg","state_code":"NI","country_code":"DE"}},{"type":"Feature","geometry":{"type":"Point","coordinates":[9.68904,51.80179]},"properties":{"id":24599,"name":"Dassel","state_code":"NI","country_code":"DE"}},{"type":"Feature","geometry":{"type":"Point","coordinates":[10.5,52.7]},"properties":{"id":24608,"name":"Dedelstorf","state_code":"NI","country_code":"DE"}},{"type":"Feature","geometry":{"type":"Point","coordinates":[9.59322,51.86053]},"properties":{"id":24609,"name":"Deensen","state_code":"NI","country_code":"DE"}},{"type":"Feature","geometry":{"type":"Point","coordinates":[9.44376,53.52903]},"properties":{"id":24617,"name":"Deinste","state_code":"NI","country_code":"DE"}},{"type":"Feature","geometry":{"type":"Point","coordinates":[9.80272,51.9412]},"properties":{"id":24625,"name":"Delligsen","state_code":"NI","country_code":"DE"}},{"type":"Feature","geometry":{"type":"Point","coordinates":[8.63091,53.0511]},"properties":{"id":24626,"name":"Delmenhorst","state_code":"NI","country_code":"DE"}},{"type":"Feature","geometry":{"type":"Point","coordinates":[7.27394,52.96112]},"properties":{"id":24642,"name":"Dersum","state_code":"NI","country_code":"DE"}},{"type":"Feature","geometry":{"type":"Point","coordinates":[10.71063,52.23801]},"properties":{"id":24644,"name":"Destedt","state_code":"NI","country_code":"DE"}},{"type":"Feature","geometry":{"type":"Point","coordinates":[7.67395,53.20927]},"properties":{"id":24645,"name":"Detern","state_code":"NI","country_code":"DE"}},{"type":"Feature","geometry":{"type":"Point","coordinates":[10.7448,52.39016]},"properties":{"id":24646,"name":"Detmerode","state_code":"NI","country_code":"DE"}},{"type":"Feature","geometry":{"type":"Point","coordinates":[10.66807,52.17246]},"properties":{"id":24654,"name":"Dettum","state_code":"NI","country_code":"DE"}},{"type":"Feature","geometry":{"type":"Point","coordinates":[10.43333,53.2]},"properties":{"id":24658,"name":"Deutsch Evern","state_code":"NI","country_code":"DE"}},{"type":"Feature","geometry":{"type":"Point","coordinates":[10.40294,52.38042]},"properties":{"id":24662,"name":"Didderse","state_code":"NI","country_code":"DE"}},{"type":"Feature","geometry":{"type":"Point","coordinates":[9.91945,52.09617]},"properties":{"id":24667,"name":"Diekholzen","state_code":"NI","country_code":"DE"}},{"type":"Feature","geometry":{"type":"Point","coordinates":[8.37005,52.60783]},"properties":{"id":24670,"name":"Diepholz","state_code":"NI","country_code":"DE"}},{"type":"Feature","geometry":{"type":"Point","coordinates":[8.1244,52.66223]},"properties":{"id":24697,"name":"Dinklage","state_code":"NI","country_code":"DE"}},{"type":"Feature","geometry":{"type":"Point","coordinates":[8.19956,52.11591]},"properties":{"id":24705,"name":"Dissen","state_code":"NI","country_code":"DE"}},{"type":"Feature","geometry":{"type":"Point","coordinates":[7.58333,52.65]},"properties":{"id":24720,"name":"Dohren","state_code":"NI","country_code":"DE"}},{"type":"Feature","geometry":{"type":"Point","coordinates":[10.18098,52.40671]},"properties":{"id":24721,"name":"Dollbergen","state_code":"NI","country_code":"DE"}},{"type":"Feature","geometry":{"type":"Point","coordinates":[9.55,53.53333]},"properties":{"id":24722,"name":"Dollern","state_code":"NI","country_code":"DE"}},{"type":"Feature","geometry":{"type":"Point","coordinates":[7.42957,53.64648]},"properties":{"id":24745,"name":"Dornum","state_code":"NI","country_code":"DE"}},{"type":"Feature","geometry":{"type":"Point","coordinates":[7.32273,52.96469]},"properties":{"id":24800,"name":"Dörpen","state_code":"NI","country_code":"DE"}},{"type":"Feature","geometry":{"type":"Point","coordinates":[8.56734,53.6879]},"properties":{"id":24748,"name":"Dorum","state_code":"NI","country_code":"DE"}},{"type":"Feature","geometry":{"type":"Point","coordinates":[9.23333,52.85]},"properties":{"id":24802,"name":"Dörverden","state_code":"NI","country_code":"DE"}},{"type":"Feature","geometry":{"type":"Point","coordinates":[8.38333,52.93333]},"properties":{"id":24804,"name":"Dötlingen","state_code":"NI","country_code":"DE"}},{"type":"Feature","geometry":{"type":"Point","coordinates":[10.26667,53.41667]},"properties":{"id":24752,"name":"Drage","state_code":"NI","country_code":"DE"}},{"type":"Feature","geometry":{"type":"Point","coordinates":[9.21083,52.68689]},"properties":{"id":24753,"name":"Drakenburg","state_code":"NI","country_code":"DE"}},{"type":"Feature","geometry":{"type":"Point","coordinates":[8.75576,53.61359]},"properties":{"id":24754,"name":"Drangstedt","state_code":"NI","country_code":"DE"}},{"type":"Feature","geometry":{"type":"Point","coordinates":[9.76179,51.4991]},"properties":{"id":24755,"name":"Dransfeld","state_code":"NI","country_code":"DE"}},{"type":"Feature","geometry":{"type":"Point","coordinates":[8.56504,52.74388]},"properties":{"id":24767,"name":"Drentwede","state_code":"NI","country_code":"DE"}},{"type":"Feature","geometry":{"type":"Point","coordinates":[9.38463,53.71015]},"properties":{"id":24770,"name":"Drochtersen","state_code":"NI","country_code":"DE"}},{"type":"Feature","geometry":{"type":"Point","coordinates":[10.25951,51.51312]},"properties":{"id":24777,"name":"Duderstadt","state_code":"NI","country_code":"DE"}},{"type":"Feature","geometry":{"type":"Point","coordinates":[9.69578,52.00449]},"properties":{"id":24779,"name":"Duingen","state_code":"NI","country_code":"DE"}},{"type":"Feature","geometry":{"type":"Point","coordinates":[8.64191,52.92749]},"properties":{"id":24808,"name":"Dünsen","state_code":"NI","country_code":"DE"}},{"type":"Feature","geometry":{"type":"Point","coordinates":[7.65,53.6]},"properties":{"id":24783,"name":"Dunum","state_code":"NI","country_code":"DE"}},{"type":"Feature","geometry":{"type":"Point","coordinates":[10.10632,51.57096]},"properties":{"id":24827,"name":"Ebergötzen","state_code":"NI","country_code":"DE"}},{"type":"Feature","geometry":{"type":"Point","coordinates":[9.04897,53.52514]},"properties":{"id":24836,"name":"Ebersdorf","state_code":"NI","country_code":"DE"}},{"type":"Feature","geometry":{"type":"Point","coordinates":[10.41839,53.02785]},"properties":{"id":24844,"name":"Ebstorf","state_code":"NI","country_code":"DE"}},{"type":"Feature","geometry":{"type":"Point","coordinates":[10.53333,53.33333]},"properties":{"id":24845,"name":"Echem","state_code":"NI","country_code":"DE"}},{"type":"Feature","geometry":{"type":"Point","coordinates":[10.2614,52.38702]},"properties":{"id":24854,"name":"Edemissen","state_code":"NI","country_code":"DE"}},{"type":"Feature","geometry":{"type":"Point","coordinates":[7.98406,53.12699]},"properties":{"id":24859,"name":"Edewecht","state_code":"NI","country_code":"DE"}},{"type":"Feature","geometry":{"type":"Point","coordinates":[9.51676,52.28568]},"properties":{"id":24869,"name":"Egestorf","state_code":"NI","country_code":"DE"}},{"type":"Feature","geometry":{"type":"Point","coordinates":[7.81667,52.56667]},"properties":{"id":24875,"name":"Eggermühlen","state_code":"NI","country_code":"DE"}},{"type":"Feature","geometry":{"type":"Point","coordinates":[8.7,52.75]},"properties":{"id":24892,"name":"Ehrenburg","state_code":"NI","country_code":"DE"}},{"type":"Feature","geometry":{"type":"Point","coordinates":[10.18439,52.55037]},"properties":{"id":24909,"name":"Eicklingen","state_code":"NI","country_code":"DE"}},{"type":"Feature","geometry":{"type":"Point","coordinates":[9.72118,52.07449]},"properties":{"id":24915,"name":"Eime","state_code":"NI","country_code":"DE"}},{"type":"Feature","geometry":{"type":"Point","coordinates":[9.78333,51.88333]},"properties":{"id":24917,"name":"Eimen","state_code":"NI","country_code":"DE"}},{"type":"Feature","geometry":{"type":"Point","coordinates":[10.31324,52.96601]},"properties":{"id":24918,"name":"Eimke","state_code":"NI","country_code":"DE"}},{"type":"Feature","geometry":{"type":"Point","coordinates":[9.86961,51.82018]},"properties":{"id":24920,"name":"Einbeck","state_code":"NI","country_code":"DE"}},{"type":"Feature","geometry":{"type":"Point","coordinates":[10.17591,51.76152]},"properties":{"id":24922,"name":"Eisdorf am Harz","state_code":"NI","country_code":"DE"}},{"type":"Feature","geometry":{"type":"Point","coordinates":[10.28333,52.08333]},"properties":{"id":24939,"name":"Elbe","state_code":"NI","country_code":"DE"}},{"type":"Feature","geometry":{"type":"Point","coordinates":[10.33333,52.68333]},"properties":{"id":24942,"name":"Eldingen","state_code":"NI","country_code":"DE"}},{"type":"Feature","geometry":{"type":"Point","coordinates":[9.35056,53.2412]},"properties":{"id":24962,"name":"Elsdorf","state_code":"NI","country_code":"DE"}},{"type":"Feature","geometry":{"type":"Point","coordinates":[8.45664,53.23748]},"properties":{"id":24967,"name":"Elsfleth","state_code":"NI","country_code":"DE"}},{"type":"Feature","geometry":{"type":"Point","coordinates":[9.73595,52.12263]},"properties":{"id":24980,"name":"Elze","state_code":"NI","country_code":"DE"}},{"type":"Feature","geometry":{"type":"Point","coordinates":[10.34625,53.17606]},"properties":{"id":24981,"name":"Embsen","state_code":"NI","country_code":"DE"}},{"type":"Feature","geometry":{"type":"Point","coordinates":[7.20778,53.36745]},"properties":{"id":24982,"name":"Emden","state_code":"NI","country_code":"DE"}},{"type":"Feature","geometry":{"type":"Point","coordinates":[6.85,52.61667]},"properties":{"id":24985,"name":"Emlichheim","state_code":"NI","country_code":"DE"}},{"type":"Feature","geometry":{"type":"Point","coordinates":[7.3,52.4]},"properties":{"id":24993,"name":"Emsbüren","state_code":"NI","country_code":"DE"}},{"type":"Feature","geometry":{"type":"Point","coordinates":[8.15,52.83333]},"properties":{"id":24996,"name":"Emstek","state_code":"NI","country_code":"DE"}},{"type":"Feature","geometry":{"type":"Point","coordinates":[8.96667,52.93333]},"properties":{"id":24997,"name":"Emtinghausen","state_code":"NI","country_code":"DE"}},{"type":"Feature","geometry":{"type":"Point","coordinates":[8.91815,52.79363]},"properties":{"id":25000,"name":"Engeln","state_code":"NI","country_code":"DE"}},{"type":"Feature","geometry":{"type":"Point","coordinates":[10.70982,52.20485]},"properties":{"id":25047,"name":"Erkerode","state_code":"NI","country_code":"DE"}},{"type":"Feature","geometry":{"type":"Point","coordinates":[10.2354,52.73494]},"properties":{"id":25078,"name":"Eschede","state_code":"NI","country_code":"DE"}},{"type":"Feature","geometry":{"type":"Point","coordinates":[9.64282,51.92664]},"properties":{"id":25082,"name":"Eschershausen","state_code":"NI","country_code":"DE"}},{"type":"Feature","geometry":{"type":"Point","coordinates":[7.61267,53.64866]},"properties":{"id":25086,"name":"Esens","state_code":"NI","country_code":"DE"}},{"type":"Feature","geometry":{"type":"Point","coordinates":[9.64141,52.69131]},"properties":{"id":25092,"name":"Essel","state_code":"NI","country_code":"DE"}},{"type":"Feature","geometry":{"type":"Point","coordinates":[7.9371,52.72258]},"properties":{"id":25094,"name":"Essen","state_code":"NI","country_code":"DE"}},{"type":"Feature","geometry":{"type":"Point","coordinates":[7.63327,52.99288]},"properties":{"id":25103,"name":"Esterwegen","state_code":"NI","country_code":"DE"}},{"type":"Feature","geometry":{"type":"Point","coordinates":[9.14147,52.5885]},"properties":{"id":25105,"name":"Estorf","state_code":"NI","country_code":"DE"}},{"type":"Feature","geometry":{"type":"Point","coordinates":[10.71081,52.18888]},"properties":{"id":25121,"name":"Evessen","state_code":"NI","country_code":"DE"}},{"type":"Feature","geometry":{"type":"Point","coordinates":[8.54668,52.69241]},"properties":{"id":25122,"name":"Eydelstedt","state_code":"NI","country_code":"DE"}},{"type":"Feature","geometry":{"type":"Point","coordinates":[10.15,53.2]},"properties":{"id":25123,"name":"Eyendorf","state_code":"NI","country_code":"DE"}},{"type":"Feature","geometry":{"type":"Point","coordinates":[9.21315,52.77935]},"properties":{"id":25124,"name":"Eystrup","state_code":"NI","country_code":"DE"}},{"type":"Feature","geometry":{"type":"Point","coordinates":[10.16667,52.9]},"properties":{"id":25146,"name":"Faßberg","state_code":"NI","country_code":"DE"}},{"type":"Feature","geometry":{"type":"Point","coordinates":[8.04371,53.56142]},"properties":{"id":25147,"name":"Fedderwarden","state_code":"NI","country_code":"DE"}},{"type":"Feature","geometry":{"type":"Point","coordinates":[7.62785,53.24213]},"properties":{"id":25171,"name":"Filsum","state_code":"NI","country_code":"DE"}},{"type":"Feature","geometry":{"type":"Point","coordinates":[9.66969,53.17188]},"properties":{"id":25177,"name":"Fintel","state_code":"NI","country_code":"DE"}},{"type":"Feature","geometry":{"type":"Point","coordinates":[10.48333,52.08333]},"properties":{"id":25201,"name":"Flöthe","state_code":"NI","country_code":"DE"}},{"type":"Feature","geometry":{"type":"Point","coordinates":[9.8935,51.92771]},"properties":{"id":25236,"name":"Freden","state_code":"NI","country_code":"DE"}},{"type":"Feature","geometry":{"type":"Point","coordinates":[9.28803,53.82529]},"properties":{"id":25241,"name":"Freiburg","state_code":"NI","country_code":"DE"}},{"type":"Feature","geometry":{"type":"Point","coordinates":[7.54313,52.487]},"properties":{"id":25255,"name":"Freren","state_code":"NI","country_code":"DE"}},{"type":"Feature","geometry":{"type":"Point","coordinates":[7.83333,53.45]},"properties":{"id":25272,"name":"Friedeburg","state_code":"NI","country_code":"DE"}},{"type":"Feature","geometry":{"type":"Point","coordinates":[9.91762,51.41917]},"properties":{"id":25283,"name":"Friedland","state_code":"NI","country_code":"DE"}},{"type":"Feature","geometry":{"type":"Point","coordinates":[7.85764,53.0226]},"properties":{"id":25300,"name":"Friesoythe","state_code":"NI","country_code":"DE"}},{"type":"Feature","geometry":{"type":"Point","coordinates":[7.6767,52.51667]},"properties":{"id":25326,"name":"Fürstenau","state_code":"NI","country_code":"DE"}},{"type":"Feature","geometry":{"type":"Point","coordinates":[9.4,51.73333]},"properties":{"id":25327,"name":"Fürstenberg","state_code":"NI","country_code":"DE"}},{"type":"Feature","geometry":{"type":"Point","coordinates":[8.53333,53.03333]},"properties":{"id":25356,"name":"Ganderkesee","state_code":"NI","country_code":"DE"}},{"type":"Feature","geometry":{"type":"Point","coordinates":[9.5899,52.41371]},"properties":{"id":25360,"name":"Garbsen","state_code":"NI","country_code":"DE"}},{"type":"Feature","geometry":{"type":"Point","coordinates":[9.60383,52.42659]},"properties":{"id":25361,"name":"Garbsen-Mitte","state_code":"NI","country_code":"DE"}},{"type":"Feature","geometry":{"type":"Point","coordinates":[10.10137,53.23728]},"properties":{"id":25366,"name":"Garlstorf","state_code":"NI","country_code":"DE"}},{"type":"Feature","geometry":{"type":"Point","coordinates":[8.01667,52.95]},"properties":{"id":25368,"name":"Garrel","state_code":"NI","country_code":"DE"}},{"type":"Feature","geometry":{"type":"Point","coordinates":[10.16137,53.28467]},"properties":{"id":25370,"name":"Garstedt","state_code":"NI","country_code":"DE"}},{"type":"Feature","geometry":{"type":"Point","coordinates":[11.462,53.0247]},"properties":{"id":25372,"name":"Gartow","state_code":"NI","country_code":"DE"}},{"type":"Feature","geometry":{"type":"Point","coordinates":[7.26667,52.6]},"properties":{"id":25389,"name":"Geeste","state_code":"NI","country_code":"DE"}},{"type":"Feature","geometry":{"type":"Point","coordinates":[8.00342,52.57684]},"properties":{"id":25392,"name":"Gehrde","state_code":"NI","country_code":"DE"}},{"type":"Feature","geometry":{"type":"Point","coordinates":[9.60033,52.31362]},"properties":{"id":25393,"name":"Gehrden","state_code":"NI","country_code":"DE"}},{"type":"Feature","geometry":{"type":"Point","coordinates":[9.93333,51.41667]},"properties":{"id":25419,"name":"Gemeinde Friedland","state_code":"NI","country_code":"DE"}},{"type":"Feature","geometry":{"type":"Point","coordinates":[7.08333,52.56667]},"properties":{"id":25432,"name":"Georgsdorf","state_code":"NI","country_code":"DE"}},{"type":"Feature","geometry":{"type":"Point","coordinates":[8.0448,52.20296]},"properties":{"id":25433,"name":"Georgsmarienhütte","state_code":"NI","country_code":"DE"}},{"type":"Feature","geometry":{"type":"Point","coordinates":[10.41667,52.96667]},"properties":{"id":25440,"name":"Gerdau","state_code":"NI","country_code":"DE"}},{"type":"Feature","geometry":{"type":"Point","coordinates":[7.51667,52.58333]},"properties":{"id":25461,"name":"Gersten","state_code":"NI","country_code":"DE"}},{"type":"Feature","geometry":{"type":"Point","coordinates":[10.21619,51.60962]},"properties":{"id":25481,"name":"Gieboldehausen","state_code":"NI","country_code":"DE"}},{"type":"Feature","geometry":{"type":"Point","coordinates":[9.8989,52.19716]},"properties":{"id":25486,"name":"Giesen","state_code":"NI","country_code":"DE"}},{"type":"Feature","geometry":{"type":"Point","coordinates":[10.5511,52.47774]},"properties":{"id":25488,"name":"Gifhorn","state_code":"NI","country_code":"DE"}},{"type":"Feature","geometry":{"type":"Point","coordinates":[9.58333,52.7]},"properties":{"id":25492,"name":"Gilten","state_code":"NI","country_code":"DE"}},{"type":"Feature","geometry":{"type":"Point","coordinates":[10.1878,51.7984]},"properties":{"id":25498,"name":"Gittelde","state_code":"NI","country_code":"DE"}},{"type":"Feature","geometry":{"type":"Point","coordinates":[7.99944,52.08474]},"properties":{"id":25502,"name":"Glandorf","state_code":"NI","country_code":"DE"}},{"type":"Feature","geometry":{"type":"Point","coordinates":[9,53.38333]},"properties":{"id":25522,"name":"Gnarrenburg","state_code":"NI","country_code":"DE"}},{"type":"Feature","geometry":{"type":"Point","coordinates":[8.43201,52.78833]},"properties":{"id":25532,"name":"Goldenstedt","state_code":"NI","country_code":"DE"}},{"type":"Feature","geometry":{"type":"Point","coordinates":[9.55,51.9]},"properties":{"id":25534,"name":"Golmbach","state_code":"NI","country_code":"DE"}},{"type":"Feature","geometry":{"type":"Point","coordinates":[10.42766,51.90425]},"properties":{"id":25547,"name":"Goslar","state_code":"NI","country_code":"DE"}},{"type":"Feature","geometry":{"type":"Point","coordinates":[9.93228,51.53443]},"properties":{"id":25788,"name":"Göttingen","state_code":"NI","country_code":"DE"}},{"type":"Feature","geometry":{"type":"Point","coordinates":[10.94513,52.44482]},"properties":{"id":25569,"name":"Grafhorst","state_code":"NI","country_code":"DE"}},{"type":"Feature","geometry":{"type":"Point","coordinates":[8.98333,53.18333]},"properties":{"id":25578,"name":"Grasberg","state_code":"NI","country_code":"DE"}},{"type":"Feature","geometry":{"type":"Point","coordinates":[11.01465,52.30638]},"properties":{"id":25580,"name":"Grasleben","state_code":"NI","country_code":"DE"}},{"type":"Feature","geometry":{"type":"Point","coordinates":[9.77678,52.0846]},"properties":{"id":25615,"name":"Gronau","state_code":"NI","country_code":"DE"}},{"type":"Feature","geometry":{"type":"Point","coordinates":[8.61667,52.96667]},"properties":{"id":25623,"name":"Groß Ippener","state_code":"NI","country_code":"DE"}},{"type":"Feature","geometry":{"type":"Point","coordinates":[9.47828,52.36554]},"properties":{"id":25631,"name":"Groß Munzel","state_code":"NI","country_code":"DE"}},{"type":"Feature","geometry":{"type":"Point","coordinates":[10.46366,52.64761]},"properties":{"id":25633,"name":"Groß Oesingen","state_code":"NI","country_code":"DE"}},{"type":"Feature","geometry":{"type":"Point","coordinates":[10.91929,52.37361]},"properties":{"id":25640,"name":"Groß Twülpstedt","state_code":"NI","country_code":"DE"}},{"type":"Feature","geometry":{"type":"Point","coordinates":[8.25323,52.94377]},"properties":{"id":25665,"name":"Großenkneten","state_code":"NI","country_code":"DE"}},{"type":"Feature","geometry":{"type":"Point","coordinates":[9.50111,52.33261]},"properties":{"id":25672,"name":"Großgoltern","state_code":"NI","country_code":"DE"}},{"type":"Feature","geometry":{"type":"Point","coordinates":[9.61218,53.56952]},"properties":{"id":25738,"name":"Grünendeich","state_code":"NI","country_code":"DE"}},{"type":"Feature","geometry":{"type":"Point","coordinates":[9.6096,53.54919]},"properties":{"id":25750,"name":"Guderhandviertel","state_code":"NI","country_code":"DE"}},{"type":"Feature","geometry":{"type":"Point","coordinates":[9.31667,53.21667]},"properties":{"id":25772,"name":"Gyhum","state_code":"NI","country_code":"DE"}},{"type":"Feature","geometry":{"type":"Point","coordinates":[7.28527,53.60274]},"properties":{"id":25815,"name":"Hage","state_code":"NI","country_code":"DE"}},{"type":"Feature","geometry":{"type":"Point","coordinates":[7.98041,52.19629]},"properties":{"id":25817,"name":"Hagen","state_code":"NI","country_code":"DE"}},{"type":"Feature","geometry":{"type":"Point","coordinates":[8.64341,53.35707]},"properties":{"id":25819,"name":"Hagen im Bremischen","state_code":"NI","country_code":"DE"}},{"type":"Feature","geometry":{"type":"Point","coordinates":[9.32473,52.43367]},"properties":{"id":25821,"name":"Hagenburg","state_code":"NI","country_code":"DE"}},{"type":"Feature","geometry":{"type":"Point","coordinates":[7.29038,53.5671]},"properties":{"id":25843,"name":"Halbemond","state_code":"NI","country_code":"DE"}},{"type":"Feature","geometry":{"type":"Point","coordinates":[9.56532,51.99122]},"properties":{"id":25852,"name":"Halle","state_code":"NI","country_code":"DE"}},{"type":"Feature","geometry":{"type":"Point","coordinates":[8.8252,53.30826]},"properties":{"id":25864,"name":"Hambergen","state_code":"NI","country_code":"DE"}},{"type":"Feature","geometry":{"type":"Point","coordinates":[9.98333,52.63333]},"properties":{"id":25870,"name":"Hambühren","state_code":"NI","country_code":"DE"}},{"type":"Feature","geometry":{"type":"Point","coordinates":[9.35623,52.10397]},"properties":{"id":25872,"name":"Hameln","state_code":"NI","country_code":"DE"}},{"type":"Feature","geometry":{"type":"Point","coordinates":[9.36667,53.61667]},"properties":{"id":25875,"name":"Hammah","state_code":"NI","country_code":"DE"}},{"type":"Feature","geometry":{"type":"Point","coordinates":[9.83923,53.24563]},"properties":{"id":25883,"name":"Handeloh","state_code":"NI","country_code":"DE"}},{"type":"Feature","geometry":{"type":"Point","coordinates":[10.34652,53.34084]},"properties":{"id":25885,"name":"Handorf","state_code":"NI","country_code":"DE"}},{"type":"Feature","geometry":{"type":"Point","coordinates":[10.09129,52.48425]},"properties":{"id":26296,"name":"Hänigsen","state_code":"NI","country_code":"DE"}},{"type":"Feature","geometry":{"type":"Point","coordinates":[10.6,52.73333]},"properties":{"id":25889,"name":"Hankensbüttel","state_code":"NI","country_code":"DE"}},{"type":"Feature","geometry":{"type":"Point","coordinates":[9.73322,52.37052]},"properties":{"id":25890,"name":"Hannover","state_code":"NI","country_code":"DE"}},{"type":"Feature","geometry":{"type":"Point","coordinates":[9.65046,51.41505]},"properties":{"id":25891,"name":"Hannoversch Münden","state_code":"NI","country_code":"DE"}},{"type":"Feature","geometry":{"type":"Point","coordinates":[10.01667,53.26667]},"properties":{"id":25893,"name":"Hanstedt","state_code":"NI","country_code":"DE"}},{"type":"Feature","geometry":{"type":"Point","coordinates":[10.37444,53.04642]},"properties":{"id":25894,"name":"Hanstedt Eins","state_code":"NI","country_code":"DE"}},{"type":"Feature","geometry":{"type":"Point","coordinates":[9.8305,51.65227]},"properties":{"id":25899,"name":"Hardegsen","state_code":"NI","country_code":"DE"}},{"type":"Feature","geometry":{"type":"Point","coordinates":[7.24142,52.79262]},"properties":{"id":25902,"name":"Haren","state_code":"NI","country_code":"DE"}},{"type":"Feature","geometry":{"type":"Point","coordinates":[8.58962,52.90942]},"properties":{"id":25904,"name":"Harpstedt","state_code":"NI","country_code":"DE"}},{"type":"Feature","geometry":{"type":"Point","coordinates":[9.50297,53.45399]},"properties":{"id":25907,"name":"Harsefeld","state_code":"NI","country_code":"DE"}},{"type":"Feature","geometry":{"type":"Point","coordinates":[9.96486,52.21045]},"properties":{"id":25910,"name":"Harsum","state_code":"NI","country_code":"DE"}},{"type":"Feature","geometry":{"type":"Point","coordinates":[7.96114,52.23754]},"properties":{"id":25920,"name":"Hasbergen","state_code":"NI","country_code":"DE"}},{"type":"Feature","geometry":{"type":"Point","coordinates":[7.4846,52.67412]},"properties":{"id":25927,"name":"Haselünne","state_code":"NI","country_code":"DE"}},{"type":"Feature","geometry":{"type":"Point","coordinates":[9.23333,52.73333]},"properties":{"id":25961,"name":"Haßbergen","state_code":"NI","country_code":"DE"}},{"type":"Feature","geometry":{"type":"Point","coordinates":[8.83198,52.69688]},"properties":{"id":25931,"name":"Hassel","state_code":"NI","country_code":"DE"}},{"type":"Feature","geometry":{"type":"Point","coordinates":[9.26482,53.10859]},"properties":{"id":25933,"name":"Hassendorf","state_code":"NI","country_code":"DE"}},{"type":"Feature","geometry":{"type":"Point","coordinates":[9.3928,52.38105]},"properties":{"id":25934,"name":"Haste","state_code":"NI","country_code":"DE"}},{"type":"Feature","geometry":{"type":"Point","coordinates":[8.38333,53.05]},"properties":{"id":25935,"name":"Hatten","state_code":"NI","country_code":"DE"}},{"type":"Feature","geometry":{"type":"Point","coordinates":[10.23681,51.65035]},"properties":{"id":25941,"name":"Hattorf","state_code":"NI","country_code":"DE"}},{"type":"Feature","geometry":{"type":"Point","coordinates":[10.16667,52.06667]},"properties":{"id":25957,"name":"Haverlah","state_code":"NI","country_code":"DE"}},{"type":"Feature","geometry":{"type":"Point","coordinates":[9.23942,53.64041]},"properties":{"id":25969,"name":"Hechthausen","state_code":"NI","country_code":"DE"}},{"type":"Feature","geometry":{"type":"Point","coordinates":[7.2983,52.99205]},"properties":{"id":25973,"name":"Heede","state_code":"NI","country_code":"DE"}},{"type":"Feature","geometry":{"type":"Point","coordinates":[9.26667,52.7]},"properties":{"id":25975,"name":"Heemsen","state_code":"NI","country_code":"DE"}},{"type":"Feature","geometry":{"type":"Point","coordinates":[10.25,52.06667]},"properties":{"id":25976,"name":"Heere","state_code":"NI","country_code":"DE"}},{"type":"Feature","geometry":{"type":"Point","coordinates":[9.33333,53.31667]},"properties":{"id":25977,"name":"Heeslingen","state_code":"NI","country_code":"DE"}},{"type":"Feature","geometry":{"type":"Point","coordinates":[9.09642,52.23211]},"properties":{"id":25978,"name":"Heeßen","state_code":"NI","country_code":"DE"}},{"type":"Feature","geometry":{"type":"Point","coordinates":[9.47004,51.98858]},"properties":{"id":25979,"name":"Hehlen","state_code":"NI","country_code":"DE"}},{"type":"Feature","geometry":{"type":"Point","coordinates":[9.66667,53.31667]},"properties":{"id":25984,"name":"Heidenau","state_code":"NI","country_code":"DE"}},{"type":"Feature","geometry":{"type":"Point","coordinates":[9.63333,51.83333]},"properties":{"id":26011,"name":"Heinade","state_code":"NI","country_code":"DE"}},{"type":"Feature","geometry":{"type":"Point","coordinates":[9.32644,53.57457]},"properties":{"id":26012,"name":"Heinböckel","state_code":"NI","country_code":"DE"}},{"type":"Feature","geometry":{"type":"Point","coordinates":[9.66316,52.06257]},"properties":{"id":26016,"name":"Heinsen","state_code":"NI","country_code":"DE"}},{"type":"Feature","geometry":{"type":"Point","coordinates":[9.23566,53.07346]},"properties":{"id":26028,"name":"Hellwege","state_code":"NI","country_code":"DE"}},{"type":"Feature","geometry":{"type":"Point","coordinates":[11.00985,52.2279]},"properties":{"id":26032,"name":"Helmstedt","state_code":"NI","country_code":"DE"}},{"type":"Feature","geometry":{"type":"Point","coordinates":[9.11676,52.31131]},"properties":{"id":26033,"name":"Helpsen","state_code":"NI","country_code":"DE"}},{"type":"Feature","geometry":{"type":"Point","coordinates":[9.72359,52.31425]},"properties":{"id":26040,"name":"Hemmingen","state_code":"NI","country_code":"DE"}},{"type":"Feature","geometry":{"type":"Point","coordinates":[9.15492,53.68702]},"properties":{"id":26043,"name":"Hemmoor","state_code":"NI","country_code":"DE"}},{"type":"Feature","geometry":{"type":"Point","coordinates":[9.47261,53.08998]},"properties":{"id":26045,"name":"Hemsbünde","state_code":"NI","country_code":"DE"}},{"type":"Feature","geometry":{"type":"Point","coordinates":[9.6,53.08333]},"properties":{"id":26046,"name":"Hemslingen","state_code":"NI","country_code":"DE"}},{"type":"Feature","geometry":{"type":"Point","coordinates":[9.08209,53.25874]},"properties":{"id":26056,"name":"Hepstedt","state_code":"NI","country_code":"DE"}},{"type":"Feature","geometry":{"type":"Point","coordinates":[10.08957,52.83254]},"properties":{"id":26075,"name":"Hermannsburg","state_code":"NI","country_code":"DE"}},{"type":"Feature","geometry":{"type":"Point","coordinates":[10.33938,51.65546]},"properties":{"id":26099,"name":"Herzberg am Harz","state_code":"NI","country_code":"DE"}},{"type":"Feature","geometry":{"type":"Point","coordinates":[7.59946,52.6853]},"properties":{"id":26101,"name":"Herzlake","state_code":"NI","country_code":"DE"}},{"type":"Feature","geometry":{"type":"Point","coordinates":[7.6,53.3]},"properties":{"id":26104,"name":"Hesel","state_code":"NI","country_code":"DE"}},{"type":"Feature","geometry":{"type":"Point","coordinates":[9.10818,52.32999]},"properties":{"id":26105,"name":"Hespe","state_code":"NI","country_code":"DE"}},{"type":"Feature","geometry":{"type":"Point","coordinates":[9.24913,52.17269]},"properties":{"id":26108,"name":"Hessisch Oldendorf","state_code":"NI","country_code":"DE"}},{"type":"Feature","geometry":{"type":"Point","coordinates":[9.27718,52.32946]},"properties":{"id":26122,"name":"Heuerßen","state_code":"NI","country_code":"DE"}},{"type":"Feature","geometry":{"type":"Point","coordinates":[9.81265,52.15678]},"properties":{"id":26127,"name":"Heyersum","state_code":"NI","country_code":"DE"}},{"type":"Feature","geometry":{"type":"Point","coordinates":[9.95112,52.15077]},"properties":{"id":26137,"name":"Hildesheim","state_code":"NI","country_code":"DE"}},{"type":"Feature","geometry":{"type":"Point","coordinates":[9.16667,52.85]},"properties":{"id":26139,"name":"Hilgermissen","state_code":"NI","country_code":"DE"}},{"type":"Feature","geometry":{"type":"Point","coordinates":[9.94973,51.68558]},"properties":{"id":26143,"name":"Hillerse","state_code":"NI","country_code":"DE"}},{"type":"Feature","geometry":{"type":"Point","coordinates":[8.14715,52.13573]},"properties":{"id":26148,"name":"Hilter","state_code":"NI","country_code":"DE"}},{"type":"Feature","geometry":{"type":"Point","coordinates":[10.72909,53.09418]},"properties":{"id":26151,"name":"Himbergen","state_code":"NI","country_code":"DE"}},{"type":"Feature","geometry":{"type":"Point","coordinates":[9.30516,53.61413]},"properties":{"id":26153,"name":"Himmelpforten","state_code":"NI","country_code":"DE"}},{"type":"Feature","geometry":{"type":"Point","coordinates":[7.18333,53.41667]},"properties":{"id":26155,"name":"Hinte","state_code":"NI","country_code":"DE"}},{"type":"Feature","geometry":{"type":"Point","coordinates":[8.96667,53.48333]},"properties":{"id":26159,"name":"Hipstedt","state_code":"NI","country_code":"DE"}},{"type":"Feature","geometry":{"type":"Point","coordinates":[11.04418,53.15254]},"properties":{"id":26170,"name":"Hitzacker","state_code":"NI","country_code":"DE"}},{"type":"Feature","geometry":{"type":"Point","coordinates":[9.59495,52.76506]},"properties":{"id":26183,"name":"Hodenhagen","state_code":"NI","country_code":"DE"}},{"type":"Feature","geometry":{"type":"Point","coordinates":[10.06416,52.25755]},"properties":{"id":26206,"name":"Hohenhameln","state_code":"NI","country_code":"DE"}},{"type":"Feature","geometry":{"type":"Point","coordinates":[9.37168,52.36942]},"properties":{"id":26225,"name":"Hohnhorst","state_code":"NI","country_code":"DE"}},{"type":"Feature","geometry":{"type":"Point","coordinates":[8.11667,52.58333]},"properties":{"id":26228,"name":"Holdorf","state_code":"NI","country_code":"DE"}},{"type":"Feature","geometry":{"type":"Point","coordinates":[10.16012,52.08721]},"properties":{"id":26229,"name":"Holle","state_code":"NI","country_code":"DE"}},{"type":"Feature","geometry":{"type":"Point","coordinates":[9.71667,53.36667]},"properties":{"id":26232,"name":"Hollenstedt","state_code":"NI","country_code":"DE"}},{"type":"Feature","geometry":{"type":"Point","coordinates":[7.58333,53.28333]},"properties":{"id":26238,"name":"Holtland","state_code":"NI","country_code":"DE"}},{"type":"Feature","geometry":{"type":"Point","coordinates":[9.4455,51.82798]},"properties":{"id":26248,"name":"Holzminden","state_code":"NI","country_code":"DE"}},{"type":"Feature","geometry":{"type":"Point","coordinates":[6.95,52.58333]},"properties":{"id":26253,"name":"Hoogstede","state_code":"NI","country_code":"DE"}},{"type":"Feature","geometry":{"type":"Point","coordinates":[10.28372,51.66835]},"properties":{"id":26316,"name":"Hörden","state_code":"NI","country_code":"DE"}},{"type":"Feature","geometry":{"type":"Point","coordinates":[10.6049,52.03095]},"properties":{"id":26267,"name":"Hornburg","state_code":"NI","country_code":"DE"}},{"type":"Feature","geometry":{"type":"Point","coordinates":[9.57546,53.50672]},"properties":{"id":26268,"name":"Horneburg","state_code":"NI","country_code":"DE"}},{"type":"Feature","geometry":{"type":"Point","coordinates":[9.23333,53.18333]},"properties":{"id":26273,"name":"Horstedt","state_code":"NI","country_code":"DE"}},{"type":"Feature","geometry":{"type":"Point","coordinates":[9.14028,52.80781]},"properties":{"id":26276,"name":"Hoya","state_code":"NI","country_code":"DE"}},{"type":"Feature","geometry":{"type":"Point","coordinates":[8.46322,53.10766]},"properties":{"id":26279,"name":"Hude","state_code":"NI","country_code":"DE"}},{"type":"Feature","geometry":{"type":"Point","coordinates":[8.35804,52.49588]},"properties":{"id":26280,"name":"Huede","state_code":"NI","country_code":"DE"}},{"type":"Feature","geometry":{"type":"Point","coordinates":[9.36147,52.24951]},"properties":{"id":26336,"name":"Hülsede","state_code":"NI","country_code":"DE"}},{"type":"Feature","geometry":{"type":"Point","coordinates":[9.25,52.56667]},"properties":{"id":26291,"name":"Husum","state_code":"NI","country_code":"DE"}},{"type":"Feature","geometry":{"type":"Point","coordinates":[8.91667,53.73333]},"properties":{"id":26360,"name":"Ihlienworth","state_code":"NI","country_code":"DE"}},{"type":"Feature","geometry":{"type":"Point","coordinates":[10.19922,52.2634]},"properties":{"id":26374,"name":"Ilsede","state_code":"NI","country_code":"DE"}},{"type":"Feature","geometry":{"type":"Point","coordinates":[10.58333,52.43333]},"properties":{"id":26412,"name":"Isenbüttel","state_code":"NI","country_code":"DE"}},{"type":"Feature","geometry":{"type":"Point","coordinates":[9.84179,52.47093]},"properties":{"id":26414,"name":"Isernhagen Farster Bauerschaft","state_code":"NI","country_code":"DE"}},{"type":"Feature","geometry":{"type":"Point","coordinates":[6.80354,52.50618]},"properties":{"id":26420,"name":"Itterbeck","state_code":"NI","country_code":"DE"}},{"type":"Feature","geometry":{"type":"Point","coordinates":[11.08333,53.05]},"properties":{"id":26428,"name":"Jameln","state_code":"NI","country_code":"DE"}},{"type":"Feature","geometry":{"type":"Point","coordinates":[10.76667,52.5]},"properties":{"id":26433,"name":"Jembke","state_code":"NI","country_code":"DE"}},{"type":"Feature","geometry":{"type":"Point","coordinates":[7.38333,53.26667]},"properties":{"id":26434,"name":"Jemgum","state_code":"NI","country_code":"DE"}},{"type":"Feature","geometry":{"type":"Point","coordinates":[10.89844,52.08172]},"properties":{"id":26440,"name":"Jerxheim","state_code":"NI","country_code":"DE"}},{"type":"Feature","geometry":{"type":"Point","coordinates":[9.95262,53.30966]},"properties":{"id":26445,"name":"Jesteburg","state_code":"NI","country_code":"DE"}},{"type":"Feature","geometry":{"type":"Point","coordinates":[7.89806,53.57368]},"properties":{"id":26450,"name":"Jever","state_code":"NI","country_code":"DE"}},{"type":"Feature","geometry":{"type":"Point","coordinates":[9.68076,53.53198]},"properties":{"id":26458,"name":"Jork","state_code":"NI","country_code":"DE"}},{"type":"Feature","geometry":{"type":"Point","coordinates":[9.8,51.46667]},"properties":{"id":26472,"name":"Jühnde","state_code":"NI","country_code":"DE"}},{"type":"Feature","geometry":{"type":"Point","coordinates":[6.99575,53.67787]},"properties":{"id":26461,"name":"Juist","state_code":"NI","country_code":"DE"}},{"type":"Feature","geometry":{"type":"Point","coordinates":[9.76289,53.30317]},"properties":{"id":26485,"name":"Kakenstorf","state_code":"NI","country_code":"DE"}},{"type":"Feature","geometry":{"type":"Point","coordinates":[10.03333,51.8]},"properties":{"id":26488,"name":"Kalefeld","state_code":"NI","country_code":"DE"}},{"type":"Feature","geometry":{"type":"Point","coordinates":[10.1,51.68333]},"properties":{"id":26536,"name":"Katlenburg-Lindau","state_code":"NI","country_code":"DE"}},{"type":"Feature","geometry":{"type":"Point","coordinates":[7.83333,52.58333]},"properties":{"id":26576,"name":"Kettenkamp","state_code":"NI","country_code":"DE"}},{"type":"Feature","geometry":{"type":"Point","coordinates":[9.5751,51.96585]},"properties":{"id":26601,"name":"Kirchbrak","state_code":"NI","country_code":"DE"}},{"type":"Feature","geometry":{"type":"Point","coordinates":[8.8349,52.59523]},"properties":{"id":26604,"name":"Kirchdorf","state_code":"NI","country_code":"DE"}},{"type":"Feature","geometry":{"type":"Point","coordinates":[10.3,53.23333]},"properties":{"id":26614,"name":"Kirchgellersen","state_code":"NI","country_code":"DE"}},{"type":"Feature","geometry":{"type":"Point","coordinates":[9.31811,52.94236]},"properties":{"id":26630,"name":"Kirchlinteln","state_code":"NI","country_code":"DE"}},{"type":"Feature","geometry":{"type":"Point","coordinates":[8.68333,52.95]},"properties":{"id":26632,"name":"Kirchseelte","state_code":"NI","country_code":"DE"}},{"type":"Feature","geometry":{"type":"Point","coordinates":[9.15,53.25]},"properties":{"id":26634,"name":"Kirchtimke","state_code":"NI","country_code":"DE"}},{"type":"Feature","geometry":{"type":"Point","coordinates":[9.4,53.01667]},"properties":{"id":26636,"name":"Kirchwalsede","state_code":"NI","country_code":"DE"}},{"type":"Feature","geometry":{"type":"Point","coordinates":[10.58996,52.10956]},"properties":{"id":26648,"name":"Kissenbrück","state_code":"NI","country_code":"DE"}},{"type":"Feature","geometry":{"type":"Point","coordinates":[7.46182,52.76797]},"properties":{"id":26658,"name":"Klein Berßen","state_code":"NI","country_code":"DE"}},{"type":"Feature","geometry":{"type":"Point","coordinates":[11.19323,53.08331]},"properties":{"id":26659,"name":"Klein Gusborn","state_code":"NI","country_code":"DE"}},{"type":"Feature","geometry":{"type":"Point","coordinates":[10.42903,52.34153]},"properties":{"id":26665,"name":"Klein Schwülper","state_code":"NI","country_code":"DE"}},{"type":"Feature","geometry":{"type":"Point","coordinates":[7.34093,52.93633]},"properties":{"id":26697,"name":"Kluse","state_code":"NI","country_code":"DE"}},{"type":"Feature","geometry":{"type":"Point","coordinates":[10.81683,52.25116]},"properties":{"id":26833,"name":"Königslutter am Elm","state_code":"NI","country_code":"DE"}},{"type":"Feature","geometry":{"type":"Point","coordinates":[10.11667,51.58333]},"properties":{"id":26745,"name":"Krebeck","state_code":"NI","country_code":"DE"}},{"type":"Feature","geometry":{"type":"Point","coordinates":[9.96481,51.85363]},"properties":{"id":26747,"name":"Kreiensen","state_code":"NI","country_code":"DE"}},{"type":"Feature","geometry":{"type":"Point","coordinates":[8.80091,53.57747]},"properties":{"id":26851,"name":"Kührstedt","state_code":"NI","country_code":"DE"}},{"type":"Feature","geometry":{"type":"Point","coordinates":[11.0624,52.97779]},"properties":{"id":26861,"name":"Küsten","state_code":"NI","country_code":"DE"}},{"type":"Feature","geometry":{"type":"Point","coordinates":[9.32118,53.48152]},"properties":{"id":26808,"name":"Kutenholz","state_code":"NI","country_code":"DE"}},{"type":"Feature","geometry":{"type":"Point","coordinates":[8.25388,52.35581]},"properties":{"id":26863,"name":"Laar","state_code":"NI","country_code":"DE"}},{"type":"Feature","geometry":{"type":"Point","coordinates":[9.79739,52.31506]},"properties":{"id":26864,"name":"Laatzen","state_code":"NI","country_code":"DE"}},{"type":"Feature","geometry":{"type":"Point","coordinates":[10.25,52.61667]},"properties":{"id":26869,"name":"Lachendorf","state_code":"NI","country_code":"DE"}},{"type":"Feature","geometry":{"type":"Point","coordinates":[7.57036,52.74547]},"properties":{"id":27184,"name":"Lähden","state_code":"NI","country_code":"DE"}},{"type":"Feature","geometry":{"type":"Point","coordinates":[10.01105,51.96071]},"properties":{"id":26887,"name":"Lamspringe","state_code":"NI","country_code":"DE"}},{"type":"Feature","geometry":{"type":"Point","coordinates":[9.1,53.63333]},"properties":{"id":26888,"name":"Lamstedt","state_code":"NI","country_code":"DE"}},{"type":"Feature","geometry":{"type":"Point","coordinates":[9.12505,52.55598]},"properties":{"id":26891,"name":"Landesbergen","state_code":"NI","country_code":"DE"}},{"type":"Feature","geometry":{"type":"Point","coordinates":[10.1,51.53333]},"properties":{"id":26892,"name":"Landolfshausen","state_code":"NI","country_code":"DE"}},{"type":"Feature","geometry":{"type":"Point","coordinates":[10.33264,51.93789]},"properties":{"id":26901,"name":"Langelsheim","state_code":"NI","country_code":"DE"}},{"type":"Feature","geometry":{"type":"Point","coordinates":[8.59509,53.60554]},"properties":{"id":26903,"name":"Langen","state_code":"NI","country_code":"DE"}},{"type":"Feature","geometry":{"type":"Point","coordinates":[9.73741,52.44758]},"properties":{"id":26919,"name":"Langenhagen","state_code":"NI","country_code":"DE"}},{"type":"Feature","geometry":{"type":"Point","coordinates":[7.48333,53.75]},"properties":{"id":26933,"name":"Langeoog","state_code":"NI","country_code":"DE"}},{"type":"Feature","geometry":{"type":"Point","coordinates":[10.28291,52.55593]},"properties":{"id":26939,"name":"Langlingen","state_code":"NI","country_code":"DE"}},{"type":"Feature","geometry":{"type":"Point","coordinates":[9.18542,52.97864]},"properties":{"id":26945,"name":"Langwedel","state_code":"NI","country_code":"DE"}},{"type":"Feature","geometry":{"type":"Point","coordinates":[7.86715,52.79468]},"properties":{"id":26953,"name":"Lastrup","state_code":"NI","country_code":"DE"}},{"type":"Feature","geometry":{"type":"Point","coordinates":[7.31667,52.86667]},"properties":{"id":26954,"name":"Lathen","state_code":"NI","country_code":"DE"}},{"type":"Feature","geometry":{"type":"Point","coordinates":[9.36928,52.27393]},"properties":{"id":26966,"name":"Lauenau","state_code":"NI","country_code":"DE"}},{"type":"Feature","geometry":{"type":"Point","coordinates":[9.56667,53.2]},"properties":{"id":26967,"name":"Lauenbrück","state_code":"NI","country_code":"DE"}},{"type":"Feature","geometry":{"type":"Point","coordinates":[9.20637,52.35547]},"properties":{"id":26969,"name":"Lauenhagen","state_code":"NI","country_code":"DE"}},{"type":"Feature","geometry":{"type":"Point","coordinates":[7.461,53.23157]},"properties":{"id":26999,"name":"Leer","state_code":"NI","country_code":"DE"}},{"type":"Feature","geometry":{"type":"Point","coordinates":[9.11667,52.5]},"properties":{"id":27000,"name":"Leese","state_code":"NI","country_code":"DE"}},{"type":"Feature","geometry":{"type":"Point","coordinates":[7.3,53.55]},"properties":{"id":27001,"name":"Leezdorf","state_code":"NI","country_code":"DE"}},{"type":"Feature","geometry":{"type":"Point","coordinates":[10.66667,52.33333]},"properties":{"id":27011,"name":"Lehre","state_code":"NI","country_code":"DE"}},{"type":"Feature","geometry":{"type":"Point","coordinates":[9.97919,52.37193]},"properties":{"id":27013,"name":"Lehrte","state_code":"NI","country_code":"DE"}},{"type":"Feature","geometry":{"type":"Point","coordinates":[10.50842,52.20445]},"properties":{"id":27018,"name":"Leiferde","state_code":"NI","country_code":"DE"}},{"type":"Feature","geometry":{"type":"Point","coordinates":[8.37621,52.46557]},"properties":{"id":27034,"name":"Lemförde","state_code":"NI","country_code":"DE"}},{"type":"Feature","geometry":{"type":"Point","coordinates":[8.6081507,53.1617117]},"properties":{"id":27037,"name":"Lemwerder","state_code":"NI","country_code":"DE"}},{"type":"Feature","geometry":{"type":"Point","coordinates":[10.30775,52.20487]},"properties":{"id":27039,"name":"Lengede","state_code":"NI","country_code":"DE"}},{"type":"Feature","geometry":{"type":"Point","coordinates":[7.53164,52.55381]},"properties":{"id":27043,"name":"Lengerich","state_code":"NI","country_code":"DE"}},{"type":"Feature","geometry":{"type":"Point","coordinates":[9.09719,52.60362]},"properties":{"id":27087,"name":"Liebenau","state_code":"NI","country_code":"DE"}},{"type":"Feature","geometry":{"type":"Point","coordinates":[10.43169,52.02176]},"properties":{"id":27088,"name":"Liebenburg","state_code":"NI","country_code":"DE"}},{"type":"Feature","geometry":{"type":"Point","coordinates":[8.90338,53.14193]},"properties":{"id":27096,"name":"Lilienthal","state_code":"NI","country_code":"DE"}},{"type":"Feature","geometry":{"type":"Point","coordinates":[9.28319,52.35789]},"properties":{"id":27110,"name":"Lindhorst","state_code":"NI","country_code":"DE"}},{"type":"Feature","geometry":{"type":"Point","coordinates":[9.68737,52.60784]},"properties":{"id":27113,"name":"Lindwedel","state_code":"NI","country_code":"DE"}},{"type":"Feature","geometry":{"type":"Point","coordinates":[7.31845,52.52143]},"properties":{"id":27114,"name":"Lingen","state_code":"NI","country_code":"DE"}},{"type":"Feature","geometry":{"type":"Point","coordinates":[8.87876,53.60341]},"properties":{"id":27118,"name":"Lintig","state_code":"NI","country_code":"DE"}},{"type":"Feature","geometry":{"type":"Point","coordinates":[8.2375,52.66625]},"properties":{"id":27135,"name":"Lohne","state_code":"NI","country_code":"DE"}},{"type":"Feature","geometry":{"type":"Point","coordinates":[7.75809,52.73678]},"properties":{"id":27196,"name":"Löningen","state_code":"NI","country_code":"DE"}},{"type":"Feature","geometry":{"type":"Point","coordinates":[7.64339,52.92495]},"properties":{"id":27150,"name":"Lorup","state_code":"NI","country_code":"DE"}},{"type":"Feature","geometry":{"type":"Point","coordinates":[8.65,53.46667]},"properties":{"id":27156,"name":"Loxstedt","state_code":"NI","country_code":"DE"}},{"type":"Feature","geometry":{"type":"Point","coordinates":[11.15397,52.96811]},"properties":{"id":27210,"name":"Lüchow","state_code":"NI","country_code":"DE"}},{"type":"Feature","geometry":{"type":"Point","coordinates":[10.66609,52.80878]},"properties":{"id":27212,"name":"Lüder","state_code":"NI","country_code":"DE"}},{"type":"Feature","geometry":{"type":"Point","coordinates":[9.25422,52.35993]},"properties":{"id":27215,"name":"Lüdersfeld","state_code":"NI","country_code":"DE"}},{"type":"Feature","geometry":{"type":"Point","coordinates":[9.09256,52.22538]},"properties":{"id":27170,"name":"Luhden","state_code":"NI","country_code":"DE"}},{"type":"Feature","geometry":{"type":"Point","coordinates":[10.41409,53.2509]},"properties":{"id":27218,"name":"Lüneburg","state_code":"NI","country_code":"DE"}},{"type":"Feature","geometry":{"type":"Point","coordinates":[8.75193,53.43621]},"properties":{"id":27175,"name":"Lunestedt","state_code":"NI","country_code":"DE"}},{"type":"Feature","geometry":{"type":"Point","coordinates":[7.42653,52.42958]},"properties":{"id":27220,"name":"Lünne","state_code":"NI","country_code":"DE"}},{"type":"Feature","geometry":{"type":"Point","coordinates":[10.2693,51.98943]},"properties":{"id":27180,"name":"Lutter am Barenberge","state_code":"NI","country_code":"DE"}},{"type":"Feature","geometry":{"type":"Point","coordinates":[7.27306,53.52274]},"properties":{"id":27276,"name":"Marienhafe","state_code":"NI","country_code":"DE"}},{"type":"Feature","geometry":{"type":"Point","coordinates":[10.98371,52.27593]},"properties":{"id":27279,"name":"Mariental","state_code":"NI","country_code":"DE"}},{"type":"Feature","geometry":{"type":"Point","coordinates":[9.14219,52.66857]},"properties":{"id":27289,"name":"Marklohe","state_code":"NI","country_code":"DE"}},{"type":"Feature","geometry":{"type":"Point","coordinates":[10.37524,53.4152]},"properties":{"id":27326,"name":"Marschacht","state_code":"NI","country_code":"DE"}},{"type":"Feature","geometry":{"type":"Point","coordinates":[9.06081,52.87572]},"properties":{"id":27328,"name":"Martfeld","state_code":"NI","country_code":"DE"}},{"type":"Feature","geometry":{"type":"Point","coordinates":[10.00415,53.31211]},"properties":{"id":27332,"name":"Marxen","state_code":"NI","country_code":"DE"}},{"type":"Feature","geometry":{"type":"Point","coordinates":[9.15067,52.34174]},"properties":{"id":27366,"name":"Meerbeck","state_code":"NI","country_code":"DE"}},{"type":"Feature","geometry":{"type":"Point","coordinates":[10.31745,52.34583]},"properties":{"id":27368,"name":"Meerdorf","state_code":"NI","country_code":"DE"}},{"type":"Feature","geometry":{"type":"Point","coordinates":[10.35247,52.47436]},"properties":{"id":27381,"name":"Meinersen","state_code":"NI","country_code":"DE"}},{"type":"Feature","geometry":{"type":"Point","coordinates":[10.4,53.18333]},"properties":{"id":27390,"name":"Melbeck","state_code":"NI","country_code":"DE"}},{"type":"Feature","geometry":{"type":"Point","coordinates":[8.33826,52.20197]},"properties":{"id":27393,"name":"Melle","state_code":"NI","country_code":"DE"}},{"type":"Feature","geometry":{"type":"Point","coordinates":[8.89704,52.70697]},"properties":{"id":27396,"name":"Mellinghausen","state_code":"NI","country_code":"DE"}},{"type":"Feature","geometry":{"type":"Point","coordinates":[7.81667,52.68333]},"properties":{"id":27411,"name":"Menslage","state_code":"NI","country_code":"DE"}},{"type":"Feature","geometry":{"type":"Point","coordinates":[7.29097,52.69064]},"properties":{"id":27413,"name":"Meppen","state_code":"NI","country_code":"DE"}},{"type":"Feature","geometry":{"type":"Point","coordinates":[7.83333,52.48333]},"properties":{"id":27428,"name":"Merzen","state_code":"NI","country_code":"DE"}},{"type":"Feature","geometry":{"type":"Point","coordinates":[7.46667,52.46667]},"properties":{"id":27435,"name":"Messingen","state_code":"NI","country_code":"DE"}},{"type":"Feature","geometry":{"type":"Point","coordinates":[8.61695,53.73135]},"properties":{"id":27458,"name":"Midlum","state_code":"NI","country_code":"DE"}},{"type":"Feature","geometry":{"type":"Point","coordinates":[7.56602,53.39165]},"properties":{"id":27479,"name":"Mittegroßefehn","state_code":"NI","country_code":"DE"}},{"type":"Feature","geometry":{"type":"Point","coordinates":[9.6988,53.4062]},"properties":{"id":27503,"name":"Moisburg","state_code":"NI","country_code":"DE"}},{"type":"Feature","geometry":{"type":"Point","coordinates":[7.92548,52.85805]},"properties":{"id":27504,"name":"Molbergen","state_code":"NI","country_code":"DE"}},{"type":"Feature","geometry":{"type":"Point","coordinates":[9.87107,51.69915]},"properties":{"id":27524,"name":"Moringen","state_code":"NI","country_code":"DE"}},{"type":"Feature","geometry":{"type":"Point","coordinates":[9.07962,52.95347]},"properties":{"id":27527,"name":"Morsum","state_code":"NI","country_code":"DE"}},{"type":"Feature","geometry":{"type":"Point","coordinates":[10.36011,52.52771]},"properties":{"id":27585,"name":"Müden","state_code":"NI","country_code":"DE"}},{"type":"Feature","geometry":{"type":"Point","coordinates":[10.08756,52.98569]},"properties":{"id":27543,"name":"Munster","state_code":"NI","country_code":"DE"}},{"type":"Feature","geometry":{"type":"Point","coordinates":[10.81381,53.17389]},"properties":{"id":27637,"name":"Nahrendorf","state_code":"NI","country_code":"DE"}},{"type":"Feature","geometry":{"type":"Point","coordinates":[10.88529,53.22901]},"properties":{"id":27687,"name":"Neu Darchau","state_code":"NI","country_code":"DE"}},{"type":"Feature","geometry":{"type":"Point","coordinates":[9.8,53.46667]},"properties":{"id":27690,"name":"Neu Wulmstorf","state_code":"NI","country_code":"DE"}},{"type":"Feature","geometry":{"type":"Point","coordinates":[7.44839,52.95815]},"properties":{"id":27710,"name":"Neubörger","state_code":"NI","country_code":"DE"}},{"type":"Feature","geometry":{"type":"Point","coordinates":[10.41761,52.37088]},"properties":{"id":27703,"name":"Neubrück","state_code":"NI","country_code":"DE"}},{"type":"Feature","geometry":{"type":"Point","coordinates":[8.38835,52.13778]},"properties":{"id":27721,"name":"Neuenkirchen","state_code":"NI","country_code":"DE"}},{"type":"Feature","geometry":{"type":"Point","coordinates":[7.70288,53.69993]},"properties":{"id":27738,"name":"Neuharlingersiel","state_code":"NI","country_code":"DE"}},{"type":"Feature","geometry":{"type":"Point","coordinates":[9.03348,53.80043]},"properties":{"id":27742,"name":"Neuhaus an der Oste","state_code":"NI","country_code":"DE"}},{"type":"Feature","geometry":{"type":"Point","coordinates":[7.56189,53.33642]},"properties":{"id":27754,"name":"Neukamperfehn","state_code":"NI","country_code":"DE"}},{"type":"Feature","geometry":{"type":"Point","coordinates":[9.45871,52.50462]},"properties":{"id":27799,"name":"Neustadt am Rübenberge","state_code":"NI","country_code":"DE"}},{"type":"Feature","geometry":{"type":"Point","coordinates":[7.28199,52.85712]},"properties":{"id":27855,"name":"Niederlangen","state_code":"NI","country_code":"DE"}},{"type":"Feature","geometry":{"type":"Point","coordinates":[9.14788,52.35214]},"properties":{"id":27865,"name":"Niedernwöhren","state_code":"NI","country_code":"DE"}},{"type":"Feature","geometry":{"type":"Point","coordinates":[9.22086,52.6461]},"properties":{"id":27892,"name":"Nienburg","state_code":"NI","country_code":"DE"}},{"type":"Feature","geometry":{"type":"Point","coordinates":[9.1644,52.29242]},"properties":{"id":27895,"name":"Nienstädt","state_code":"NI","country_code":"DE"}},{"type":"Feature","geometry":{"type":"Point","coordinates":[7.16043,53.61349]},"properties":{"id":27911,"name":"Norddeich","state_code":"NI","country_code":"DE"}},{"type":"Feature","geometry":{"type":"Point","coordinates":[7.20639,53.59552]},"properties":{"id":27912,"name":"Norden","state_code":"NI","country_code":"DE"}},{"type":"Feature","geometry":{"type":"Point","coordinates":[8.48093,53.4861]},"properties":{"id":27914,"name":"Nordenham","state_code":"NI","country_code":"DE"}},{"type":"Feature","geometry":{"type":"Point","coordinates":[7.15819,53.70828]},"properties":{"id":27915,"name":"Norderney","state_code":"NI","country_code":"DE"}},{"type":"Feature","geometry":{"type":"Point","coordinates":[8.61354,53.78448]},"properties":{"id":27922,"name":"Nordholz","state_code":"NI","country_code":"DE"}},{"type":"Feature","geometry":{"type":"Point","coordinates":[7.06833,52.43081]},"properties":{"id":27923,"name":"Nordhorn","state_code":"NI","country_code":"DE"}},{"type":"Feature","geometry":{"type":"Point","coordinates":[8.83333,53.76667]},"properties":{"id":27925,"name":"Nordleda","state_code":"NI","country_code":"DE"}},{"type":"Feature","geometry":{"type":"Point","coordinates":[9.7835,52.16196]},"properties":{"id":27927,"name":"Nordstemmen","state_code":"NI","country_code":"DE"}},{"type":"Feature","geometry":{"type":"Point","coordinates":[9.93593,51.62878]},"properties":{"id":27947,"name":"Nörten-Hardenberg","state_code":"NI","country_code":"DE"}},{"type":"Feature","geometry":{"type":"Point","coordinates":[9.99997,51.70662]},"properties":{"id":27930,"name":"Northeim","state_code":"NI","country_code":"DE"}},{"type":"Feature","geometry":{"type":"Point","coordinates":[7.57178,53.24608]},"properties":{"id":27931,"name":"Nortmoor","state_code":"NI","country_code":"DE"}},{"type":"Feature","geometry":{"type":"Point","coordinates":[7.86072,52.61503]},"properties":{"id":27933,"name":"Nortrup","state_code":"NI","country_code":"DE"}},{"type":"Feature","geometry":{"type":"Point","coordinates":[9.6,53.48333]},"properties":{"id":27936,"name":"Nottensdorf","state_code":"NI","country_code":"DE"}},{"type":"Feature","geometry":{"type":"Point","coordinates":[9.15,53.75]},"properties":{"id":28005,"name":"Oberndorf","state_code":"NI","country_code":"DE"}},{"type":"Feature","geometry":{"type":"Point","coordinates":[10.23333,51.55]},"properties":{"id":28007,"name":"Obernfeld","state_code":"NI","country_code":"DE"}},{"type":"Feature","geometry":{"type":"Point","coordinates":[9.12912,52.2721]},"properties":{"id":28010,"name":"Obernkirchen","state_code":"NI","country_code":"DE"}},{"type":"Feature","geometry":{"type":"Point","coordinates":[9.2368,53.80267]},"properties":{"id":28074,"name":"Oederquart","state_code":"NI","country_code":"DE"}},{"type":"Feature","geometry":{"type":"Point","coordinates":[9.05,53.48333]},"properties":{"id":28080,"name":"Oerel","state_code":"NI","country_code":"DE"}},{"type":"Feature","geometry":{"type":"Point","coordinates":[8.21467,53.14118]},"properties":{"id":28105,"name":"Oldenburg","state_code":"NI","country_code":"DE"}},{"type":"Feature","geometry":{"type":"Point","coordinates":[10.21431,53.1558]},"properties":{"id":28108,"name":"Oldendorf","state_code":"NI","country_code":"DE"}},{"type":"Feature","geometry":{"type":"Point","coordinates":[10.68011,52.46925]},"properties":{"id":28139,"name":"Osloß","state_code":"NI","country_code":"DE"}},{"type":"Feature","geometry":{"type":"Point","coordinates":[8.0498,52.27264]},"properties":{"id":28140,"name":"Osnabrück","state_code":"NI","country_code":"DE"}},{"type":"Feature","geometry":{"type":"Point","coordinates":[7.254,53.54417]},"properties":{"id":28143,"name":"Osteel","state_code":"NI","country_code":"DE"}},{"type":"Feature","geometry":{"type":"Point","coordinates":[9.2,53.7]},"properties":{"id":28145,"name":"Osten","state_code":"NI","country_code":"DE"}},{"type":"Feature","geometry":{"type":"Point","coordinates":[8.23333,52.35]},"properties":{"id":28149,"name":"Ostercappeln","state_code":"NI","country_code":"DE"}},{"type":"Feature","geometry":{"type":"Point","coordinates":[8.79528,53.22698]},"properties":{"id":28153,"name":"Osterholz-Scharmbeck","state_code":"NI","country_code":"DE"}},{"type":"Feature","geometry":{"type":"Point","coordinates":[10.25089,51.72686]},"properties":{"id":28156,"name":"Osterode am Harz","state_code":"NI","country_code":"DE"}},{"type":"Feature","geometry":{"type":"Point","coordinates":[7.61667,53.13333]},"properties":{"id":28166,"name":"Ostrhauderfehn","state_code":"NI","country_code":"DE"}},{"type":"Feature","geometry":{"type":"Point","coordinates":[9.407,51.94707]},"properties":{"id":28183,"name":"Ottenstein","state_code":"NI","country_code":"DE"}},{"type":"Feature","geometry":{"type":"Point","coordinates":[9.74247,53.24015]},"properties":{"id":28184,"name":"Otter","state_code":"NI","country_code":"DE"}},{"type":"Feature","geometry":{"type":"Point","coordinates":[8.90068,53.80908]},"properties":{"id":28188,"name":"Otterndorf","state_code":"NI","country_code":"DE"}},{"type":"Feature","geometry":{"type":"Point","coordinates":[9.14408,53.1099]},"properties":{"id":28189,"name":"Ottersberg","state_code":"NI","country_code":"DE"}},{"type":"Feature","geometry":{"type":"Point","coordinates":[8.42179,53.34189]},"properties":{"id":28199,"name":"Ovelgönne","state_code":"NI","country_code":"DE"}},{"type":"Feature","geometry":{"type":"Point","coordinates":[9.01667,53.05]},"properties":{"id":28205,"name":"Oyten","state_code":"NI","country_code":"DE"}},{"type":"Feature","geometry":{"type":"Point","coordinates":[7.40444,53.07738]},"properties":{"id":28218,"name":"Papenburg","state_code":"NI","country_code":"DE"}},{"type":"Feature","geometry":{"type":"Point","coordinates":[10.8902,52.53471]},"properties":{"id":28225,"name":"Parsau","state_code":"NI","country_code":"DE"}},{"type":"Feature","geometry":{"type":"Point","coordinates":[9.76436,52.26448]},"properties":{"id":28234,"name":"Pattensen","state_code":"NI","country_code":"DE"}},{"type":"Feature","geometry":{"type":"Point","coordinates":[10.2352,52.31928]},"properties":{"id":28242,"name":"Peine","state_code":"NI","country_code":"DE"}},{"type":"Feature","geometry":{"type":"Point","coordinates":[9.0263,52.64181]},"properties":{"id":28253,"name":"Pennigsehl","state_code":"NI","country_code":"DE"}},{"type":"Feature","geometry":{"type":"Point","coordinates":[9.40386,51.89871]},"properties":{"id":28343,"name":"Polle","state_code":"NI","country_code":"DE"}},{"type":"Feature","geometry":{"type":"Point","coordinates":[9.18813,52.38529]},"properties":{"id":28345,"name":"Pollhagen","state_code":"NI","country_code":"DE"}},{"type":"Feature","geometry":{"type":"Point","coordinates":[7.94983,52.67502]},"properties":{"id":28424,"name":"Quakenbrück","state_code":"NI","country_code":"DE"}},{"type":"Feature","geometry":{"type":"Point","coordinates":[10.28333,53.31667]},"properties":{"id":28439,"name":"Radbruch","state_code":"NI","country_code":"DE"}},{"type":"Feature","geometry":{"type":"Point","coordinates":[8.96667,52.45]},"properties":{"id":28440,"name":"Raddestorf","state_code":"NI","country_code":"DE"}},{"type":"Feature","geometry":{"type":"Point","coordinates":[8.2,53.25]},"properties":{"id":28480,"name":"Rastede","state_code":"NI","country_code":"DE"}},{"type":"Feature","geometry":{"type":"Point","coordinates":[7.33333,53.53333]},"properties":{"id":28505,"name":"Rechtsupweg","state_code":"NI","country_code":"DE"}},{"type":"Feature","geometry":{"type":"Point","coordinates":[9.21667,53.13333]},"properties":{"id":28511,"name":"Reeßum","state_code":"NI","country_code":"DE"}},{"type":"Feature","geometry":{"type":"Point","coordinates":[9.65,53.38333]},"properties":{"id":28515,"name":"Regesbostel","state_code":"NI","country_code":"DE"}},{"type":"Feature","geometry":{"type":"Point","coordinates":[9.19957,52.46952]},"properties":{"id":28529,"name":"Rehburg-Loccum","state_code":"NI","country_code":"DE"}},{"type":"Feature","geometry":{"type":"Point","coordinates":[8.48093,52.61024]},"properties":{"id":28530,"name":"Rehden","state_code":"NI","country_code":"DE"}},{"type":"Feature","geometry":{"type":"Point","coordinates":[10.57323,53.23445]},"properties":{"id":28566,"name":"Reinstorf","state_code":"NI","country_code":"DE"}},{"type":"Feature","geometry":{"type":"Point","coordinates":[10.67408,52.11367]},"properties":{"id":28573,"name":"Remlingen","state_code":"NI","country_code":"DE"}},{"type":"Feature","geometry":{"type":"Point","coordinates":[10.35,53.25]},"properties":{"id":28585,"name":"Reppenstedt","state_code":"NI","country_code":"DE"}},{"type":"Feature","geometry":{"type":"Point","coordinates":[9.37862,52.78621]},"properties":{"id":28587,"name":"Rethem","state_code":"NI","country_code":"DE"}},{"type":"Feature","geometry":{"type":"Point","coordinates":[10.47855,52.37707]},"properties":{"id":28588,"name":"Rethen","state_code":"NI","country_code":"DE"}},{"type":"Feature","geometry":{"type":"Point","coordinates":[9.1135,53.32872]},"properties":{"id":28598,"name":"Rhade","state_code":"NI","country_code":"DE"}},{"type":"Feature","geometry":{"type":"Point","coordinates":[7.27127,53.0602]},"properties":{"id":28602,"name":"Rhede","state_code":"NI","country_code":"DE"}},{"type":"Feature","geometry":{"type":"Point","coordinates":[9.78714,52.05784]},"properties":{"id":28603,"name":"Rheden","state_code":"NI","country_code":"DE"}},{"type":"Feature","geometry":{"type":"Point","coordinates":[10.3,51.58333]},"properties":{"id":28619,"name":"Rhumspringe","state_code":"NI","country_code":"DE"}},{"type":"Feature","geometry":{"type":"Point","coordinates":[10.50997,52.43435]},"properties":{"id":28620,"name":"Ribbesbüttel","state_code":"NI","country_code":"DE"}},{"type":"Feature","geometry":{"type":"Point","coordinates":[8.95,52.96667]},"properties":{"id":28627,"name":"Riede","state_code":"NI","country_code":"DE"}},{"type":"Feature","geometry":{"type":"Point","coordinates":[8.01667,52.48333]},"properties":{"id":28648,"name":"Rieste","state_code":"NI","country_code":"DE"}},{"type":"Feature","geometry":{"type":"Point","coordinates":[9.07917,52.18604]},"properties":{"id":28664,"name":"Rinteln","state_code":"NI","country_code":"DE"}},{"type":"Feature","geometry":{"type":"Point","coordinates":[8.7355,53.18289]},"properties":{"id":28667,"name":"Ritterhude","state_code":"NI","country_code":"DE"}},{"type":"Feature","geometry":{"type":"Point","coordinates":[9.3564,52.31152]},"properties":{"id":28677,"name":"Rodenberg","state_code":"NI","country_code":"DE"}},{"type":"Feature","geometry":{"type":"Point","coordinates":[9.23139,52.71078]},"properties":{"id":28783,"name":"Röhrsen","state_code":"NI","country_code":"DE"}},{"type":"Feature","geometry":{"type":"Point","coordinates":[9.65544,52.31939]},"properties":{"id":28699,"name":"Ronnenberg","state_code":"NI","country_code":"DE"}},{"type":"Feature","geometry":{"type":"Point","coordinates":[10.75184,52.98663]},"properties":{"id":28703,"name":"Rosche","state_code":"NI","country_code":"DE"}},{"type":"Feature","geometry":{"type":"Point","coordinates":[9.9,51.5]},"properties":{"id":28704,"name":"Rosdorf","state_code":"NI","country_code":"DE"}},{"type":"Feature","geometry":{"type":"Point","coordinates":[9.41082,53.11125]},"properties":{"id":28718,"name":"Rotenburg","state_code":"NI","country_code":"DE"}},{"type":"Feature","geometry":{"type":"Point","coordinates":[10.53333,52.41667]},"properties":{"id":28788,"name":"Rötgesbüttel","state_code":"NI","country_code":"DE"}},{"type":"Feature","geometry":{"type":"Point","coordinates":[10.88642,52.4856]},"properties":{"id":28804,"name":"Rühen","state_code":"NI","country_code":"DE"}},{"type":"Feature","geometry":{"type":"Point","coordinates":[10.52972,53.28645]},"properties":{"id":28761,"name":"Rullstorf","state_code":"NI","country_code":"DE"}},{"type":"Feature","geometry":{"type":"Point","coordinates":[9.26791,52.39734]},"properties":{"id":28822,"name":"Sachsenhagen","state_code":"NI","country_code":"DE"}},{"type":"Feature","geometry":{"type":"Point","coordinates":[7.35,52.33333]},"properties":{"id":28838,"name":"Salzbergen","state_code":"NI","country_code":"DE"}},{"type":"Feature","geometry":{"type":"Point","coordinates":[10.4154,52.15705]},"properties":{"id":28839,"name":"Salzgitter","state_code":"NI","country_code":"DE"}},{"type":"Feature","geometry":{"type":"Point","coordinates":[10.16981,53.22339]},"properties":{"id":28840,"name":"Salzhausen","state_code":"NI","country_code":"DE"}},{"type":"Feature","geometry":{"type":"Point","coordinates":[9.5872,52.067]},"properties":{"id":28841,"name":"Salzhemmendorf","state_code":"NI","country_code":"DE"}},{"type":"Feature","geometry":{"type":"Point","coordinates":[8.01418,53.50489]},"properties":{"id":28852,"name":"Sande","state_code":"NI","country_code":"DE"}},{"type":"Feature","geometry":{"type":"Point","coordinates":[8.52137,53.35981]},"properties":{"id":28857,"name":"Sandstedt","state_code":"NI","country_code":"DE"}},{"type":"Feature","geometry":{"type":"Point","coordinates":[10.51867,51.71004]},"properties":{"id":28860,"name":"Sankt Andreasberg","state_code":"NI","country_code":"DE"}},{"type":"Feature","geometry":{"type":"Point","coordinates":[9.85411,52.23495]},"properties":{"id":28885,"name":"Sarstedt","state_code":"NI","country_code":"DE"}},{"type":"Feature","geometry":{"type":"Point","coordinates":[10.63333,52.51667]},"properties":{"id":28890,"name":"Sassenburg","state_code":"NI","country_code":"DE"}},{"type":"Feature","geometry":{"type":"Point","coordinates":[9.6,53.38333]},"properties":{"id":28894,"name":"Sauensiek","state_code":"NI","country_code":"DE"}},{"type":"Feature","geometry":{"type":"Point","coordinates":[7.56667,52.4]},"properties":{"id":28909,"name":"Schapen","state_code":"NI","country_code":"DE"}},{"type":"Feature","geometry":{"type":"Point","coordinates":[10.50188,53.29237]},"properties":{"id":28912,"name":"Scharnebeck","state_code":"NI","country_code":"DE"}},{"type":"Feature","geometry":{"type":"Point","coordinates":[9.73333,51.45]},"properties":{"id":28918,"name":"Scheden","state_code":"NI","country_code":"DE"}},{"type":"Feature","geometry":{"type":"Point","coordinates":[9.48333,53.16667]},"properties":{"id":28920,"name":"Scheeßel","state_code":"NI","country_code":"DE"}},{"type":"Feature","geometry":{"type":"Point","coordinates":[10.10227,52.1853]},"properties":{"id":28926,"name":"Schellerten","state_code":"NI","country_code":"DE"}},{"type":"Feature","geometry":{"type":"Point","coordinates":[8.65,53.53333]},"properties":{"id":28942,"name":"Schiffdorf","state_code":"NI","country_code":"DE"}},{"type":"Feature","geometry":{"type":"Point","coordinates":[8.0217,53.70378]},"properties":{"id":28946,"name":"Schillig","state_code":"NI","country_code":"DE"}},{"type":"Feature","geometry":{"type":"Point","coordinates":[10.53967,52.02218]},"properties":{"id":28958,"name":"Schladen","state_code":"NI","country_code":"DE"}},{"type":"Feature","geometry":{"type":"Point","coordinates":[10.89226,52.8913]},"properties":{"id":29005,"name":"Schnega","state_code":"NI","country_code":"DE"}},{"type":"Feature","geometry":{"type":"Point","coordinates":[9.79524,53.11685]},"properties":{"id":29009,"name":"Schneverdingen","state_code":"NI","country_code":"DE"}},{"type":"Feature","geometry":{"type":"Point","coordinates":[10.96745,52.13802]},"properties":{"id":29127,"name":"Schöningen","state_code":"NI","country_code":"DE"}},{"type":"Feature","geometry":{"type":"Point","coordinates":[10.7745,52.14308]},"properties":{"id":29135,"name":"Schöppenstedt","state_code":"NI","country_code":"DE"}},{"type":"Feature","geometry":{"type":"Point","coordinates":[7.95,53.53333]},"properties":{"id":29026,"name":"Schortens","state_code":"NI","country_code":"DE"}},{"type":"Feature","geometry":{"type":"Point","coordinates":[7.22176,52.32281]},"properties":{"id":29138,"name":"Schüttorf","state_code":"NI","country_code":"DE"}},{"type":"Feature","geometry":{"type":"Point","coordinates":[8.83026,52.73775]},"properties":{"id":29045,"name":"Schwaförden","state_code":"NI","country_code":"DE"}},{"type":"Feature","geometry":{"type":"Point","coordinates":[8.6,53.23333]},"properties":{"id":29059,"name":"Schwanewede","state_code":"NI","country_code":"DE"}},{"type":"Feature","geometry":{"type":"Point","coordinates":[9.01667,52.9]},"properties":{"id":29062,"name":"Schwarme","state_code":"NI","country_code":"DE"}},{"type":"Feature","geometry":{"type":"Point","coordinates":[9.61767,52.67794]},"properties":{"id":29063,"name":"Schwarmstedt","state_code":"NI","country_code":"DE"}},{"type":"Feature","geometry":{"type":"Point","coordinates":[10.15,51.56667]},"properties":{"id":29147,"name":"Seeburg","state_code":"NI","country_code":"DE"}},{"type":"Feature","geometry":{"type":"Point","coordinates":[9.59727,52.39635]},"properties":{"id":29161,"name":"Seelze","state_code":"NI","country_code":"DE"}},{"type":"Feature","geometry":{"type":"Point","coordinates":[10.17847,51.89095]},"properties":{"id":29163,"name":"Seesen","state_code":"NI","country_code":"DE"}},{"type":"Feature","geometry":{"type":"Point","coordinates":[9.96667,53.4]},"properties":{"id":29165,"name":"Seevetal","state_code":"NI","country_code":"DE"}},{"type":"Feature","geometry":{"type":"Point","coordinates":[9.09462,52.3005]},"properties":{"id":29166,"name":"Seggebruch","state_code":"NI","country_code":"DE"}},{"type":"Feature","geometry":{"type":"Point","coordinates":[10.26569,52.03887]},"properties":{"id":29167,"name":"Sehlde","state_code":"NI","country_code":"DE"}},{"type":"Feature","geometry":{"type":"Point","coordinates":[9.97593,52.01236]},"properties":{"id":29168,"name":"Sehlem","state_code":"NI","country_code":"DE"}},{"type":"Feature","geometry":{"type":"Point","coordinates":[9.9682,52.31394]},"properties":{"id":29170,"name":"Sehnde","state_code":"NI","country_code":"DE"}},{"type":"Feature","geometry":{"type":"Point","coordinates":[9.21289,53.37329]},"properties":{"id":29183,"name":"Selsingen","state_code":"NI","country_code":"DE"}},{"type":"Feature","geometry":{"type":"Point","coordinates":[10.16263,51.54129]},"properties":{"id":29200,"name":"Seulingen","state_code":"NI","country_code":"DE"}},{"type":"Feature","geometry":{"type":"Point","coordinates":[9.9,52.05]},"properties":{"id":29205,"name":"Sibbesse","state_code":"NI","country_code":"DE"}},{"type":"Feature","geometry":{"type":"Point","coordinates":[10.6424,52.21847]},"properties":{"id":29207,"name":"Sickte","state_code":"NI","country_code":"DE"}},{"type":"Feature","geometry":{"type":"Point","coordinates":[8.93961,52.69293]},"properties":{"id":29209,"name":"Siedenburg","state_code":"NI","country_code":"DE"}},{"type":"Feature","geometry":{"type":"Point","coordinates":[7.985,53.57437]},"properties":{"id":29230,"name":"Sillenstede","state_code":"NI","country_code":"DE"}},{"type":"Feature","geometry":{"type":"Point","coordinates":[9.50429,53.27615]},"properties":{"id":29251,"name":"Sittensen","state_code":"NI","country_code":"DE"}},{"type":"Feature","geometry":{"type":"Point","coordinates":[10.14807,53.14275]},"properties":{"id":29253,"name":"Soderstorf","state_code":"NI","country_code":"DE"}},{"type":"Feature","geometry":{"type":"Point","coordinates":[7.51667,52.85]},"properties":{"id":29491,"name":"Sögel","state_code":"NI","country_code":"DE"}},{"type":"Feature","geometry":{"type":"Point","coordinates":[10.23239,52.18898]},"properties":{"id":29492,"name":"Söhlde","state_code":"NI","country_code":"DE"}},{"type":"Feature","geometry":{"type":"Point","coordinates":[9.84338,52.98638]},"properties":{"id":29262,"name":"Soltau","state_code":"NI","country_code":"DE"}},{"type":"Feature","geometry":{"type":"Point","coordinates":[10.76162,52.87369]},"properties":{"id":29263,"name":"Soltendieck","state_code":"NI","country_code":"DE"}},{"type":"Feature","geometry":{"type":"Point","coordinates":[9.23333,53.11667]},"properties":{"id":29281,"name":"Sottrum","state_code":"NI","country_code":"DE"}},{"type":"Feature","geometry":{"type":"Point","coordinates":[7.46667,52.36667]},"properties":{"id":29295,"name":"Spelle","state_code":"NI","country_code":"DE"}},{"type":"Feature","geometry":{"type":"Point","coordinates":[10.49177,52.76668]},"properties":{"id":29306,"name":"Sprakensehl","state_code":"NI","country_code":"DE"}},{"type":"Feature","geometry":{"type":"Point","coordinates":[9.55416,52.20845]},"properties":{"id":29309,"name":"Springe","state_code":"NI","country_code":"DE"}},{"type":"Feature","geometry":{"type":"Point","coordinates":[9.47629,53.59337]},"properties":{"id":29314,"name":"Stade","state_code":"NI","country_code":"DE"}},{"type":"Feature","geometry":{"type":"Point","coordinates":[10.55619,52.87571]},"properties":{"id":29317,"name":"Stadensen","state_code":"NI","country_code":"DE"}},{"type":"Feature","geometry":{"type":"Point","coordinates":[9.20311,52.32333]},"properties":{"id":29321,"name":"Stadthagen","state_code":"NI","country_code":"DE"}},{"type":"Feature","geometry":{"type":"Point","coordinates":[9.6265,51.88242]},"properties":{"id":29327,"name":"Stadtoldendorf","state_code":"NI","country_code":"DE"}},{"type":"Feature","geometry":{"type":"Point","coordinates":[7.66667,53.63333]},"properties":{"id":29348,"name":"Stedesdorf","state_code":"NI","country_code":"DE"}},{"type":"Feature","geometry":{"type":"Point","coordinates":[9.39091,52.65483]},"properties":{"id":29355,"name":"Steimbke","state_code":"NI","country_code":"DE"}},{"type":"Feature","geometry":{"type":"Point","coordinates":[8.21417,52.58596]},"properties":{"id":29373,"name":"Steinfeld","state_code":"NI","country_code":"DE"}},{"type":"Feature","geometry":{"type":"Point","coordinates":[10.4,52.68333]},"properties":{"id":29383,"name":"Steinhorst","state_code":"NI","country_code":"DE"}},{"type":"Feature","geometry":{"type":"Point","coordinates":[9.61111,53.56601]},"properties":{"id":29387,"name":"Steinkirchen","state_code":"NI","country_code":"DE"}},{"type":"Feature","geometry":{"type":"Point","coordinates":[10.11138,53.38416]},"properties":{"id":29395,"name":"Stelle","state_code":"NI","country_code":"DE"}},{"type":"Feature","geometry":{"type":"Point","coordinates":[9.02423,52.57017]},"properties":{"id":29407,"name":"Steyerberg","state_code":"NI","country_code":"DE"}},{"type":"Feature","geometry":{"type":"Point","coordinates":[9.34027,52.64067]},"properties":{"id":29449,"name":"Stöckse","state_code":"NI","country_code":"DE"}},{"type":"Feature","geometry":{"type":"Point","coordinates":[9.06667,52.51667]},"properties":{"id":29420,"name":"Stolzenau","state_code":"NI","country_code":"DE"}},{"type":"Feature","geometry":{"type":"Point","coordinates":[8.75,53.03333]},"properties":{"id":29442,"name":"Stuhr","state_code":"NI","country_code":"DE"}},{"type":"Feature","geometry":{"type":"Point","coordinates":[7.22572,52.30096]},"properties":{"id":29458,"name":"Suddendorf","state_code":"NI","country_code":"DE"}},{"type":"Feature","geometry":{"type":"Point","coordinates":[10.45141,52.89586]},"properties":{"id":29459,"name":"Suderburg","state_code":"NI","country_code":"DE"}},{"type":"Feature","geometry":{"type":"Point","coordinates":[10.3,53.21667]},"properties":{"id":29498,"name":"Südergellersen","state_code":"NI","country_code":"DE"}},{"type":"Feature","geometry":{"type":"Point","coordinates":[8.83611,52.79337]},"properties":{"id":29460,"name":"Sudwalde","state_code":"NI","country_code":"DE"}},{"type":"Feature","geometry":{"type":"Point","coordinates":[10.76667,52.93333]},"properties":{"id":29463,"name":"Suhlendorf","state_code":"NI","country_code":"DE"}},{"type":"Feature","geometry":{"type":"Point","coordinates":[8.80949,52.68373]},"properties":{"id":29465,"name":"Sulingen","state_code":"NI","country_code":"DE"}},{"type":"Feature","geometry":{"type":"Point","coordinates":[10.90393,52.22811]},"properties":{"id":29506,"name":"Süpplingen","state_code":"NI","country_code":"DE"}},{"type":"Feature","geometry":{"type":"Point","coordinates":[7.51534,52.978]},"properties":{"id":29483,"name":"Surwold","state_code":"NI","country_code":"DE"}},{"type":"Feature","geometry":{"type":"Point","coordinates":[8.92213,52.86165]},"properties":{"id":29508,"name":"Süstedt","state_code":"NI","country_code":"DE"}},{"type":"Feature","geometry":{"type":"Point","coordinates":[7.28333,52.91667]},"properties":{"id":29484,"name":"Sustrum","state_code":"NI","country_code":"DE"}},{"type":"Feature","geometry":{"type":"Point","coordinates":[8.82209,52.91345]},"properties":{"id":29486,"name":"Syke","state_code":"NI","country_code":"DE"}},{"type":"Feature","geometry":{"type":"Point","coordinates":[10.74068,52.47055]},"properties":{"id":29528,"name":"Tappenbeck","state_code":"NI","country_code":"DE"}},{"type":"Feature","geometry":{"type":"Point","coordinates":[9.07763,53.22505]},"properties":{"id":29529,"name":"Tarmstedt","state_code":"NI","country_code":"DE"}},{"type":"Feature","geometry":{"type":"Point","coordinates":[10.41084,53.3964]},"properties":{"id":29560,"name":"Tespe","state_code":"NI","country_code":"DE"}},{"type":"Feature","geometry":{"type":"Point","coordinates":[9.01667,52.96667]},"properties":{"id":29586,"name":"Thedinghausen","state_code":"NI","country_code":"DE"}},{"type":"Feature","geometry":{"type":"Point","coordinates":[10.66667,53.23333]},"properties":{"id":29597,"name":"Thomasburg","state_code":"NI","country_code":"DE"}},{"type":"Feature","geometry":{"type":"Point","coordinates":[7.48333,52.5]},"properties":{"id":29599,"name":"Thuine","state_code":"NI","country_code":"DE"}},{"type":"Feature","geometry":{"type":"Point","coordinates":[10.8,52.51667]},"properties":{"id":29608,"name":"Tiddische","state_code":"NI","country_code":"DE"}},{"type":"Feature","geometry":{"type":"Point","coordinates":[10.11451,53.2643]},"properties":{"id":29631,"name":"Toppenstedt","state_code":"NI","country_code":"DE"}},{"type":"Feature","geometry":{"type":"Point","coordinates":[9.71667,53.28333]},"properties":{"id":29635,"name":"Tostedt","state_code":"NI","country_code":"DE"}},{"type":"Feature","geometry":{"type":"Point","coordinates":[10.87818,52.57578]},"properties":{"id":29706,"name":"Tülau","state_code":"NI","country_code":"DE"}},{"type":"Feature","geometry":{"type":"Point","coordinates":[8.64163,52.79926]},"properties":{"id":29696,"name":"Twistringen","state_code":"NI","country_code":"DE"}},{"type":"Feature","geometry":{"type":"Point","coordinates":[8.90928,52.49975]},"properties":{"id":29713,"name":"Uchte","state_code":"NI","country_code":"DE"}},{"type":"Feature","geometry":{"type":"Point","coordinates":[10.76523,52.09902]},"properties":{"id":29722,"name":"Uehrde","state_code":"NI","country_code":"DE"}},{"type":"Feature","geometry":{"type":"Point","coordinates":[6.88333,52.5]},"properties":{"id":29723,"name":"Uelsen","state_code":"NI","country_code":"DE"}},{"type":"Feature","geometry":{"type":"Point","coordinates":[10.56111,52.96572]},"properties":{"id":29725,"name":"Uelzen","state_code":"NI","country_code":"DE"}},{"type":"Feature","geometry":{"type":"Point","coordinates":[10.20467,52.46511]},"properties":{"id":29729,"name":"Uetze","state_code":"NI","country_code":"DE"}},{"type":"Feature","geometry":{"type":"Point","coordinates":[10.43195,52.59111]},"properties":{"id":29743,"name":"Ummern","state_code":"NI","country_code":"DE"}},{"type":"Feature","geometry":{"type":"Point","coordinates":[10.29685,52.83471]},"properties":{"id":29768,"name":"Unterlüß","state_code":"NI","country_code":"DE"}},{"type":"Feature","geometry":{"type":"Point","coordinates":[7.28333,53.51667]},"properties":{"id":29785,"name":"Upgant-Schott","state_code":"NI","country_code":"DE"}},{"type":"Feature","geometry":{"type":"Point","coordinates":[9.63501,51.6569]},"properties":{"id":29799,"name":"Uslar","state_code":"NI","country_code":"DE"}},{"type":"Feature","geometry":{"type":"Point","coordinates":[8.57861,53.31119]},"properties":{"id":29802,"name":"Uthlede","state_code":"NI","country_code":"DE"}},{"type":"Feature","geometry":{"type":"Point","coordinates":[8.13621,53.39693]},"properties":{"id":29813,"name":"Varel","state_code":"NI","country_code":"DE"}},{"type":"Feature","geometry":{"type":"Point","coordinates":[8.7331,52.6215]},"properties":{"id":29814,"name":"Varrel","state_code":"NI","country_code":"DE"}},{"type":"Feature","geometry":{"type":"Point","coordinates":[10.36491,52.26038]},"properties":{"id":29816,"name":"Vechelde","state_code":"NI","country_code":"DE"}},{"type":"Feature","geometry":{"type":"Point","coordinates":[8.28598,52.72632]},"properties":{"id":29817,"name":"Vechta","state_code":"NI","country_code":"DE"}},{"type":"Feature","geometry":{"type":"Point","coordinates":[10.93637,52.40797]},"properties":{"id":29830,"name":"Velpke","state_code":"NI","country_code":"DE"}},{"type":"Feature","geometry":{"type":"Point","coordinates":[10.68327,52.21874]},"properties":{"id":29832,"name":"Veltheim","state_code":"NI","country_code":"DE"}},{"type":"Feature","geometry":{"type":"Point","coordinates":[9.23491,52.92343]},"properties":{"id":29834,"name":"Verden","state_code":"NI","country_code":"DE"}},{"type":"Feature","geometry":{"type":"Point","coordinates":[10.56374,51.95242]},"properties":{"id":29843,"name":"Vienenburg","state_code":"NI","country_code":"DE"}},{"type":"Feature","geometry":{"type":"Point","coordinates":[8.31667,52.83333]},"properties":{"id":29860,"name":"Visbek","state_code":"NI","country_code":"DE"}},{"type":"Feature","geometry":{"type":"Point","coordinates":[9.58265,52.98546]},"properties":{"id":29861,"name":"Visselhövede","state_code":"NI","country_code":"DE"}},{"type":"Feature","geometry":{"type":"Point","coordinates":[10.35372,53.27447]},"properties":{"id":29886,"name":"Vögelsen","state_code":"NI","country_code":"DE"}},{"type":"Feature","geometry":{"type":"Point","coordinates":[8.91667,53.33333]},"properties":{"id":29877,"name":"Vollersode","state_code":"NI","country_code":"DE"}},{"type":"Feature","geometry":{"type":"Point","coordinates":[7.75,52.43333]},"properties":{"id":29878,"name":"Voltlage","state_code":"NI","country_code":"DE"}},{"type":"Feature","geometry":{"type":"Point","coordinates":[10.52035,52.36522]},"properties":{"id":29881,"name":"Vordorf","state_code":"NI","country_code":"DE"}},{"type":"Feature","geometry":{"type":"Point","coordinates":[9.15,53.18333]},"properties":{"id":29883,"name":"Vorwerk","state_code":"NI","country_code":"DE"}},{"type":"Feature","geometry":{"type":"Point","coordinates":[7.76667,52.88333]},"properties":{"id":29885,"name":"Vrees","state_code":"NI","country_code":"DE"}},{"type":"Feature","geometry":{"type":"Point","coordinates":[10.05713,51.55637]},"properties":{"id":29896,"name":"Waake","state_code":"NI","country_code":"DE"}},{"type":"Feature","geometry":{"type":"Point","coordinates":[8.58333,52.55]},"properties":{"id":29914,"name":"Wagenfeld","state_code":"NI","country_code":"DE"}},{"type":"Feature","geometry":{"type":"Point","coordinates":[10.52337,52.55233]},"properties":{"id":29915,"name":"Wagenhoff","state_code":"NI","country_code":"DE"}},{"type":"Feature","geometry":{"type":"Point","coordinates":[10.6,52.61667]},"properties":{"id":29921,"name":"Wahrenholz","state_code":"NI","country_code":"DE"}},{"type":"Feature","geometry":{"type":"Point","coordinates":[7.28325,52.92717]},"properties":{"id":29930,"name":"Walchum","state_code":"NI","country_code":"DE"}},{"type":"Feature","geometry":{"type":"Point","coordinates":[10.61667,51.58333]},"properties":{"id":29969,"name":"Walkenried","state_code":"NI","country_code":"DE"}},{"type":"Feature","geometry":{"type":"Point","coordinates":[8.01667,52.35]},"properties":{"id":29976,"name":"Wallenhorst","state_code":"NI","country_code":"DE"}},{"type":"Feature","geometry":{"type":"Point","coordinates":[9.5926,52.86147]},"properties":{"id":29993,"name":"Walsrode","state_code":"NI","country_code":"DE"}},{"type":"Feature","geometry":{"type":"Point","coordinates":[7.89938,53.79002]},"properties":{"id":30005,"name":"Wangerooge","state_code":"NI","country_code":"DE"}},{"type":"Feature","geometry":{"type":"Point","coordinates":[8.8,53.75]},"properties":{"id":30007,"name":"Wanna","state_code":"NI","country_code":"DE"}},{"type":"Feature","geometry":{"type":"Point","coordinates":[8.2,53.06667]},"properties":{"id":30013,"name":"Wardenburg","state_code":"NI","country_code":"DE"}},{"type":"Feature","geometry":{"type":"Point","coordinates":[8.84949,52.45695]},"properties":{"id":30019,"name":"Warmsen","state_code":"NI","country_code":"DE"}},{"type":"Feature","geometry":{"type":"Point","coordinates":[10.59357,52.41331]},"properties":{"id":30029,"name":"Wasbüttel","state_code":"NI","country_code":"DE"}},{"type":"Feature","geometry":{"type":"Point","coordinates":[10.15069,52.5369]},"properties":{"id":30039,"name":"Wathlingen","state_code":"NI","country_code":"DE"}},{"type":"Feature","geometry":{"type":"Point","coordinates":[7.35052,53.16332]},"properties":{"id":30051,"name":"Weener","state_code":"NI","country_code":"DE"}},{"type":"Feature","geometry":{"type":"Point","coordinates":[9.80178,53.23985]},"properties":{"id":30142,"name":"Welle","state_code":"NI","country_code":"DE"}},{"type":"Feature","geometry":{"type":"Point","coordinates":[10.39255,52.32957]},"properties":{"id":30152,"name":"Wendeburg","state_code":"NI","country_code":"DE"}},{"type":"Feature","geometry":{"type":"Point","coordinates":[10.46667,53.21667]},"properties":{"id":30156,"name":"Wendisch Evern","state_code":"NI","country_code":"DE"}},{"type":"Feature","geometry":{"type":"Point","coordinates":[9.57287,52.27404]},"properties":{"id":30162,"name":"Wennigsen","state_code":"NI","country_code":"DE"}},{"type":"Feature","geometry":{"type":"Point","coordinates":[9.77234,53.34948]},"properties":{"id":30165,"name":"Wenzendorf","state_code":"NI","country_code":"DE"}},{"type":"Feature","geometry":{"type":"Point","coordinates":[7.68333,52.85]},"properties":{"id":30175,"name":"Werlte","state_code":"NI","country_code":"DE"}},{"type":"Feature","geometry":{"type":"Point","coordinates":[7.50831,52.87207]},"properties":{"id":30186,"name":"Werpeloh","state_code":"NI","country_code":"DE"}},{"type":"Feature","geometry":{"type":"Point","coordinates":[10.53333,52.6]},"properties":{"id":30194,"name":"Wesendorf","state_code":"NI","country_code":"DE"}},{"type":"Feature","geometry":{"type":"Point","coordinates":[10.70283,53.05943]},"properties":{"id":30199,"name":"Weste","state_code":"NI","country_code":"DE"}},{"type":"Feature","geometry":{"type":"Point","coordinates":[10.25,53.23333]},"properties":{"id":30206,"name":"Westergellersen","state_code":"NI","country_code":"DE"}},{"type":"Feature","geometry":{"type":"Point","coordinates":[7.45,53.6]},"properties":{"id":30210,"name":"Westerholt","state_code":"NI","country_code":"DE"}},{"type":"Feature","geometry":{"type":"Point","coordinates":[7.92737,53.25682]},"properties":{"id":30215,"name":"Westerstede","state_code":"NI","country_code":"DE"}},{"type":"Feature","geometry":{"type":"Point","coordinates":[10.73939,52.40425]},"properties":{"id":30217,"name":"Westhagen","state_code":"NI","country_code":"DE"}},{"type":"Feature","geometry":{"type":"Point","coordinates":[8.44883,52.61295]},"properties":{"id":30223,"name":"Wetschen","state_code":"NI","country_code":"DE"}},{"type":"Feature","geometry":{"type":"Point","coordinates":[10.71699,52.46208]},"properties":{"id":30234,"name":"Weyhausen","state_code":"NI","country_code":"DE"}},{"type":"Feature","geometry":{"type":"Point","coordinates":[10.58704,51.634]},"properties":{"id":30238,"name":"Wieda","state_code":"NI","country_code":"DE"}},{"type":"Feature","geometry":{"type":"Point","coordinates":[9.12019,52.38385]},"properties":{"id":30240,"name":"Wiedensahl","state_code":"NI","country_code":"DE"}},{"type":"Feature","geometry":{"type":"Point","coordinates":[8.11667,53.25]},"properties":{"id":30244,"name":"Wiefelstede","state_code":"NI","country_code":"DE"}},{"type":"Feature","geometry":{"type":"Point","coordinates":[10.18862,52.58021]},"properties":{"id":30249,"name":"Wienhausen","state_code":"NI","country_code":"DE"}},{"type":"Feature","geometry":{"type":"Point","coordinates":[10.65871,52.88529]},"properties":{"id":30250,"name":"Wieren","state_code":"NI","country_code":"DE"}},{"type":"Feature","geometry":{"type":"Point","coordinates":[7.73333,53.41667]},"properties":{"id":30265,"name":"Wiesmoor","state_code":"NI","country_code":"DE"}},{"type":"Feature","geometry":{"type":"Point","coordinates":[7.13408,52.51806]},"properties":{"id":30267,"name":"Wietmarschen","state_code":"NI","country_code":"DE"}},{"type":"Feature","geometry":{"type":"Point","coordinates":[9.83333,52.65]},"properties":{"id":30268,"name":"Wietze","state_code":"NI","country_code":"DE"}},{"type":"Feature","geometry":{"type":"Point","coordinates":[9.08333,52.71667]},"properties":{"id":30269,"name":"Wietzen","state_code":"NI","country_code":"DE"}},{"type":"Feature","geometry":{"type":"Point","coordinates":[9.98333,52.91667]},"properties":{"id":30270,"name":"Wietzendorf","state_code":"NI","country_code":"DE"}},{"type":"Feature","geometry":{"type":"Point","coordinates":[10.28152,51.8281]},"properties":{"id":30274,"name":"Wildemann","state_code":"NI","country_code":"DE"}},{"type":"Feature","geometry":{"type":"Point","coordinates":[8.43375,52.89446]},"properties":{"id":30278,"name":"Wildeshausen","state_code":"NI","country_code":"DE"}},{"type":"Feature","geometry":{"type":"Point","coordinates":[8.11253,53.52998]},"properties":{"id":30286,"name":"Wilhelmshaven","state_code":"NI","country_code":"DE"}},{"type":"Feature","geometry":{"type":"Point","coordinates":[9.09595,53.19493]},"properties":{"id":30302,"name":"Wilstedt","state_code":"NI","country_code":"DE"}},{"type":"Feature","geometry":{"type":"Point","coordinates":[6.85,52.53333]},"properties":{"id":30304,"name":"Wilsum","state_code":"NI","country_code":"DE"}},{"type":"Feature","geometry":{"type":"Point","coordinates":[10.21218,51.78544]},"properties":{"id":30317,"name":"Windhausen","state_code":"NI","country_code":"DE"}},{"type":"Feature","geometry":{"type":"Point","coordinates":[9.08054,53.73572]},"properties":{"id":30322,"name":"Wingst","state_code":"NI","country_code":"DE"}},{"type":"Feature","geometry":{"type":"Point","coordinates":[10.21282,53.35753]},"properties":{"id":30329,"name":"Winsen","state_code":"NI","country_code":"DE"}},{"type":"Feature","geometry":{"type":"Point","coordinates":[7.20594,53.47667]},"properties":{"id":30341,"name":"Wirdum","state_code":"NI","country_code":"DE"}},{"type":"Feature","geometry":{"type":"Point","coordinates":[9.31667,53.78333]},"properties":{"id":30344,"name":"Wischhafen","state_code":"NI","country_code":"DE"}},{"type":"Feature","geometry":{"type":"Point","coordinates":[9.68333,53.26667]},"properties":{"id":30347,"name":"Wistedt","state_code":"NI","country_code":"DE"}},{"type":"Feature","geometry":{"type":"Point","coordinates":[10.73613,52.72694]},"properties":{"id":30359,"name":"Wittingen","state_code":"NI","country_code":"DE"}},{"type":"Feature","geometry":{"type":"Point","coordinates":[10.64,52.12969]},"properties":{"id":30362,"name":"Wittmar","state_code":"NI","country_code":"DE"}},{"type":"Feature","geometry":{"type":"Point","coordinates":[7.77839,53.57674]},"properties":{"id":30363,"name":"Wittmund","state_code":"NI","country_code":"DE"}},{"type":"Feature","geometry":{"type":"Point","coordinates":[10.38333,53.33333]},"properties":{"id":30365,"name":"Wittorf","state_code":"NI","country_code":"DE"}},{"type":"Feature","geometry":{"type":"Point","coordinates":[10.54095,52.16442]},"properties":{"id":30377,"name":"Wolfenbüttel","state_code":"NI","country_code":"DE"}},{"type":"Feature","geometry":{"type":"Point","coordinates":[10.7815,52.42452]},"properties":{"id":30385,"name":"Wolfsburg","state_code":"NI","country_code":"DE"}},{"type":"Feature","geometry":{"type":"Point","coordinates":[9.23333,52.41667]},"properties":{"id":30442,"name":"Wölpinghausen","state_code":"NI","country_code":"DE"}},{"type":"Feature","geometry":{"type":"Point","coordinates":[10.93878,52.19098]},"properties":{"id":30399,"name":"Wolsdorf","state_code":"NI","country_code":"DE"}},{"type":"Feature","geometry":{"type":"Point","coordinates":[11.21667,52.95]},"properties":{"id":30401,"name":"Woltersdorf","state_code":"NI","country_code":"DE"}},{"type":"Feature","geometry":{"type":"Point","coordinates":[8.93333,53.21667]},"properties":{"id":30407,"name":"Worpswede","state_code":"NI","country_code":"DE"}},{"type":"Feature","geometry":{"type":"Point","coordinates":[8.51667,53.65]},"properties":{"id":30408,"name":"Wremen","state_code":"NI","country_code":"DE"}},{"type":"Feature","geometry":{"type":"Point","coordinates":[10.57494,52.90435]},"properties":{"id":30409,"name":"Wrestedt","state_code":"NI","country_code":"DE"}},{"type":"Feature","geometry":{"type":"Point","coordinates":[10.29848,53.0313]},"properties":{"id":30410,"name":"Wriedel","state_code":"NI","country_code":"DE"}},{"type":"Feature","geometry":{"type":"Point","coordinates":[10.15,53.3]},"properties":{"id":30414,"name":"Wulfsen","state_code":"NI","country_code":"DE"}},{"type":"Feature","geometry":{"type":"Point","coordinates":[10.17437,51.65999]},"properties":{"id":30415,"name":"Wulften","state_code":"NI","country_code":"DE"}},{"type":"Feature","geometry":{"type":"Point","coordinates":[8.66667,53.31667]},"properties":{"id":30417,"name":"Wulsbüttel","state_code":"NI","country_code":"DE"}},{"type":"Feature","geometry":{"type":"Point","coordinates":[9.43585,52.42377]},"properties":{"id":30419,"name":"Wunstorf","state_code":"NI","country_code":"DE"}},{"type":"Feature","geometry":{"type":"Point","coordinates":[11.12846,52.9237]},"properties":{"id":30432,"name":"Wustrow","state_code":"NI","country_code":"DE"}},{"type":"Feature","geometry":{"type":"Point","coordinates":[10.88325,53.06845]},"properties":{"id":30496,"name":"Zernien","state_code":"NI","country_code":"DE"}},{"type":"Feature","geometry":{"type":"Point","coordinates":[7.98333,53.41667]},"properties":{"id":30497,"name":"Zetel","state_code":"NI","country_code":"DE"}},{"type":"Feature","geometry":{"type":"Point","coordinates":[9.27685,53.29657]},"properties":{"id":30500,"name":"Zeven","state_code":"NI","country_code":"DE"}},{"type":"Feature","geometry":{"type":"Point","coordinates":[10.63333,51.63333]},"properties":{"id":30514,"name":"Zorge","state_code":"NI","country_code":"DE"}}]}