{"type":"FeatureCollection","features":[{"type":"Feature","geometry":{"type":"Point","coordinates":[6.6,49.78333]},"properties":{"id":23462,"name":"Aach","state_code":"RP","country_code":"DE"}},{"type":"Feature","geometry":{"type":"Point","coordinates":[6.93291,50.38238]},"properties":{"id":23486,"name":"Adenau","state_code":"RP","country_code":"DE"}},{"type":"Feature","geometry":{"type":"Point","coordinates":[6.98804,50.48225]},"properties":{"id":23512,"name":"Ahrbrück","state_code":"RP","country_code":"DE"}},{"type":"Feature","geometry":{"type":"Point","coordinates":[8.03,49.21917]},"properties":{"id":23535,"name":"Albersweiler","state_code":"RP","country_code":"DE"}},{"type":"Feature","geometry":{"type":"Point","coordinates":[8.12139,49.77361]},"properties":{"id":23538,"name":"Albig","state_code":"RP","country_code":"DE"}},{"type":"Feature","geometry":{"type":"Point","coordinates":[8.09442,49.64941]},"properties":{"id":23539,"name":"Albisheim","state_code":"RP","country_code":"DE"}},{"type":"Feature","geometry":{"type":"Point","coordinates":[7.86667,50.63333]},"properties":{"id":23565,"name":"Alpenrod","state_code":"RP","country_code":"DE"}},{"type":"Feature","geometry":{"type":"Point","coordinates":[7.88562,50.77736]},"properties":{"id":23569,"name":"Alsdorf","state_code":"RP","country_code":"DE"}},{"type":"Feature","geometry":{"type":"Point","coordinates":[7.81667,49.71667]},"properties":{"id":23570,"name":"Alsenz","state_code":"RP","country_code":"DE"}},{"type":"Feature","geometry":{"type":"Point","coordinates":[8.34028,49.76806]},"properties":{"id":23572,"name":"Alsheim","state_code":"RP","country_code":"DE"}},{"type":"Feature","geometry":{"type":"Point","coordinates":[6.99206,50.51694]},"properties":{"id":23590,"name":"Altenahr","state_code":"RP","country_code":"DE"}},{"type":"Feature","geometry":{"type":"Point","coordinates":[7.98333,50.36667]},"properties":{"id":23598,"name":"Altendiez","state_code":"RP","country_code":"DE"}},{"type":"Feature","geometry":{"type":"Point","coordinates":[7.46667,49.55]},"properties":{"id":23601,"name":"Altenglan","state_code":"RP","country_code":"DE"}},{"type":"Feature","geometry":{"type":"Point","coordinates":[7.64176,50.68594]},"properties":{"id":23605,"name":"Altenkirchen","state_code":"RP","country_code":"DE"}},{"type":"Feature","geometry":{"type":"Point","coordinates":[8.07333,49.5075]},"properties":{"id":23627,"name":"Altleiningen","state_code":"RP","country_code":"DE"}},{"type":"Feature","geometry":{"type":"Point","coordinates":[6.91217,49.95701]},"properties":{"id":23632,"name":"Altrich","state_code":"RP","country_code":"DE"}},{"type":"Feature","geometry":{"type":"Point","coordinates":[8.49472,49.43556]},"properties":{"id":23633,"name":"Altrip","state_code":"RP","country_code":"DE"}},{"type":"Feature","geometry":{"type":"Point","coordinates":[8.11513,49.74657]},"properties":{"id":23642,"name":"Alzey","state_code":"RP","country_code":"DE"}},{"type":"Feature","geometry":{"type":"Point","coordinates":[7.40425,50.43109]},"properties":{"id":23654,"name":"Andernach","state_code":"RP","country_code":"DE"}},{"type":"Feature","geometry":{"type":"Point","coordinates":[7.55,50.5]},"properties":{"id":23658,"name":"Anhausen","state_code":"RP","country_code":"DE"}},{"type":"Feature","geometry":{"type":"Point","coordinates":[7.97527,49.20613]},"properties":{"id":23663,"name":"Annweiler am Trifels","state_code":"RP","country_code":"DE"}},{"type":"Feature","geometry":{"type":"Point","coordinates":[8.03333,49.93]},"properties":{"id":23678,"name":"Appenheim","state_code":"RP","country_code":"DE"}},{"type":"Feature","geometry":{"type":"Point","coordinates":[7.6,49.96667]},"properties":{"id":23682,"name":"Argenthal","state_code":"RP","country_code":"DE"}},{"type":"Feature","geometry":{"type":"Point","coordinates":[8.05667,49.80972]},"properties":{"id":23683,"name":"Armsheim","state_code":"RP","country_code":"DE"}},{"type":"Feature","geometry":{"type":"Point","coordinates":[7.74948,50.37902]},"properties":{"id":23695,"name":"Arzbach","state_code":"RP","country_code":"DE"}},{"type":"Feature","geometry":{"type":"Point","coordinates":[6.27069,50.08957]},"properties":{"id":23698,"name":"Arzfeld","state_code":"RP","country_code":"DE"}},{"type":"Feature","geometry":{"type":"Point","coordinates":[7.41667,50.66667]},"properties":{"id":23699,"name":"Asbach","state_code":"RP","country_code":"DE"}},{"type":"Feature","geometry":{"type":"Point","coordinates":[6.55,49.63333]},"properties":{"id":23746,"name":"Ayl","state_code":"RP","country_code":"DE"}},{"type":"Feature","geometry":{"type":"Point","coordinates":[7.76948,50.05725]},"properties":{"id":23756,"name":"Bacharach","state_code":"RP","country_code":"DE"}},{"type":"Feature","geometry":{"type":"Point","coordinates":[8.00092,49.10245]},"properties":{"id":23766,"name":"Bad Bergzabern","state_code":"RP","country_code":"DE"}},{"type":"Feature","geometry":{"type":"Point","coordinates":[7.28861,50.50523]},"properties":{"id":23777,"name":"Bad Breisig","state_code":"RP","country_code":"DE"}},{"type":"Feature","geometry":{"type":"Point","coordinates":[8.17236,49.4618]},"properties":{"id":23785,"name":"Bad Dürkheim","state_code":"RP","country_code":"DE"}},{"type":"Feature","geometry":{"type":"Point","coordinates":[7.71369,50.33544]},"properties":{"id":23790,"name":"Bad Ems","state_code":"RP","country_code":"DE"}},{"type":"Feature","geometry":{"type":"Point","coordinates":[7.31195,50.51689]},"properties":{"id":23810,"name":"Bad Hönningen","state_code":"RP","country_code":"DE"}},{"type":"Feature","geometry":{"type":"Point","coordinates":[7.86713,49.8414]},"properties":{"id":23817,"name":"Bad Kreuznach","state_code":"RP","country_code":"DE"}},{"type":"Feature","geometry":{"type":"Point","coordinates":[7.94958,50.64947]},"properties":{"id":23833,"name":"Bad Marienberg","state_code":"RP","country_code":"DE"}},{"type":"Feature","geometry":{"type":"Point","coordinates":[7.84523,49.81159]},"properties":{"id":23838,"name":"Bad Münster am Stein-Ebernburg","state_code":"RP","country_code":"DE"}},{"type":"Feature","geometry":{"type":"Point","coordinates":[7.1113,50.54322]},"properties":{"id":23842,"name":"Bad Neuenahr-Ahrweiler","state_code":"RP","country_code":"DE"}},{"type":"Feature","geometry":{"type":"Point","coordinates":[6.61667,50]},"properties":{"id":23894,"name":"Badem","state_code":"RP","country_code":"DE"}},{"type":"Feature","geometry":{"type":"Point","coordinates":[7.61667,49.38333]},"properties":{"id":23920,"name":"Bann","state_code":"RP","country_code":"DE"}},{"type":"Feature","geometry":{"type":"Point","coordinates":[7.45961,50.3582]},"properties":{"id":23952,"name":"Bassenheim","state_code":"RP","country_code":"DE"}},{"type":"Feature","geometry":{"type":"Point","coordinates":[7.33381,49.61738]},"properties":{"id":23958,"name":"Baumholder","state_code":"RP","country_code":"DE"}},{"type":"Feature","geometry":{"type":"Point","coordinates":[7,50.01667]},"properties":{"id":23962,"name":"Bausendorf","state_code":"RP","country_code":"DE"}},{"type":"Feature","geometry":{"type":"Point","coordinates":[7.4,49.35]},"properties":{"id":23972,"name":"Bechhofen","state_code":"RP","country_code":"DE"}},{"type":"Feature","geometry":{"type":"Point","coordinates":[8.29222,49.72778]},"properties":{"id":23973,"name":"Bechtheim","state_code":"RP","country_code":"DE"}},{"type":"Feature","geometry":{"type":"Point","coordinates":[8.19389,49.80417]},"properties":{"id":23974,"name":"Bechtolsheim","state_code":"RP","country_code":"DE"}},{"type":"Feature","geometry":{"type":"Point","coordinates":[8.31944,49.56056]},"properties":{"id":23997,"name":"Beindersheim","state_code":"RP","country_code":"DE"}},{"type":"Feature","geometry":{"type":"Point","coordinates":[7.41515,50.06139]},"properties":{"id":24000,"name":"Bell","state_code":"RP","country_code":"DE"}},{"type":"Feature","geometry":{"type":"Point","coordinates":[8.27944,49.19833]},"properties":{"id":24003,"name":"Bellheim","state_code":"RP","country_code":"DE"}},{"type":"Feature","geometry":{"type":"Point","coordinates":[7.46208,50.10606]},"properties":{"id":24005,"name":"Beltheim","state_code":"RP","country_code":"DE"}},{"type":"Feature","geometry":{"type":"Point","coordinates":[7.57924,50.42289]},"properties":{"id":24008,"name":"Bendorf","state_code":"RP","country_code":"DE"}},{"type":"Feature","geometry":{"type":"Point","coordinates":[8.20232,48.98403]},"properties":{"id":24026,"name":"Berg","state_code":"RP","country_code":"DE"}},{"type":"Feature","geometry":{"type":"Point","coordinates":[7.07664,49.91602]},"properties":{"id":24067,"name":"Bernkastel-Kues","state_code":"RP","country_code":"DE"}},{"type":"Feature","geometry":{"type":"Point","coordinates":[6.4016,49.94211]},"properties":{"id":24082,"name":"Bettingen","state_code":"RP","country_code":"DE"}},{"type":"Feature","geometry":{"type":"Point","coordinates":[7.87189,50.79094]},"properties":{"id":24083,"name":"Betzdorf","state_code":"RP","country_code":"DE"}},{"type":"Feature","geometry":{"type":"Point","coordinates":[8.09056,49.13667]},"properties":{"id":24119,"name":"Billigheim-Ingenheim","state_code":"RP","country_code":"DE"}},{"type":"Feature","geometry":{"type":"Point","coordinates":[7.8992,49.96675]},"properties":{"id":24124,"name":"Bingen am Rhein","state_code":"RP","country_code":"DE"}},{"type":"Feature","geometry":{"type":"Point","coordinates":[6.71667,49.96667]},"properties":{"id":24126,"name":"Binsfeld","state_code":"RP","country_code":"DE"}},{"type":"Feature","geometry":{"type":"Point","coordinates":[7.73333,50.81667]},"properties":{"id":24132,"name":"Birken-Honigsessen","state_code":"RP","country_code":"DE"}},{"type":"Feature","geometry":{"type":"Point","coordinates":[7.16668,49.65245]},"properties":{"id":24135,"name":"Birkenfeld","state_code":"RP","country_code":"DE"}},{"type":"Feature","geometry":{"type":"Point","coordinates":[8.26194,49.48139]},"properties":{"id":24137,"name":"Birkenheide","state_code":"RP","country_code":"DE"}},{"type":"Feature","geometry":{"type":"Point","coordinates":[8.00273,50.35815]},"properties":{"id":24139,"name":"Birlenbach","state_code":"RP","country_code":"DE"}},{"type":"Feature","geometry":{"type":"Point","coordinates":[6.63333,50.18333]},"properties":{"id":24140,"name":"Birresborn","state_code":"RP","country_code":"DE"}},{"type":"Feature","geometry":{"type":"Point","coordinates":[6.52734,49.96794]},"properties":{"id":24159,"name":"Bitburg","state_code":"RP","country_code":"DE"}},{"type":"Feature","geometry":{"type":"Point","coordinates":[7.30214,50.03898]},"properties":{"id":24171,"name":"Blankenrath","state_code":"RP","country_code":"DE"}},{"type":"Feature","geometry":{"type":"Point","coordinates":[6.28333,50.23333]},"properties":{"id":24176,"name":"Bleialf","state_code":"RP","country_code":"DE"}},{"type":"Feature","geometry":{"type":"Point","coordinates":[8.35778,49.5875]},"properties":{"id":24189,"name":"Bobenheim-Roxheim","state_code":"RP","country_code":"DE"}},{"type":"Feature","geometry":{"type":"Point","coordinates":[7.68333,49.83333]},"properties":{"id":24197,"name":"Bockenau","state_code":"RP","country_code":"DE"}},{"type":"Feature","geometry":{"type":"Point","coordinates":[8.18486,49.60669]},"properties":{"id":24199,"name":"Bockenheim","state_code":"RP","country_code":"DE"}},{"type":"Feature","geometry":{"type":"Point","coordinates":[8.32,49.93528]},"properties":{"id":24205,"name":"Bodenheim","state_code":"RP","country_code":"DE"}},{"type":"Feature","geometry":{"type":"Point","coordinates":[8.30389,49.38056]},"properties":{"id":24465,"name":"Böhl-Iggelheim","state_code":"RP","country_code":"DE"}},{"type":"Feature","geometry":{"type":"Point","coordinates":[8.01194,49.63917]},"properties":{"id":24221,"name":"Bolanden","state_code":"RP","country_code":"DE"}},{"type":"Feature","geometry":{"type":"Point","coordinates":[6.35795,49.85268]},"properties":{"id":24224,"name":"Bollendorf","state_code":"RP","country_code":"DE"}},{"type":"Feature","geometry":{"type":"Point","coordinates":[7.48932,50.52388]},"properties":{"id":24230,"name":"Bonefeld","state_code":"RP","country_code":"DE"}},{"type":"Feature","geometry":{"type":"Point","coordinates":[7.58992,50.23085]},"properties":{"id":24237,"name":"Boppard","state_code":"RP","country_code":"DE"}},{"type":"Feature","geometry":{"type":"Point","coordinates":[8.16333,49.2225]},"properties":{"id":24252,"name":"Bornheim","state_code":"RP","country_code":"DE"}},{"type":"Feature","geometry":{"type":"Point","coordinates":[7.7658,50.12687]},"properties":{"id":24255,"name":"Bornich","state_code":"RP","country_code":"DE"}},{"type":"Feature","geometry":{"type":"Point","coordinates":[7.93333,50.81667]},"properties":{"id":24269,"name":"Brachbach","state_code":"RP","country_code":"DE"}},{"type":"Feature","geometry":{"type":"Point","coordinates":[7.64508,50.2736]},"properties":{"id":24285,"name":"Braubach","state_code":"RP","country_code":"DE"}},{"type":"Feature","geometry":{"type":"Point","coordinates":[6.98127,49.90583]},"properties":{"id":24286,"name":"Brauneberg","state_code":"RP","country_code":"DE"}},{"type":"Feature","geometry":{"type":"Point","coordinates":[7.65,50.75]},"properties":{"id":24316,"name":"Breitscheidt","state_code":"RP","country_code":"DE"}},{"type":"Feature","geometry":{"type":"Point","coordinates":[7.89653,49.87796]},"properties":{"id":24326,"name":"Bretzenheim","state_code":"RP","country_code":"DE"}},{"type":"Feature","geometry":{"type":"Point","coordinates":[7.62645,50.27253]},"properties":{"id":24329,"name":"Brey","state_code":"RP","country_code":"DE"}},{"type":"Feature","geometry":{"type":"Point","coordinates":[7.15,50.01667]},"properties":{"id":24330,"name":"Briedel","state_code":"RP","country_code":"DE"}},{"type":"Feature","geometry":{"type":"Point","coordinates":[7.32908,50.48296]},"properties":{"id":24342,"name":"Brohl-Lützing","state_code":"RP","country_code":"DE"}},{"type":"Feature","geometry":{"type":"Point","coordinates":[7.43333,49.38333]},"properties":{"id":24350,"name":"Bruchmühlbach-Miesau","state_code":"RP","country_code":"DE"}},{"type":"Feature","geometry":{"type":"Point","coordinates":[7.8,49.11667]},"properties":{"id":24352,"name":"Bruchweiler-Bärenbach","state_code":"RP","country_code":"DE"}},{"type":"Feature","geometry":{"type":"Point","coordinates":[7.35998,49.43174]},"properties":{"id":24366,"name":"Brücken","state_code":"RP","country_code":"DE"}},{"type":"Feature","geometry":{"type":"Point","coordinates":[7.23333,50.13333]},"properties":{"id":24363,"name":"Bruttig-Fankel","state_code":"RP","country_code":"DE"}},{"type":"Feature","geometry":{"type":"Point","coordinates":[7.08318,50.17289]},"properties":{"id":24485,"name":"Büchel","state_code":"RP","country_code":"DE"}},{"type":"Feature","geometry":{"type":"Point","coordinates":[7.27999,49.92097]},"properties":{"id":24488,"name":"Büchenbeuren","state_code":"RP","country_code":"DE"}},{"type":"Feature","geometry":{"type":"Point","coordinates":[8.16667,50.01667]},"properties":{"id":24398,"name":"Budenheim","state_code":"RP","country_code":"DE"}},{"type":"Feature","geometry":{"type":"Point","coordinates":[7.1373,50.05448]},"properties":{"id":24401,"name":"Bullay","state_code":"RP","country_code":"DE"}},{"type":"Feature","geometry":{"type":"Point","coordinates":[7.37826,49.8428]},"properties":{"id":24403,"name":"Bundenbach","state_code":"RP","country_code":"DE"}},{"type":"Feature","geometry":{"type":"Point","coordinates":[7.80839,49.09549]},"properties":{"id":24404,"name":"Bundenthal","state_code":"RP","country_code":"DE"}},{"type":"Feature","geometry":{"type":"Point","coordinates":[7.2772,50.45463]},"properties":{"id":24414,"name":"Burgbrohl","state_code":"RP","country_code":"DE"}},{"type":"Feature","geometry":{"type":"Point","coordinates":[8.08333,50.28333]},"properties":{"id":24431,"name":"Burgschwalbach","state_code":"RP","country_code":"DE"}},{"type":"Feature","geometry":{"type":"Point","coordinates":[7.8293,49.13024]},"properties":{"id":24448,"name":"Busenberg","state_code":"RP","country_code":"DE"}},{"type":"Feature","geometry":{"type":"Point","coordinates":[8.04167,49.50389]},"properties":{"id":24523,"name":"Carlsberg","state_code":"RP","country_code":"DE"}},{"type":"Feature","geometry":{"type":"Point","coordinates":[7.6773,49.26075]},"properties":{"id":24537,"name":"Clausen","state_code":"RP","country_code":"DE"}},{"type":"Feature","geometry":{"type":"Point","coordinates":[7.16379,50.14511]},"properties":{"id":24545,"name":"Cochem","state_code":"RP","country_code":"DE"}},{"type":"Feature","geometry":{"type":"Point","coordinates":[7.43333,49.25]},"properties":{"id":24551,"name":"Contwig","state_code":"RP","country_code":"DE"}},{"type":"Feature","geometry":{"type":"Point","coordinates":[7.96667,50.73333]},"properties":{"id":24572,"name":"Daaden","state_code":"RP","country_code":"DE"}},{"type":"Feature","geometry":{"type":"Point","coordinates":[7.72725,50.25415]},"properties":{"id":24575,"name":"Dachsenhausen","state_code":"RP","country_code":"DE"}},{"type":"Feature","geometry":{"type":"Point","coordinates":[7.77843,49.15098]},"properties":{"id":24584,"name":"Dahn","state_code":"RP","country_code":"DE"}},{"type":"Feature","geometry":{"type":"Point","coordinates":[8.29528,49.82667]},"properties":{"id":24586,"name":"Dalheim","state_code":"RP","country_code":"DE"}},{"type":"Feature","geometry":{"type":"Point","coordinates":[8.30861,49.44028]},"properties":{"id":24594,"name":"Dannstadt-Schauernheim","state_code":"RP","country_code":"DE"}},{"type":"Feature","geometry":{"type":"Point","coordinates":[7.29393,50.55362]},"properties":{"id":24603,"name":"Dattenberg","state_code":"RP","country_code":"DE"}},{"type":"Feature","geometry":{"type":"Point","coordinates":[6.82942,50.19716]},"properties":{"id":24605,"name":"Daun","state_code":"RP","country_code":"DE"}},{"type":"Feature","geometry":{"type":"Point","coordinates":[7.76667,50.33333]},"properties":{"id":24606,"name":"Dausenau","state_code":"RP","country_code":"DE"}},{"type":"Feature","geometry":{"type":"Point","coordinates":[8.18445,49.40782]},"properties":{"id":24613,"name":"Deidesheim","state_code":"RP","country_code":"DE"}},{"type":"Feature","geometry":{"type":"Point","coordinates":[7.47399,49.23397]},"properties":{"id":24624,"name":"Dellfeld","state_code":"RP","country_code":"DE"}},{"type":"Feature","geometry":{"type":"Point","coordinates":[7.05,50.53333]},"properties":{"id":24638,"name":"Dernau","state_code":"RP","country_code":"DE"}},{"type":"Feature","geometry":{"type":"Point","coordinates":[7.79003,50.45551]},"properties":{"id":24639,"name":"Dernbach","state_code":"RP","country_code":"DE"}},{"type":"Feature","geometry":{"type":"Point","coordinates":[7.98333,50.71667]},"properties":{"id":24640,"name":"Derschen","state_code":"RP","country_code":"DE"}},{"type":"Feature","geometry":{"type":"Point","coordinates":[8.31667,49.84722]},"properties":{"id":24661,"name":"Dexheim","state_code":"RP","country_code":"DE"}},{"type":"Feature","geometry":{"type":"Point","coordinates":[7.47185,50.31396]},"properties":{"id":24664,"name":"Dieblich","state_code":"RP","country_code":"DE"}},{"type":"Feature","geometry":{"type":"Point","coordinates":[8.34972,49.83722]},"properties":{"id":24669,"name":"Dienheim","state_code":"RP","country_code":"DE"}},{"type":"Feature","geometry":{"type":"Point","coordinates":[7.65271,50.54647]},"properties":{"id":24671,"name":"Dierdorf","state_code":"RP","country_code":"DE"}},{"type":"Feature","geometry":{"type":"Point","coordinates":[8.00735,50.37419]},"properties":{"id":24687,"name":"Diez","state_code":"RP","country_code":"DE"}},{"type":"Feature","geometry":{"type":"Point","coordinates":[8.24472,49.56333]},"properties":{"id":24703,"name":"Dirmstein","state_code":"RP","country_code":"DE"}},{"type":"Feature","geometry":{"type":"Point","coordinates":[8.23694,49.74389]},"properties":{"id":24708,"name":"Dittelsheim-Heßloch","state_code":"RP","country_code":"DE"}},{"type":"Feature","geometry":{"type":"Point","coordinates":[7.4,50.15]},"properties":{"id":24726,"name":"Dommershausen","state_code":"RP","country_code":"DE"}},{"type":"Feature","geometry":{"type":"Point","coordinates":[7.9614,49.08972]},"properties":{"id":24801,"name":"Dörrenbach","state_code":"RP","country_code":"DE"}},{"type":"Feature","geometry":{"type":"Point","coordinates":[7.95,50.43333]},"properties":{"id":24762,"name":"Dreikirchen","state_code":"RP","country_code":"DE"}},{"type":"Feature","geometry":{"type":"Point","coordinates":[6.81845,49.9409]},"properties":{"id":24763,"name":"Dreis","state_code":"RP","country_code":"DE"}},{"type":"Feature","geometry":{"type":"Point","coordinates":[8.01056,49.60333]},"properties":{"id":24764,"name":"Dreisen","state_code":"RP","country_code":"DE"}},{"type":"Feature","geometry":{"type":"Point","coordinates":[6.63724,49.97494]},"properties":{"id":24775,"name":"Dudeldorf","state_code":"RP","country_code":"DE"}},{"type":"Feature","geometry":{"type":"Point","coordinates":[8.38861,49.31861]},"properties":{"id":24776,"name":"Dudenhofen","state_code":"RP","country_code":"DE"}},{"type":"Feature","geometry":{"type":"Point","coordinates":[7.16523,50.26062]},"properties":{"id":24807,"name":"Düngenheim","state_code":"RP","country_code":"DE"}},{"type":"Feature","geometry":{"type":"Point","coordinates":[7.77,50.47278]},"properties":{"id":24831,"name":"Ebernhahn","state_code":"RP","country_code":"DE"}},{"type":"Feature","geometry":{"type":"Point","coordinates":[8.10861,49.56833]},"properties":{"id":24840,"name":"Ebertsheim","state_code":"RP","country_code":"DE"}},{"type":"Feature","geometry":{"type":"Point","coordinates":[8.12714,49.28393]},"properties":{"id":24855,"name":"Edenkoben","state_code":"RP","country_code":"DE"}},{"type":"Feature","geometry":{"type":"Point","coordinates":[8.135,49.26333]},"properties":{"id":24858,"name":"Edesheim","state_code":"RP","country_code":"DE"}},{"type":"Feature","geometry":{"type":"Point","coordinates":[7.15,50.11667]},"properties":{"id":24860,"name":"Ediger-Eller","state_code":"RP","country_code":"DE"}},{"type":"Feature","geometry":{"type":"Point","coordinates":[7.46655,50.51448]},"properties":{"id":24890,"name":"Ehlscheid","state_code":"RP","country_code":"DE"}},{"type":"Feature","geometry":{"type":"Point","coordinates":[8.07199,49.55859]},"properties":{"id":24927,"name":"Eisenberg","state_code":"RP","country_code":"DE"}},{"type":"Feature","geometry":{"type":"Point","coordinates":[7.72333,50.37806]},"properties":{"id":24935,"name":"Eitelborn","state_code":"RP","country_code":"DE"}},{"type":"Feature","geometry":{"type":"Point","coordinates":[7.88333,50.73333]},"properties":{"id":24945,"name":"Elkenroth","state_code":"RP","country_code":"DE"}},{"type":"Feature","geometry":{"type":"Point","coordinates":[8.25944,49.46167]},"properties":{"id":24951,"name":"Ellerstadt","state_code":"RP","country_code":"DE"}},{"type":"Feature","geometry":{"type":"Point","coordinates":[7.93333,49.36667]},"properties":{"id":24961,"name":"Elmstein","state_code":"RP","country_code":"DE"}},{"type":"Feature","geometry":{"type":"Point","coordinates":[7.55185,50.15484]},"properties":{"id":24987,"name":"Emmelshausen","state_code":"RP","country_code":"DE"}},{"type":"Feature","geometry":{"type":"Point","coordinates":[7.9,49.48333]},"properties":{"id":25008,"name":"Enkenbach-Alsenborn","state_code":"RP","country_code":"DE"}},{"type":"Feature","geometry":{"type":"Point","coordinates":[7.12997,49.98434]},"properties":{"id":25009,"name":"Enkirch","state_code":"RP","country_code":"DE"}},{"type":"Feature","geometry":{"type":"Point","coordinates":[8.16528,49.70556]},"properties":{"id":25020,"name":"Eppelsheim","state_code":"RP","country_code":"DE"}},{"type":"Feature","geometry":{"type":"Point","coordinates":[7.56667,49.11667]},"properties":{"id":25021,"name":"Eppenbrunn","state_code":"RP","country_code":"DE"}},{"type":"Feature","geometry":{"type":"Point","coordinates":[8.03139,49.75444]},"properties":{"id":25030,"name":"Erbes-Büdesheim","state_code":"RP","country_code":"DE"}},{"type":"Feature","geometry":{"type":"Point","coordinates":[7.81231,49.15712]},"properties":{"id":25039,"name":"Erfweiler","state_code":"RP","country_code":"DE"}},{"type":"Feature","geometry":{"type":"Point","coordinates":[7.23333,50.58333]},"properties":{"id":25067,"name":"Erpel","state_code":"RP","country_code":"DE"}},{"type":"Feature","geometry":{"type":"Point","coordinates":[8.22472,49.48917]},"properties":{"id":25068,"name":"Erpolzheim","state_code":"RP","country_code":"DE"}},{"type":"Feature","geometry":{"type":"Point","coordinates":[8.15556,49.93056]},"properties":{"id":25097,"name":"Essenheim","state_code":"RP","country_code":"DE"}},{"type":"Feature","geometry":{"type":"Point","coordinates":[8.17472,49.23583]},"properties":{"id":25100,"name":"Essingen","state_code":"RP","country_code":"DE"}},{"type":"Feature","geometry":{"type":"Point","coordinates":[7.98333,49.38333]},"properties":{"id":25104,"name":"Esthal","state_code":"RP","country_code":"DE"}},{"type":"Feature","geometry":{"type":"Point","coordinates":[7.21667,50.35]},"properties":{"id":25108,"name":"Ettringen","state_code":"RP","country_code":"DE"}},{"type":"Feature","geometry":{"type":"Point","coordinates":[7.688,50.77831]},"properties":{"id":25110,"name":"Etzbach","state_code":"RP","country_code":"DE"}},{"type":"Feature","geometry":{"type":"Point","coordinates":[7.68333,50.33333]},"properties":{"id":25125,"name":"Fachbach","state_code":"RP","country_code":"DE"}},{"type":"Feature","geometry":{"type":"Point","coordinates":[7.11951,50.14454]},"properties":{"id":25130,"name":"Faid","state_code":"RP","country_code":"DE"}},{"type":"Feature","geometry":{"type":"Point","coordinates":[7.8,49.76667]},"properties":{"id":25150,"name":"Feilbingert","state_code":"RP","country_code":"DE"}},{"type":"Feature","geometry":{"type":"Point","coordinates":[6.78333,49.76667]},"properties":{"id":25158,"name":"Fell","state_code":"RP","country_code":"DE"}},{"type":"Feature","geometry":{"type":"Point","coordinates":[7.7116,49.08771]},"properties":{"id":25179,"name":"Fischbach","state_code":"RP","country_code":"DE"}},{"type":"Feature","geometry":{"type":"Point","coordinates":[8.05028,50.34528]},"properties":{"id":25183,"name":"Flacht","state_code":"RP","country_code":"DE"}},{"type":"Feature","geometry":{"type":"Point","coordinates":[7.52713,50.64711]},"properties":{"id":25185,"name":"Flammersfeld","state_code":"RP","country_code":"DE"}},{"type":"Feature","geometry":{"type":"Point","coordinates":[8.14917,49.69056]},"properties":{"id":25194,"name":"Flomborn","state_code":"RP","country_code":"DE"}},{"type":"Feature","geometry":{"type":"Point","coordinates":[8.04,49.785]},"properties":{"id":25195,"name":"Flonheim","state_code":"RP","country_code":"DE"}},{"type":"Feature","geometry":{"type":"Point","coordinates":[6.7648,49.85929]},"properties":{"id":25321,"name":"Föhren","state_code":"RP","country_code":"DE"}},{"type":"Feature","geometry":{"type":"Point","coordinates":[8.17417,49.75806]},"properties":{"id":25210,"name":"Framersheim","state_code":"RP","country_code":"DE"}},{"type":"Feature","geometry":{"type":"Point","coordinates":[7.97744,49.44015]},"properties":{"id":25217,"name":"Frankenstein","state_code":"RP","country_code":"DE"}},{"type":"Feature","geometry":{"type":"Point","coordinates":[8.35357,49.53414]},"properties":{"id":25218,"name":"Frankenthal","state_code":"RP","country_code":"DE"}},{"type":"Feature","geometry":{"type":"Point","coordinates":[8.11389,49.065]},"properties":{"id":25235,"name":"Freckenfeld","state_code":"RP","country_code":"DE"}},{"type":"Feature","geometry":{"type":"Point","coordinates":[7.9,49.8]},"properties":{"id":25237,"name":"Frei-Laubersheim","state_code":"RP","country_code":"DE"}},{"type":"Feature","geometry":{"type":"Point","coordinates":[8.21186,49.50649]},"properties":{"id":25248,"name":"Freinsheim","state_code":"RP","country_code":"DE"}},{"type":"Feature","geometry":{"type":"Point","coordinates":[8.27194,49.27167]},"properties":{"id":25249,"name":"Freisbach","state_code":"RP","country_code":"DE"}},{"type":"Feature","geometry":{"type":"Point","coordinates":[6.53292,49.54348]},"properties":{"id":25259,"name":"Freudenburg","state_code":"RP","country_code":"DE"}},{"type":"Feature","geometry":{"type":"Point","coordinates":[8.22306,49.44694]},"properties":{"id":25273,"name":"Friedelsheim","state_code":"RP","country_code":"DE"}},{"type":"Feature","geometry":{"type":"Point","coordinates":[7.9604,50.71106]},"properties":{"id":25280,"name":"Friedewald","state_code":"RP","country_code":"DE"}},{"type":"Feature","geometry":{"type":"Point","coordinates":[7.80961,50.90377]},"properties":{"id":25298,"name":"Friesenhagen","state_code":"RP","country_code":"DE"}},{"type":"Feature","geometry":{"type":"Point","coordinates":[7.89264,49.77737]},"properties":{"id":25325,"name":"Fürfeld","state_code":"RP","country_code":"DE"}},{"type":"Feature","geometry":{"type":"Point","coordinates":[7.66667,50.78333]},"properties":{"id":25338,"name":"Fürthen","state_code":"RP","country_code":"DE"}},{"type":"Feature","geometry":{"type":"Point","coordinates":[8.29222,49.46111]},"properties":{"id":25320,"name":"Fußgönheim","state_code":"RP","country_code":"DE"}},{"type":"Feature","geometry":{"type":"Point","coordinates":[8.40377,49.45937]},"properties":{"id":25371,"name":"Gartenstadt","state_code":"RP","country_code":"DE"}},{"type":"Feature","geometry":{"type":"Point","coordinates":[8.01569,49.95669]},"properties":{"id":25378,"name":"Gau-Algesheim","state_code":"RP","country_code":"DE"}},{"type":"Feature","geometry":{"type":"Point","coordinates":[8.02056,49.83528]},"properties":{"id":25379,"name":"Gau-Bickelheim","state_code":"RP","country_code":"DE"}},{"type":"Feature","geometry":{"type":"Point","coordinates":[8.27278,49.91583]},"properties":{"id":25380,"name":"Gau-Bischofsheim","state_code":"RP","country_code":"DE"}},{"type":"Feature","geometry":{"type":"Point","coordinates":[8.19417,49.78472]},"properties":{"id":25381,"name":"Gau-Odernheim","state_code":"RP","country_code":"DE"}},{"type":"Feature","geometry":{"type":"Point","coordinates":[7.81667,50.75]},"properties":{"id":25385,"name":"Gebhardshain","state_code":"RP","country_code":"DE"}},{"type":"Feature","geometry":{"type":"Point","coordinates":[7.4775,49.89444]},"properties":{"id":25422,"name":"Gemünden","state_code":"RP","country_code":"DE"}},{"type":"Feature","geometry":{"type":"Point","coordinates":[7.93333,49.9]},"properties":{"id":25427,"name":"Gensingen","state_code":"RP","country_code":"DE"}},{"type":"Feature","geometry":{"type":"Point","coordinates":[8.36389,49.22306]},"properties":{"id":25446,"name":"Germersheim","state_code":"RP","country_code":"DE"}},{"type":"Feature","geometry":{"type":"Point","coordinates":[8.26389,49.54778]},"properties":{"id":25455,"name":"Gerolsheim","state_code":"RP","country_code":"DE"}},{"type":"Feature","geometry":{"type":"Point","coordinates":[6.65984,50.22224]},"properties":{"id":25456,"name":"Gerolstein","state_code":"RP","country_code":"DE"}},{"type":"Feature","geometry":{"type":"Point","coordinates":[6.90383,50.1279]},"properties":{"id":25490,"name":"Gillenfeld","state_code":"RP","country_code":"DE"}},{"type":"Feature","geometry":{"type":"Point","coordinates":[8.375,49.77778]},"properties":{"id":25493,"name":"Gimbsheim","state_code":"RP","country_code":"DE"}},{"type":"Feature","geometry":{"type":"Point","coordinates":[7.91667,50.45]},"properties":{"id":25497,"name":"Girod","state_code":"RP","country_code":"DE"}},{"type":"Feature","geometry":{"type":"Point","coordinates":[7.44204,49.47222]},"properties":{"id":25501,"name":"Glan-Münchweiler","state_code":"RP","country_code":"DE"}},{"type":"Feature","geometry":{"type":"Point","coordinates":[8.05083,49.595]},"properties":{"id":25777,"name":"Göllheim","state_code":"RP","country_code":"DE"}},{"type":"Feature","geometry":{"type":"Point","coordinates":[8.26583,49.29111]},"properties":{"id":25540,"name":"Gommersheim","state_code":"RP","country_code":"DE"}},{"type":"Feature","geometry":{"type":"Point","coordinates":[7.5,50.15]},"properties":{"id":25542,"name":"Gondershausen","state_code":"RP","country_code":"DE"}},{"type":"Feature","geometry":{"type":"Point","coordinates":[8.23861,49.44806]},"properties":{"id":25778,"name":"Gönnheim","state_code":"RP","country_code":"DE"}},{"type":"Feature","geometry":{"type":"Point","coordinates":[7.93333,49.15]},"properties":{"id":25548,"name":"Gossersweiler-Stein","state_code":"RP","country_code":"DE"}},{"type":"Feature","geometry":{"type":"Point","coordinates":[6.68374,49.56155]},"properties":{"id":25594,"name":"Greimerath","state_code":"RP","country_code":"DE"}},{"type":"Feature","geometry":{"type":"Point","coordinates":[7.4,49.41667]},"properties":{"id":25607,"name":"Gries","state_code":"RP","country_code":"DE"}},{"type":"Feature","geometry":{"type":"Point","coordinates":[7.91599,49.90834]},"properties":{"id":25613,"name":"Grolsheim","state_code":"RP","country_code":"DE"}},{"type":"Feature","geometry":{"type":"Point","coordinates":[7.88333,50.45]},"properties":{"id":25680,"name":"Großholbach","state_code":"RP","country_code":"DE"}},{"type":"Feature","geometry":{"type":"Point","coordinates":[8.22472,49.53833]},"properties":{"id":25681,"name":"Großkarlbach","state_code":"RP","country_code":"DE"}},{"type":"Feature","geometry":{"type":"Point","coordinates":[6.79865,50.02787]},"properties":{"id":25690,"name":"Großlittgen","state_code":"RP","country_code":"DE"}},{"type":"Feature","geometry":{"type":"Point","coordinates":[7.63333,50.5]},"properties":{"id":25691,"name":"Großmaischeid","state_code":"RP","country_code":"DE"}},{"type":"Feature","geometry":{"type":"Point","coordinates":[8.31222,49.57528]},"properties":{"id":25694,"name":"Großniedesheim","state_code":"RP","country_code":"DE"}},{"type":"Feature","geometry":{"type":"Point","coordinates":[8.16279,49.56302]},"properties":{"id":25744,"name":"Grünstadt","state_code":"RP","country_code":"DE"}},{"type":"Feature","geometry":{"type":"Point","coordinates":[8.00726,50.39091]},"properties":{"id":25791,"name":"Gückingen","state_code":"RP","country_code":"DE"}},{"type":"Feature","geometry":{"type":"Point","coordinates":[8.2025,49.69611]},"properties":{"id":25758,"name":"Gundersheim","state_code":"RP","country_code":"DE"}},{"type":"Feature","geometry":{"type":"Point","coordinates":[8.34556,49.7975]},"properties":{"id":25760,"name":"Guntersblum","state_code":"RP","country_code":"DE"}},{"type":"Feature","geometry":{"type":"Point","coordinates":[6.9,49.63333]},"properties":{"id":25762,"name":"Gusenburg","state_code":"RP","country_code":"DE"}},{"type":"Feature","geometry":{"type":"Point","coordinates":[6.71667,49.7]},"properties":{"id":25763,"name":"Gusterath","state_code":"RP","country_code":"DE"}},{"type":"Feature","geometry":{"type":"Point","coordinates":[7.8,49.88333]},"properties":{"id":25766,"name":"Gutenberg","state_code":"RP","country_code":"DE"}},{"type":"Feature","geometry":{"type":"Point","coordinates":[7.82276,50.65998]},"properties":{"id":25810,"name":"Hachenburg","state_code":"RP","country_code":"DE"}},{"type":"Feature","geometry":{"type":"Point","coordinates":[7.89907,49.82524]},"properties":{"id":25811,"name":"Hackenheim","state_code":"RP","country_code":"DE"}},{"type":"Feature","geometry":{"type":"Point","coordinates":[8.25024,49.01734]},"properties":{"id":25820,"name":"Hagenbach","state_code":"RP","country_code":"DE"}},{"type":"Feature","geometry":{"type":"Point","coordinates":[8.23694,49.86083]},"properties":{"id":25826,"name":"Hahnheim","state_code":"RP","country_code":"DE"}},{"type":"Feature","geometry":{"type":"Point","coordinates":[8.06667,50.3]},"properties":{"id":25827,"name":"Hahnstätten","state_code":"RP","country_code":"DE"}},{"type":"Feature","geometry":{"type":"Point","coordinates":[7.55673,50.17174]},"properties":{"id":25859,"name":"Halsenbach","state_code":"RP","country_code":"DE"}},{"type":"Feature","geometry":{"type":"Point","coordinates":[7.67761,50.76531]},"properties":{"id":25874,"name":"Hamm","state_code":"RP","country_code":"DE"}},{"type":"Feature","geometry":{"type":"Point","coordinates":[8.34083,49.31667]},"properties":{"id":25888,"name":"Hanhofen","state_code":"RP","country_code":"DE"}},{"type":"Feature","geometry":{"type":"Point","coordinates":[7.82881,49.8623]},"properties":{"id":25903,"name":"Hargesheim","state_code":"RP","country_code":"DE"}},{"type":"Feature","geometry":{"type":"Point","coordinates":[8.345,49.29417]},"properties":{"id":25915,"name":"Harthausen","state_code":"RP","country_code":"DE"}},{"type":"Feature","geometry":{"type":"Point","coordinates":[8.26417,49.90528]},"properties":{"id":25918,"name":"Harxheim","state_code":"RP","country_code":"DE"}},{"type":"Feature","geometry":{"type":"Point","coordinates":[8.25806,49.36278]},"properties":{"id":25964,"name":"Haßloch","state_code":"RP","country_code":"DE"}},{"type":"Feature","geometry":{"type":"Point","coordinates":[7.76667,50.66667]},"properties":{"id":25939,"name":"Hattert","state_code":"RP","country_code":"DE"}},{"type":"Feature","geometry":{"type":"Point","coordinates":[8.24528,49.11111]},"properties":{"id":25943,"name":"Hatzenbühl","state_code":"RP","country_code":"DE"}},{"type":"Feature","geometry":{"type":"Point","coordinates":[7.85492,49.19211]},"properties":{"id":25945,"name":"Hauenstein","state_code":"RP","country_code":"DE"}},{"type":"Feature","geometry":{"type":"Point","coordinates":[7.48333,49.4]},"properties":{"id":25948,"name":"Hauptstuhl","state_code":"RP","country_code":"DE"}},{"type":"Feature","geometry":{"type":"Point","coordinates":[7.40703,50.54242]},"properties":{"id":25951,"name":"Hausen","state_code":"RP","country_code":"DE"}},{"type":"Feature","geometry":{"type":"Point","coordinates":[8.19537,49.58247]},"properties":{"id":25988,"name":"Heidesheim","state_code":"RP","country_code":"DE"}},{"type":"Feature","geometry":{"type":"Point","coordinates":[7.86667,50.45]},"properties":{"id":25999,"name":"Heiligenroth","state_code":"RP","country_code":"DE"}},{"type":"Feature","geometry":{"type":"Point","coordinates":[7.53333,50.45]},"properties":{"id":26006,"name":"Heimbach","state_code":"RP","country_code":"DE"}},{"type":"Feature","geometry":{"type":"Point","coordinates":[7.98629,50.37933]},"properties":{"id":26018,"name":"Heistenbach","state_code":"RP","country_code":"DE"}},{"type":"Feature","geometry":{"type":"Point","coordinates":[7.81184,50.51028]},"properties":{"id":26022,"name":"Helferskirchen","state_code":"RP","country_code":"DE"}},{"type":"Feature","geometry":{"type":"Point","coordinates":[8.02639,50.61278]},"properties":{"id":26024,"name":"Hellenhahn-Schellenberg","state_code":"RP","country_code":"DE"}},{"type":"Feature","geometry":{"type":"Point","coordinates":[7.71667,49.31667]},"properties":{"id":26035,"name":"Heltersberg","state_code":"RP","country_code":"DE"}},{"type":"Feature","geometry":{"type":"Point","coordinates":[7.43333,49.81667]},"properties":{"id":26053,"name":"Hennweiler","state_code":"RP","country_code":"DE"}},{"type":"Feature","geometry":{"type":"Point","coordinates":[7.95366,50.77704]},"properties":{"id":26064,"name":"Herdorf","state_code":"RP","country_code":"DE"}},{"type":"Feature","geometry":{"type":"Point","coordinates":[6.7,49.95]},"properties":{"id":26068,"name":"Herforst","state_code":"RP","country_code":"DE"}},{"type":"Feature","geometry":{"type":"Point","coordinates":[7.63333,49.31667]},"properties":{"id":26077,"name":"Hermersberg","state_code":"RP","country_code":"DE"}},{"type":"Feature","geometry":{"type":"Point","coordinates":[6.94407,49.65528]},"properties":{"id":26078,"name":"Hermeskeil","state_code":"RP","country_code":"DE"}},{"type":"Feature","geometry":{"type":"Point","coordinates":[7.35,49.48333]},"properties":{"id":26095,"name":"Herschweiler-Pettersheim","state_code":"RP","country_code":"DE"}},{"type":"Feature","geometry":{"type":"Point","coordinates":[8.17917,49.50917]},"properties":{"id":26097,"name":"Herxheim am Berg","state_code":"RP","country_code":"DE"}},{"type":"Feature","geometry":{"type":"Point","coordinates":[8.30778,49.54583]},"properties":{"id":26129,"name":"Heßheim","state_code":"RP","country_code":"DE"}},{"type":"Feature","geometry":{"type":"Point","coordinates":[8.07361,49.53556]},"properties":{"id":26110,"name":"Hettenleidelheim","state_code":"RP","country_code":"DE"}},{"type":"Feature","geometry":{"type":"Point","coordinates":[6.81667,49.88333]},"properties":{"id":26115,"name":"Hetzerath","state_code":"RP","country_code":"DE"}},{"type":"Feature","geometry":{"type":"Point","coordinates":[8.29083,49.56306]},"properties":{"id":26119,"name":"Heuchelheim bei Frankenthal","state_code":"RP","country_code":"DE"}},{"type":"Feature","geometry":{"type":"Point","coordinates":[7.68735,50.45634]},"properties":{"id":26140,"name":"Hilgert","state_code":"RP","country_code":"DE"}},{"type":"Feature","geometry":{"type":"Point","coordinates":[6.66963,50.29177]},"properties":{"id":26144,"name":"Hillesheim","state_code":"RP","country_code":"DE"}},{"type":"Feature","geometry":{"type":"Point","coordinates":[7.69861,50.40639]},"properties":{"id":26145,"name":"Hillscheid","state_code":"RP","country_code":"DE"}},{"type":"Feature","geometry":{"type":"Point","coordinates":[7.75,49.2]},"properties":{"id":26157,"name":"Hinterweidenthal","state_code":"RP","country_code":"DE"}},{"type":"Feature","geometry":{"type":"Point","coordinates":[8.28167,49.41944]},"properties":{"id":26174,"name":"Hochdorf-Assenheim","state_code":"RP","country_code":"DE"}},{"type":"Feature","geometry":{"type":"Point","coordinates":[7.89504,49.44207]},"properties":{"id":26178,"name":"Hochspeyer","state_code":"RP","country_code":"DE"}},{"type":"Feature","geometry":{"type":"Point","coordinates":[8.20889,49.2475]},"properties":{"id":26179,"name":"Hochstadt","state_code":"RP","country_code":"DE"}},{"type":"Feature","geometry":{"type":"Point","coordinates":[7.5,49.8]},"properties":{"id":26181,"name":"Hochstetten-Dhaun","state_code":"RP","country_code":"DE"}},{"type":"Feature","geometry":{"type":"Point","coordinates":[8.01667,50.66667]},"properties":{"id":26184,"name":"Hof","state_code":"RP","country_code":"DE"}},{"type":"Feature","geometry":{"type":"Point","coordinates":[7.60673,49.28966]},"properties":{"id":26307,"name":"Höheinöd","state_code":"RP","country_code":"DE"}},{"type":"Feature","geometry":{"type":"Point","coordinates":[7.55,49.23333]},"properties":{"id":26308,"name":"Höheischweiler","state_code":"RP","country_code":"DE"}},{"type":"Feature","geometry":{"type":"Point","coordinates":[7.98333,50.61667]},"properties":{"id":26311,"name":"Höhn","state_code":"RP","country_code":"DE"}},{"type":"Feature","geometry":{"type":"Point","coordinates":[7.66903,50.43474]},"properties":{"id":26313,"name":"Höhr-Grenzhausen","state_code":"RP","country_code":"DE"}},{"type":"Feature","geometry":{"type":"Point","coordinates":[7.83333,50.41667]},"properties":{"id":26233,"name":"Holler","state_code":"RP","country_code":"DE"}},{"type":"Feature","geometry":{"type":"Point","coordinates":[7.9,50.35]},"properties":{"id":26240,"name":"Holzappel","state_code":"RP","country_code":"DE"}},{"type":"Feature","geometry":{"type":"Point","coordinates":[7.90973,50.21855]},"properties":{"id":26244,"name":"Holzhausen an der Haide","state_code":"RP","country_code":"DE"}},{"type":"Feature","geometry":{"type":"Point","coordinates":[7.2,49.61667]},"properties":{"id":26255,"name":"Hoppstädten-Weiersbach","state_code":"RP","country_code":"DE"}},{"type":"Feature","geometry":{"type":"Point","coordinates":[8.32639,49.16583]},"properties":{"id":26317,"name":"Hördt","state_code":"RP","country_code":"DE"}},{"type":"Feature","geometry":{"type":"Point","coordinates":[7.53028,50.58745]},"properties":{"id":26261,"name":"Horhausen","state_code":"RP","country_code":"DE"}},{"type":"Feature","geometry":{"type":"Point","coordinates":[7.36883,49.18778]},"properties":{"id":26265,"name":"Hornbach","state_code":"RP","country_code":"DE"}},{"type":"Feature","geometry":{"type":"Point","coordinates":[7.8,49.81667]},"properties":{"id":26330,"name":"Hüffelsheim","state_code":"RP","country_code":"DE"}},{"type":"Feature","geometry":{"type":"Point","coordinates":[7.98333,50.45]},"properties":{"id":26288,"name":"Hundsangen","state_code":"RP","country_code":"DE"}},{"type":"Feature","geometry":{"type":"Point","coordinates":[7.48333,49.41667]},"properties":{"id":26342,"name":"Hütschenhausen","state_code":"RP","country_code":"DE"}},{"type":"Feature","geometry":{"type":"Point","coordinates":[7.30776,49.71443]},"properties":{"id":26350,"name":"Idar-Oberstein","state_code":"RP","country_code":"DE"}},{"type":"Feature","geometry":{"type":"Point","coordinates":[6.55498,49.71033]},"properties":{"id":26355,"name":"Igel","state_code":"RP","country_code":"DE"}},{"type":"Feature","geometry":{"type":"Point","coordinates":[8.05363,49.18277]},"properties":{"id":26364,"name":"Ilbesheim","state_code":"RP","country_code":"DE"}},{"type":"Feature","geometry":{"type":"Point","coordinates":[7.88333,49.58333]},"properties":{"id":26385,"name":"Imsbach","state_code":"RP","country_code":"DE"}},{"type":"Feature","geometry":{"type":"Point","coordinates":[8.05883,49.97078]},"properties":{"id":26389,"name":"Ingelheim am Rhein","state_code":"RP","country_code":"DE"}},{"type":"Feature","geometry":{"type":"Point","coordinates":[8.14722,49.15806]},"properties":{"id":26396,"name":"Insheim","state_code":"RP","country_code":"DE"}},{"type":"Feature","geometry":{"type":"Point","coordinates":[6.45705,49.84539]},"properties":{"id":26406,"name":"Irrel","state_code":"RP","country_code":"DE"}},{"type":"Feature","geometry":{"type":"Point","coordinates":[6.69806,49.7262]},"properties":{"id":26407,"name":"Irsch","state_code":"RP","country_code":"DE"}},{"type":"Feature","geometry":{"type":"Point","coordinates":[8.27468,49.09288]},"properties":{"id":26453,"name":"Jockgrim","state_code":"RP","country_code":"DE"}},{"type":"Feature","geometry":{"type":"Point","coordinates":[8.08468,49.89362]},"properties":{"id":26460,"name":"Jugenheim","state_code":"RP","country_code":"DE"}},{"type":"Feature","geometry":{"type":"Point","coordinates":[6.58138,50.34412]},"properties":{"id":26474,"name":"Jünkerath","state_code":"RP","country_code":"DE"}},{"type":"Feature","geometry":{"type":"Point","coordinates":[7.73333,50.38333]},"properties":{"id":26478,"name":"Kadenbach","state_code":"RP","country_code":"DE"}},{"type":"Feature","geometry":{"type":"Point","coordinates":[7.13864,50.23148]},"properties":{"id":26482,"name":"Kaisersesch","state_code":"RP","country_code":"DE"}},{"type":"Feature","geometry":{"type":"Point","coordinates":[7.77161,49.443]},"properties":{"id":26483,"name":"Kaiserslautern","state_code":"RP","country_code":"DE"}},{"type":"Feature","geometry":{"type":"Point","coordinates":[8.17611,49.49083]},"properties":{"id":26494,"name":"Kallstadt","state_code":"RP","country_code":"DE"}},{"type":"Feature","geometry":{"type":"Point","coordinates":[7.55,50.41667]},"properties":{"id":26495,"name":"Kaltenengers","state_code":"RP","country_code":"DE"}},{"type":"Feature","geometry":{"type":"Point","coordinates":[7.62364,50.22282]},"properties":{"id":26502,"name":"Kamp-Bornhofen","state_code":"RP","country_code":"DE"}},{"type":"Feature","geometry":{"type":"Point","coordinates":[8.1972,49.08277]},"properties":{"id":26505,"name":"Kandel","state_code":"RP","country_code":"DE"}},{"type":"Feature","geometry":{"type":"Point","coordinates":[8.02167,49.04389]},"properties":{"id":26511,"name":"Kapsweyer","state_code":"RP","country_code":"DE"}},{"type":"Feature","geometry":{"type":"Point","coordinates":[7.26667,50.58333]},"properties":{"id":26527,"name":"Kasbach-Ohlenberg","state_code":"RP","country_code":"DE"}},{"type":"Feature","geometry":{"type":"Point","coordinates":[6.73222,49.7617]},"properties":{"id":26528,"name":"Kasel","state_code":"RP","country_code":"DE"}},{"type":"Feature","geometry":{"type":"Point","coordinates":[7.44154,50.06922]},"properties":{"id":26532,"name":"Kastellaun","state_code":"RP","country_code":"DE"}},{"type":"Feature","geometry":{"type":"Point","coordinates":[7.97322,50.26745]},"properties":{"id":26537,"name":"Katzenelnbogen","state_code":"RP","country_code":"DE"}},{"type":"Feature","geometry":{"type":"Point","coordinates":[7.7,49.5]},"properties":{"id":26539,"name":"Katzweiler","state_code":"RP","country_code":"DE"}},{"type":"Feature","geometry":{"type":"Point","coordinates":[7.82236,50.8147]},"properties":{"id":26540,"name":"Katzwinkel","state_code":"RP","country_code":"DE"}},{"type":"Feature","geometry":{"type":"Point","coordinates":[7.76069,50.08831]},"properties":{"id":26541,"name":"Kaub","state_code":"RP","country_code":"DE"}},{"type":"Feature","geometry":{"type":"Point","coordinates":[7.21667,50.28333]},"properties":{"id":26552,"name":"Kehrig","state_code":"RP","country_code":"DE"}},{"type":"Feature","geometry":{"type":"Point","coordinates":[6.9195,50.29164]},"properties":{"id":26554,"name":"Kelberg","state_code":"RP","country_code":"DE"}},{"type":"Feature","geometry":{"type":"Point","coordinates":[6.8239,49.63425]},"properties":{"id":26558,"name":"Kell","state_code":"RP","country_code":"DE"}},{"type":"Feature","geometry":{"type":"Point","coordinates":[7.11698,50.42024]},"properties":{"id":26568,"name":"Kempenich","state_code":"RP","country_code":"DE"}},{"type":"Feature","geometry":{"type":"Point","coordinates":[6.71667,49.8]},"properties":{"id":26570,"name":"Kenn","state_code":"RP","country_code":"DE"}},{"type":"Feature","geometry":{"type":"Point","coordinates":[8.05972,49.57639]},"properties":{"id":26573,"name":"Kerzenheim","state_code":"RP","country_code":"DE"}},{"type":"Feature","geometry":{"type":"Point","coordinates":[7.46667,50.4]},"properties":{"id":26578,"name":"Kettig","state_code":"RP","country_code":"DE"}},{"type":"Feature","geometry":{"type":"Point","coordinates":[8.16417,49.61111]},"properties":{"id":26589,"name":"Kindenheim","state_code":"RP","country_code":"DE"}},{"type":"Feature","geometry":{"type":"Point","coordinates":[7.02355,50.00935]},"properties":{"id":26590,"name":"Kinderbeuern","state_code":"RP","country_code":"DE"}},{"type":"Feature","geometry":{"type":"Point","coordinates":[7.61667,49.41667]},"properties":{"id":26591,"name":"Kindsbach","state_code":"RP","country_code":"DE"}},{"type":"Feature","geometry":{"type":"Point","coordinates":[7.407,49.94395]},"properties":{"id":26596,"name":"Kirchberg","state_code":"RP","country_code":"DE"}},{"type":"Feature","geometry":{"type":"Point","coordinates":[7.88634,50.80849]},"properties":{"id":26608,"name":"Kirchen","state_code":"RP","country_code":"DE"}},{"type":"Feature","geometry":{"type":"Point","coordinates":[8.18083,49.53722]},"properties":{"id":26623,"name":"Kirchheim an der Weinstraße","state_code":"RP","country_code":"DE"}},{"type":"Feature","geometry":{"type":"Point","coordinates":[8.01513,49.66249]},"properties":{"id":26626,"name":"Kirchheimbolanden","state_code":"RP","country_code":"DE"}},{"type":"Feature","geometry":{"type":"Point","coordinates":[7.15,50.36667]},"properties":{"id":26635,"name":"Kirchwald","state_code":"RP","country_code":"DE"}},{"type":"Feature","geometry":{"type":"Point","coordinates":[7.45765,49.78912]},"properties":{"id":26642,"name":"Kirn","state_code":"RP","country_code":"DE"}},{"type":"Feature","geometry":{"type":"Point","coordinates":[8.16288,49.30124]},"properties":{"id":26643,"name":"Kirrweiler","state_code":"RP","country_code":"DE"}},{"type":"Feature","geometry":{"type":"Point","coordinates":[7.25,49.75]},"properties":{"id":26645,"name":"Kirschweiler","state_code":"RP","country_code":"DE"}},{"type":"Feature","geometry":{"type":"Point","coordinates":[6.88333,49.9]},"properties":{"id":26657,"name":"Klausen","state_code":"RP","country_code":"DE"}},{"type":"Feature","geometry":{"type":"Point","coordinates":[8.21194,49.93833]},"properties":{"id":26667,"name":"Klein-Winternheim","state_code":"RP","country_code":"DE"}},{"type":"Feature","geometry":{"type":"Point","coordinates":[7.6083,50.51345]},"properties":{"id":26676,"name":"Kleinmaischeid","state_code":"RP","country_code":"DE"}},{"type":"Feature","geometry":{"type":"Point","coordinates":[8.01861,49.14056]},"properties":{"id":26687,"name":"Klingenmünster","state_code":"RP","country_code":"DE"}},{"type":"Feature","geometry":{"type":"Point","coordinates":[7.2,50.16667]},"properties":{"id":26696,"name":"Klotten","state_code":"RP","country_code":"DE"}},{"type":"Feature","geometry":{"type":"Point","coordinates":[6.85086,49.845]},"properties":{"id":26699,"name":"Klüsserath","state_code":"RP","country_code":"DE"}},{"type":"Feature","geometry":{"type":"Point","coordinates":[8.25139,49.19167]},"properties":{"id":26702,"name":"Knittelsheim","state_code":"RP","country_code":"DE"}},{"type":"Feature","geometry":{"type":"Point","coordinates":[7.45612,50.3023]},"properties":{"id":26704,"name":"Kobern-Gondorf","state_code":"RP","country_code":"DE"}},{"type":"Feature","geometry":{"type":"Point","coordinates":[7.57883,50.35357]},"properties":{"id":26705,"name":"Koblenz","state_code":"RP","country_code":"DE"}},{"type":"Feature","geometry":{"type":"Point","coordinates":[7.93333,50.55]},"properties":{"id":26815,"name":"Kölbingen","state_code":"RP","country_code":"DE"}},{"type":"Feature","geometry":{"type":"Point","coordinates":[8.24667,49.84583]},"properties":{"id":26820,"name":"Köngernheim","state_code":"RP","country_code":"DE"}},{"type":"Feature","geometry":{"type":"Point","coordinates":[6.57652,49.70045]},"properties":{"id":26719,"name":"Konz","state_code":"RP","country_code":"DE"}},{"type":"Feature","geometry":{"type":"Point","coordinates":[6.63333,49.83333]},"properties":{"id":26723,"name":"Kordel","state_code":"RP","country_code":"DE"}},{"type":"Feature","geometry":{"type":"Point","coordinates":[6.25973,49.92449]},"properties":{"id":26845,"name":"Körperich","state_code":"RP","country_code":"DE"}},{"type":"Feature","geometry":{"type":"Point","coordinates":[7.25,50.35]},"properties":{"id":26730,"name":"Kottenheim","state_code":"RP","country_code":"DE"}},{"type":"Feature","geometry":{"type":"Point","coordinates":[7.53333,49.48333]},"properties":{"id":26732,"name":"Kottweiler-Schwanden","state_code":"RP","country_code":"DE"}},{"type":"Feature","geometry":{"type":"Point","coordinates":[7.66667,49.36667]},"properties":{"id":26759,"name":"Krickenbach","state_code":"RP","country_code":"DE"}},{"type":"Feature","geometry":{"type":"Point","coordinates":[7.91687,49.70992]},"properties":{"id":26762,"name":"Kriegsfeld","state_code":"RP","country_code":"DE"}},{"type":"Feature","geometry":{"type":"Point","coordinates":[7.08333,49.98333]},"properties":{"id":26786,"name":"Kröv","state_code":"RP","country_code":"DE"}},{"type":"Feature","geometry":{"type":"Point","coordinates":[7.33333,50.38333]},"properties":{"id":26777,"name":"Kruft","state_code":"RP","country_code":"DE"}},{"type":"Feature","geometry":{"type":"Point","coordinates":[8.31444,49.14583]},"properties":{"id":26792,"name":"Kuhardt","state_code":"RP","country_code":"DE"}},{"type":"Feature","geometry":{"type":"Point","coordinates":[7.40472,49.53772]},"properties":{"id":26805,"name":"Kusel","state_code":"RP","country_code":"DE"}},{"type":"Feature","geometry":{"type":"Point","coordinates":[6.59478,50.03864]},"properties":{"id":26810,"name":"Kyllburg","state_code":"RP","country_code":"DE"}},{"type":"Feature","geometry":{"type":"Point","coordinates":[8.19983,49.33049]},"properties":{"id":26868,"name":"Lachen-Speyerdorf","state_code":"RP","country_code":"DE"}},{"type":"Feature","geometry":{"type":"Point","coordinates":[7.61667,50.3]},"properties":{"id":26875,"name":"Lahnstein","state_code":"RP","country_code":"DE"}},{"type":"Feature","geometry":{"type":"Point","coordinates":[8.07264,49.37055]},"properties":{"id":26881,"name":"Lambrecht","state_code":"RP","country_code":"DE"}},{"type":"Feature","geometry":{"type":"Point","coordinates":[8.28778,49.51361]},"properties":{"id":26883,"name":"Lambsheim","state_code":"RP","country_code":"DE"}},{"type":"Feature","geometry":{"type":"Point","coordinates":[8.11692,49.19844]},"properties":{"id":26890,"name":"Landau in der Pfalz","state_code":"RP","country_code":"DE"}},{"type":"Feature","geometry":{"type":"Point","coordinates":[6.76667,49.98333]},"properties":{"id":26896,"name":"Landscheid","state_code":"RP","country_code":"DE"}},{"type":"Feature","geometry":{"type":"Point","coordinates":[7.57021,49.41306]},"properties":{"id":26898,"name":"Landstuhl","state_code":"RP","country_code":"DE"}},{"type":"Feature","geometry":{"type":"Point","coordinates":[7.94787,50.63806]},"properties":{"id":26908,"name":"Langenbach bei Marienberg","state_code":"RP","country_code":"DE"}},{"type":"Feature","geometry":{"type":"Point","coordinates":[7.91667,50.58333]},"properties":{"id":26920,"name":"Langenhahn","state_code":"RP","country_code":"DE"}},{"type":"Feature","geometry":{"type":"Point","coordinates":[7.9,49.9]},"properties":{"id":26923,"name":"Langenlonsheim","state_code":"RP","country_code":"DE"}},{"type":"Feature","geometry":{"type":"Point","coordinates":[6.49906,49.72442]},"properties":{"id":26942,"name":"Langsur","state_code":"RP","country_code":"DE"}},{"type":"Feature","geometry":{"type":"Point","coordinates":[7.07333,50.23277]},"properties":{"id":26956,"name":"Laubach","state_code":"RP","country_code":"DE"}},{"type":"Feature","geometry":{"type":"Point","coordinates":[7.59265,49.64993]},"properties":{"id":26986,"name":"Lauterecken","state_code":"RP","country_code":"DE"}},{"type":"Feature","geometry":{"type":"Point","coordinates":[7.45,50.28333]},"properties":{"id":27008,"name":"Lehmen","state_code":"RP","country_code":"DE"}},{"type":"Feature","geometry":{"type":"Point","coordinates":[8.34531,49.12421]},"properties":{"id":27021,"name":"Leimersheim","state_code":"RP","country_code":"DE"}},{"type":"Feature","geometry":{"type":"Point","coordinates":[6.88333,49.81667]},"properties":{"id":27031,"name":"Leiwen","state_code":"RP","country_code":"DE"}},{"type":"Feature","geometry":{"type":"Point","coordinates":[7.65111,49.17309]},"properties":{"id":27033,"name":"Lemberg","state_code":"RP","country_code":"DE"}},{"type":"Feature","geometry":{"type":"Point","coordinates":[7.3,50.55]},"properties":{"id":27059,"name":"Leubsdorf","state_code":"RP","country_code":"DE"}},{"type":"Feature","geometry":{"type":"Point","coordinates":[7.38333,50.45]},"properties":{"id":27069,"name":"Leutesdorf","state_code":"RP","country_code":"DE"}},{"type":"Feature","geometry":{"type":"Point","coordinates":[7.01667,49.91667]},"properties":{"id":27094,"name":"Lieser","state_code":"RP","country_code":"DE"}},{"type":"Feature","geometry":{"type":"Point","coordinates":[8.39194,49.42444]},"properties":{"id":27100,"name":"Limburgerhof","state_code":"RP","country_code":"DE"}},{"type":"Feature","geometry":{"type":"Point","coordinates":[7.65,49.35]},"properties":{"id":27106,"name":"Linden","state_code":"RP","country_code":"DE"}},{"type":"Feature","geometry":{"type":"Point","coordinates":[8.09861,49.38028]},"properties":{"id":27107,"name":"Lindenberg","state_code":"RP","country_code":"DE"}},{"type":"Feature","geometry":{"type":"Point","coordinates":[8.33861,49.25389]},"properties":{"id":27115,"name":"Lingenfeld","state_code":"RP","country_code":"DE"}},{"type":"Feature","geometry":{"type":"Point","coordinates":[7.28445,50.56884]},"properties":{"id":27119,"name":"Linz am Rhein","state_code":"RP","country_code":"DE"}},{"type":"Feature","geometry":{"type":"Point","coordinates":[6.6,50.31667]},"properties":{"id":27121,"name":"Lissendorf","state_code":"RP","country_code":"DE"}},{"type":"Feature","geometry":{"type":"Point","coordinates":[7.43333,50.23333]},"properties":{"id":27192,"name":"Löf","state_code":"RP","country_code":"DE"}},{"type":"Feature","geometry":{"type":"Point","coordinates":[7.11764,49.89044]},"properties":{"id":27143,"name":"Longkamp","state_code":"RP","country_code":"DE"}},{"type":"Feature","geometry":{"type":"Point","coordinates":[6.76832,49.80841]},"properties":{"id":27144,"name":"Longuich","state_code":"RP","country_code":"DE"}},{"type":"Feature","geometry":{"type":"Point","coordinates":[7.40509,50.31002]},"properties":{"id":27146,"name":"Lonnig","state_code":"RP","country_code":"DE"}},{"type":"Feature","geometry":{"type":"Point","coordinates":[8.29472,49.89833]},"properties":{"id":27198,"name":"Lörzweiler","state_code":"RP","country_code":"DE"}},{"type":"Feature","geometry":{"type":"Point","coordinates":[8.44641,49.48121]},"properties":{"id":27165,"name":"Ludwigshafen am Rhein","state_code":"RP","country_code":"DE"}},{"type":"Feature","geometry":{"type":"Point","coordinates":[8.27407,49.24476]},"properties":{"id":27179,"name":"Lustadt","state_code":"RP","country_code":"DE"}},{"type":"Feature","geometry":{"type":"Point","coordinates":[7.0074,50.12695]},"properties":{"id":27181,"name":"Lutzerath","state_code":"RP","country_code":"DE"}},{"type":"Feature","geometry":{"type":"Point","coordinates":[7.58333,49.46667]},"properties":{"id":27228,"name":"Mackenbach","state_code":"RP","country_code":"DE"}},{"type":"Feature","geometry":{"type":"Point","coordinates":[8.13167,49.30528]},"properties":{"id":27236,"name":"Maikammer","state_code":"RP","country_code":"DE"}},{"type":"Feature","geometry":{"type":"Point","coordinates":[8.2791,49.98419]},"properties":{"id":27244,"name":"Mainz","state_code":"RP","country_code":"DE"}},{"type":"Feature","geometry":{"type":"Point","coordinates":[6.98333,49.71667]},"properties":{"id":27248,"name":"Malborn","state_code":"RP","country_code":"DE"}},{"type":"Feature","geometry":{"type":"Point","coordinates":[7.66667,50.7]},"properties":{"id":27260,"name":"Mammelzen","state_code":"RP","country_code":"DE"}},{"type":"Feature","geometry":{"type":"Point","coordinates":[6.80981,50.09672]},"properties":{"id":27264,"name":"Manderscheid","state_code":"RP","country_code":"DE"}},{"type":"Feature","geometry":{"type":"Point","coordinates":[7.71667,50.55]},"properties":{"id":27278,"name":"Marienrachdorf","state_code":"RP","country_code":"DE"}},{"type":"Feature","geometry":{"type":"Point","coordinates":[7,49.93333]},"properties":{"id":27282,"name":"Maring-Noviand","state_code":"RP","country_code":"DE"}},{"type":"Feature","geometry":{"type":"Point","coordinates":[8.04,49.63278]},"properties":{"id":27321,"name":"Marnheim","state_code":"RP","country_code":"DE"}},{"type":"Feature","geometry":{"type":"Point","coordinates":[7.48333,49.36667]},"properties":{"id":27331,"name":"Martinshöhe","state_code":"RP","country_code":"DE"}},{"type":"Feature","geometry":{"type":"Point","coordinates":[7.11736,50.24065]},"properties":{"id":27336,"name":"Masburg","state_code":"RP","country_code":"DE"}},{"type":"Feature","geometry":{"type":"Point","coordinates":[7.53333,49.26667]},"properties":{"id":27353,"name":"Maßweiler","state_code":"RP","country_code":"DE"}},{"type":"Feature","geometry":{"type":"Point","coordinates":[7.35,50.06667]},"properties":{"id":27341,"name":"Mastershausen","state_code":"RP","country_code":"DE"}},{"type":"Feature","geometry":{"type":"Point","coordinates":[8.29167,49.48806]},"properties":{"id":27348,"name":"Maxdorf","state_code":"RP","country_code":"DE"}},{"type":"Feature","geometry":{"type":"Point","coordinates":[7.78512,50.54316]},"properties":{"id":27350,"name":"Maxsain","state_code":"RP","country_code":"DE"}},{"type":"Feature","geometry":{"type":"Point","coordinates":[7.22277,50.32797]},"properties":{"id":27351,"name":"Mayen","state_code":"RP","country_code":"DE"}},{"type":"Feature","geometry":{"type":"Point","coordinates":[8.23917,49.40444]},"properties":{"id":27357,"name":"Meckenheim","state_code":"RP","country_code":"DE"}},{"type":"Feature","geometry":{"type":"Point","coordinates":[7.61708,49.77636]},"properties":{"id":27361,"name":"Meddersheim","state_code":"RP","country_code":"DE"}},{"type":"Feature","geometry":{"type":"Point","coordinates":[7.71667,49.51667]},"properties":{"id":27370,"name":"Mehlbach","state_code":"RP","country_code":"DE"}},{"type":"Feature","geometry":{"type":"Point","coordinates":[7.85467,49.49136]},"properties":{"id":27371,"name":"Mehlingen","state_code":"RP","country_code":"DE"}},{"type":"Feature","geometry":{"type":"Point","coordinates":[6.88333,50.18333]},"properties":{"id":27374,"name":"Mehren","state_code":"RP","country_code":"DE"}},{"type":"Feature","geometry":{"type":"Point","coordinates":[6.83333,49.8]},"properties":{"id":27376,"name":"Mehring","state_code":"RP","country_code":"DE"}},{"type":"Feature","geometry":{"type":"Point","coordinates":[7.66765,49.70721]},"properties":{"id":27384,"name":"Meisenheim","state_code":"RP","country_code":"DE"}},{"type":"Feature","geometry":{"type":"Point","coordinates":[7.48333,50.48333]},"properties":{"id":27398,"name":"Melsbach","state_code":"RP","country_code":"DE"}},{"type":"Feature","geometry":{"type":"Point","coordinates":[7.28333,50.36667]},"properties":{"id":27405,"name":"Mendig","state_code":"RP","country_code":"DE"}},{"type":"Feature","geometry":{"type":"Point","coordinates":[6.7329,49.77212]},"properties":{"id":27423,"name":"Mertesdorf","state_code":"RP","country_code":"DE"}},{"type":"Feature","geometry":{"type":"Point","coordinates":[7.30814,50.26948]},"properties":{"id":27425,"name":"Mertloch","state_code":"RP","country_code":"DE"}},{"type":"Feature","geometry":{"type":"Point","coordinates":[7.5601,49.79297]},"properties":{"id":27426,"name":"Merxheim","state_code":"RP","country_code":"DE"}},{"type":"Feature","geometry":{"type":"Point","coordinates":[7.73077,49.24467]},"properties":{"id":27427,"name":"Merzalben","state_code":"RP","country_code":"DE"}},{"type":"Feature","geometry":{"type":"Point","coordinates":[6.33003,49.94784]},"properties":{"id":27438,"name":"Mettendorf","state_code":"RP","country_code":"DE"}},{"type":"Feature","geometry":{"type":"Point","coordinates":[8.32583,49.74]},"properties":{"id":27439,"name":"Mettenheim","state_code":"RP","country_code":"DE"}},{"type":"Feature","geometry":{"type":"Point","coordinates":[7.895,50.49889]},"properties":{"id":27445,"name":"Meudt","state_code":"RP","country_code":"DE"}},{"type":"Feature","geometry":{"type":"Point","coordinates":[7.83196,50.22574]},"properties":{"id":27459,"name":"Miehlen","state_code":"RP","country_code":"DE"}},{"type":"Feature","geometry":{"type":"Point","coordinates":[8.14528,49.07167]},"properties":{"id":27473,"name":"Minfeld","state_code":"RP","country_code":"DE"}},{"type":"Feature","geometry":{"type":"Point","coordinates":[7.80466,50.77517]},"properties":{"id":27483,"name":"Mittelhof","state_code":"RP","country_code":"DE"}},{"type":"Feature","geometry":{"type":"Point","coordinates":[7.75972,50.49444]},"properties":{"id":27500,"name":"Mogendorf","state_code":"RP","country_code":"DE"}},{"type":"Feature","geometry":{"type":"Point","coordinates":[8.265,49.88028]},"properties":{"id":27507,"name":"Mommenheim","state_code":"RP","country_code":"DE"}},{"type":"Feature","geometry":{"type":"Point","coordinates":[8.21194,49.63722]},"properties":{"id":27511,"name":"Monsheim","state_code":"RP","country_code":"DE"}},{"type":"Feature","geometry":{"type":"Point","coordinates":[7.8232,50.43588]},"properties":{"id":27512,"name":"Montabaur","state_code":"RP","country_code":"DE"}},{"type":"Feature","geometry":{"type":"Point","coordinates":[7.07318,49.89237]},"properties":{"id":27513,"name":"Monzelfeld","state_code":"RP","country_code":"DE"}},{"type":"Feature","geometry":{"type":"Point","coordinates":[7.59284,49.79763]},"properties":{"id":27514,"name":"Monzingen","state_code":"RP","country_code":"DE"}},{"type":"Feature","geometry":{"type":"Point","coordinates":[7.12714,49.80772]},"properties":{"id":27523,"name":"Morbach","state_code":"RP","country_code":"DE"}},{"type":"Feature","geometry":{"type":"Point","coordinates":[7.94347,50.82515]},"properties":{"id":27532,"name":"Mudersbach","state_code":"RP","country_code":"DE"}},{"type":"Feature","geometry":{"type":"Point","coordinates":[7.4989,50.3851]},"properties":{"id":27605,"name":"Mülheim-Kärlich","state_code":"RP","country_code":"DE"}},{"type":"Feature","geometry":{"type":"Point","coordinates":[7.88333,49.55]},"properties":{"id":27615,"name":"Münchweiler an der Alsenz","state_code":"RP","country_code":"DE"}},{"type":"Feature","geometry":{"type":"Point","coordinates":[7.70295,49.21798]},"properties":{"id":27616,"name":"Münchweiler an der Rodalbe","state_code":"RP","country_code":"DE"}},{"type":"Feature","geometry":{"type":"Point","coordinates":[7.89426,49.94341]},"properties":{"id":27623,"name":"Münster-Sarmsheim","state_code":"RP","country_code":"DE"}},{"type":"Feature","geometry":{"type":"Point","coordinates":[7.36208,50.24638]},"properties":{"id":27626,"name":"Münstermaifeld","state_code":"RP","country_code":"DE"}},{"type":"Feature","geometry":{"type":"Point","coordinates":[7.78333,50.68333]},"properties":{"id":27629,"name":"Müschenbach","state_code":"RP","country_code":"DE"}},{"type":"Feature","geometry":{"type":"Point","coordinates":[8.35611,49.44139]},"properties":{"id":27550,"name":"Mutterstadt","state_code":"RP","country_code":"DE"}},{"type":"Feature","geometry":{"type":"Point","coordinates":[8.33889,49.91528]},"properties":{"id":27633,"name":"Nackenheim","state_code":"RP","country_code":"DE"}},{"type":"Feature","geometry":{"type":"Point","coordinates":[7.45,49.45]},"properties":{"id":27642,"name":"Nanzdietschweiler","state_code":"RP","country_code":"DE"}},{"type":"Feature","geometry":{"type":"Point","coordinates":[7.80025,50.31453]},"properties":{"id":27644,"name":"Nassau","state_code":"RP","country_code":"DE"}},{"type":"Feature","geometry":{"type":"Point","coordinates":[7.85892,50.19883]},"properties":{"id":27645,"name":"Nastätten","state_code":"RP","country_code":"DE"}},{"type":"Feature","geometry":{"type":"Point","coordinates":[7.63333,50.46667]},"properties":{"id":27653,"name":"Nauort","state_code":"RP","country_code":"DE"}},{"type":"Feature","geometry":{"type":"Point","coordinates":[7.87543,50.69927]},"properties":{"id":27654,"name":"Nauroth","state_code":"RP","country_code":"DE"}},{"type":"Feature","geometry":{"type":"Point","coordinates":[7.93333,50.41667]},"properties":{"id":27676,"name":"Nentershausen","state_code":"RP","country_code":"DE"}},{"type":"Feature","geometry":{"type":"Point","coordinates":[8.24715,48.98933]},"properties":{"id":27708,"name":"Neuburg","state_code":"RP","country_code":"DE"}},{"type":"Feature","geometry":{"type":"Point","coordinates":[6.94828,50.00102]},"properties":{"id":27730,"name":"Neuerburg","state_code":"RP","country_code":"DE"}},{"type":"Feature","geometry":{"type":"Point","coordinates":[7.7096,50.3836]},"properties":{"id":27751,"name":"Neuhäusel","state_code":"RP","country_code":"DE"}},{"type":"Feature","geometry":{"type":"Point","coordinates":[8.42472,49.42778]},"properties":{"id":27750,"name":"Neuhofen","state_code":"RP","country_code":"DE"}},{"type":"Feature","geometry":{"type":"Point","coordinates":[6.89777,49.85553]},"properties":{"id":27769,"name":"Neumagen-Dhron","state_code":"RP","country_code":"DE"}},{"type":"Feature","geometry":{"type":"Point","coordinates":[7.90278,50.70722]},"properties":{"id":27777,"name":"Neunkhausen","state_code":"RP","country_code":"DE"}},{"type":"Feature","geometry":{"type":"Point","coordinates":[8.31944,49.11778]},"properties":{"id":27784,"name":"Neupotz","state_code":"RP","country_code":"DE"}},{"type":"Feature","geometry":{"type":"Point","coordinates":[8.13886,49.35009]},"properties":{"id":27794,"name":"Neustadt","state_code":"RP","country_code":"DE"}},{"type":"Feature","geometry":{"type":"Point","coordinates":[7.47057,50.4336]},"properties":{"id":27814,"name":"Neuwied","state_code":"RP","country_code":"DE"}},{"type":"Feature","geometry":{"type":"Point","coordinates":[6.58304,49.8124]},"properties":{"id":27819,"name":"Newel","state_code":"RP","country_code":"DE"}},{"type":"Feature","geometry":{"type":"Point","coordinates":[7.32728,50.41421]},"properties":{"id":27820,"name":"Nickenich","state_code":"RP","country_code":"DE"}},{"type":"Feature","geometry":{"type":"Point","coordinates":[8.07246,49.97756]},"properties":{"id":27827,"name":"Nieder-Ingelheim","state_code":"RP","country_code":"DE"}},{"type":"Feature","geometry":{"type":"Point","coordinates":[8.20533,49.91166]},"properties":{"id":27828,"name":"Nieder-Olm","state_code":"RP","country_code":"DE"}},{"type":"Feature","geometry":{"type":"Point","coordinates":[7.42099,50.53051]},"properties":{"id":27835,"name":"Niederbreitbach","state_code":"RP","country_code":"DE"}},{"type":"Feature","geometry":{"type":"Point","coordinates":[7.92352,50.74955]},"properties":{"id":27840,"name":"Niederdreisbach","state_code":"RP","country_code":"DE"}},{"type":"Feature","geometry":{"type":"Point","coordinates":[7.18333,50.45]},"properties":{"id":27841,"name":"Niederdürenbach","state_code":"RP","country_code":"DE"}},{"type":"Feature","geometry":{"type":"Point","coordinates":[7.8099,50.40775]},"properties":{"id":27842,"name":"Niederelbert","state_code":"RP","country_code":"DE"}},{"type":"Feature","geometry":{"type":"Point","coordinates":[7.97425,50.4261]},"properties":{"id":27843,"name":"Niedererbach","state_code":"RP","country_code":"DE"}},{"type":"Feature","geometry":{"type":"Point","coordinates":[7.46667,50.28333]},"properties":{"id":27845,"name":"Niederfell","state_code":"RP","country_code":"DE"}},{"type":"Feature","geometry":{"type":"Point","coordinates":[7.86667,50.85]},"properties":{"id":27846,"name":"Niederfischbach","state_code":"RP","country_code":"DE"}},{"type":"Feature","geometry":{"type":"Point","coordinates":[7.7,49.58333]},"properties":{"id":27851,"name":"Niederkirchen","state_code":"RP","country_code":"DE"}},{"type":"Feature","geometry":{"type":"Point","coordinates":[8.21,49.415]},"properties":{"id":27852,"name":"Niederkirchen bei Deidesheim","state_code":"RP","country_code":"DE"}},{"type":"Feature","geometry":{"type":"Point","coordinates":[7.46955,49.45899]},"properties":{"id":27858,"name":"Niedermohr","state_code":"RP","country_code":"DE"}},{"type":"Feature","geometry":{"type":"Point","coordinates":[8.05,50.33333]},"properties":{"id":27862,"name":"Niederneisen","state_code":"RP","country_code":"DE"}},{"type":"Feature","geometry":{"type":"Point","coordinates":[7.61667,50.4]},"properties":{"id":27882,"name":"Niederwerth","state_code":"RP","country_code":"DE"}},{"type":"Feature","geometry":{"type":"Point","coordinates":[7.2181,50.45876]},"properties":{"id":27887,"name":"Niederzissen","state_code":"RP","country_code":"DE"}},{"type":"Feature","geometry":{"type":"Point","coordinates":[8.33647,49.87003]},"properties":{"id":27897,"name":"Nierstein","state_code":"RP","country_code":"DE"}},{"type":"Feature","geometry":{"type":"Point","coordinates":[7.83833,50.67583]},"properties":{"id":27902,"name":"Nister","state_code":"RP","country_code":"DE"}},{"type":"Feature","geometry":{"type":"Point","coordinates":[6.45,49.65]},"properties":{"id":27903,"name":"Nittel","state_code":"RP","country_code":"DE"}},{"type":"Feature","geometry":{"type":"Point","coordinates":[7.81478,49.81091]},"properties":{"id":27929,"name":"Norheim","state_code":"RP","country_code":"DE"}},{"type":"Feature","geometry":{"type":"Point","coordinates":[7.48333,50.21667]},"properties":{"id":27948,"name":"Nörtershausen","state_code":"RP","country_code":"DE"}},{"type":"Feature","geometry":{"type":"Point","coordinates":[8.15528,49.68306]},"properties":{"id":27957,"name":"Ober-Flörsheim","state_code":"RP","country_code":"DE"}},{"type":"Feature","geometry":{"type":"Point","coordinates":[8.18889,49.93722]},"properties":{"id":27959,"name":"Ober-Olm","state_code":"RP","country_code":"DE"}},{"type":"Feature","geometry":{"type":"Point","coordinates":[8.13526,49.86376]},"properties":{"id":27961,"name":"Ober-Saulheim","state_code":"RP","country_code":"DE"}},{"type":"Feature","geometry":{"type":"Point","coordinates":[7.81722,50.39167]},"properties":{"id":27975,"name":"Oberelbert","state_code":"RP","country_code":"DE"}},{"type":"Feature","geometry":{"type":"Point","coordinates":[7.44461,50.26038]},"properties":{"id":27977,"name":"Oberfell","state_code":"RP","country_code":"DE"}},{"type":"Feature","geometry":{"type":"Point","coordinates":[7.77266,49.72797]},"properties":{"id":28000,"name":"Obermoschel","state_code":"RP","country_code":"DE"}},{"type":"Feature","geometry":{"type":"Point","coordinates":[7.58333,49.35]},"properties":{"id":28009,"name":"Obernheim-Kirchenarnbach","state_code":"RP","country_code":"DE"}},{"type":"Feature","geometry":{"type":"Point","coordinates":[7.96955,49.07044]},"properties":{"id":28014,"name":"Oberotterbach","state_code":"RP","country_code":"DE"}},{"type":"Feature","geometry":{"type":"Point","coordinates":[7.72522,50.10777]},"properties":{"id":28054,"name":"Oberwesel","state_code":"RP","country_code":"DE"}},{"type":"Feature","geometry":{"type":"Point","coordinates":[7.2,50.45]},"properties":{"id":28057,"name":"Oberzissen","state_code":"RP","country_code":"DE"}},{"type":"Feature","geometry":{"type":"Point","coordinates":[8.20483,49.59161]},"properties":{"id":28061,"name":"Obrigheim","state_code":"RP","country_code":"DE"}},{"type":"Feature","geometry":{"type":"Point","coordinates":[7.38333,50.35]},"properties":{"id":28064,"name":"Ochtendung","state_code":"RP","country_code":"DE"}},{"type":"Feature","geometry":{"type":"Point","coordinates":[7.27535,50.5761]},"properties":{"id":28066,"name":"Ockenfels","state_code":"RP","country_code":"DE"}},{"type":"Feature","geometry":{"type":"Point","coordinates":[7.97127,49.94371]},"properties":{"id":28067,"name":"Ockenheim","state_code":"RP","country_code":"DE"}},{"type":"Feature","geometry":{"type":"Point","coordinates":[7.70427,49.76511]},"properties":{"id":28071,"name":"Odernheim","state_code":"RP","country_code":"DE"}},{"type":"Feature","geometry":{"type":"Point","coordinates":[8.19779,49.19546]},"properties":{"id":28087,"name":"Offenbach an der Queich","state_code":"RP","country_code":"DE"}},{"type":"Feature","geometry":{"type":"Point","coordinates":[7.55117,49.61729]},"properties":{"id":28088,"name":"Offenbach-Hundheim","state_code":"RP","country_code":"DE"}},{"type":"Feature","geometry":{"type":"Point","coordinates":[8.23806,49.60611]},"properties":{"id":28093,"name":"Offstein","state_code":"RP","country_code":"DE"}},{"type":"Feature","geometry":{"type":"Point","coordinates":[7.65857,49.53884]},"properties":{"id":28114,"name":"Olsbrücken","state_code":"RP","country_code":"DE"}},{"type":"Feature","geometry":{"type":"Point","coordinates":[8.35974,49.8547]},"properties":{"id":28119,"name":"Oppenheim","state_code":"RP","country_code":"DE"}},{"type":"Feature","geometry":{"type":"Point","coordinates":[6.65,49.9]},"properties":{"id":28125,"name":"Orenhofen","state_code":"RP","country_code":"DE"}},{"type":"Feature","geometry":{"type":"Point","coordinates":[6.95,49.91667]},"properties":{"id":28134,"name":"Osann-Monzel","state_code":"RP","country_code":"DE"}},{"type":"Feature","geometry":{"type":"Point","coordinates":[6.78333,49.71667]},"properties":{"id":28135,"name":"Osburg","state_code":"RP","country_code":"DE"}},{"type":"Feature","geometry":{"type":"Point","coordinates":[7.61227,50.24453]},"properties":{"id":28158,"name":"Osterspai","state_code":"RP","country_code":"DE"}},{"type":"Feature","geometry":{"type":"Point","coordinates":[8.32419,49.70382]},"properties":{"id":28163,"name":"Osthofen","state_code":"RP","country_code":"DE"}},{"type":"Feature","geometry":{"type":"Point","coordinates":[7.7345,49.48554]},"properties":{"id":28185,"name":"Otterbach","state_code":"RP","country_code":"DE"}},{"type":"Feature","geometry":{"type":"Point","coordinates":[7.76995,49.50301]},"properties":{"id":28186,"name":"Otterberg","state_code":"RP","country_code":"DE"}},{"type":"Feature","geometry":{"type":"Point","coordinates":[8.23176,49.19129]},"properties":{"id":28190,"name":"Ottersheim","state_code":"RP","country_code":"DE"}},{"type":"Feature","geometry":{"type":"Point","coordinates":[8.44778,49.37222]},"properties":{"id":28191,"name":"Otterstadt","state_code":"RP","country_code":"DE"}},{"type":"Feature","geometry":{"type":"Point","coordinates":[7.83333,50.5]},"properties":{"id":30552,"name":"Ötzingen","state_code":"RP","country_code":"DE"}},{"type":"Feature","geometry":{"type":"Point","coordinates":[6.36667,49.56667]},"properties":{"id":28213,"name":"Palzem","state_code":"RP","country_code":"DE"}},{"type":"Feature","geometry":{"type":"Point","coordinates":[8.08222,49.88389]},"properties":{"id":28227,"name":"Partenheim","state_code":"RP","country_code":"DE"}},{"type":"Feature","geometry":{"type":"Point","coordinates":[6.67085,49.67552]},"properties":{"id":28247,"name":"Pellingen","state_code":"RP","country_code":"DE"}},{"type":"Feature","geometry":{"type":"Point","coordinates":[6.69076,50.23188]},"properties":{"id":28249,"name":"Pelm","state_code":"RP","country_code":"DE"}},{"type":"Feature","geometry":{"type":"Point","coordinates":[7.95,49.85]},"properties":{"id":28270,"name":"Pfaffen-Schwabenheim","state_code":"RP","country_code":"DE"}},{"type":"Feature","geometry":{"type":"Point","coordinates":[7.32768,49.53948]},"properties":{"id":28285,"name":"Pfeffelbach","state_code":"RP","country_code":"DE"}},{"type":"Feature","geometry":{"type":"Point","coordinates":[6.91649,49.8864]},"properties":{"id":28300,"name":"Piesport","state_code":"RP","country_code":"DE"}},{"type":"Feature","geometry":{"type":"Point","coordinates":[7.60529,49.20145]},"properties":{"id":28308,"name":"Pirmasens","state_code":"RP","country_code":"DE"}},{"type":"Feature","geometry":{"type":"Point","coordinates":[7.39251,50.3926]},"properties":{"id":28311,"name":"Plaidt","state_code":"RP","country_code":"DE"}},{"type":"Feature","geometry":{"type":"Point","coordinates":[6.71239,49.68976]},"properties":{"id":28329,"name":"Pluwig","state_code":"RP","country_code":"DE"}},{"type":"Feature","geometry":{"type":"Point","coordinates":[7.31315,50.29973]},"properties":{"id":28341,"name":"Polch","state_code":"RP","country_code":"DE"}},{"type":"Feature","geometry":{"type":"Point","coordinates":[8,50.6]},"properties":{"id":28364,"name":"Pottum","state_code":"RP","country_code":"DE"}},{"type":"Feature","geometry":{"type":"Point","coordinates":[7.64871,50.76031]},"properties":{"id":28367,"name":"Pracht","state_code":"RP","country_code":"DE"}},{"type":"Feature","geometry":{"type":"Point","coordinates":[6.42019,50.20785]},"properties":{"id":28400,"name":"Prüm","state_code":"RP","country_code":"DE"}},{"type":"Feature","geometry":{"type":"Point","coordinates":[7.61667,50.6]},"properties":{"id":28402,"name":"Puderbach","state_code":"RP","country_code":"DE"}},{"type":"Feature","geometry":{"type":"Point","coordinates":[7.63333,49.36667]},"properties":{"id":28427,"name":"Queidersbach","state_code":"RP","country_code":"DE"}},{"type":"Feature","geometry":{"type":"Point","coordinates":[6.5,49.81667]},"properties":{"id":28457,"name":"Ralingen","state_code":"RP","country_code":"DE"}},{"type":"Feature","geometry":{"type":"Point","coordinates":[8.00833,49.26028]},"properties":{"id":28458,"name":"Ramberg","state_code":"RP","country_code":"DE"}},{"type":"Feature","geometry":{"type":"Point","coordinates":[7.44392,49.5417]},"properties":{"id":28461,"name":"Rammelsbach","state_code":"RP","country_code":"DE"}},{"type":"Feature","geometry":{"type":"Point","coordinates":[8.01333,49.53694]},"properties":{"id":28465,"name":"Ramsen","state_code":"RP","country_code":"DE"}},{"type":"Feature","geometry":{"type":"Point","coordinates":[7.55533,49.44452]},"properties":{"id":28467,"name":"Ramstein-Miesenbach","state_code":"RP","country_code":"DE"}},{"type":"Feature","geometry":{"type":"Point","coordinates":[7.7283,50.46496]},"properties":{"id":28474,"name":"Ransbach-Baumbach","state_code":"RP","country_code":"DE"}},{"type":"Feature","geometry":{"type":"Point","coordinates":[7.62496,50.57489]},"properties":{"id":28492,"name":"Raubach","state_code":"RP","country_code":"DE"}},{"type":"Feature","geometry":{"type":"Point","coordinates":[8.11667,50.63333]},"properties":{"id":28531,"name":"Rehe","state_code":"RP","country_code":"DE"}},{"type":"Feature","geometry":{"type":"Point","coordinates":[7.55,49.5]},"properties":{"id":28542,"name":"Reichenbach-Steegen","state_code":"RP","country_code":"DE"}},{"type":"Feature","geometry":{"type":"Point","coordinates":[7.11667,50.01667]},"properties":{"id":28552,"name":"Reil","state_code":"RP","country_code":"DE"}},{"type":"Feature","geometry":{"type":"Point","coordinates":[6.88333,49.68333]},"properties":{"id":28565,"name":"Reinsfeld","state_code":"RP","country_code":"DE"}},{"type":"Feature","geometry":{"type":"Point","coordinates":[7.22703,50.57879]},"properties":{"id":28572,"name":"Remagen","state_code":"RP","country_code":"DE"}},{"type":"Feature","geometry":{"type":"Point","coordinates":[7.5,50.5]},"properties":{"id":28580,"name":"Rengsdorf","state_code":"RP","country_code":"DE"}},{"type":"Feature","geometry":{"type":"Point","coordinates":[8.06697,50.6082]},"properties":{"id":28581,"name":"Rennerod","state_code":"RP","country_code":"DE"}},{"type":"Feature","geometry":{"type":"Point","coordinates":[7.34198,49.8638]},"properties":{"id":28599,"name":"Rhaunen","state_code":"RP","country_code":"DE"}},{"type":"Feature","geometry":{"type":"Point","coordinates":[7.67249,50.01127]},"properties":{"id":28609,"name":"Rheinböllen","state_code":"RP","country_code":"DE"}},{"type":"Feature","geometry":{"type":"Point","coordinates":[7.23333,50.61667]},"properties":{"id":28607,"name":"Rheinbreitbach","state_code":"RP","country_code":"DE"}},{"type":"Feature","geometry":{"type":"Point","coordinates":[7.33333,50.5]},"properties":{"id":28608,"name":"Rheinbrohl","state_code":"RP","country_code":"DE"}},{"type":"Feature","geometry":{"type":"Point","coordinates":[8.27806,49.11806]},"properties":{"id":28614,"name":"Rheinzabern","state_code":"RP","country_code":"DE"}},{"type":"Feature","geometry":{"type":"Point","coordinates":[7.6175,50.28125]},"properties":{"id":28615,"name":"Rhens","state_code":"RP","country_code":"DE"}},{"type":"Feature","geometry":{"type":"Point","coordinates":[8.10778,49.26972]},"properties":{"id":28618,"name":"Rhodt unter Rietburg","state_code":"RP","country_code":"DE"}},{"type":"Feature","geometry":{"type":"Point","coordinates":[7.18333,50.4]},"properties":{"id":28628,"name":"Rieden","state_code":"RP","country_code":"DE"}},{"type":"Feature","geometry":{"type":"Point","coordinates":[7.5,49.23333]},"properties":{"id":28646,"name":"Rieschweiler-Mühlbach","state_code":"RP","country_code":"DE"}},{"type":"Feature","geometry":{"type":"Point","coordinates":[7.37571,49.2188]},"properties":{"id":28658,"name":"Rimschweiler","state_code":"RP","country_code":"DE"}},{"type":"Feature","geometry":{"type":"Point","coordinates":[6.79211,49.79301]},"properties":{"id":28665,"name":"Riol","state_code":"RP","country_code":"DE"}},{"type":"Feature","geometry":{"type":"Point","coordinates":[6.5,50]},"properties":{"id":28668,"name":"Rittersdorf","state_code":"RP","country_code":"DE"}},{"type":"Feature","geometry":{"type":"Point","coordinates":[7.82134,49.62974]},"properties":{"id":28672,"name":"Rockenhausen","state_code":"RP","country_code":"DE"}},{"type":"Feature","geometry":{"type":"Point","coordinates":[7.63962,49.2394]},"properties":{"id":28673,"name":"Rodalben","state_code":"RP","country_code":"DE"}},{"type":"Feature","geometry":{"type":"Point","coordinates":[8.10695,49.57414]},"properties":{"id":28675,"name":"Rodenbach","state_code":"RP","country_code":"DE"}},{"type":"Feature","geometry":{"type":"Point","coordinates":[8.26139,49.43]},"properties":{"id":28778,"name":"Rödersheim-Gronau","state_code":"RP","country_code":"DE"}},{"type":"Feature","geometry":{"type":"Point","coordinates":[8.12861,49.13667]},"properties":{"id":28690,"name":"Rohrbach","state_code":"RP","country_code":"DE"}},{"type":"Feature","geometry":{"type":"Point","coordinates":[7.70016,50.7623]},"properties":{"id":28721,"name":"Roth","state_code":"RP","country_code":"DE"}},{"type":"Feature","geometry":{"type":"Point","coordinates":[7.8098,49.86374]},"properties":{"id":28740,"name":"Roxheim","state_code":"RP","country_code":"DE"}},{"type":"Feature","geometry":{"type":"Point","coordinates":[7.81452,49.84546]},"properties":{"id":28800,"name":"Rüdesheim","state_code":"RP","country_code":"DE"}},{"type":"Feature","geometry":{"type":"Point","coordinates":[8.29287,49.15312]},"properties":{"id":28805,"name":"Rülzheim","state_code":"RP","country_code":"DE"}},{"type":"Feature","geometry":{"type":"Point","coordinates":[7.85977,49.93307]},"properties":{"id":28806,"name":"Rümmelsheim","state_code":"RP","country_code":"DE"}},{"type":"Feature","geometry":{"type":"Point","coordinates":[7.88333,50.46667]},"properties":{"id":28765,"name":"Ruppach-Goldhausen","state_code":"RP","country_code":"DE"}},{"type":"Feature","geometry":{"type":"Point","coordinates":[8.19611,49.40028]},"properties":{"id":28766,"name":"Ruppertsberg","state_code":"RP","country_code":"DE"}},{"type":"Feature","geometry":{"type":"Point","coordinates":[7.68957,49.19707]},"properties":{"id":28768,"name":"Ruppertsweiler","state_code":"RP","country_code":"DE"}},{"type":"Feature","geometry":{"type":"Point","coordinates":[6.54365,49.60641]},"properties":{"id":28817,"name":"Saarburg","state_code":"RP","country_code":"DE"}},{"type":"Feature","geometry":{"type":"Point","coordinates":[7.41667,50.38333]},"properties":{"id":28827,"name":"Saffig","state_code":"RP","country_code":"DE"}},{"type":"Feature","geometry":{"type":"Point","coordinates":[6.85,49.93333]},"properties":{"id":28836,"name":"Salmtal","state_code":"RP","country_code":"DE"}},{"type":"Feature","geometry":{"type":"Point","coordinates":[7.7072,50.14878]},"properties":{"id":28867,"name":"Sankt Goar","state_code":"RP","country_code":"DE"}},{"type":"Feature","geometry":{"type":"Point","coordinates":[7.71374,50.15839]},"properties":{"id":28868,"name":"Sankt Goarshausen","state_code":"RP","country_code":"DE"}},{"type":"Feature","geometry":{"type":"Point","coordinates":[7.51667,49.61667]},"properties":{"id":28871,"name":"Sankt Julian","state_code":"RP","country_code":"DE"}},{"type":"Feature","geometry":{"type":"Point","coordinates":[7.38333,50.58333]},"properties":{"id":28872,"name":"Sankt Katharinen","state_code":"RP","country_code":"DE"}},{"type":"Feature","geometry":{"type":"Point","coordinates":[8.10528,49.30028]},"properties":{"id":28877,"name":"Sankt Martin","state_code":"RP","country_code":"DE"}},{"type":"Feature","geometry":{"type":"Point","coordinates":[7.56175,50.41077]},"properties":{"id":28882,"name":"Sankt Sebastian","state_code":"RP","country_code":"DE"}},{"type":"Feature","geometry":{"type":"Point","coordinates":[7.84128,50.78736]},"properties":{"id":28936,"name":"Scheuerfeld","state_code":"RP","country_code":"DE"}},{"type":"Feature","geometry":{"type":"Point","coordinates":[8.3775,49.38417]},"properties":{"id":28943,"name":"Schifferstadt","state_code":"RP","country_code":"DE"}},{"type":"Feature","geometry":{"type":"Point","coordinates":[6.78333,49.63333]},"properties":{"id":28947,"name":"Schillingen","state_code":"RP","country_code":"DE"}},{"type":"Feature","geometry":{"type":"Point","coordinates":[6.4682,50.15909]},"properties":{"id":29118,"name":"Schönecken","state_code":"RP","country_code":"DE"}},{"type":"Feature","geometry":{"type":"Point","coordinates":[7.37233,49.4074]},"properties":{"id":29121,"name":"Schönenberg-Kübelberg","state_code":"RP","country_code":"DE"}},{"type":"Feature","geometry":{"type":"Point","coordinates":[7.68333,49.35]},"properties":{"id":29022,"name":"Schopp","state_code":"RP","country_code":"DE"}},{"type":"Feature","geometry":{"type":"Point","coordinates":[8.175,49.84583]},"properties":{"id":29025,"name":"Schornsheim","state_code":"RP","country_code":"DE"}},{"type":"Feature","geometry":{"type":"Point","coordinates":[8.09525,49.92879]},"properties":{"id":29040,"name":"Schwabenheim","state_code":"RP","country_code":"DE"}},{"type":"Feature","geometry":{"type":"Point","coordinates":[7.59366,49.49557]},"properties":{"id":29077,"name":"Schwedelbach","state_code":"RP","country_code":"DE"}},{"type":"Feature","geometry":{"type":"Point","coordinates":[8.32861,49.27]},"properties":{"id":29079,"name":"Schwegenheim","state_code":"RP","country_code":"DE"}},{"type":"Feature","geometry":{"type":"Point","coordinates":[6.75256,49.82215]},"properties":{"id":29080,"name":"Schweich","state_code":"RP","country_code":"DE"}},{"type":"Feature","geometry":{"type":"Point","coordinates":[7.95638,49.05314]},"properties":{"id":29081,"name":"Schweigen-Rechtenbach","state_code":"RP","country_code":"DE"}},{"type":"Feature","geometry":{"type":"Point","coordinates":[8.04972,50.57722]},"properties":{"id":29140,"name":"Seck","state_code":"RP","country_code":"DE"}},{"type":"Feature","geometry":{"type":"Point","coordinates":[7.71667,49.96667]},"properties":{"id":29171,"name":"Seibersbach","state_code":"RP","country_code":"DE"}},{"type":"Feature","geometry":{"type":"Point","coordinates":[7.75577,50.53253]},"properties":{"id":29184,"name":"Selters","state_code":"RP","country_code":"DE"}},{"type":"Feature","geometry":{"type":"Point","coordinates":[8.25528,49.86056]},"properties":{"id":29186,"name":"Selzen","state_code":"RP","country_code":"DE"}},{"type":"Feature","geometry":{"type":"Point","coordinates":[7.86661,49.51177]},"properties":{"id":29187,"name":"Sembach","state_code":"RP","country_code":"DE"}},{"type":"Feature","geometry":{"type":"Point","coordinates":[6.57454,49.57519]},"properties":{"id":29195,"name":"Serrig","state_code":"RP","country_code":"DE"}},{"type":"Feature","geometry":{"type":"Point","coordinates":[8.05139,49.20889]},"properties":{"id":29208,"name":"Siebeldingen","state_code":"RP","country_code":"DE"}},{"type":"Feature","geometry":{"type":"Point","coordinates":[7.95,49.8]},"properties":{"id":29210,"name":"Siefersheim","state_code":"RP","country_code":"DE"}},{"type":"Feature","geometry":{"type":"Point","coordinates":[7.77972,50.48639]},"properties":{"id":29221,"name":"Siershahn","state_code":"RP","country_code":"DE"}},{"type":"Feature","geometry":{"type":"Point","coordinates":[7.52351,49.98198]},"properties":{"id":29235,"name":"Simmern","state_code":"RP","country_code":"DE"}},{"type":"Feature","geometry":{"type":"Point","coordinates":[7.52282,49.80981]},"properties":{"id":29237,"name":"Simmertal","state_code":"RP","country_code":"DE"}},{"type":"Feature","geometry":{"type":"Point","coordinates":[7.83333,50.2744]},"properties":{"id":29242,"name":"Singhofen","state_code":"RP","country_code":"DE"}},{"type":"Feature","geometry":{"type":"Point","coordinates":[7.24639,50.54384]},"properties":{"id":29247,"name":"Sinzig","state_code":"RP","country_code":"DE"}},{"type":"Feature","geometry":{"type":"Point","coordinates":[7.93333,49.55]},"properties":{"id":29249,"name":"Sippersfeld","state_code":"RP","country_code":"DE"}},{"type":"Feature","geometry":{"type":"Point","coordinates":[7.31667,49.93333]},"properties":{"id":29257,"name":"Sohren","state_code":"RP","country_code":"DE"}},{"type":"Feature","geometry":{"type":"Point","coordinates":[8.20111,49.88306]},"properties":{"id":29495,"name":"Sörgenloch","state_code":"RP","country_code":"DE"}},{"type":"Feature","geometry":{"type":"Point","coordinates":[7.71667,49.9]},"properties":{"id":29283,"name":"Spabrücken","state_code":"RP","country_code":"DE"}},{"type":"Feature","geometry":{"type":"Point","coordinates":[7.64839,50.25881]},"properties":{"id":29290,"name":"Spay","state_code":"RP","country_code":"DE"}},{"type":"Feature","geometry":{"type":"Point","coordinates":[6.63333,49.93333]},"properties":{"id":29292,"name":"Speicher","state_code":"RP","country_code":"DE"}},{"type":"Feature","geometry":{"type":"Point","coordinates":[8.43111,49.32083]},"properties":{"id":29299,"name":"Speyer","state_code":"RP","country_code":"DE"}},{"type":"Feature","geometry":{"type":"Point","coordinates":[8.1275,49.81028]},"properties":{"id":29303,"name":"Spiesheim","state_code":"RP","country_code":"DE"}},{"type":"Feature","geometry":{"type":"Point","coordinates":[7.98333,49.86667]},"properties":{"id":29308,"name":"Sprendlingen","state_code":"RP","country_code":"DE"}},{"type":"Feature","geometry":{"type":"Point","coordinates":[8.12528,49.91222]},"properties":{"id":29315,"name":"Stadecken-Elsheim","state_code":"RP","country_code":"DE"}},{"type":"Feature","geometry":{"type":"Point","coordinates":[6.53333,50.35]},"properties":{"id":29323,"name":"Stadtkyll","state_code":"RP","country_code":"DE"}},{"type":"Feature","geometry":{"type":"Point","coordinates":[7.6889,49.77675]},"properties":{"id":29344,"name":"Staudernheim","state_code":"RP","country_code":"DE"}},{"type":"Feature","geometry":{"type":"Point","coordinates":[7.63333,50.61667]},"properties":{"id":29356,"name":"Steimel","state_code":"RP","country_code":"DE"}},{"type":"Feature","geometry":{"type":"Point","coordinates":[8.03694,49.04833]},"properties":{"id":29372,"name":"Steinfeld","state_code":"RP","country_code":"DE"}},{"type":"Feature","geometry":{"type":"Point","coordinates":[8.14139,49.12111]},"properties":{"id":29391,"name":"Steinweiler","state_code":"RP","country_code":"DE"}},{"type":"Feature","geometry":{"type":"Point","coordinates":[7.52726,49.45708]},"properties":{"id":29392,"name":"Steinwenden","state_code":"RP","country_code":"DE"}},{"type":"Feature","geometry":{"type":"Point","coordinates":[7.73814,49.37756]},"properties":{"id":29397,"name":"Stelzenberg","state_code":"RP","country_code":"DE"}},{"type":"Feature","geometry":{"type":"Point","coordinates":[7.60041,50.45779]},"properties":{"id":29436,"name":"Stromberg","state_code":"RP","country_code":"DE"}},{"type":"Feature","geometry":{"type":"Point","coordinates":[8.09167,49.84306]},"properties":{"id":29480,"name":"Sulzheim","state_code":"RP","country_code":"DE"}},{"type":"Feature","geometry":{"type":"Point","coordinates":[6.51667,49.66667]},"properties":{"id":29541,"name":"Tawern","state_code":"RP","country_code":"DE"}},{"type":"Feature","geometry":{"type":"Point","coordinates":[7.58333,49.26667]},"properties":{"id":29576,"name":"Thaleischweiler-Fröschen","state_code":"RP","country_code":"DE"}},{"type":"Feature","geometry":{"type":"Point","coordinates":[7,49.75]},"properties":{"id":29577,"name":"Thalfang","state_code":"RP","country_code":"DE"}},{"type":"Feature","geometry":{"type":"Point","coordinates":[6.80492,49.7414]},"properties":{"id":29598,"name":"Thomm","state_code":"RP","country_code":"DE"}},{"type":"Feature","geometry":{"type":"Point","coordinates":[7.27689,50.35692]},"properties":{"id":29607,"name":"Thür","state_code":"RP","country_code":"DE"}},{"type":"Feature","geometry":{"type":"Point","coordinates":[7.11562,49.95076]},"properties":{"id":29636,"name":"Traben-Trarbach","state_code":"RP","country_code":"DE"}},{"type":"Feature","geometry":{"type":"Point","coordinates":[6.5254,49.57849]},"properties":{"id":29642,"name":"Trassem","state_code":"RP","country_code":"DE"}},{"type":"Feature","geometry":{"type":"Point","coordinates":[7.84709,50.01031]},"properties":{"id":29654,"name":"Trechtingshausen","state_code":"RP","country_code":"DE"}},{"type":"Feature","geometry":{"type":"Point","coordinates":[7.30218,50.17174]},"properties":{"id":29658,"name":"Treis-Karden","state_code":"RP","country_code":"DE"}},{"type":"Feature","geometry":{"type":"Point","coordinates":[6.63935,49.75565]},"properties":{"id":29668,"name":"Trier","state_code":"RP","country_code":"DE"}},{"type":"Feature","geometry":{"type":"Point","coordinates":[6.55987,49.76231]},"properties":{"id":29669,"name":"Trierweiler","state_code":"RP","country_code":"DE"}},{"type":"Feature","geometry":{"type":"Point","coordinates":[7.7748,49.35935]},"properties":{"id":29672,"name":"Trippstadt","state_code":"RP","country_code":"DE"}},{"type":"Feature","geometry":{"type":"Point","coordinates":[6.89929,49.82471]},"properties":{"id":29675,"name":"Trittenheim","state_code":"RP","country_code":"DE"}},{"type":"Feature","geometry":{"type":"Point","coordinates":[7.5437,49.13916]},"properties":{"id":29683,"name":"Trulben","state_code":"RP","country_code":"DE"}},{"type":"Feature","geometry":{"type":"Point","coordinates":[8.17167,49.86472]},"properties":{"id":29716,"name":"Udenheim","state_code":"RP","country_code":"DE"}},{"type":"Feature","geometry":{"type":"Point","coordinates":[6.8,50.15]},"properties":{"id":30558,"name":"Üdersdorf","state_code":"RP","country_code":"DE"}},{"type":"Feature","geometry":{"type":"Point","coordinates":[8.28861,49.81]},"properties":{"id":29724,"name":"Uelversheim","state_code":"RP","country_code":"DE"}},{"type":"Feature","geometry":{"type":"Point","coordinates":[6.97941,50.20943]},"properties":{"id":29738,"name":"Ulmen","state_code":"RP","country_code":"DE"}},{"type":"Feature","geometry":{"type":"Point","coordinates":[8.21889,49.83806]},"properties":{"id":29744,"name":"Undenheim","state_code":"RP","country_code":"DE"}},{"type":"Feature","geometry":{"type":"Point","coordinates":[7.21888,50.59653]},"properties":{"id":29746,"name":"Unkel","state_code":"RP","country_code":"DE"}},{"type":"Feature","geometry":{"type":"Point","coordinates":[7.90827,50.64881]},"properties":{"id":29749,"name":"Unnau","state_code":"RP","country_code":"DE"}},{"type":"Feature","geometry":{"type":"Point","coordinates":[7.58695,50.5569]},"properties":{"id":29791,"name":"Urbach-Überdorf","state_code":"RP","country_code":"DE"}},{"type":"Feature","geometry":{"type":"Point","coordinates":[7.63333,50.38333]},"properties":{"id":29792,"name":"Urbar","state_code":"RP","country_code":"DE"}},{"type":"Feature","geometry":{"type":"Point","coordinates":[7.51667,50.41667]},"properties":{"id":29793,"name":"Urmitz","state_code":"RP","country_code":"DE"}},{"type":"Feature","geometry":{"type":"Point","coordinates":[6.75,50.35]},"properties":{"id":30560,"name":"Üxheim","state_code":"RP","country_code":"DE"}},{"type":"Feature","geometry":{"type":"Point","coordinates":[7.62427,50.39586]},"properties":{"id":29811,"name":"Vallendar","state_code":"RP","country_code":"DE"}},{"type":"Feature","geometry":{"type":"Point","coordinates":[7.35,50.61667]},"properties":{"id":29840,"name":"Vettelschoß","state_code":"RP","country_code":"DE"}},{"type":"Feature","geometry":{"type":"Point","coordinates":[7.55191,49.15635]},"properties":{"id":29859,"name":"Vinningen","state_code":"RP","country_code":"DE"}},{"type":"Feature","geometry":{"type":"Point","coordinates":[7.93333,49.81667]},"properties":{"id":29879,"name":"Volxheim","state_code":"RP","country_code":"DE"}},{"type":"Feature","geometry":{"type":"Point","coordinates":[8.18041,49.44045]},"properties":{"id":29901,"name":"Wachenheim","state_code":"RP","country_code":"DE"}},{"type":"Feature","geometry":{"type":"Point","coordinates":[8.11667,49.97444]},"properties":{"id":29906,"name":"Wackernheim","state_code":"RP","country_code":"DE"}},{"type":"Feature","geometry":{"type":"Point","coordinates":[7.83333,49.95]},"properties":{"id":29934,"name":"Waldalgesheim","state_code":"RP","country_code":"DE"}},{"type":"Feature","geometry":{"type":"Point","coordinates":[7.71667,49.81667]},"properties":{"id":29941,"name":"Waldböckelheim","state_code":"RP","country_code":"DE"}},{"type":"Feature","geometry":{"type":"Point","coordinates":[7.41667,50.55]},"properties":{"id":29936,"name":"Waldbreitbach","state_code":"RP","country_code":"DE"}},{"type":"Feature","geometry":{"type":"Point","coordinates":[7.66667,49.28333]},"properties":{"id":29951,"name":"Waldfischbach-Burgalben","state_code":"RP","country_code":"DE"}},{"type":"Feature","geometry":{"type":"Point","coordinates":[7.33333,49.38333]},"properties":{"id":29958,"name":"Waldmohr","state_code":"RP","country_code":"DE"}},{"type":"Feature","geometry":{"type":"Point","coordinates":[6.74543,49.74623]},"properties":{"id":29960,"name":"Waldrach","state_code":"RP","country_code":"DE"}},{"type":"Feature","geometry":{"type":"Point","coordinates":[8.44028,49.39528]},"properties":{"id":29962,"name":"Waldsee","state_code":"RP","country_code":"DE"}},{"type":"Feature","geometry":{"type":"Point","coordinates":[8.05139,49.83556]},"properties":{"id":29981,"name":"Wallertheim","state_code":"RP","country_code":"DE"}},{"type":"Feature","geometry":{"type":"Point","coordinates":[7.76667,49.88333]},"properties":{"id":29984,"name":"Wallhausen","state_code":"RP","country_code":"DE"}},{"type":"Feature","geometry":{"type":"Point","coordinates":[7.83333,50.8]},"properties":{"id":29986,"name":"Wallmenroth","state_code":"RP","country_code":"DE"}},{"type":"Feature","geometry":{"type":"Point","coordinates":[7.95,50.48333]},"properties":{"id":29987,"name":"Wallmerod","state_code":"RP","country_code":"DE"}},{"type":"Feature","geometry":{"type":"Point","coordinates":[7.28333,50.43333]},"properties":{"id":30030,"name":"Wassenach","state_code":"RP","country_code":"DE"}},{"type":"Feature","geometry":{"type":"Point","coordinates":[6.53944,49.70739]},"properties":{"id":30035,"name":"Wasserliesch","state_code":"RP","country_code":"DE"}},{"type":"Feature","geometry":{"type":"Point","coordinates":[8.06167,49.52167]},"properties":{"id":30041,"name":"Wattenheim","state_code":"RP","country_code":"DE"}},{"type":"Feature","geometry":{"type":"Point","coordinates":[6.36299,50.09257]},"properties":{"id":30043,"name":"Waxweiler","state_code":"RP","country_code":"DE"}},{"type":"Feature","geometry":{"type":"Point","coordinates":[7.21667,50.41667]},"properties":{"id":30060,"name":"Wehr","state_code":"RP","country_code":"DE"}},{"type":"Feature","geometry":{"type":"Point","coordinates":[7.14669,50.40808]},"properties":{"id":30064,"name":"Weibern","state_code":"RP","country_code":"DE"}},{"type":"Feature","geometry":{"type":"Point","coordinates":[8,49.41667]},"properties":{"id":30072,"name":"Weidenthal","state_code":"RP","country_code":"DE"}},{"type":"Feature","geometry":{"type":"Point","coordinates":[7.86484,49.95696]},"properties":{"id":30086,"name":"Weiler","state_code":"RP","country_code":"DE"}},{"type":"Feature","geometry":{"type":"Point","coordinates":[7.63333,49.48333]},"properties":{"id":30088,"name":"Weilerbach","state_code":"RP","country_code":"DE"}},{"type":"Feature","geometry":{"type":"Point","coordinates":[8.2862,49.25946]},"properties":{"id":30099,"name":"Weingarten","state_code":"RP","country_code":"DE"}},{"type":"Feature","geometry":{"type":"Point","coordinates":[7.76667,49.83333]},"properties":{"id":30103,"name":"Weinsheim","state_code":"RP","country_code":"DE"}},{"type":"Feature","geometry":{"type":"Point","coordinates":[7.8,50.11667]},"properties":{"id":30106,"name":"Weisel","state_code":"RP","country_code":"DE"}},{"type":"Feature","geometry":{"type":"Point","coordinates":[7.45072,50.41719]},"properties":{"id":30137,"name":"Weißenthurm","state_code":"RP","country_code":"DE"}},{"type":"Feature","geometry":{"type":"Point","coordinates":[7.92805,50.72541]},"properties":{"id":30114,"name":"Weitefeld","state_code":"RP","country_code":"DE"}},{"type":"Feature","geometry":{"type":"Point","coordinates":[7.6,50.41667]},"properties":{"id":30117,"name":"Weitersburg","state_code":"RP","country_code":"DE"}},{"type":"Feature","geometry":{"type":"Point","coordinates":[6.56667,49.85]},"properties":{"id":30146,"name":"Welschbillig","state_code":"RP","country_code":"DE"}},{"type":"Feature","geometry":{"type":"Point","coordinates":[8,49.76667]},"properties":{"id":30153,"name":"Wendelsheim","state_code":"RP","country_code":"DE"}},{"type":"Feature","geometry":{"type":"Point","coordinates":[7.92756,49.19062]},"properties":{"id":30182,"name":"Wernersberg","state_code":"RP","country_code":"DE"}},{"type":"Feature","geometry":{"type":"Point","coordinates":[7.6078,49.33662]},"properties":{"id":30192,"name":"Weselberg","state_code":"RP","country_code":"DE"}},{"type":"Feature","geometry":{"type":"Point","coordinates":[7.97482,50.55938]},"properties":{"id":30204,"name":"Westerburg","state_code":"RP","country_code":"DE"}},{"type":"Feature","geometry":{"type":"Point","coordinates":[8.32357,49.2464]},"properties":{"id":30219,"name":"Westheim","state_code":"RP","country_code":"DE"}},{"type":"Feature","geometry":{"type":"Point","coordinates":[8.24806,49.70444]},"properties":{"id":30221,"name":"Westhofen","state_code":"RP","country_code":"DE"}},{"type":"Feature","geometry":{"type":"Point","coordinates":[7.55,50.71667]},"properties":{"id":30233,"name":"Weyerbusch","state_code":"RP","country_code":"DE"}},{"type":"Feature","geometry":{"type":"Point","coordinates":[7.87346,49.20891]},"properties":{"id":30282,"name":"Wilgartswiesen","state_code":"RP","country_code":"DE"}},{"type":"Feature","geometry":{"type":"Point","coordinates":[6.59255,49.65919]},"properties":{"id":30306,"name":"Wiltingen","state_code":"RP","country_code":"DE"}},{"type":"Feature","geometry":{"type":"Point","coordinates":[6.42597,49.60904]},"properties":{"id":30309,"name":"Wincheringen","state_code":"RP","country_code":"DE"}},{"type":"Feature","geometry":{"type":"Point","coordinates":[8.11694,49.09778]},"properties":{"id":30314,"name":"Winden","state_code":"RP","country_code":"DE"}},{"type":"Feature","geometry":{"type":"Point","coordinates":[7.81667,49.9]},"properties":{"id":30315,"name":"Windesheim","state_code":"RP","country_code":"DE"}},{"type":"Feature","geometry":{"type":"Point","coordinates":[7.35352,50.64121]},"properties":{"id":30316,"name":"Windhagen","state_code":"RP","country_code":"DE"}},{"type":"Feature","geometry":{"type":"Point","coordinates":[7.51667,50.31667]},"properties":{"id":30327,"name":"Winningen","state_code":"RP","country_code":"DE"}},{"type":"Feature","geometry":{"type":"Point","coordinates":[7.85,49.56667]},"properties":{"id":30328,"name":"Winnweiler","state_code":"RP","country_code":"DE"}},{"type":"Feature","geometry":{"type":"Point","coordinates":[7.79844,50.47195]},"properties":{"id":30342,"name":"Wirges","state_code":"RP","country_code":"DE"}},{"type":"Feature","geometry":{"type":"Point","coordinates":[7.73466,50.77915]},"properties":{"id":30346,"name":"Wissen","state_code":"RP","country_code":"DE"}},{"type":"Feature","geometry":{"type":"Point","coordinates":[6.89308,49.98596]},"properties":{"id":30361,"name":"Wittlich","state_code":"RP","country_code":"DE"}},{"type":"Feature","geometry":{"type":"Point","coordinates":[7.60496,49.58411]},"properties":{"id":30388,"name":"Wolfstein","state_code":"RP","country_code":"DE"}},{"type":"Feature","geometry":{"type":"Point","coordinates":[7.46667,50.33333]},"properties":{"id":30390,"name":"Wolken","state_code":"RP","country_code":"DE"}},{"type":"Feature","geometry":{"type":"Point","coordinates":[7.96667,49.81667]},"properties":{"id":30441,"name":"Wöllstein","state_code":"RP","country_code":"DE"}},{"type":"Feature","geometry":{"type":"Point","coordinates":[8.35916,49.63278]},"properties":{"id":30406,"name":"Worms","state_code":"RP","country_code":"DE"}},{"type":"Feature","geometry":{"type":"Point","coordinates":[8.12417,49.84861]},"properties":{"id":30444,"name":"Wörrstadt","state_code":"RP","country_code":"DE"}},{"type":"Feature","geometry":{"type":"Point","coordinates":[8.25959,49.04888]},"properties":{"id":30448,"name":"Wörth am Rhein","state_code":"RP","country_code":"DE"}},{"type":"Feature","geometry":{"type":"Point","coordinates":[8.24722,49.23278]},"properties":{"id":30478,"name":"Zeiskam","state_code":"RP","country_code":"DE"}},{"type":"Feature","geometry":{"type":"Point","coordinates":[7.18232,50.02918]},"properties":{"id":30483,"name":"Zell","state_code":"RP","country_code":"DE"}},{"type":"Feature","geometry":{"type":"Point","coordinates":[7.01667,49.95]},"properties":{"id":30491,"name":"Zeltingen-Rachtig","state_code":"RP","country_code":"DE"}},{"type":"Feature","geometry":{"type":"Point","coordinates":[6.7,49.9]},"properties":{"id":30492,"name":"Zemmer","state_code":"RP","country_code":"DE"}},{"type":"Feature","geometry":{"type":"Point","coordinates":[6.68333,49.6]},"properties":{"id":30495,"name":"Zerf","state_code":"RP","country_code":"DE"}},{"type":"Feature","geometry":{"type":"Point","coordinates":[8.22472,49.89]},"properties":{"id":30516,"name":"Zornheim","state_code":"RP","country_code":"DE"}},{"type":"Feature","geometry":{"type":"Point","coordinates":[7.36977,49.24686]},"properties":{"id":30531,"name":"Zweibrücken","state_code":"RP","country_code":"DE"}}]}