{"type":"FeatureCollection","features":[{"type":"Feature","geometry":{"type":"Point","coordinates":[77.75674,27.17826]},"properties":{"id":57590,"name":"Achhnera","state_code":"UP","country_code":"IN"}},{"type":"Feature","geometry":{"type":"Point","coordinates":[78.67393,29.3937]},"properties":{"id":57597,"name":"Afzalgarh","state_code":"UP","country_code":"IN"}},{"type":"Feature","geometry":{"type":"Point","coordinates":[78.01667,27.18333]},"properties":{"id":57601,"name":"Agra","state_code":"UP","country_code":"IN"}},{"type":"Feature","geometry":{"type":"Point","coordinates":[83.03294,25.01579]},"properties":{"id":57607,"name":"Ahraura","state_code":"UP","country_code":"IN"}},{"type":"Feature","geometry":{"type":"Point","coordinates":[79.45,26.13333333]},"properties":{"id":147426,"name":"Aidalpur","state_code":"UP","country_code":"IN"}},{"type":"Feature","geometry":{"type":"Point","coordinates":[79.43333333,26.9]},"properties":{"id":147427,"name":"Airwa","state_code":"UP","country_code":"IN"}},{"type":"Feature","geometry":{"type":"Point","coordinates":[82.53431,26.42953]},"properties":{"id":57621,"name":"Akbarpur","state_code":"UP","country_code":"IN"}},{"type":"Feature","geometry":{"type":"Point","coordinates":[77.88084,27.06547]},"properties":{"id":147428,"name":"Akola","state_code":"UP","country_code":"IN"}},{"type":"Feature","geometry":{"type":"Point","coordinates":[79.17127,27.49358]},"properties":{"id":57653,"name":"Aliganj","state_code":"UP","country_code":"IN"}},{"type":"Feature","geometry":{"type":"Point","coordinates":[78.16667,27.83333]},"properties":{"id":57654,"name":"Aligarh","state_code":"UP","country_code":"IN"}},{"type":"Feature","geometry":{"type":"Point","coordinates":[81.85,25.45]},"properties":{"id":147429,"name":"Allahabad","state_code":"UP","country_code":"IN"}},{"type":"Feature","geometry":{"type":"Point","coordinates":[79.68715,27.5454]},"properties":{"id":57641,"name":"Allahganj","state_code":"UP","country_code":"IN"}},{"type":"Feature","geometry":{"type":"Point","coordinates":[78.73788,27.71222]},"properties":{"id":57692,"name":"Amanpur","state_code":"UP","country_code":"IN"}},{"type":"Feature","geometry":{"type":"Point","coordinates":[80.3,26.01666667]},"properties":{"id":147430,"name":"Amauli","state_code":"UP","country_code":"IN"}},{"type":"Feature","geometry":{"type":"Point","coordinates":[77.33583,29.85706]},"properties":{"id":57666,"name":"Ambahta","state_code":"UP","country_code":"IN"}},{"type":"Feature","geometry":{"type":"Point","coordinates":[82.69762,26.40544]},"properties":{"id":57669,"name":"Ambedkar Nagar","state_code":"UP","country_code":"IN"}},{"type":"Feature","geometry":{"type":"Point","coordinates":[81.05,28.01667]},"properties":{"id":57677,"name":"Amethi","state_code":"UP","country_code":"IN"}},{"type":"Feature","geometry":{"type":"Point","coordinates":[78.46984,28.90314]},"properties":{"id":57687,"name":"Amroha","state_code":"UP","country_code":"IN"}},{"type":"Feature","geometry":{"type":"Point","coordinates":[83.27156,27.10062]},"properties":{"id":57696,"name":"Anandnagar","state_code":"UP","country_code":"IN"}},{"type":"Feature","geometry":{"type":"Point","coordinates":[81.90267,26.05654]},"properties":{"id":57720,"name":"Antu","state_code":"UP","country_code":"IN"}},{"type":"Feature","geometry":{"type":"Point","coordinates":[78.26914,28.35748]},"properties":{"id":57724,"name":"Anupshahr","state_code":"UP","country_code":"IN"}},{"type":"Feature","geometry":{"type":"Point","coordinates":[79.16521,28.27402]},"properties":{"id":57725,"name":"Aonla","state_code":"UP","country_code":"IN"}},{"type":"Feature","geometry":{"type":"Point","coordinates":[80.033,26.917]},"properties":{"id":147431,"name":"Araul","state_code":"UP","country_code":"IN"}},{"type":"Feature","geometry":{"type":"Point","coordinates":[79.85,26.68333333]},"properties":{"id":147432,"name":"Asalatganj","state_code":"UP","country_code":"IN"}},{"type":"Feature","geometry":{"type":"Point","coordinates":[80.57155,25.28618]},"properties":{"id":57755,"name":"Atarra","state_code":"UP","country_code":"IN"}},{"type":"Feature","geometry":{"type":"Point","coordinates":[78.28571,28.02964]},"properties":{"id":57760,"name":"Atrauli","state_code":"UP","country_code":"IN"}},{"type":"Feature","geometry":{"type":"Point","coordinates":[82.94727,26.3333]},"properties":{"id":57759,"name":"Atraulia","state_code":"UP","country_code":"IN"}},{"type":"Feature","geometry":{"type":"Point","coordinates":[79.42858,26.64692]},"properties":{"id":57764,"name":"Auraiya","state_code":"UP","country_code":"IN"}},{"type":"Feature","geometry":{"type":"Point","coordinates":[80.50792,26.91414]},"properties":{"id":57769,"name":"Auras","state_code":"UP","country_code":"IN"}},{"type":"Feature","geometry":{"type":"Point","coordinates":[82.2047,26.79909]},"properties":{"id":57616,"name":"Ayodhya","state_code":"UP","country_code":"IN"}},{"type":"Feature","geometry":{"type":"Point","coordinates":[83.18358,26.06832]},"properties":{"id":57777,"name":"Azamgarh","state_code":"UP","country_code":"IN"}},{"type":"Feature","geometry":{"type":"Point","coordinates":[79.22138889,26.97638889]},"properties":{"id":147433,"name":"Azizpur","state_code":"UP","country_code":"IN"}},{"type":"Feature","geometry":{"type":"Point","coordinates":[80.70443,25.54711]},"properties":{"id":57779,"name":"Baberu","state_code":"UP","country_code":"IN"}},{"type":"Feature","geometry":{"type":"Point","coordinates":[78.47028,25.23947]},"properties":{"id":57782,"name":"Babina","state_code":"UP","country_code":"IN"}},{"type":"Feature","geometry":{"type":"Point","coordinates":[78.4056,28.26419]},"properties":{"id":57780,"name":"Babrala","state_code":"UP","country_code":"IN"}},{"type":"Feature","geometry":{"type":"Point","coordinates":[77.84677,28.72353]},"properties":{"id":57781,"name":"Babugarh","state_code":"UP","country_code":"IN"}},{"type":"Feature","geometry":{"type":"Point","coordinates":[78.23456,28.92694]},"properties":{"id":57783,"name":"Bachhraon","state_code":"UP","country_code":"IN"}},{"type":"Feature","geometry":{"type":"Point","coordinates":[81.1158,26.4709]},"properties":{"id":57784,"name":"Bachhrawan","state_code":"UP","country_code":"IN"}},{"type":"Feature","geometry":{"type":"Point","coordinates":[77.2167,28.95]},"properties":{"id":57801,"name":"Baghpat","state_code":"UP","country_code":"IN"}},{"type":"Feature","geometry":{"type":"Point","coordinates":[77.58333333,29.46666667]},"properties":{"id":147434,"name":"Baghra","state_code":"UP","country_code":"IN"}},{"type":"Feature","geometry":{"type":"Point","coordinates":[78.59385,26.86912]},"properties":{"id":58112,"name":"Bah","state_code":"UP","country_code":"IN"}},{"type":"Feature","geometry":{"type":"Point","coordinates":[79.4974,28.77416]},"properties":{"id":57803,"name":"Baheri","state_code":"UP","country_code":"IN"}},{"type":"Feature","geometry":{"type":"Point","coordinates":[78.62659,28.39502]},"properties":{"id":57804,"name":"Bahjoi","state_code":"UP","country_code":"IN"}},{"type":"Feature","geometry":{"type":"Point","coordinates":[81.51855,27.80021]},"properties":{"id":57805,"name":"Bahraich","state_code":"UP","country_code":"IN"}},{"type":"Feature","geometry":{"type":"Point","coordinates":[81.59474,27.57429]},"properties":{"id":57806,"name":"Bahraigh","state_code":"UP","country_code":"IN"}},{"type":"Feature","geometry":{"type":"Point","coordinates":[77.97221,29.20063]},"properties":{"id":57807,"name":"Bahsuma","state_code":"UP","country_code":"IN"}},{"type":"Feature","geometry":{"type":"Point","coordinates":[80.62255,25.83942]},"properties":{"id":57808,"name":"Bahua","state_code":"UP","country_code":"IN"}},{"type":"Feature","geometry":{"type":"Point","coordinates":[77.67836,27.89793]},"properties":{"id":58113,"name":"Bajna","state_code":"UP","country_code":"IN"}},{"type":"Feature","geometry":{"type":"Point","coordinates":[79.17625,26.66226]},"properties":{"id":57817,"name":"Bakewar","state_code":"UP","country_code":"IN"}},{"type":"Feature","geometry":{"type":"Point","coordinates":[78.01666667,28.76666667]},"properties":{"id":147435,"name":"Baksar","state_code":"UP","country_code":"IN"}},{"type":"Feature","geometry":{"type":"Point","coordinates":[80.35,27.16666667]},"properties":{"id":147436,"name":"Balamau","state_code":"UP","country_code":"IN"}},{"type":"Feature","geometry":{"type":"Point","coordinates":[77.81666667,27.41666667]},"properties":{"id":147437,"name":"Baldeo","state_code":"UP","country_code":"IN"}},{"type":"Feature","geometry":{"type":"Point","coordinates":[77.82214,27.40684]},"properties":{"id":57825,"name":"Baldev","state_code":"UP","country_code":"IN"}},{"type":"Feature","geometry":{"type":"Point","coordinates":[84.16667,25.83333]},"properties":{"id":57828,"name":"Ballia","state_code":"UP","country_code":"IN"}},{"type":"Feature","geometry":{"type":"Point","coordinates":[82.40281,27.43449]},"properties":{"id":57833,"name":"Balrampur","state_code":"UP","country_code":"IN"}},{"type":"Feature","geometry":{"type":"Point","coordinates":[77.35478,29.46355]},"properties":{"id":57840,"name":"Banat","state_code":"UP","country_code":"IN"}},{"type":"Feature","geometry":{"type":"Point","coordinates":[80.5,25.5]},"properties":{"id":58124,"name":"Banda","state_code":"UP","country_code":"IN"}},{"type":"Feature","geometry":{"type":"Point","coordinates":[80.21149,26.8912]},"properties":{"id":58126,"name":"Bangarmau","state_code":"UP","country_code":"IN"}},{"type":"Feature","geometry":{"type":"Point","coordinates":[84.21827,25.88377]},"properties":{"id":58130,"name":"Bansdih","state_code":"UP","country_code":"IN"}},{"type":"Feature","geometry":{"type":"Point","coordinates":[83.34503,26.55032]},"properties":{"id":58131,"name":"Bansgaon","state_code":"UP","country_code":"IN"}},{"type":"Feature","geometry":{"type":"Point","coordinates":[82.93442,27.17749]},"properties":{"id":58132,"name":"Bansi","state_code":"UP","country_code":"IN"}},{"type":"Feature","geometry":{"type":"Point","coordinates":[79.8174,27.9172]},"properties":{"id":147438,"name":"Banthra","state_code":"UP","country_code":"IN"}},{"type":"Feature","geometry":{"type":"Point","coordinates":[81.3274,26.93864]},"properties":{"id":58138,"name":"Bara Banki","state_code":"UP","country_code":"IN"}},{"type":"Feature","geometry":{"type":"Point","coordinates":[78.71224,25.47554]},"properties":{"id":57892,"name":"Baragaon","state_code":"UP","country_code":"IN"}},{"type":"Feature","geometry":{"type":"Point","coordinates":[77.26334,29.10199]},"properties":{"id":57865,"name":"Baraut","state_code":"UP","country_code":"IN"}},{"type":"Feature","geometry":{"type":"Point","coordinates":[79.38333,28.41667]},"properties":{"id":57867,"name":"Bareilly","state_code":"UP","country_code":"IN"}},{"type":"Feature","geometry":{"type":"Point","coordinates":[83.5,26.28333333]},"properties":{"id":147439,"name":"Barhalganj","state_code":"UP","country_code":"IN"}},{"type":"Feature","geometry":{"type":"Point","coordinates":[79.8,28.45]},"properties":{"id":147440,"name":"Barkhera","state_code":"UP","country_code":"IN"}},{"type":"Feature","geometry":{"type":"Point","coordinates":[79.80655,28.45209]},"properties":{"id":57877,"name":"Barkhera Kalan","state_code":"UP","country_code":"IN"}},{"type":"Feature","geometry":{"type":"Point","coordinates":[81.96666667,24.91666667]},"properties":{"id":147441,"name":"Barokhar","state_code":"UP","country_code":"IN"}},{"type":"Feature","geometry":{"type":"Point","coordinates":[77.3764,27.64802]},"properties":{"id":57887,"name":"Barsana","state_code":"UP","country_code":"IN"}},{"type":"Feature","geometry":{"type":"Point","coordinates":[79.13972222,25.50583333]},"properties":{"id":147442,"name":"Barwar (Lakhimpur Kheri)","state_code":"UP","country_code":"IN"}},{"type":"Feature","geometry":{"type":"Point","coordinates":[82.77924,26.82816]},"properties":{"id":57901,"name":"Basti","state_code":"UP","country_code":"IN"}},{"type":"Feature","geometry":{"type":"Point","coordinates":[77.6139,30.1718]},"properties":{"id":57918,"name":"Behat","state_code":"UP","country_code":"IN"}},{"type":"Feature","geometry":{"type":"Point","coordinates":[81.99629,25.92058]},"properties":{"id":57920,"name":"Bela","state_code":"UP","country_code":"IN"}},{"type":"Feature","geometry":{"type":"Point","coordinates":[83.89138889,26.12694444]},"properties":{"id":147443,"name":"Belthara","state_code":"UP","country_code":"IN"}},{"type":"Feature","geometry":{"type":"Point","coordinates":[80.44364,27.29293]},"properties":{"id":57934,"name":"Beniganj","state_code":"UP","country_code":"IN"}},{"type":"Feature","geometry":{"type":"Point","coordinates":[77.88019,27.63792]},"properties":{"id":57938,"name":"Beswan","state_code":"UP","country_code":"IN"}},{"type":"Feature","geometry":{"type":"Point","coordinates":[79.29761,27.21869]},"properties":{"id":57944,"name":"Bewar","state_code":"UP","country_code":"IN"}},{"type":"Feature","geometry":{"type":"Point","coordinates":[82.12416667,26.66027778]},"properties":{"id":147444,"name":"Bhadarsa","state_code":"UP","country_code":"IN"}},{"type":"Feature","geometry":{"type":"Point","coordinates":[82.5703,25.39526]},"properties":{"id":57951,"name":"Bhadohi","state_code":"UP","country_code":"IN"}},{"type":"Feature","geometry":{"type":"Point","coordinates":[80.7575,26.22383]},"properties":{"id":57958,"name":"Bhagwantnagar","state_code":"UP","country_code":"IN"}},{"type":"Feature","geometry":{"type":"Point","coordinates":[78.96666667,25.23333333]},"properties":{"id":147445,"name":"Bharatpura","state_code":"UP","country_code":"IN"}},{"type":"Feature","geometry":{"type":"Point","coordinates":[79.14416667,27.615]},"properties":{"id":147446,"name":"Bhargain","state_code":"UP","country_code":"IN"}},{"type":"Feature","geometry":{"type":"Point","coordinates":[79.2218,26.75231]},"properties":{"id":57965,"name":"Bharthana","state_code":"UP","country_code":"IN"}},{"type":"Feature","geometry":{"type":"Point","coordinates":[81.49164,25.56078]},"properties":{"id":57966,"name":"Bharwari","state_code":"UP","country_code":"IN"}},{"type":"Feature","geometry":{"type":"Point","coordinates":[79.21666667,26.91666667]},"properties":{"id":147447,"name":"Bhaupur","state_code":"UP","country_code":"IN"}},{"type":"Feature","geometry":{"type":"Point","coordinates":[79.56305556,29.34444444]},"properties":{"id":147448,"name":"Bhimtal","state_code":"UP","country_code":"IN"}},{"type":"Feature","geometry":{"type":"Point","coordinates":[81.9343,27.70283]},"properties":{"id":57984,"name":"Bhinga","state_code":"UP","country_code":"IN"}},{"type":"Feature","geometry":{"type":"Point","coordinates":[79.8,26.24]},"properties":{"id":147449,"name":"Bhognipur","state_code":"UP","country_code":"IN"}},{"type":"Feature","geometry":{"type":"Point","coordinates":[79.18118,27.25515]},"properties":{"id":57993,"name":"Bhongaon","state_code":"UP","country_code":"IN"}},{"type":"Feature","geometry":{"type":"Point","coordinates":[80.28333333,26.33333333]},"properties":{"id":147450,"name":"Bidhnu","state_code":"UP","country_code":"IN"}},{"type":"Feature","geometry":{"type":"Point","coordinates":[79.50829,26.80172]},"properties":{"id":58027,"name":"Bidhuna","state_code":"UP","country_code":"IN"}},{"type":"Feature","geometry":{"type":"Point","coordinates":[80.68,26.35]},"properties":{"id":147451,"name":"Bighapur","state_code":"UP","country_code":"IN"}},{"type":"Feature","geometry":{"type":"Point","coordinates":[80.65698,26.34734]},"properties":{"id":58155,"name":"Bighapur Khurd","state_code":"UP","country_code":"IN"}},{"type":"Feature","geometry":{"type":"Point","coordinates":[78.51667,29.41667]},"properties":{"id":58035,"name":"Bijnor","state_code":"UP","country_code":"IN"}},{"type":"Feature","geometry":{"type":"Point","coordinates":[82.13272,26.59534]},"properties":{"id":58158,"name":"Bikapur","state_code":"UP","country_code":"IN"}},{"type":"Feature","geometry":{"type":"Point","coordinates":[78.80361,28.62146]},"properties":{"id":58052,"name":"Bilari","state_code":"UP","country_code":"IN"}},{"type":"Feature","geometry":{"type":"Point","coordinates":[83.2269,26.19593]},"properties":{"id":58040,"name":"Bilariaganj","state_code":"UP","country_code":"IN"}},{"type":"Feature","geometry":{"type":"Point","coordinates":[79.2703,28.88655]},"properties":{"id":58159,"name":"Bilaspur","state_code":"UP","country_code":"IN"}},{"type":"Feature","geometry":{"type":"Point","coordinates":[80.03201,27.17509]},"properties":{"id":58043,"name":"Bilgram","state_code":"UP","country_code":"IN"}},{"type":"Feature","geometry":{"type":"Point","coordinates":[80.06388,26.84345]},"properties":{"id":58044,"name":"Bilhaur","state_code":"UP","country_code":"IN"}},{"type":"Feature","geometry":{"type":"Point","coordinates":[79.95135,28.24341]},"properties":{"id":58048,"name":"Bilsanda","state_code":"UP","country_code":"IN"}},{"type":"Feature","geometry":{"type":"Point","coordinates":[78.9109,28.12941]},"properties":{"id":58049,"name":"Bilsi","state_code":"UP","country_code":"IN"}},{"type":"Feature","geometry":{"type":"Point","coordinates":[83.89148,26.12705]},"properties":{"id":58050,"name":"Bilthra","state_code":"UP","country_code":"IN"}},{"type":"Feature","geometry":{"type":"Point","coordinates":[77.40083333,29.09416667]},"properties":{"id":147452,"name":"Binauli","state_code":"UP","country_code":"IN"}},{"type":"Feature","geometry":{"type":"Point","coordinates":[80.16666667,26.38333333]},"properties":{"id":147453,"name":"Binaur","state_code":"UP","country_code":"IN"}},{"type":"Feature","geometry":{"type":"Point","coordinates":[80.57617,26.03613]},"properties":{"id":58057,"name":"Bindki","state_code":"UP","country_code":"IN"}},{"type":"Feature","geometry":{"type":"Point","coordinates":[83.1167,27.3833]},"properties":{"id":147454,"name":"Birdpur","state_code":"UP","country_code":"IN"}},{"type":"Feature","geometry":{"type":"Point","coordinates":[86.25,26.53]},"properties":{"id":147455,"name":"Birpur","state_code":"UP","country_code":"IN"}},{"type":"Feature","geometry":{"type":"Point","coordinates":[79.80472,28.29253]},"properties":{"id":58161,"name":"Bisalpur","state_code":"UP","country_code":"IN"}},{"type":"Feature","geometry":{"type":"Point","coordinates":[80.61666667,25.41666667]},"properties":{"id":147456,"name":"Bisanda Buzurg","state_code":"UP","country_code":"IN"}},{"type":"Feature","geometry":{"type":"Point","coordinates":[78.93678,28.30772]},"properties":{"id":58062,"name":"Bisauli","state_code":"UP","country_code":"IN"}},{"type":"Feature","geometry":{"type":"Point","coordinates":[80.61889,25.4035]},"properties":{"id":58063,"name":"Bisenda Buzurg","state_code":"UP","country_code":"IN"}},{"type":"Feature","geometry":{"type":"Point","coordinates":[83.11643,26.25914]},"properties":{"id":58066,"name":"Bishunpur Urf Maharajganj","state_code":"UP","country_code":"IN"}},{"type":"Feature","geometry":{"type":"Point","coordinates":[80.99618,27.49581]},"properties":{"id":58068,"name":"Biswan","state_code":"UP","country_code":"IN"}},{"type":"Feature","geometry":{"type":"Point","coordinates":[80.27098,26.60664]},"properties":{"id":58069,"name":"Bithur","state_code":"UP","country_code":"IN"}},{"type":"Feature","geometry":{"type":"Point","coordinates":[78.98333,28.11667]},"properties":{"id":58088,"name":"Budaun","state_code":"UP","country_code":"IN"}},{"type":"Feature","geometry":{"type":"Point","coordinates":[77.47534,29.28805]},"properties":{"id":58091,"name":"Budhana","state_code":"UP","country_code":"IN"}},{"type":"Feature","geometry":{"type":"Point","coordinates":[77.83333,28.41667]},"properties":{"id":58093,"name":"Bulandshahr","state_code":"UP","country_code":"IN"}},{"type":"Feature","geometry":{"type":"Point","coordinates":[83.71334,26.9264]},"properties":{"id":58168,"name":"Captainganj","state_code":"UP","country_code":"IN"}},{"type":"Feature","geometry":{"type":"Point","coordinates":[81.63198,25.42654]},"properties":{"id":58172,"name":"Chail","state_code":"UP","country_code":"IN"}},{"type":"Feature","geometry":{"type":"Point","coordinates":[83.22155,25.04891]},"properties":{"id":58173,"name":"Chakia","state_code":"UP","country_code":"IN"}},{"type":"Feature","geometry":{"type":"Point","coordinates":[83.26825,25.25803]},"properties":{"id":58186,"name":"Chandauli","state_code":"UP","country_code":"IN"}},{"type":"Feature","geometry":{"type":"Point","coordinates":[83.26408,25.26134]},"properties":{"id":58187,"name":"Chandauli District","state_code":"UP","country_code":"IN"}},{"type":"Feature","geometry":{"type":"Point","coordinates":[78.77,28.45]},"properties":{"id":147457,"name":"Chandausi","state_code":"UP","country_code":"IN"}},{"type":"Feature","geometry":{"type":"Point","coordinates":[78.27187,29.13489]},"properties":{"id":131600,"name":"Chandpur","state_code":"UP","country_code":"IN"}},{"type":"Feature","geometry":{"type":"Point","coordinates":[78.78277,28.45178]},"properties":{"id":58193,"name":"Chanduasi","state_code":"UP","country_code":"IN"}},{"type":"Feature","geometry":{"type":"Point","coordinates":[79.74877,25.40304]},"properties":{"id":58201,"name":"Charkhari","state_code":"UP","country_code":"IN"}},{"type":"Feature","geometry":{"type":"Point","coordinates":[77.59438,29.54687]},"properties":{"id":131509,"name":"Charthawal","state_code":"UP","country_code":"IN"}},{"type":"Feature","geometry":{"type":"Point","coordinates":[77.17454,29.20989]},"properties":{"id":131530,"name":"Chhaprauli","state_code":"UP","country_code":"IN"}},{"type":"Feature","geometry":{"type":"Point","coordinates":[78.40102,27.9247]},"properties":{"id":131531,"name":"Chharra","state_code":"UP","country_code":"IN"}},{"type":"Feature","geometry":{"type":"Point","coordinates":[77.5081,27.72374]},"properties":{"id":131540,"name":"Chhata","state_code":"UP","country_code":"IN"}},{"type":"Feature","geometry":{"type":"Point","coordinates":[79.50078,27.14872]},"properties":{"id":131533,"name":"Chhibramau","state_code":"UP","country_code":"IN"}},{"type":"Feature","geometry":{"type":"Point","coordinates":[83.98333333,27.11666667]},"properties":{"id":147458,"name":"Chhitauni","state_code":"UP","country_code":"IN"}},{"type":"Feature","geometry":{"type":"Point","coordinates":[77.75329,30.03209]},"properties":{"id":131537,"name":"Chhutmalpur","state_code":"UP","country_code":"IN"}},{"type":"Feature","geometry":{"type":"Point","coordinates":[83.5064,26.28221]},"properties":{"id":131557,"name":"Chillupar","state_code":"UP","country_code":"IN"}},{"type":"Feature","geometry":{"type":"Point","coordinates":[78.81432,25.57198]},"properties":{"id":131569,"name":"Chirgaon","state_code":"UP","country_code":"IN"}},{"type":"Feature","geometry":{"type":"Point","coordinates":[81.08962,25.20511]},"properties":{"id":131572,"name":"Chitrakoot","state_code":"UP","country_code":"IN"}},{"type":"Feature","geometry":{"type":"Point","coordinates":[80.9,25.2]},"properties":{"id":147459,"name":"Chitrakoot Dham","state_code":"UP","country_code":"IN"}},{"type":"Feature","geometry":{"type":"Point","coordinates":[83.02287,24.51954]},"properties":{"id":131579,"name":"Chopan","state_code":"UP","country_code":"IN"}},{"type":"Feature","geometry":{"type":"Point","coordinates":[82.8821,25.12776]},"properties":{"id":131584,"name":"Chunar","state_code":"UP","country_code":"IN"}},{"type":"Feature","geometry":{"type":"Point","coordinates":[83.1,24.65]},"properties":{"id":147460,"name":"Churk","state_code":"UP","country_code":"IN"}},{"type":"Feature","geometry":{"type":"Point","coordinates":[81.69868,27.13432]},"properties":{"id":131621,"name":"Colonelganj","state_code":"UP","country_code":"IN"}},{"type":"Feature","geometry":{"type":"Point","coordinates":[77.55403,28.55257]},"properties":{"id":131806,"name":"Dadri","state_code":"UP","country_code":"IN"}},{"type":"Feature","geometry":{"type":"Point","coordinates":[81.0298,26.06477]},"properties":{"id":131646,"name":"Dalmau","state_code":"UP","country_code":"IN"}},{"type":"Feature","geometry":{"type":"Point","coordinates":[77.55508,28.35121]},"properties":{"id":131653,"name":"Dankaur","state_code":"UP","country_code":"IN"}},{"type":"Feature","geometry":{"type":"Point","coordinates":[81.88333333,25.43333333]},"properties":{"id":147461,"name":"Daraganj","state_code":"UP","country_code":"IN"}},{"type":"Feature","geometry":{"type":"Point","coordinates":[81.3497579,25.6816208]},"properties":{"id":147462,"name":"Daranagar","state_code":"UP","country_code":"IN"}},{"type":"Feature","geometry":{"type":"Point","coordinates":[77.52252,28.67736]},"properties":{"id":131811,"name":"Dasna","state_code":"UP","country_code":"IN"}},{"type":"Feature","geometry":{"type":"Point","coordinates":[79.40819,28.0253]},"properties":{"id":131812,"name":"Dataganj","state_code":"UP","country_code":"IN"}},{"type":"Feature","geometry":{"type":"Point","coordinates":[77.70467,29.11344]},"properties":{"id":131668,"name":"Daurala","state_code":"UP","country_code":"IN"}},{"type":"Feature","geometry":{"type":"Point","coordinates":[78.01095,27.22122]},"properties":{"id":131674,"name":"Dayal Bagh","state_code":"UP","country_code":"IN"}},{"type":"Feature","geometry":{"type":"Point","coordinates":[77.67964,29.69505]},"properties":{"id":131682,"name":"Deoband","state_code":"UP","country_code":"IN"}},{"type":"Feature","geometry":{"type":"Point","coordinates":[78.238,24.526]},"properties":{"id":147463,"name":"Deogarh","state_code":"UP","country_code":"IN"}},{"type":"Feature","geometry":{"type":"Point","coordinates":[79.47648,28.62989]},"properties":{"id":131689,"name":"Deoranian","state_code":"UP","country_code":"IN"}},{"type":"Feature","geometry":{"type":"Point","coordinates":[83.75,26.66667]},"properties":{"id":131692,"name":"Deoria","state_code":"UP","country_code":"IN"}},{"type":"Feature","geometry":{"type":"Point","coordinates":[79.8,26.41666667]},"properties":{"id":147464,"name":"Derapur","state_code":"UP","country_code":"IN"}},{"type":"Feature","geometry":{"type":"Point","coordinates":[81.16692,27.03621]},"properties":{"id":131708,"name":"Dewa","state_code":"UP","country_code":"IN"}},{"type":"Feature","geometry":{"type":"Point","coordinates":[78.51083,29.30883]},"properties":{"id":131750,"name":"Dhampur","state_code":"UP","country_code":"IN"}},{"type":"Feature","geometry":{"type":"Point","coordinates":[78.25629,28.95912]},"properties":{"id":131714,"name":"Dhanaura","state_code":"UP","country_code":"IN"}},{"type":"Feature","geometry":{"type":"Point","coordinates":[83.00806111,26.55419444]},"properties":{"id":147465,"name":"Dhanghata","state_code":"UP","country_code":"IN"}},{"type":"Feature","geometry":{"type":"Point","coordinates":[79.96666667,26.38333333]},"properties":{"id":147466,"name":"Dharau","state_code":"UP","country_code":"IN"}},{"type":"Feature","geometry":{"type":"Point","coordinates":[81.08975,27.99814]},"properties":{"id":131731,"name":"Dhaurahra","state_code":"UP","country_code":"IN"}},{"type":"Feature","geometry":{"type":"Point","coordinates":[78.26173,28.20849]},"properties":{"id":131761,"name":"Dibai","state_code":"UP","country_code":"IN"}},{"type":"Feature","geometry":{"type":"Point","coordinates":[79.149,26.819]},"properties":{"id":147467,"name":"Divrasai","state_code":"UP","country_code":"IN"}},{"type":"Feature","geometry":{"type":"Point","coordinates":[83.50916,26.27217]},"properties":{"id":131783,"name":"Dohrighat","state_code":"UP","country_code":"IN"}},{"type":"Feature","geometry":{"type":"Point","coordinates":[82.67,27.22]},"properties":{"id":147468,"name":"Domariaganj","state_code":"UP","country_code":"IN"}},{"type":"Feature","geometry":{"type":"Point","coordinates":[82.47091,26.27486]},"properties":{"id":131791,"name":"Dostpur","state_code":"UP","country_code":"IN"}},{"type":"Feature","geometry":{"type":"Point","coordinates":[83.24067,24.21357]},"properties":{"id":131818,"name":"Dudhi","state_code":"UP","country_code":"IN"}},{"type":"Feature","geometry":{"type":"Point","coordinates":[78.75,27.5]},"properties":{"id":131845,"name":"Etah","state_code":"UP","country_code":"IN"}},{"type":"Feature","geometry":{"type":"Point","coordinates":[79.25,26.75]},"properties":{"id":131849,"name":"Etawah","state_code":"UP","country_code":"IN"}},{"type":"Feature","geometry":{"type":"Point","coordinates":[78.2,27.23971944]},"properties":{"id":147469,"name":"Etmadpur","state_code":"UP","country_code":"IN"}},{"type":"Feature","geometry":{"type":"Point","coordinates":[82,26.75]},"properties":{"id":131851,"name":"Faizabad","state_code":"UP","country_code":"IN"}},{"type":"Feature","geometry":{"type":"Point","coordinates":[77.76185,27.32081]},"properties":{"id":131852,"name":"Farah","state_code":"UP","country_code":"IN"}},{"type":"Feature","geometry":{"type":"Point","coordinates":[77.62934,28.76923]},"properties":{"id":131860,"name":"Faridnagar","state_code":"UP","country_code":"IN"}},{"type":"Feature","geometry":{"type":"Point","coordinates":[79.54149,28.20997]},"properties":{"id":131861,"name":"Faridpur","state_code":"UP","country_code":"IN"}},{"type":"Feature","geometry":{"type":"Point","coordinates":[79.5,27.5]},"properties":{"id":131858,"name":"Farrukhabad","state_code":"UP","country_code":"IN"}},{"type":"Feature","geometry":{"type":"Point","coordinates":[78.3027,27.02645]},"properties":{"id":131871,"name":"Fatehabad","state_code":"UP","country_code":"IN"}},{"type":"Feature","geometry":{"type":"Point","coordinates":[79.30657,28.4662]},"properties":{"id":131863,"name":"Fatehganj West","state_code":"UP","country_code":"IN"}},{"type":"Feature","geometry":{"type":"Point","coordinates":[79.63111,27.36409]},"properties":{"id":131864,"name":"Fatehgarh","state_code":"UP","country_code":"IN"}},{"type":"Feature","geometry":{"type":"Point","coordinates":[80.75,25.75]},"properties":{"id":131868,"name":"Fatehpur","state_code":"UP","country_code":"IN"}},{"type":"Feature","geometry":{"type":"Point","coordinates":[81.22,27.17]},"properties":{"id":147470,"name":"Fatehpur (Barabanki)","state_code":"UP","country_code":"IN"}},{"type":"Feature","geometry":{"type":"Point","coordinates":[80.26547,26.78925]},"properties":{"id":131869,"name":"Fatehpur Chaurasi","state_code":"UP","country_code":"IN"}},{"type":"Feature","geometry":{"type":"Point","coordinates":[77.66003,27.0937]},"properties":{"id":131870,"name":"Fatehpur Sikri","state_code":"UP","country_code":"IN"}},{"type":"Feature","geometry":{"type":"Point","coordinates":[78.42867,27.20072]},"properties":{"id":131876,"name":"Firozabad","state_code":"UP","country_code":"IN"}},{"type":"Feature","geometry":{"type":"Point","coordinates":[82.15018,26.77549]},"properties":{"id":131880,"name":"Fyzabad","state_code":"UP","country_code":"IN"}},{"type":"Feature","geometry":{"type":"Point","coordinates":[79.96666667,26.53333333]},"properties":{"id":147471,"name":"Gahlon","state_code":"UP","country_code":"IN"}},{"type":"Feature","geometry":{"type":"Point","coordinates":[83.822,25.497]},"properties":{"id":147472,"name":"Gahmar","state_code":"UP","country_code":"IN"}},{"type":"Feature","geometry":{"type":"Point","coordinates":[79.16,28.21]},"properties":{"id":147473,"name":"Gaini","state_code":"UP","country_code":"IN"}},{"type":"Feature","geometry":{"type":"Point","coordinates":[78.2396,28.8457]},"properties":{"id":131894,"name":"Gajraula","state_code":"UP","country_code":"IN"}},{"type":"Feature","geometry":{"type":"Point","coordinates":[77.26346,29.78004]},"properties":{"id":131903,"name":"Gangoh","state_code":"UP","country_code":"IN"}},{"type":"Feature","geometry":{"type":"Point","coordinates":[78.94166667,27.73277778]},"properties":{"id":147474,"name":"Ganj Dundawara","state_code":"UP","country_code":"IN"}},{"type":"Feature","geometry":{"type":"Point","coordinates":[78.94119,27.73308]},"properties":{"id":131912,"name":"Ganj Dundwara","state_code":"UP","country_code":"IN"}},{"type":"Feature","geometry":{"type":"Point","coordinates":[80.184,26.95733]},"properties":{"id":131913,"name":"Ganj Muradabad","state_code":"UP","country_code":"IN"}},{"type":"Feature","geometry":{"type":"Point","coordinates":[79.29764,25.5719]},"properties":{"id":131916,"name":"Garautha","state_code":"UP","country_code":"IN"}},{"type":"Feature","geometry":{"type":"Point","coordinates":[77.30881,29.5498]},"properties":{"id":131919,"name":"Garhi Pukhta","state_code":"UP","country_code":"IN"}},{"type":"Feature","geometry":{"type":"Point","coordinates":[78.10214,28.78732]},"properties":{"id":131920,"name":"Garhmuktesar","state_code":"UP","country_code":"IN"}},{"type":"Feature","geometry":{"type":"Point","coordinates":[83.82,24.18]},"properties":{"id":147475,"name":"Garhwa","state_code":"UP","country_code":"IN"}},{"type":"Feature","geometry":{"type":"Point","coordinates":[81.69,26.206]},"properties":{"id":147476,"name":"Gauriganj","state_code":"UP","country_code":"IN"}},{"type":"Feature","geometry":{"type":"Point","coordinates":[77.55076,28.35898]},"properties":{"id":131929,"name":"Gautam Buddha Nagar","state_code":"UP","country_code":"IN"}},{"type":"Feature","geometry":{"type":"Point","coordinates":[78.35186,28.41969]},"properties":{"id":131931,"name":"Gawan","state_code":"UP","country_code":"IN"}},{"type":"Feature","geometry":{"type":"Point","coordinates":[80.16803,26.15272]},"properties":{"id":131950,"name":"Ghatampur","state_code":"UP","country_code":"IN"}},{"type":"Feature","geometry":{"type":"Point","coordinates":[77.43915,28.66535]},"properties":{"id":131953,"name":"Ghaziabad","state_code":"UP","country_code":"IN"}},{"type":"Feature","geometry":{"type":"Point","coordinates":[83.58526,25.58333]},"properties":{"id":131940,"name":"Ghazipur","state_code":"UP","country_code":"IN"}},{"type":"Feature","geometry":{"type":"Point","coordinates":[78.79312,27.18912]},"properties":{"id":131941,"name":"Ghiror","state_code":"UP","country_code":"IN"}},{"type":"Feature","geometry":{"type":"Point","coordinates":[82.77965,24.75459]},"properties":{"id":131945,"name":"Ghorawal","state_code":"UP","country_code":"IN"}},{"type":"Feature","geometry":{"type":"Point","coordinates":[83.5393,26.10587]},"properties":{"id":131946,"name":"Ghosi","state_code":"UP","country_code":"IN"}},{"type":"Feature","geometry":{"type":"Point","coordinates":[79.54567,25.69871]},"properties":{"id":131969,"name":"Gohand","state_code":"UP","country_code":"IN"}},{"type":"Feature","geometry":{"type":"Point","coordinates":[77.72019,27.43926]},"properties":{"id":131973,"name":"Gokul","state_code":"UP","country_code":"IN"}},{"type":"Feature","geometry":{"type":"Point","coordinates":[83.35303,26.3446]},"properties":{"id":131974,"name":"Gola Bazar","state_code":"UP","country_code":"IN"}},{"type":"Feature","geometry":{"type":"Point","coordinates":[80.47054,28.07837]},"properties":{"id":131975,"name":"Gola Gokarannath","state_code":"UP","country_code":"IN"}},{"type":"Feature","geometry":{"type":"Point","coordinates":[81.96693,27.18581]},"properties":{"id":131981,"name":"Gonda","state_code":"UP","country_code":"IN"}},{"type":"Feature","geometry":{"type":"Point","coordinates":[80.28507,27.53468]},"properties":{"id":131990,"name":"Gopamau","state_code":"UP","country_code":"IN"}},{"type":"Feature","geometry":{"type":"Point","coordinates":[83.25,26.91667]},"properties":{"id":131992,"name":"Gorakhpur","state_code":"UP","country_code":"IN"}},{"type":"Feature","geometry":{"type":"Point","coordinates":[81.12,26.77]},"properties":{"id":147478,"name":"Gosainganj","state_code":"UP","country_code":"IN"}},{"type":"Feature","geometry":{"type":"Point","coordinates":[82.38091,26.57115]},"properties":{"id":131998,"name":"Goshainganj","state_code":"UP","country_code":"IN"}},{"type":"Feature","geometry":{"type":"Point","coordinates":[77.46263,27.49658]},"properties":{"id":132000,"name":"Govardhan","state_code":"UP","country_code":"IN"}},{"type":"Feature","geometry":{"type":"Point","coordinates":[77.53601,28.49615]},"properties":{"id":132005,"name":"Greater Noida","state_code":"UP","country_code":"IN"}},{"type":"Feature","geometry":{"type":"Point","coordinates":[77.79318,28.58938]},"properties":{"id":132019,"name":"Gulaothi","state_code":"UP","country_code":"IN"}},{"type":"Feature","geometry":{"type":"Point","coordinates":[78.43994,28.23995]},"properties":{"id":132026,"name":"Gunnaur","state_code":"UP","country_code":"IN"}},{"type":"Feature","geometry":{"type":"Point","coordinates":[79.73174,27.11518]},"properties":{"id":132035,"name":"Gursahaiganj","state_code":"UP","country_code":"IN"}},{"type":"Feature","geometry":{"type":"Point","coordinates":[79.18053,25.61677]},"properties":{"id":132036,"name":"Gursarai","state_code":"UP","country_code":"IN"}},{"type":"Feature","geometry":{"type":"Point","coordinates":[82.46637,25.33268]},"properties":{"id":132042,"name":"Gyanpur","state_code":"UP","country_code":"IN"}},{"type":"Feature","geometry":{"type":"Point","coordinates":[78.28437,29.28988]},"properties":{"id":132057,"name":"Haldaur","state_code":"UP","country_code":"IN"}},{"type":"Feature","geometry":{"type":"Point","coordinates":[80,25.75]},"properties":{"id":132062,"name":"Hamirpur","state_code":"UP","country_code":"IN"}},{"type":"Feature","geometry":{"type":"Point","coordinates":[82.18655,25.36379]},"properties":{"id":132064,"name":"Handia","state_code":"UP","country_code":"IN"}},{"type":"Feature","geometry":{"type":"Point","coordinates":[77.78068,28.72985]},"properties":{"id":132142,"name":"Hapur","state_code":"UP","country_code":"IN"}},{"type":"Feature","geometry":{"type":"Point","coordinates":[79.7,26.9]},"properties":{"id":147479,"name":"Haraipur","state_code":"UP","country_code":"IN"}},{"type":"Feature","geometry":{"type":"Point","coordinates":[82.46436,26.79477]},"properties":{"id":132068,"name":"Haraiya","state_code":"UP","country_code":"IN"}},{"type":"Feature","geometry":{"type":"Point","coordinates":[81.17,26.36]},"properties":{"id":147480,"name":"Harchandpur","state_code":"UP","country_code":"IN"}},{"type":"Feature","geometry":{"type":"Point","coordinates":[80.25,27.41667]},"properties":{"id":132072,"name":"Hardoi","state_code":"UP","country_code":"IN"}},{"type":"Feature","geometry":{"type":"Point","coordinates":[78.15789,27.94361]},"properties":{"id":132074,"name":"Harduaganj","state_code":"UP","country_code":"IN"}},{"type":"Feature","geometry":{"type":"Point","coordinates":[78.28436,28.72249]},"properties":{"id":132085,"name":"Hasanpur","state_code":"UP","country_code":"IN"}},{"type":"Feature","geometry":{"type":"Point","coordinates":[78.00762,29.16042]},"properties":{"id":132087,"name":"Hastinapur","state_code":"UP","country_code":"IN"}},{"type":"Feature","geometry":{"type":"Point","coordinates":[83.74526,26.7412]},"properties":{"id":132146,"name":"Hata","state_code":"UP","country_code":"IN"}},{"type":"Feature","geometry":{"type":"Point","coordinates":[83.74,26.75]},"properties":{"id":147481,"name":"Hata (India)","state_code":"UP","country_code":"IN"}},{"type":"Feature","geometry":{"type":"Point","coordinates":[78.05201,27.59551]},"properties":{"id":132144,"name":"Hathras","state_code":"UP","country_code":"IN"}},{"type":"Feature","geometry":{"type":"Point","coordinates":[77.36027778,29.69027778]},"properties":{"id":147482,"name":"Hulas","state_code":"UP","country_code":"IN"}},{"type":"Feature","geometry":{"type":"Point","coordinates":[83.16861111,26.01027778]},"properties":{"id":147483,"name":"Ibrahimpur","state_code":"UP","country_code":"IN"}},{"type":"Feature","geometry":{"type":"Point","coordinates":[77.93967,27.711]},"properties":{"id":132156,"name":"Iglas","state_code":"UP","country_code":"IN"}},{"type":"Feature","geometry":{"type":"Point","coordinates":[81.96917,27.53097]},"properties":{"id":132157,"name":"Ikauna","state_code":"UP","country_code":"IN"}},{"type":"Feature","geometry":{"type":"Point","coordinates":[79.6712,26.93521]},"properties":{"id":132164,"name":"Indergarh","state_code":"UP","country_code":"IN"}},{"type":"Feature","geometry":{"type":"Point","coordinates":[74.32284167,29.91299444]},"properties":{"id":147484,"name":"Indragarh","state_code":"UP","country_code":"IN"}},{"type":"Feature","geometry":{"type":"Point","coordinates":[78.72524,28.32896]},"properties":{"id":132173,"name":"Islamnagar","state_code":"UP","country_code":"IN"}},{"type":"Feature","geometry":{"type":"Point","coordinates":[78.72,28.33]},"properties":{"id":147485,"name":"Islamnagar (Badaun)","state_code":"UP","country_code":"IN"}},{"type":"Feature","geometry":{"type":"Point","coordinates":[80.89672,27.08347]},"properties":{"id":132176,"name":"Itaunja","state_code":"UP","country_code":"IN"}},{"type":"Feature","geometry":{"type":"Point","coordinates":[78.19829,27.23541]},"properties":{"id":132177,"name":"Itimadpur","state_code":"UP","country_code":"IN"}},{"type":"Feature","geometry":{"type":"Point","coordinates":[80.5451,26.74967]},"properties":{"id":132187,"name":"Jagdishpur","state_code":"UP","country_code":"IN"}},{"type":"Feature","geometry":{"type":"Point","coordinates":[77.60231,26.8636]},"properties":{"id":132191,"name":"Jagnair","state_code":"UP","country_code":"IN"}},{"type":"Feature","geometry":{"type":"Point","coordinates":[79.71818,28.63025]},"properties":{"id":132197,"name":"Jahanabad","state_code":"UP","country_code":"IN"}},{"type":"Feature","geometry":{"type":"Point","coordinates":[79.8,28.6333]},"properties":{"id":147486,"name":"Jahanabad (Pilibhit)","state_code":"UP","country_code":"IN"}},{"type":"Feature","geometry":{"type":"Point","coordinates":[78.10588,28.40549]},"properties":{"id":132196,"name":"Jahangirabad","state_code":"UP","country_code":"IN"}},{"type":"Feature","geometry":{"type":"Point","coordinates":[77.70501,28.17919]},"properties":{"id":132195,"name":"Jahangirpur","state_code":"UP","country_code":"IN"}},{"type":"Feature","geometry":{"type":"Point","coordinates":[83.33505,26.15389]},"properties":{"id":132200,"name":"Jainpur","state_code":"UP","country_code":"IN"}},{"type":"Feature","geometry":{"type":"Point","coordinates":[81.54855,26.2649]},"properties":{"id":132202,"name":"Jais","state_code":"UP","country_code":"IN"}},{"type":"Feature","geometry":{"type":"Point","coordinates":[77.43908,29.61853]},"properties":{"id":132221,"name":"Jalalabad","state_code":"UP","country_code":"IN"}},{"type":"Feature","geometry":{"type":"Point","coordinates":[78.25267,27.8668]},"properties":{"id":132224,"name":"Jalali","state_code":"UP","country_code":"IN"}},{"type":"Feature","geometry":{"type":"Point","coordinates":[82.73859,26.31162]},"properties":{"id":132220,"name":"Jalalpur","state_code":"UP","country_code":"IN"}},{"type":"Feature","geometry":{"type":"Point","coordinates":[79.5,26]},"properties":{"id":132306,"name":"Jalaun","state_code":"UP","country_code":"IN"}},{"type":"Feature","geometry":{"type":"Point","coordinates":[78.3031,27.47315]},"properties":{"id":132212,"name":"Jalesar","state_code":"UP","country_code":"IN"}},{"type":"Feature","geometry":{"type":"Point","coordinates":[82.31666667,25.55]},"properties":{"id":147487,"name":"Janghai","state_code":"UP","country_code":"IN"}},{"type":"Feature","geometry":{"type":"Point","coordinates":[77.85044,29.32502]},"properties":{"id":132313,"name":"Jansath","state_code":"UP","country_code":"IN"}},{"type":"Feature","geometry":{"type":"Point","coordinates":[82.51666667,27.65]},"properties":{"id":147488,"name":"Jarwa","state_code":"UP","country_code":"IN"}},{"type":"Feature","geometry":{"type":"Point","coordinates":[81.54179,27.1629]},"properties":{"id":132242,"name":"Jarwal","state_code":"UP","country_code":"IN"}},{"type":"Feature","geometry":{"type":"Point","coordinates":[78.65244,27.23587]},"properties":{"id":132248,"name":"Jasrana","state_code":"UP","country_code":"IN"}},{"type":"Feature","geometry":{"type":"Point","coordinates":[78.90256,26.88271]},"properties":{"id":132249,"name":"Jaswantnagar","state_code":"UP","country_code":"IN"}},{"type":"Feature","geometry":{"type":"Point","coordinates":[82.75,25.75]},"properties":{"id":132252,"name":"Jaunpur","state_code":"UP","country_code":"IN"}},{"type":"Feature","geometry":{"type":"Point","coordinates":[77.55734,28.122]},"properties":{"id":132264,"name":"Jewar","state_code":"UP","country_code":"IN"}},{"type":"Feature","geometry":{"type":"Point","coordinates":[75.28,27.86]},"properties":{"id":147489,"name":"Jhajhar","state_code":"UP","country_code":"IN"}},{"type":"Feature","geometry":{"type":"Point","coordinates":[78.22608,29.33609]},"properties":{"id":132277,"name":"Jhalu","state_code":"UP","country_code":"IN"}},{"type":"Feature","geometry":{"type":"Point","coordinates":[78.5,25.5]},"properties":{"id":132279,"name":"Jhansi","state_code":"UP","country_code":"IN"}},{"type":"Feature","geometry":{"type":"Point","coordinates":[79.73423,26.56093]},"properties":{"id":132280,"name":"Jhinjhak","state_code":"UP","country_code":"IN"}},{"type":"Feature","geometry":{"type":"Point","coordinates":[77.2247,29.52118]},"properties":{"id":132271,"name":"Jhinjhana","state_code":"UP","country_code":"IN"}},{"type":"Feature","geometry":{"type":"Point","coordinates":[81.9055,25.43745]},"properties":{"id":132281,"name":"Jhusi","state_code":"UP","country_code":"IN"}},{"type":"Feature","geometry":{"type":"Point","coordinates":[83.33,26.15]},"properties":{"id":147490,"name":"Jiyanpur","state_code":"UP","country_code":"IN"}},{"type":"Feature","geometry":{"type":"Point","coordinates":[78.33871,28.7716]},"properties":{"id":132303,"name":"Jyotiba Phule Nagar","state_code":"UP","country_code":"IN"}},{"type":"Feature","geometry":{"type":"Point","coordinates":[79.9997,25.40281]},"properties":{"id":132320,"name":"Kabrai","state_code":"UP","country_code":"IN"}},{"type":"Feature","geometry":{"type":"Point","coordinates":[82.71442,25.20615]},"properties":{"id":132322,"name":"Kachhwa","state_code":"UP","country_code":"IN"}},{"type":"Feature","geometry":{"type":"Point","coordinates":[79.83842,25.98537]},"properties":{"id":132325,"name":"Kadaura","state_code":"UP","country_code":"IN"}},{"type":"Feature","geometry":{"type":"Point","coordinates":[82.37028,26.16779]},"properties":{"id":132676,"name":"Kadipur","state_code":"UP","country_code":"IN"}},{"type":"Feature","geometry":{"type":"Point","coordinates":[77.85,27.01666667]},"properties":{"id":147491,"name":"Kagarol","state_code":"UP","country_code":"IN"}},{"type":"Feature","geometry":{"type":"Point","coordinates":[79.33525,27.55441]},"properties":{"id":132335,"name":"Kaimganj","state_code":"UP","country_code":"IN"}},{"type":"Feature","geometry":{"type":"Point","coordinates":[77.2054,29.39541]},"properties":{"id":132339,"name":"Kairana","state_code":"UP","country_code":"IN"}},{"type":"Feature","geometry":{"type":"Point","coordinates":[80.7857,26.868]},"properties":{"id":132679,"name":"Kakori","state_code":"UP","country_code":"IN"}},{"type":"Feature","geometry":{"type":"Point","coordinates":[79.1945,27.89269]},"properties":{"id":132342,"name":"Kakrala","state_code":"UP","country_code":"IN"}},{"type":"Feature","geometry":{"type":"Point","coordinates":[80.08152,28.62019]},"properties":{"id":132690,"name":"Kalinagar","state_code":"UP","country_code":"IN"}},{"type":"Feature","geometry":{"type":"Point","coordinates":[79.73333,26.11667]},"properties":{"id":132683,"name":"Kalpi","state_code":"UP","country_code":"IN"}},{"type":"Feature","geometry":{"type":"Point","coordinates":[80.24980556,26.51912222]},"properties":{"id":147492,"name":"Kalyanpur","state_code":"UP","country_code":"IN"}},{"type":"Feature","geometry":{"type":"Point","coordinates":[79.63134,27.26181]},"properties":{"id":132361,"name":"Kamalganj","state_code":"UP","country_code":"IN"}},{"type":"Feature","geometry":{"type":"Point","coordinates":[79.27687,27.61268]},"properties":{"id":132364,"name":"Kampil","state_code":"UP","country_code":"IN"}},{"type":"Feature","geometry":{"type":"Point","coordinates":[77.27101,29.32104]},"properties":{"id":132697,"name":"Kandhla","state_code":"UP","country_code":"IN"}},{"type":"Feature","geometry":{"type":"Point","coordinates":[79.67846,27.0177]},"properties":{"id":132378,"name":"Kannauj","state_code":"UP","country_code":"IN"}},{"type":"Feature","geometry":{"type":"Point","coordinates":[80.34975,26.46523]},"properties":{"id":132384,"name":"Kanpur","state_code":"UP","country_code":"IN"}},{"type":"Feature","geometry":{"type":"Point","coordinates":[79.98957,26.41506]},"properties":{"id":132385,"name":"Kanpur Dehat","state_code":"UP","country_code":"IN"}},{"type":"Feature","geometry":{"type":"Point","coordinates":[79.79185,27.81049]},"properties":{"id":132711,"name":"Kant","state_code":"UP","country_code":"IN"}},{"type":"Feature","geometry":{"type":"Point","coordinates":[78.62951,29.05939]},"properties":{"id":132712,"name":"Kanth","state_code":"UP","country_code":"IN"}},{"type":"Feature","geometry":{"type":"Point","coordinates":[83.72,26.93]},"properties":{"id":147493,"name":"Kaptanganj","state_code":"UP","country_code":"IN"}},{"type":"Feature","geometry":{"type":"Point","coordinates":[81.35,25.7]},"properties":{"id":147494,"name":"Kara","state_code":"UP","country_code":"IN"}},{"type":"Feature","geometry":{"type":"Point","coordinates":[81.42675,25.45241]},"properties":{"id":132413,"name":"Karari","state_code":"UP","country_code":"IN"}},{"type":"Feature","geometry":{"type":"Point","coordinates":[80.5,26.2]},"properties":{"id":147495,"name":"Karbigwan","state_code":"UP","country_code":"IN"}},{"type":"Feature","geometry":{"type":"Point","coordinates":[81.93,25.28]},"properties":{"id":147496,"name":"Karchana","state_code":"UP","country_code":"IN"}},{"type":"Feature","geometry":{"type":"Point","coordinates":[78.93935,27.00089]},"properties":{"id":132400,"name":"Karhal","state_code":"UP","country_code":"IN"}},{"type":"Feature","geometry":{"type":"Point","coordinates":[78.64579,27.80882]},"properties":{"id":132722,"name":"Kasganj","state_code":"UP","country_code":"IN"}},{"type":"Feature","geometry":{"type":"Point","coordinates":[82.02636,27.50871]},"properties":{"id":132426,"name":"Katra","state_code":"UP","country_code":"IN"}},{"type":"Feature","geometry":{"type":"Point","coordinates":[79.60333333,29.84305556]},"properties":{"id":147497,"name":"Kausani","state_code":"UP","country_code":"IN"}},{"type":"Feature","geometry":{"type":"Point","coordinates":[81.37729,25.53074]},"properties":{"id":132430,"name":"Kaushambi","state_code":"UP","country_code":"IN"}},{"type":"Feature","geometry":{"type":"Point","coordinates":[79.2048,28.80673]},"properties":{"id":132440,"name":"Kemri","state_code":"UP","country_code":"IN"}},{"type":"Feature","geometry":{"type":"Point","coordinates":[83.88333,27.18333]},"properties":{"id":132449,"name":"Khada","state_code":"UP","country_code":"IN"}},{"type":"Feature","geometry":{"type":"Point","coordinates":[81.10393,25.77215]},"properties":{"id":132512,"name":"Khaga","state_code":"UP","country_code":"IN"}},{"type":"Feature","geometry":{"type":"Point","coordinates":[78.53,25.35]},"properties":{"id":147498,"name":"Khailar","state_code":"UP","country_code":"IN"}},{"type":"Feature","geometry":{"type":"Point","coordinates":[77.84243,27.94195]},"properties":{"id":132454,"name":"Khair","state_code":"UP","country_code":"IN"}},{"type":"Feature","geometry":{"type":"Point","coordinates":[80.75461,27.52698]},"properties":{"id":132455,"name":"Khairabad","state_code":"UP","country_code":"IN"}},{"type":"Feature","geometry":{"type":"Point","coordinates":[83.07179,26.77268]},"properties":{"id":132459,"name":"Khalilabad","state_code":"UP","country_code":"IN"}},{"type":"Feature","geometry":{"type":"Point","coordinates":[78.06546,28.53446]},"properties":{"id":132514,"name":"Khanpur","state_code":"UP","country_code":"IN"}},{"type":"Feature","geometry":{"type":"Point","coordinates":[79.81235,25.54277]},"properties":{"id":132473,"name":"Kharela","state_code":"UP","country_code":"IN"}},{"type":"Feature","geometry":{"type":"Point","coordinates":[81.9882,27.37611]},"properties":{"id":132475,"name":"Khargupur","state_code":"UP","country_code":"IN"}},{"type":"Feature","geometry":{"type":"Point","coordinates":[77.74159,28.83644]},"properties":{"id":132479,"name":"Kharkhauda","state_code":"UP","country_code":"IN"}},{"type":"Feature","geometry":{"type":"Point","coordinates":[77.73302,29.27844]},"properties":{"id":132483,"name":"Khatauli","state_code":"UP","country_code":"IN"}},{"type":"Feature","geometry":{"type":"Point","coordinates":[77.2841,28.86586]},"properties":{"id":132490,"name":"Khekra","state_code":"UP","country_code":"IN"}},{"type":"Feature","geometry":{"type":"Point","coordinates":[80.71667,28.11667]},"properties":{"id":132492,"name":"Kheri","state_code":"UP","country_code":"IN"}},{"type":"Feature","geometry":{"type":"Point","coordinates":[79.71472,28.14607]},"properties":{"id":132503,"name":"Khudaganj","state_code":"UP","country_code":"IN"}},{"type":"Feature","geometry":{"type":"Point","coordinates":[77.85535,28.25382]},"properties":{"id":132509,"name":"Khurja","state_code":"UP","country_code":"IN"}},{"type":"Feature","geometry":{"type":"Point","coordinates":[80.27046,28.20307]},"properties":{"id":132520,"name":"Khutar","state_code":"UP","country_code":"IN"}},{"type":"Feature","geometry":{"type":"Point","coordinates":[82.91596,25.63745]},"properties":{"id":132528,"name":"Kirakat","state_code":"UP","country_code":"IN"}},{"type":"Feature","geometry":{"type":"Point","coordinates":[77.78516,27.13768]},"properties":{"id":132526,"name":"Kiraoli","state_code":"UP","country_code":"IN"}},{"type":"Feature","geometry":{"type":"Point","coordinates":[78.20613,29.50671]},"properties":{"id":132734,"name":"Kiratpur","state_code":"UP","country_code":"IN"}},{"type":"Feature","geometry":{"type":"Point","coordinates":[81.0227,25.64232]},"properties":{"id":132531,"name":"Kishanpur","state_code":"UP","country_code":"IN"}},{"type":"Feature","geometry":{"type":"Point","coordinates":[77.28333333,29.2]},"properties":{"id":147499,"name":"Kishanpur baral","state_code":"UP","country_code":"IN"}},{"type":"Feature","geometry":{"type":"Point","coordinates":[79.262,27.02487]},"properties":{"id":132532,"name":"Kishni","state_code":"UP","country_code":"IN"}},{"type":"Feature","geometry":{"type":"Point","coordinates":[77.93861,28.86684]},"properties":{"id":132535,"name":"Kithor","state_code":"UP","country_code":"IN"}},{"type":"Feature","geometry":{"type":"Point","coordinates":[79.15127,25.99451]},"properties":{"id":132564,"name":"Konch","state_code":"UP","country_code":"IN"}},{"type":"Feature","geometry":{"type":"Point","coordinates":[83.5663,26.01923]},"properties":{"id":132575,"name":"Kopaganj","state_code":"UP","country_code":"IN"}},{"type":"Feature","geometry":{"type":"Point","coordinates":[77.4368,27.79449]},"properties":{"id":132589,"name":"Kosi","state_code":"UP","country_code":"IN"}},{"type":"Feature","geometry":{"type":"Point","coordinates":[83.13063,24.44643]},"properties":{"id":132592,"name":"Kota","state_code":"UP","country_code":"IN"}},{"type":"Feature","geometry":{"type":"Point","coordinates":[79.30909,25.8077]},"properties":{"id":132605,"name":"Kotra","state_code":"UP","country_code":"IN"}},{"type":"Feature","geometry":{"type":"Point","coordinates":[77.95,28.68333333]},"properties":{"id":147500,"name":"Kuchesar","state_code":"UP","country_code":"IN"}},{"type":"Feature","geometry":{"type":"Point","coordinates":[79.4,26.81666667]},"properties":{"id":147501,"name":"Kudarkot","state_code":"UP","country_code":"IN"}},{"type":"Feature","geometry":{"type":"Point","coordinates":[79.63931,25.32007]},"properties":{"id":132635,"name":"Kulpahar","state_code":"UP","country_code":"IN"}},{"type":"Feature","geometry":{"type":"Point","coordinates":[81.51396,25.71702]},"properties":{"id":132644,"name":"Kunda","state_code":"UP","country_code":"IN"}},{"type":"Feature","geometry":{"type":"Point","coordinates":[78.78559,28.68304]},"properties":{"id":132645,"name":"Kundarkhi","state_code":"UP","country_code":"IN"}},{"type":"Feature","geometry":{"type":"Point","coordinates":[78.785,28.683]},"properties":{"id":147502,"name":"Kundarki","state_code":"UP","country_code":"IN"}},{"type":"Feature","geometry":{"type":"Point","coordinates":[79.98984,25.98046]},"properties":{"id":132664,"name":"Kurara","state_code":"UP","country_code":"IN"}},{"type":"Feature","geometry":{"type":"Point","coordinates":[82.11666667,26.43333333]},"properties":{"id":147503,"name":"Kurebharsaidkhanpur","state_code":"UP","country_code":"IN"}},{"type":"Feature","geometry":{"type":"Point","coordinates":[83.88889,26.74028]},"properties":{"id":132665,"name":"Kushinagar","state_code":"UP","country_code":"IN"}},{"type":"Feature","geometry":{"type":"Point","coordinates":[79.28333333,27.11666667]},"properties":{"id":147504,"name":"Kusmara","state_code":"UP","country_code":"IN"}},{"type":"Feature","geometry":{"type":"Point","coordinates":[79.41666667,26.36666667]},"properties":{"id":147505,"name":"Kuthaund","state_code":"UP","country_code":"IN"}},{"type":"Feature","geometry":{"type":"Point","coordinates":[80.90256,27.70827]},"properties":{"id":132790,"name":"Laharpur","state_code":"UP","country_code":"IN"}},{"type":"Feature","geometry":{"type":"Point","coordinates":[80.77935,27.94822]},"properties":{"id":132748,"name":"Lakhimpur","state_code":"UP","country_code":"IN"}},{"type":"Feature","geometry":{"type":"Point","coordinates":[79.1477,26.64822]},"properties":{"id":132745,"name":"Lakhna","state_code":"UP","country_code":"IN"}},{"type":"Feature","geometry":{"type":"Point","coordinates":[81.70478,25.93182]},"properties":{"id":132796,"name":"Lalganj","state_code":"UP","country_code":"IN"}},{"type":"Feature","geometry":{"type":"Point","coordinates":[78.5,24.5]},"properties":{"id":132755,"name":"Lalitpur","state_code":"UP","country_code":"IN"}},{"type":"Feature","geometry":{"type":"Point","coordinates":[82.21,26.15]},"properties":{"id":147506,"name":"Lambhua","state_code":"UP","country_code":"IN"}},{"type":"Feature","geometry":{"type":"Point","coordinates":[83.96906,26.20394]},"properties":{"id":132757,"name":"Lar","state_code":"UP","country_code":"IN"}},{"type":"Feature","geometry":{"type":"Point","coordinates":[77.76666667,29.11666667]},"properties":{"id":147507,"name":"Lawar","state_code":"UP","country_code":"IN"}},{"type":"Feature","geometry":{"type":"Point","coordinates":[77.77767,29.11091]},"properties":{"id":132803,"name":"Lawar Khas","state_code":"UP","country_code":"IN"}},{"type":"Feature","geometry":{"type":"Point","coordinates":[77.29023,28.75143]},"properties":{"id":132775,"name":"Loni","state_code":"UP","country_code":"IN"}},{"type":"Feature","geometry":{"type":"Point","coordinates":[80.92313,26.83928]},"properties":{"id":132782,"name":"Lucknow","state_code":"UP","country_code":"IN"}},{"type":"Feature","geometry":{"type":"Point","coordinates":[81,26.75]},"properties":{"id":132783,"name":"Lucknow District","state_code":"UP","country_code":"IN"}},{"type":"Feature","geometry":{"type":"Point","coordinates":[82.42,25.68]},"properties":{"id":147508,"name":"Machhali Shahar","state_code":"UP","country_code":"IN"}},{"type":"Feature","geometry":{"type":"Point","coordinates":[82.41106,25.68564]},"properties":{"id":132805,"name":"Machhlishahr","state_code":"UP","country_code":"IN"}},{"type":"Feature","geometry":{"type":"Point","coordinates":[80.14058,27.11807]},"properties":{"id":133057,"name":"Madhoganj","state_code":"UP","country_code":"IN"}},{"type":"Feature","geometry":{"type":"Point","coordinates":[79.1859,26.27522]},"properties":{"id":133058,"name":"Madhogarh","state_code":"UP","country_code":"IN"}},{"type":"Feature","geometry":{"type":"Point","coordinates":[83.12773,26.75586]},"properties":{"id":132823,"name":"Maghar","state_code":"UP","country_code":"IN"}},{"type":"Feature","geometry":{"type":"Point","coordinates":[77.74338,27.43262]},"properties":{"id":132845,"name":"Mahaban","state_code":"UP","country_code":"IN"}},{"type":"Feature","geometry":{"type":"Point","coordinates":[83.50667,27.16945]},"properties":{"id":132826,"name":"Maharajganj","state_code":"UP","country_code":"IN"}},{"type":"Feature","geometry":{"type":"Point","coordinates":[81.11775,27.29191]},"properties":{"id":132836,"name":"Mahmudabad","state_code":"UP","country_code":"IN"}},{"type":"Feature","geometry":{"type":"Point","coordinates":[79.87242,25.2921]},"properties":{"id":132837,"name":"Mahoba","state_code":"UP","country_code":"IN"}},{"type":"Feature","geometry":{"type":"Point","coordinates":[80.47371,27.66368]},"properties":{"id":132839,"name":"Maholi","state_code":"UP","country_code":"IN"}},{"type":"Feature","geometry":{"type":"Point","coordinates":[83.11666667,26.26666667]},"properties":{"id":147509,"name":"Mahrajganj","state_code":"UP","country_code":"IN"}},{"type":"Feature","geometry":{"type":"Point","coordinates":[81.28333333,26.38333333]},"properties":{"id":147510,"name":"Mahrajganj (Raebareli)","state_code":"UP","country_code":"IN"}},{"type":"Feature","geometry":{"type":"Point","coordinates":[78.72771,24.58624]},"properties":{"id":132840,"name":"Mahroni","state_code":"UP","country_code":"IN"}},{"type":"Feature","geometry":{"type":"Point","coordinates":[82.81666667,26.13333333]},"properties":{"id":147511,"name":"Mahul","state_code":"UP","country_code":"IN"}},{"type":"Feature","geometry":{"type":"Point","coordinates":[80.3438,28.29088]},"properties":{"id":132855,"name":"Mailani","state_code":"UP","country_code":"IN"}},{"type":"Feature","geometry":{"type":"Point","coordinates":[79,27.16667]},"properties":{"id":132857,"name":"Mainpuri","state_code":"UP","country_code":"IN"}},{"type":"Feature","geometry":{"type":"Point","coordinates":[79.41666667,27.03333333]},"properties":{"id":147512,"name":"Majhupur","state_code":"UP","country_code":"IN"}},{"type":"Feature","geometry":{"type":"Point","coordinates":[79.97805556,26.90222222]},"properties":{"id":147513,"name":"Makanpur","state_code":"UP","country_code":"IN"}},{"type":"Feature","geometry":{"type":"Point","coordinates":[79.94489,26.26755]},"properties":{"id":147514,"name":"Malasa","state_code":"UP","country_code":"IN"}},{"type":"Feature","geometry":{"type":"Point","coordinates":[80.71078,26.92223]},"properties":{"id":132878,"name":"Malihabad","state_code":"UP","country_code":"IN"}},{"type":"Feature","geometry":{"type":"Point","coordinates":[78.12732,29.48655]},"properties":{"id":132899,"name":"Mandawar","state_code":"UP","country_code":"IN"}},{"type":"Feature","geometry":{"type":"Point","coordinates":[84.17233,25.98546]},"properties":{"id":132910,"name":"Maniar","state_code":"UP","country_code":"IN"}},{"type":"Feature","geometry":{"type":"Point","coordinates":[81.09961,25.06083]},"properties":{"id":133079,"name":"Manikpur","state_code":"UP","country_code":"IN"}},{"type":"Feature","geometry":{"type":"Point","coordinates":[81.37566,25.53046]},"properties":{"id":132914,"name":"Manjhanpur","state_code":"UP","country_code":"IN"}},{"type":"Feature","geometry":{"type":"Point","coordinates":[82.22961,27.05189]},"properties":{"id":132917,"name":"Mankapur","state_code":"UP","country_code":"IN"}},{"type":"Feature","geometry":{"type":"Point","coordinates":[78.56891,27.7368]},"properties":{"id":133087,"name":"Marahra","state_code":"UP","country_code":"IN"}},{"type":"Feature","geometry":{"type":"Point","coordinates":[82.60379,25.60404]},"properties":{"id":132936,"name":"Mariahu","state_code":"UP","country_code":"IN"}},{"type":"Feature","geometry":{"type":"Point","coordinates":[80.15653,25.43594]},"properties":{"id":132940,"name":"Mataundh","state_code":"UP","country_code":"IN"}},{"type":"Feature","geometry":{"type":"Point","coordinates":[77.58333,27.63333]},"properties":{"id":132941,"name":"Mathura","state_code":"UP","country_code":"IN"}},{"type":"Feature","geometry":{"type":"Point","coordinates":[83.50756,26.0294]},"properties":{"id":132944,"name":"Mau","state_code":"UP","country_code":"IN"}},{"type":"Feature","geometry":{"type":"Point","coordinates":[81.91666667,25.7]},"properties":{"id":147515,"name":"Mau Aima","state_code":"UP","country_code":"IN"}},{"type":"Feature","geometry":{"type":"Point","coordinates":[81.92336,25.69515]},"properties":{"id":132945,"name":"Mau Aimma","state_code":"UP","country_code":"IN"}},{"type":"Feature","geometry":{"type":"Point","coordinates":[80.11419,25.68312]},"properties":{"id":132946,"name":"Maudaha","state_code":"UP","country_code":"IN"}},{"type":"Feature","geometry":{"type":"Point","coordinates":[80.88,26.43]},"properties":{"id":147516,"name":"Maurawan","state_code":"UP","country_code":"IN"}},{"type":"Feature","geometry":{"type":"Point","coordinates":[77.92199,29.10288]},"properties":{"id":132951,"name":"Mawana","state_code":"UP","country_code":"IN"}},{"type":"Feature","geometry":{"type":"Point","coordinates":[79.92111111,26.30416667]},"properties":{"id":147517,"name":"Mawar","state_code":"UP","country_code":"IN"}},{"type":"Feature","geometry":{"type":"Point","coordinates":[77.68333,28.91667]},"properties":{"id":132958,"name":"Meerut","state_code":"UP","country_code":"IN"}},{"type":"Feature","geometry":{"type":"Point","coordinates":[83.11666667,26.98333333]},"properties":{"id":147518,"name":"Mehdawal","state_code":"UP","country_code":"IN"}},{"type":"Feature","geometry":{"type":"Point","coordinates":[83.11611,25.87889]},"properties":{"id":132962,"name":"Mehnagar","state_code":"UP","country_code":"IN"}},{"type":"Feature","geometry":{"type":"Point","coordinates":[83.10995,26.97579]},"properties":{"id":132963,"name":"Mehndawal","state_code":"UP","country_code":"IN"}},{"type":"Feature","geometry":{"type":"Point","coordinates":[79.16997,28.61031]},"properties":{"id":132974,"name":"Milak","state_code":"UP","country_code":"IN"}},{"type":"Feature","geometry":{"type":"Point","coordinates":[81.91,26.6]},"properties":{"id":147519,"name":"Milkipur","state_code":"UP","country_code":"IN"}},{"type":"Feature","geometry":{"type":"Point","coordinates":[77.94939,29.29026]},"properties":{"id":133096,"name":"Miranpur","state_code":"UP","country_code":"IN"}},{"type":"Feature","geometry":{"type":"Point","coordinates":[79.66778,28.02963]},"properties":{"id":133097,"name":"Miranpur Katra","state_code":"UP","country_code":"IN"}},{"type":"Feature","geometry":{"type":"Point","coordinates":[79.20817,28.54012]},"properties":{"id":133095,"name":"Mirganj","state_code":"UP","country_code":"IN"}},{"type":"Feature","geometry":{"type":"Point","coordinates":[82.56534,25.1449]},"properties":{"id":132976,"name":"Mirzapur","state_code":"UP","country_code":"IN"}},{"type":"Feature","geometry":{"type":"Point","coordinates":[80.53157,27.43137]},"properties":{"id":132977,"name":"Misrikh","state_code":"UP","country_code":"IN"}},{"type":"Feature","geometry":{"type":"Point","coordinates":[80.67497,26.78008]},"properties":{"id":132986,"name":"Mohan","state_code":"UP","country_code":"IN"}},{"type":"Feature","geometry":{"type":"Point","coordinates":[80.24498,28.25261]},"properties":{"id":132981,"name":"Mohanpur","state_code":"UP","country_code":"IN"}},{"type":"Feature","geometry":{"type":"Point","coordinates":[78.79703,28.8525]},"properties":{"id":133001,"name":"Moradabad","state_code":"UP","country_code":"IN"}},{"type":"Feature","geometry":{"type":"Point","coordinates":[78.95029,25.72595]},"properties":{"id":133004,"name":"Moth","state_code":"UP","country_code":"IN"}},{"type":"Feature","geometry":{"type":"Point","coordinates":[83.29088,26.08866]},"properties":{"id":133007,"name":"Mubarakpur","state_code":"UP","country_code":"IN"}},{"type":"Feature","geometry":{"type":"Point","coordinates":[83.11968,25.28307]},"properties":{"id":133014,"name":"Mughal Sarai","state_code":"UP","country_code":"IN"}},{"type":"Feature","geometry":{"type":"Point","coordinates":[83.75576,25.61907]},"properties":{"id":133016,"name":"Muhammadabad","state_code":"UP","country_code":"IN"}},{"type":"Feature","geometry":{"type":"Point","coordinates":[79.6479,29.4722]},"properties":{"id":147520,"name":"Mukteshwar","state_code":"UP","country_code":"IN"}},{"type":"Feature","geometry":{"type":"Point","coordinates":[82.18,25.65]},"properties":{"id":147521,"name":"Mungra Badshahpur","state_code":"UP","country_code":"IN"}},{"type":"Feature","geometry":{"type":"Point","coordinates":[80.23856111,30.06741389]},"properties":{"id":147522,"name":"Munsyari","state_code":"UP","country_code":"IN"}},{"type":"Feature","geometry":{"type":"Point","coordinates":[78.77694444,28.83888889]},"properties":{"id":147523,"name":"Muradabad","state_code":"UP","country_code":"IN"}},{"type":"Feature","geometry":{"type":"Point","coordinates":[77.49865,28.78069]},"properties":{"id":133043,"name":"Muradnagar","state_code":"UP","country_code":"IN"}},{"type":"Feature","geometry":{"type":"Point","coordinates":[77.94091,27.57788]},"properties":{"id":133038,"name":"Mursan","state_code":"UP","country_code":"IN"}},{"type":"Feature","geometry":{"type":"Point","coordinates":[81.79607,26.37837]},"properties":{"id":133048,"name":"Musafir-Khana","state_code":"UP","country_code":"IN"}},{"type":"Feature","geometry":{"type":"Point","coordinates":[81.8,26.45]},"properties":{"id":147524,"name":"Musafirkhana","state_code":"UP","country_code":"IN"}},{"type":"Feature","geometry":{"type":"Point","coordinates":[77.58333,29.45]},"properties":{"id":133051,"name":"Muzaffarnagar","state_code":"UP","country_code":"IN"}},{"type":"Feature","geometry":{"type":"Point","coordinates":[79.02283,26.10784]},"properties":{"id":133109,"name":"Nadigaon","state_code":"UP","country_code":"IN"}},{"type":"Feature","geometry":{"type":"Point","coordinates":[78.43646,29.44433]},"properties":{"id":133120,"name":"Nagina","state_code":"UP","country_code":"IN"}},{"type":"Feature","geometry":{"type":"Point","coordinates":[79.51,29.01]},"properties":{"id":147525,"name":"Nagla","state_code":"UP","country_code":"IN"}},{"type":"Feature","geometry":{"type":"Point","coordinates":[81.14043,26.61872]},"properties":{"id":133119,"name":"Nagram","state_code":"UP","country_code":"IN"}},{"type":"Feature","geometry":{"type":"Point","coordinates":[78.34274,29.61194]},"properties":{"id":133127,"name":"Najibabad","state_code":"UP","country_code":"IN"}},{"type":"Feature","geometry":{"type":"Point","coordinates":[77.30438,29.91964]},"properties":{"id":133129,"name":"Nakur","state_code":"UP","country_code":"IN"}},{"type":"Feature","geometry":{"type":"Point","coordinates":[77.41728,29.71215]},"properties":{"id":133139,"name":"Nanauta","state_code":"UP","country_code":"IN"}},{"type":"Feature","geometry":{"type":"Point","coordinates":[77.38653,27.71102]},"properties":{"id":133142,"name":"Nandgaon","state_code":"UP","country_code":"IN"}},{"type":"Feature","geometry":{"type":"Point","coordinates":[81.50036,27.86459]},"properties":{"id":133270,"name":"Nanpara","state_code":"UP","country_code":"IN"}},{"type":"Feature","geometry":{"type":"Point","coordinates":[78.71484,28.48547]},"properties":{"id":133161,"name":"Narauli","state_code":"UP","country_code":"IN"}},{"type":"Feature","geometry":{"type":"Point","coordinates":[78.38723,28.20147]},"properties":{"id":133162,"name":"Naraura","state_code":"UP","country_code":"IN"}},{"type":"Feature","geometry":{"type":"Point","coordinates":[78.38138889,28.19666667]},"properties":{"id":147526,"name":"Narora","state_code":"UP","country_code":"IN"}},{"type":"Feature","geometry":{"type":"Point","coordinates":[79.65,27.7]},"properties":{"id":147527,"name":"Naugama","state_code":"UP","country_code":"IN"}},{"type":"Feature","geometry":{"type":"Point","coordinates":[79.78333333,27.16666667]},"properties":{"id":147528,"name":"Naurangpur","state_code":"UP","country_code":"IN"}},{"type":"Feature","geometry":{"type":"Point","coordinates":[83.41789,27.42752]},"properties":{"id":133183,"name":"Nautanwa","state_code":"UP","country_code":"IN"}},{"type":"Feature","geometry":{"type":"Point","coordinates":[81.19841,26.93129]},"properties":{"id":133191,"name":"Nawabganj","state_code":"UP","country_code":"IN"}},{"type":"Feature","geometry":{"type":"Point","coordinates":[81.19,26.94]},"properties":{"id":147529,"name":"Nawabganj (Barabanki)","state_code":"UP","country_code":"IN"}},{"type":"Feature","geometry":{"type":"Point","coordinates":[79.633,28.54]},"properties":{"id":147530,"name":"Nawabganj (Bareilly)","state_code":"UP","country_code":"IN"}},{"type":"Feature","geometry":{"type":"Point","coordinates":[79.28333333,27.76666667]},"properties":{"id":147531,"name":"Newara","state_code":"UP","country_code":"IN"}},{"type":"Feature","geometry":{"type":"Point","coordinates":[83.7253,27.31247]},"properties":{"id":133212,"name":"Nichlaul","state_code":"UP","country_code":"IN"}},{"type":"Feature","geometry":{"type":"Point","coordinates":[79.15,26.75]},"properties":{"id":147532,"name":"Nigoh","state_code":"UP","country_code":"IN"}},{"type":"Feature","geometry":{"type":"Point","coordinates":[78.38724,29.32416]},"properties":{"id":133215,"name":"Nihtaur","state_code":"UP","country_code":"IN"}},{"type":"Feature","geometry":{"type":"Point","coordinates":[77.5382,28.87611]},"properties":{"id":133225,"name":"Niwari","state_code":"UP","country_code":"IN"}},{"type":"Feature","geometry":{"type":"Point","coordinates":[83.05787,26.05295]},"properties":{"id":133228,"name":"Nizamabad","state_code":"UP","country_code":"IN"}},{"type":"Feature","geometry":{"type":"Point","coordinates":[77.33,28.58]},"properties":{"id":133230,"name":"Noida","state_code":"UP","country_code":"IN"}},{"type":"Feature","geometry":{"type":"Point","coordinates":[78.4084,29.14956]},"properties":{"id":133292,"name":"Nurpur","state_code":"UP","country_code":"IN"}},{"type":"Feature","geometry":{"type":"Point","coordinates":[82.98797,24.41863]},"properties":{"id":133295,"name":"Obra","state_code":"UP","country_code":"IN"}},{"type":"Feature","geometry":{"type":"Point","coordinates":[79.45334,25.99023]},"properties":{"id":133302,"name":"Orai","state_code":"UP","country_code":"IN"}},{"type":"Feature","geometry":{"type":"Point","coordinates":[80.7423,25.36882]},"properties":{"id":133303,"name":"Oran","state_code":"UP","country_code":"IN"}},{"type":"Feature","geometry":{"type":"Point","coordinates":[82.64297,27.51234]},"properties":{"id":133309,"name":"Pachperwa","state_code":"UP","country_code":"IN"}},{"type":"Feature","geometry":{"type":"Point","coordinates":[83.98087,26.90403]},"properties":{"id":133316,"name":"Padrauna","state_code":"UP","country_code":"IN"}},{"type":"Feature","geometry":{"type":"Point","coordinates":[78.06376,28.1722]},"properties":{"id":133318,"name":"Pahasu","state_code":"UP","country_code":"IN"}},{"type":"Feature","geometry":{"type":"Point","coordinates":[77.53333333,27.78333333]},"properties":{"id":147533,"name":"Paigaon","state_code":"UP","country_code":"IN"}},{"type":"Feature","geometry":{"type":"Point","coordinates":[78.41617,24.49188]},"properties":{"id":133531,"name":"Pali","state_code":"UP","country_code":"IN"}},{"type":"Feature","geometry":{"type":"Point","coordinates":[80.58137,28.43205]},"properties":{"id":133326,"name":"Palia Kalan","state_code":"UP","country_code":"IN"}},{"type":"Feature","geometry":{"type":"Point","coordinates":[75.67472222,31.32388889]},"properties":{"id":147534,"name":"Paras Rampur","state_code":"UP","country_code":"IN"}},{"type":"Feature","geometry":{"type":"Point","coordinates":[78.75954,25.50789]},"properties":{"id":133550,"name":"Parichha","state_code":"UP","country_code":"IN"}},{"type":"Feature","geometry":{"type":"Point","coordinates":[77.93422,28.97841]},"properties":{"id":133372,"name":"Parichhatgarh","state_code":"UP","country_code":"IN"}},{"type":"Feature","geometry":{"type":"Point","coordinates":[81.49207,26.07354]},"properties":{"id":133365,"name":"Parshadepur","state_code":"UP","country_code":"IN"}},{"type":"Feature","geometry":{"type":"Point","coordinates":[78.74037,26.84441]},"properties":{"id":147535,"name":"Pathakpura","state_code":"UP","country_code":"IN"}},{"type":"Feature","geometry":{"type":"Point","coordinates":[78.99823,27.69086]},"properties":{"id":133385,"name":"Patiali","state_code":"UP","country_code":"IN"}},{"type":"Feature","geometry":{"type":"Point","coordinates":[82.20048,25.9215]},"properties":{"id":133391,"name":"Patti","state_code":"UP","country_code":"IN"}},{"type":"Feature","geometry":{"type":"Point","coordinates":[80.10305,28.06626]},"properties":{"id":133398,"name":"Pawayan","state_code":"UP","country_code":"IN"}},{"type":"Feature","geometry":{"type":"Point","coordinates":[81.8,27.4]},"properties":{"id":147536,"name":"Payagpur","state_code":"UP","country_code":"IN"}},{"type":"Feature","geometry":{"type":"Point","coordinates":[77.82996,29.18824]},"properties":{"id":133432,"name":"Phalauda","state_code":"UP","country_code":"IN"}},{"type":"Feature","geometry":{"type":"Point","coordinates":[81.86666667,25.53333333]},"properties":{"id":147537,"name":"Phaphamau","state_code":"UP","country_code":"IN"}},{"type":"Feature","geometry":{"type":"Point","coordinates":[79.46437,26.59888]},"properties":{"id":133435,"name":"Phaphund","state_code":"UP","country_code":"IN"}},{"type":"Feature","geometry":{"type":"Point","coordinates":[78.47267,27.32166]},"properties":{"id":133436,"name":"Phariha","state_code":"UP","country_code":"IN"}},{"type":"Feature","geometry":{"type":"Point","coordinates":[78.35,29.08333333]},"properties":{"id":147538,"name":"Pheona","state_code":"UP","country_code":"IN"}},{"type":"Feature","geometry":{"type":"Point","coordinates":[82.0895,25.54895]},"properties":{"id":133443,"name":"Phulpur","state_code":"UP","country_code":"IN"}},{"type":"Feature","geometry":{"type":"Point","coordinates":[79.31666667,26.33333333]},"properties":{"id":147539,"name":"Pichhaura","state_code":"UP","country_code":"IN"}},{"type":"Feature","geometry":{"type":"Point","coordinates":[80.20343,27.61987]},"properties":{"id":133445,"name":"Pihani","state_code":"UP","country_code":"IN"}},{"type":"Feature","geometry":{"type":"Point","coordinates":[79.80436,28.63124]},"properties":{"id":133561,"name":"Pilibhit","state_code":"UP","country_code":"IN"}},{"type":"Feature","geometry":{"type":"Point","coordinates":[77.656,28.71271]},"properties":{"id":133447,"name":"Pilkhua","state_code":"UP","country_code":"IN"}},{"type":"Feature","geometry":{"type":"Point","coordinates":[77.65445556,28.71196944]},"properties":{"id":147540,"name":"Pilkhuwa","state_code":"UP","country_code":"IN"}},{"type":"Feature","geometry":{"type":"Point","coordinates":[78.37647,26.88487]},"properties":{"id":133452,"name":"Pinahat","state_code":"UP","country_code":"IN"}},{"type":"Feature","geometry":{"type":"Point","coordinates":[83.52632,26.82745]},"properties":{"id":133456,"name":"Pipraich","state_code":"UP","country_code":"IN"}},{"type":"Feature","geometry":{"type":"Point","coordinates":[83,24.18]},"properties":{"id":147541,"name":"Pipri","state_code":"UP","country_code":"IN"}},{"type":"Feature","geometry":{"type":"Point","coordinates":[81.75,25.75]},"properties":{"id":133488,"name":"Pratapgarh","state_code":"UP","country_code":"IN"}},{"type":"Feature","geometry":{"type":"Point","coordinates":[81.88385,25.42012]},"properties":{"id":57640,"name":"Prayagraj (Allahabad)","state_code":"UP","country_code":"IN"}},{"type":"Feature","geometry":{"type":"Point","coordinates":[79.83739,26.22375]},"properties":{"id":133495,"name":"Pukhrayan","state_code":"UP","country_code":"IN"}},{"type":"Feature","geometry":{"type":"Point","coordinates":[80.14829,28.51283]},"properties":{"id":133569,"name":"Puranpur","state_code":"UP","country_code":"IN"}},{"type":"Feature","geometry":{"type":"Point","coordinates":[77.26666667,29.55]},"properties":{"id":147542,"name":"Purmafi","state_code":"UP","country_code":"IN"}},{"type":"Feature","geometry":{"type":"Point","coordinates":[80.77403,26.45756]},"properties":{"id":133514,"name":"Purwa","state_code":"UP","country_code":"IN"}},{"type":"Feature","geometry":{"type":"Point","coordinates":[79.06666667,27.78333333]},"properties":{"id":147543,"name":"Qadirganj","state_code":"UP","country_code":"IN"}},{"type":"Feature","geometry":{"type":"Point","coordinates":[77.60253,28.25153]},"properties":{"id":133578,"name":"Rabupura","state_code":"UP","country_code":"IN"}},{"type":"Feature","geometry":{"type":"Point","coordinates":[77.49027778,27.52444444]},"properties":{"id":147544,"name":"Radha Kund","state_code":"UP","country_code":"IN"}},{"type":"Feature","geometry":{"type":"Point","coordinates":[81.23315,26.2309]},"properties":{"id":133580,"name":"Raebareli","state_code":"UP","country_code":"IN"}},{"type":"Feature","geometry":{"type":"Point","coordinates":[81.15125,25.38725]},"properties":{"id":133688,"name":"Rajapur","state_code":"UP","country_code":"IN"}},{"type":"Feature","geometry":{"type":"Point","coordinates":[83.83758,26.90172]},"properties":{"id":133700,"name":"Ramkola","state_code":"UP","country_code":"IN"}},{"type":"Feature","geometry":{"type":"Point","coordinates":[83.02971,25.26907]},"properties":{"id":133704,"name":"Ramnagar","state_code":"UP","country_code":"IN"}},{"type":"Feature","geometry":{"type":"Point","coordinates":[79.02699,28.81014]},"properties":{"id":133705,"name":"Rampur","state_code":"UP","country_code":"IN"}},{"type":"Feature","geometry":{"type":"Point","coordinates":[79.18234,26.34967]},"properties":{"id":133707,"name":"Rampura","state_code":"UP","country_code":"IN"}},{"type":"Feature","geometry":{"type":"Point","coordinates":[79.06204,25.25034]},"properties":{"id":133720,"name":"Ranipur","state_code":"UP","country_code":"IN"}},{"type":"Feature","geometry":{"type":"Point","coordinates":[77.21666667,29.9]},"properties":{"id":147545,"name":"Ranipur Barsi","state_code":"UP","country_code":"IN"}},{"type":"Feature","geometry":{"type":"Point","coordinates":[83.85487,25.8576]},"properties":{"id":133612,"name":"Rasra","state_code":"UP","country_code":"IN"}},{"type":"Feature","geometry":{"type":"Point","coordinates":[80.49012,26.74491]},"properties":{"id":133613,"name":"Rasulabad","state_code":"UP","country_code":"IN"}},{"type":"Feature","geometry":{"type":"Point","coordinates":[79.5666,25.59474]},"properties":{"id":133723,"name":"Rath","state_code":"UP","country_code":"IN"}},{"type":"Feature","geometry":{"type":"Point","coordinates":[77.78972,27.55607]},"properties":{"id":133728,"name":"Raya","state_code":"UP","country_code":"IN"}},{"type":"Feature","geometry":{"type":"Point","coordinates":[78.76666667,29.36666667]},"properties":{"id":147546,"name":"Rehar","state_code":"UP","country_code":"IN"}},{"type":"Feature","geometry":{"type":"Point","coordinates":[83.03,24.2]},"properties":{"id":147547,"name":"Renukoot","state_code":"UP","country_code":"IN"}},{"type":"Feature","geometry":{"type":"Point","coordinates":[83.0358,24.21641]},"properties":{"id":133628,"name":"Renukut","state_code":"UP","country_code":"IN"}},{"type":"Feature","geometry":{"type":"Point","coordinates":[84.3778,25.85091]},"properties":{"id":133629,"name":"Reoti","state_code":"UP","country_code":"IN"}},{"type":"Feature","geometry":{"type":"Point","coordinates":[83.71666667,25.55]},"properties":{"id":147548,"name":"Reotipur","state_code":"UP","country_code":"IN"}},{"type":"Feature","geometry":{"type":"Point","coordinates":[79.52284,28.69467]},"properties":{"id":133637,"name":"Richha","state_code":"UP","country_code":"IN"}},{"type":"Feature","geometry":{"type":"Point","coordinates":[83.06784,24.6886]},"properties":{"id":133641,"name":"Robertsganj","state_code":"UP","country_code":"IN"}},{"type":"Feature","geometry":{"type":"Point","coordinates":[83.61302,26.44467]},"properties":{"id":133737,"name":"Rudarpur","state_code":"UP","country_code":"IN"}},{"type":"Feature","geometry":{"type":"Point","coordinates":[81.75,26.75]},"properties":{"id":147549,"name":"Rudauli","state_code":"UP","country_code":"IN"}},{"type":"Feature","geometry":{"type":"Point","coordinates":[79.90108,26.49001]},"properties":{"id":133655,"name":"Rura","state_code":"UP","country_code":"IN"}},{"type":"Feature","geometry":{"type":"Point","coordinates":[79.42012,27.176049]},"properties":{"id":147550,"name":"Sabalpur","state_code":"UP","country_code":"IN"}},{"type":"Feature","geometry":{"type":"Point","coordinates":[80.1123,26.371165]},"properties":{"id":147551,"name":"Sachendi","state_code":"UP","country_code":"IN"}},{"type":"Feature","geometry":{"type":"Point","coordinates":[78.03758,27.43818]},"properties":{"id":133744,"name":"Sadabad","state_code":"UP","country_code":"IN"}},{"type":"Feature","geometry":{"type":"Point","coordinates":[83.30269,25.67117]},"properties":{"id":134059,"name":"Sadat","state_code":"UP","country_code":"IN"}},{"type":"Feature","geometry":{"type":"Point","coordinates":[80.3435,26.73783]},"properties":{"id":133747,"name":"Safipur","state_code":"UP","country_code":"IN"}},{"type":"Feature","geometry":{"type":"Point","coordinates":[77.68333,29.9]},"properties":{"id":133753,"name":"Saharanpur","state_code":"UP","country_code":"IN"}},{"type":"Feature","geometry":{"type":"Point","coordinates":[78.62273,29.12125]},"properties":{"id":133750,"name":"Sahaspur","state_code":"UP","country_code":"IN"}},{"type":"Feature","geometry":{"type":"Point","coordinates":[78.75082,28.07227]},"properties":{"id":133751,"name":"Sahaswan","state_code":"UP","country_code":"IN"}},{"type":"Feature","geometry":{"type":"Point","coordinates":[78.83373,27.79603]},"properties":{"id":133754,"name":"Sahawar","state_code":"UP","country_code":"IN"}},{"type":"Feature","geometry":{"type":"Point","coordinates":[77.4,28.68333333]},"properties":{"id":147552,"name":"Sahibabad","state_code":"UP","country_code":"IN"}},{"type":"Feature","geometry":{"type":"Point","coordinates":[78.14138889,27.43527778]},"properties":{"id":147553,"name":"Sahpau","state_code":"UP","country_code":"IN"}},{"type":"Feature","geometry":{"type":"Point","coordinates":[83.22378,25.53749]},"properties":{"id":133755,"name":"Saidpur","state_code":"UP","country_code":"IN"}},{"type":"Feature","geometry":{"type":"Point","coordinates":[79.2275,27.95472222]},"properties":{"id":147554,"name":"Sakhanu","state_code":"UP","country_code":"IN"}},{"type":"Feature","geometry":{"type":"Point","coordinates":[78.77903,27.43463]},"properties":{"id":133762,"name":"Sakit","state_code":"UP","country_code":"IN"}},{"type":"Feature","geometry":{"type":"Point","coordinates":[83.91666667,26.3]},"properties":{"id":147555,"name":"Salempur","state_code":"UP","country_code":"IN"}},{"type":"Feature","geometry":{"type":"Point","coordinates":[81.45403,26.02857]},"properties":{"id":133765,"name":"Salon","state_code":"UP","country_code":"IN"}},{"type":"Feature","geometry":{"type":"Point","coordinates":[78.56959,28.58498]},"properties":{"id":133770,"name":"Sambhal","state_code":"UP","country_code":"IN"}},{"type":"Feature","geometry":{"type":"Point","coordinates":[78.90683,25.84348]},"properties":{"id":133773,"name":"Samthar","state_code":"UP","country_code":"IN"}},{"type":"Feature","geometry":{"type":"Point","coordinates":[79.9519,27.28867]},"properties":{"id":134072,"name":"Sandi","state_code":"UP","country_code":"IN"}},{"type":"Feature","geometry":{"type":"Point","coordinates":[80.51497,27.06989]},"properties":{"id":133778,"name":"Sandila","state_code":"UP","country_code":"IN"}},{"type":"Feature","geometry":{"type":"Point","coordinates":[83.03481,26.79016]},"properties":{"id":133792,"name":"Sant Kabir Nagar","state_code":"UP","country_code":"IN"}},{"type":"Feature","geometry":{"type":"Point","coordinates":[82.4308,25.35792]},"properties":{"id":133793,"name":"Sant Ravi Das Nagar","state_code":"UP","country_code":"IN"}},{"type":"Feature","geometry":{"type":"Point","coordinates":[81.51035,25.3789]},"properties":{"id":133813,"name":"Sarai Akil","state_code":"UP","country_code":"IN"}},{"type":"Feature","geometry":{"type":"Point","coordinates":[79.09353,26.74442]},"properties":{"id":133799,"name":"Sarai Ekdil","state_code":"UP","country_code":"IN"}},{"type":"Feature","geometry":{"type":"Point","coordinates":[82.91843,26.02705]},"properties":{"id":133812,"name":"Sarai Mir","state_code":"UP","country_code":"IN"}},{"type":"Feature","geometry":{"type":"Point","coordinates":[79.09177,28.49404]},"properties":{"id":133802,"name":"Sarauli","state_code":"UP","country_code":"IN"}},{"type":"Feature","geometry":{"type":"Point","coordinates":[77.61433,29.14551]},"properties":{"id":133803,"name":"Sardhana","state_code":"UP","country_code":"IN"}},{"type":"Feature","geometry":{"type":"Point","coordinates":[79.67535,25.77579]},"properties":{"id":133814,"name":"Sarila","state_code":"UP","country_code":"IN"}},{"type":"Feature","geometry":{"type":"Point","coordinates":[77.23333333,29.03333333]},"properties":{"id":147556,"name":"Sarurpur","state_code":"UP","country_code":"IN"}},{"type":"Feature","geometry":{"type":"Point","coordinates":[78.08278,27.70287]},"properties":{"id":134080,"name":"Sasni","state_code":"UP","country_code":"IN"}},{"type":"Feature","geometry":{"type":"Point","coordinates":[81.19567,26.86045]},"properties":{"id":133821,"name":"Satrikh","state_code":"UP","country_code":"IN"}},{"type":"Feature","geometry":{"type":"Point","coordinates":[79.48813,27.03051]},"properties":{"id":133828,"name":"Saurikh","state_code":"UP","country_code":"IN"}},{"type":"Feature","geometry":{"type":"Point","coordinates":[77.3261,28.5708]},"properties":{"id":133833,"name":"Sector","state_code":"UP","country_code":"IN"}},{"type":"Feature","geometry":{"type":"Point","coordinates":[78.58837,29.20904]},"properties":{"id":133839,"name":"Seohara","state_code":"UP","country_code":"IN"}},{"type":"Feature","geometry":{"type":"Point","coordinates":[79.9402,27.6431]},"properties":{"id":133905,"name":"Shahabad","state_code":"UP","country_code":"IN"}},{"type":"Feature","geometry":{"type":"Point","coordinates":[82.68423,26.04965]},"properties":{"id":133892,"name":"Shahganj","state_code":"UP","country_code":"IN"}},{"type":"Feature","geometry":{"type":"Point","coordinates":[79.31761,28.55023]},"properties":{"id":133894,"name":"Shahi","state_code":"UP","country_code":"IN"}},{"type":"Feature","geometry":{"type":"Point","coordinates":[79.83333,28]},"properties":{"id":133895,"name":"Shahjahanpur","state_code":"UP","country_code":"IN"}},{"type":"Feature","geometry":{"type":"Point","coordinates":[77.5516,29.3501]},"properties":{"id":133901,"name":"Shahpur","state_code":"UP","country_code":"IN"}},{"type":"Feature","geometry":{"type":"Point","coordinates":[77.30959,29.4497]},"properties":{"id":133913,"name":"Shamli","state_code":"UP","country_code":"IN"}},{"type":"Feature","geometry":{"type":"Point","coordinates":[78.12358,27.01718]},"properties":{"id":133855,"name":"Shamsabad","state_code":"UP","country_code":"IN"}},{"type":"Feature","geometry":{"type":"Point","coordinates":[81.61769,25.182]},"properties":{"id":133856,"name":"Shankargarh","state_code":"UP","country_code":"IN"}},{"type":"Feature","geometry":{"type":"Point","coordinates":[79.36815,28.65128]},"properties":{"id":133862,"name":"Shergarh","state_code":"UP","country_code":"IN"}},{"type":"Feature","geometry":{"type":"Point","coordinates":[78.57429,29.32704]},"properties":{"id":133864,"name":"Sherkot","state_code":"UP","country_code":"IN"}},{"type":"Feature","geometry":{"type":"Point","coordinates":[79.98333333,28.5]},"properties":{"id":147557,"name":"Shibnagar","state_code":"UP","country_code":"IN"}},{"type":"Feature","geometry":{"type":"Point","coordinates":[78.01411,28.28072]},"properties":{"id":133869,"name":"Shikarpur","state_code":"UP","country_code":"IN"}},{"type":"Feature","geometry":{"type":"Point","coordinates":[78.02,28.28]},"properties":{"id":147558,"name":"Shikarpur (Bulandshahr)","state_code":"UP","country_code":"IN"}},{"type":"Feature","geometry":{"type":"Point","coordinates":[78.58661,27.108]},"properties":{"id":133867,"name":"Shikohabad","state_code":"UP","country_code":"IN"}},{"type":"Feature","geometry":{"type":"Point","coordinates":[79.31469,28.72928]},"properties":{"id":133914,"name":"Shishgarh","state_code":"UP","country_code":"IN"}},{"type":"Feature","geometry":{"type":"Point","coordinates":[79.115,26.85722222]},"properties":{"id":147559,"name":"Shivrajpur","state_code":"UP","country_code":"IN"}},{"type":"Feature","geometry":{"type":"Point","coordinates":[82.0047,27.50746]},"properties":{"id":133885,"name":"Shrawasti","state_code":"UP","country_code":"IN"}},{"type":"Feature","geometry":{"type":"Point","coordinates":[83.01465,27.25797]},"properties":{"id":133918,"name":"Siddharthnagar","state_code":"UP","country_code":"IN"}},{"type":"Feature","geometry":{"type":"Point","coordinates":[81.41805556,26.76944444]},"properties":{"id":147560,"name":"Siddhaur","state_code":"UP","country_code":"IN"}},{"type":"Feature","geometry":{"type":"Point","coordinates":[80.8345,27.28202]},"properties":{"id":133921,"name":"Sidhauli","state_code":"UP","country_code":"IN"}},{"type":"Feature","geometry":{"type":"Point","coordinates":[78.86918,27.63312]},"properties":{"id":133923,"name":"Sidhpura","state_code":"UP","country_code":"IN"}},{"type":"Feature","geometry":{"type":"Point","coordinates":[77.70004,28.45226]},"properties":{"id":133929,"name":"Sikandarabad","state_code":"UP","country_code":"IN"}},{"type":"Feature","geometry":{"type":"Point","coordinates":[84.05298,26.04327]},"properties":{"id":133928,"name":"Sikandarpur","state_code":"UP","country_code":"IN"}},{"type":"Feature","geometry":{"type":"Point","coordinates":[79.6298,26.36722]},"properties":{"id":133930,"name":"Sikandra","state_code":"UP","country_code":"IN"}},{"type":"Feature","geometry":{"type":"Point","coordinates":[78.37985,27.68859]},"properties":{"id":133931,"name":"Sikandra Rao","state_code":"UP","country_code":"IN"}},{"type":"Feature","geometry":{"type":"Point","coordinates":[77.69415278,28.449525]},"properties":{"id":147561,"name":"Sikandrabad","state_code":"UP","country_code":"IN"}},{"type":"Feature","geometry":{"type":"Point","coordinates":[81.31855,25.64292]},"properties":{"id":133969,"name":"Sirathu","state_code":"UP","country_code":"IN"}},{"type":"Feature","geometry":{"type":"Point","coordinates":[82.0919,25.2634]},"properties":{"id":133965,"name":"Sirsa","state_code":"UP","country_code":"IN"}},{"type":"Feature","geometry":{"type":"Point","coordinates":[78.68661,27.05715]},"properties":{"id":133966,"name":"Sirsaganj","state_code":"UP","country_code":"IN"}},{"type":"Feature","geometry":{"type":"Point","coordinates":[78.64303,28.63916]},"properties":{"id":133963,"name":"Sirsi","state_code":"UP","country_code":"IN"}},{"type":"Feature","geometry":{"type":"Point","coordinates":[77.4689,29.41386]},"properties":{"id":133971,"name":"Sisauli","state_code":"UP","country_code":"IN"}},{"type":"Feature","geometry":{"type":"Point","coordinates":[83.75803,27.14652]},"properties":{"id":133972,"name":"Siswa Bazar","state_code":"UP","country_code":"IN"}},{"type":"Feature","geometry":{"type":"Point","coordinates":[80.91667,27.5]},"properties":{"id":134091,"name":"Sitapur","state_code":"UP","country_code":"IN"}},{"type":"Feature","geometry":{"type":"Point","coordinates":[83.05352,24.40212]},"properties":{"id":133992,"name":"Sonbhadra","state_code":"UP","country_code":"IN"}},{"type":"Feature","geometry":{"type":"Point","coordinates":[78.74621,27.89055]},"properties":{"id":134005,"name":"Soron","state_code":"UP","country_code":"IN"}},{"type":"Feature","geometry":{"type":"Point","coordinates":[79.05654,29.02841]},"properties":{"id":134056,"name":"Suar","state_code":"UP","country_code":"IN"}},{"type":"Feature","geometry":{"type":"Point","coordinates":[82,26.25]},"properties":{"id":134040,"name":"Sultanpur","state_code":"UP","country_code":"IN"}},{"type":"Feature","geometry":{"type":"Point","coordinates":[82.41922,25.46387]},"properties":{"id":134053,"name":"Surianwan","state_code":"UP","country_code":"IN"}},{"type":"Feature","geometry":{"type":"Point","coordinates":[78.48458,29.16242]},"properties":{"id":134229,"name":"Tajpur","state_code":"UP","country_code":"IN"}},{"type":"Feature","geometry":{"type":"Point","coordinates":[78.43441,25.04357]},"properties":{"id":134231,"name":"Talbahat","state_code":"UP","country_code":"IN"}},{"type":"Feature","geometry":{"type":"Point","coordinates":[79.64811,27.04753]},"properties":{"id":134233,"name":"Talgram","state_code":"UP","country_code":"IN"}},{"type":"Feature","geometry":{"type":"Point","coordinates":[78.94187,28.97621]},"properties":{"id":134235,"name":"Tanda","state_code":"UP","country_code":"IN"}},{"type":"Feature","geometry":{"type":"Point","coordinates":[80.25,25.8333]},"properties":{"id":147562,"name":"Terha","state_code":"UP","country_code":"IN"}},{"type":"Feature","geometry":{"type":"Point","coordinates":[78.86145,29.19203]},"properties":{"id":134136,"name":"Thakurdwara","state_code":"UP","country_code":"IN"}},{"type":"Feature","geometry":{"type":"Point","coordinates":[77.41811,29.58605]},"properties":{"id":134165,"name":"Thana Bhawan","state_code":"UP","country_code":"IN"}},{"type":"Feature","geometry":{"type":"Point","coordinates":[77.23888889,28.51083333]},"properties":{"id":147563,"name":"Tigri","state_code":"UP","country_code":"IN"}},{"type":"Feature","geometry":{"type":"Point","coordinates":[81.56583,26.94612]},"properties":{"id":134170,"name":"Tikaitnagar","state_code":"UP","country_code":"IN"}},{"type":"Feature","geometry":{"type":"Point","coordinates":[77.35479,29.2291]},"properties":{"id":134245,"name":"Tikri","state_code":"UP","country_code":"IN"}},{"type":"Feature","geometry":{"type":"Point","coordinates":[79.73827,27.96282]},"properties":{"id":134171,"name":"Tilhar","state_code":"UP","country_code":"IN"}},{"type":"Feature","geometry":{"type":"Point","coordinates":[80.4167,26.3333]},"properties":{"id":147564,"name":"Tilsahri","state_code":"UP","country_code":"IN"}},{"type":"Feature","geometry":{"type":"Point","coordinates":[80.52718,25.61739]},"properties":{"id":134173,"name":"Tindwari","state_code":"UP","country_code":"IN"}},{"type":"Feature","geometry":{"type":"Point","coordinates":[77.32391,29.66824]},"properties":{"id":134202,"name":"Titron","state_code":"UP","country_code":"IN"}},{"type":"Feature","geometry":{"type":"Point","coordinates":[79.1333,25.45]},"properties":{"id":147565,"name":"Tori Fatehpur","state_code":"UP","country_code":"IN"}},{"type":"Feature","geometry":{"type":"Point","coordinates":[82.41653,27.5337]},"properties":{"id":134218,"name":"Tulsipur","state_code":"UP","country_code":"IN"}},{"type":"Feature","geometry":{"type":"Point","coordinates":[78.23683,27.2146]},"properties":{"id":134248,"name":"Tundla","state_code":"UP","country_code":"IN"}},{"type":"Feature","geometry":{"type":"Point","coordinates":[80.32093,26.79681]},"properties":{"id":134261,"name":"Ugu","state_code":"UP","country_code":"IN"}},{"type":"Feature","geometry":{"type":"Point","coordinates":[79.00821,28.00311]},"properties":{"id":134262,"name":"Ujhani","state_code":"UP","country_code":"IN"}},{"type":"Feature","geometry":{"type":"Point","coordinates":[79.25,26.33333333]},"properties":{"id":147566,"name":"Umri","state_code":"UP","country_code":"IN"}},{"type":"Feature","geometry":{"type":"Point","coordinates":[77.2554,29.58479]},"properties":{"id":134471,"name":"Un","state_code":"UP","country_code":"IN"}},{"type":"Feature","geometry":{"type":"Point","coordinates":[80.5,26.5]},"properties":{"id":134285,"name":"Unnao","state_code":"UP","country_code":"IN"}},{"type":"Feature","geometry":{"type":"Point","coordinates":[79.34861111,27.81583333]},"properties":{"id":147567,"name":"Usawan","state_code":"UP","country_code":"IN"}},{"type":"Feature","geometry":{"type":"Point","coordinates":[79.23763,27.79796]},"properties":{"id":134294,"name":"Usehat","state_code":"UP","country_code":"IN"}},{"type":"Feature","geometry":{"type":"Point","coordinates":[83.11666667,27.2]},"properties":{"id":147568,"name":"Uska","state_code":"UP","country_code":"IN"}},{"type":"Feature","geometry":{"type":"Point","coordinates":[82.41872,27.31933]},"properties":{"id":134296,"name":"Utraula","state_code":"UP","country_code":"IN"}},{"type":"Feature","geometry":{"type":"Point","coordinates":[83.01041,25.31668]},"properties":{"id":134327,"name":"Varanasi","state_code":"UP","country_code":"IN"}},{"type":"Feature","geometry":{"type":"Point","coordinates":[82.5,25.1667]},"properties":{"id":147569,"name":"Vindhyachal","state_code":"UP","country_code":"IN"}},{"type":"Feature","geometry":{"type":"Point","coordinates":[77.69662,27.58105]},"properties":{"id":134376,"name":"Vrindavan","state_code":"UP","country_code":"IN"}},{"type":"Feature","geometry":{"type":"Point","coordinates":[82.7167,26.8667]},"properties":{"id":147570,"name":"Walterganj","state_code":"UP","country_code":"IN"}},{"type":"Feature","geometry":{"type":"Point","coordinates":[79.05665,28.21145]},"properties":{"id":134401,"name":"Wazirganj","state_code":"UP","country_code":"IN"}},{"type":"Feature","geometry":{"type":"Point","coordinates":[83.4667,25.6667]},"properties":{"id":147571,"name":"Yusufpur","state_code":"UP","country_code":"IN"}},{"type":"Feature","geometry":{"type":"Point","coordinates":[82.73354,25.69867]},"properties":{"id":134439,"name":"Zafarabad","state_code":"UP","country_code":"IN"}},{"type":"Feature","geometry":{"type":"Point","coordinates":[81.32929,26.83093]},"properties":{"id":134441,"name":"Zaidpur","state_code":"UP","country_code":"IN"}},{"type":"Feature","geometry":{"type":"Point","coordinates":[83.55786,25.41961]},"properties":{"id":134442,"name":"Zamania","state_code":"UP","country_code":"IN"}}]}