{"type":"FeatureCollection","features":[{"type":"Feature","geometry":{"type":"Point","coordinates":[-103.60138889,20.42416667]},"properties":{"id":142147,"name":"Acatlán de Juárez","state_code":"JAL","country_code":"MX"}},{"type":"Feature","geometry":{"type":"Point","coordinates":[-103.31806,19.47917]},"properties":{"id":142148,"name":"Acueducto Fraccionamiento","state_code":"JAL","country_code":"MX"}},{"type":"Feature","geometry":{"type":"Point","coordinates":[-102.97056,20.6675]},"properties":{"id":142149,"name":"Agua Bermeja","state_code":"JAL","country_code":"MX"}},{"type":"Feature","geometry":{"type":"Point","coordinates":[-103.78806,21.7725]},"properties":{"id":142150,"name":"Agua Caliente","state_code":"JAL","country_code":"MX"}},{"type":"Feature","geometry":{"type":"Point","coordinates":[-103.20611,20.94694]},"properties":{"id":142151,"name":"Agua Colorada","state_code":"JAL","country_code":"MX"}},{"type":"Feature","geometry":{"type":"Point","coordinates":[-103.8275,20.16222]},"properties":{"id":142152,"name":"Agua Delgada","state_code":"JAL","country_code":"MX"}},{"type":"Feature","geometry":{"type":"Point","coordinates":[-102.725,20.86083]},"properties":{"id":142153,"name":"Agua Escondida","state_code":"JAL","country_code":"MX"}},{"type":"Feature","geometry":{"type":"Point","coordinates":[-102.55833,20.58778]},"properties":{"id":142154,"name":"Agua Fría","state_code":"JAL","country_code":"MX"}},{"type":"Feature","geometry":{"type":"Point","coordinates":[-102.45111,20.67889]},"properties":{"id":142155,"name":"Agua Nueva","state_code":"JAL","country_code":"MX"}},{"type":"Feature","geometry":{"type":"Point","coordinates":[-105.18473,19.67799]},"properties":{"id":142156,"name":"Agua Paloma","state_code":"JAL","country_code":"MX"}},{"type":"Feature","geometry":{"type":"Point","coordinates":[-102.89194,20.79361]},"properties":{"id":142157,"name":"Agua Prieta","state_code":"JAL","country_code":"MX"}},{"type":"Feature","geometry":{"type":"Point","coordinates":[-103.18778,20.83639]},"properties":{"id":142158,"name":"Agua Rica","state_code":"JAL","country_code":"MX"}},{"type":"Feature","geometry":{"type":"Point","coordinates":[-103.19639,19.73111]},"properties":{"id":142159,"name":"Agua Salada","state_code":"JAL","country_code":"MX"}},{"type":"Feature","geometry":{"type":"Point","coordinates":[-103.49102,21.85035]},"properties":{"id":142160,"name":"Agua Zarca","state_code":"JAL","country_code":"MX"}},{"type":"Feature","geometry":{"type":"Point","coordinates":[-103.86666667,20.61666667]},"properties":{"id":142161,"name":"Ahualulco de Mercado","state_code":"JAL","country_code":"MX"}},{"type":"Feature","geometry":{"type":"Point","coordinates":[-102.88759,20.41836]},"properties":{"id":142162,"name":"Ahuatlán","state_code":"JAL","country_code":"MX"}},{"type":"Feature","geometry":{"type":"Point","coordinates":[-102.65278,21.41972]},"properties":{"id":142163,"name":"Ahuetita de Abajo","state_code":"JAL","country_code":"MX"}},{"type":"Feature","geometry":{"type":"Point","coordinates":[-103.70313,20.56875]},"properties":{"id":142164,"name":"Ahuisculco","state_code":"JAL","country_code":"MX"}},{"type":"Feature","geometry":{"type":"Point","coordinates":[-103.25805556,20.29944444]},"properties":{"id":142165,"name":"Ajijic","state_code":"JAL","country_code":"MX"}},{"type":"Feature","geometry":{"type":"Point","coordinates":[-103.72278,20.66278]},"properties":{"id":142166,"name":"Alfredo V. Bonfil","state_code":"JAL","country_code":"MX"}},{"type":"Feature","geometry":{"type":"Point","coordinates":[-103.7889,19.63401]},"properties":{"id":142167,"name":"Alista","state_code":"JAL","country_code":"MX"}},{"type":"Feature","geometry":{"type":"Point","coordinates":[-102.08557,20.72054]},"properties":{"id":142168,"name":"Allende","state_code":"JAL","country_code":"MX"}},{"type":"Feature","geometry":{"type":"Point","coordinates":[-104.01666667,20.43333333]},"properties":{"id":142169,"name":"Altavista de Ramos","state_code":"JAL","country_code":"MX"}},{"type":"Feature","geometry":{"type":"Point","coordinates":[-103.3725,20.56806]},"properties":{"id":142170,"name":"Altus Bosques","state_code":"JAL","country_code":"MX"}},{"type":"Feature","geometry":{"type":"Point","coordinates":[-104.02078,19.81619]},"properties":{"id":142171,"name":"Amacuautitlán","state_code":"JAL","country_code":"MX"}},{"type":"Feature","geometry":{"type":"Point","coordinates":[-103.06666667,19.93333333]},"properties":{"id":142172,"name":"Amacueca","state_code":"JAL","country_code":"MX"}},{"type":"Feature","geometry":{"type":"Point","coordinates":[-104.60028,20.9275]},"properties":{"id":142173,"name":"Amajaquillo","state_code":"JAL","country_code":"MX"}},{"type":"Feature","geometry":{"type":"Point","coordinates":[-104.73775,20.95241]},"properties":{"id":142174,"name":"Amatanejo","state_code":"JAL","country_code":"MX"}},{"type":"Feature","geometry":{"type":"Point","coordinates":[-103.71666667,20.83333333]},"properties":{"id":142175,"name":"Amatitán","state_code":"JAL","country_code":"MX"}},{"type":"Feature","geometry":{"type":"Point","coordinates":[-103.97092,20.27605]},"properties":{"id":142176,"name":"Ambrosio","state_code":"JAL","country_code":"MX"}},{"type":"Feature","geometry":{"type":"Point","coordinates":[-103.7,20.67]},"properties":{"id":142177,"name":"Ameca","state_code":"JAL","country_code":"MX"}},{"type":"Feature","geometry":{"type":"Point","coordinates":[-104.0475023,20.5483137]},"properties":{"id":142178,"name":"Ameca Municipality","state_code":"JAL","country_code":"MX"}},{"type":"Feature","geometry":{"type":"Point","coordinates":[-102.63417,21.385]},"properties":{"id":142179,"name":"Analco","state_code":"JAL","country_code":"MX"}},{"type":"Feature","geometry":{"type":"Point","coordinates":[-103.54556,20.09222]},"properties":{"id":142180,"name":"Anoca","state_code":"JAL","country_code":"MX"}},{"type":"Feature","geometry":{"type":"Point","coordinates":[-104.01667,20.8]},"properties":{"id":142181,"name":"Antonio Escobedo","state_code":"JAL","country_code":"MX"}},{"type":"Feature","geometry":{"type":"Point","coordinates":[-104.87889,19.36972]},"properties":{"id":142182,"name":"Apazulco","state_code":"JAL","country_code":"MX"}},{"type":"Feature","geometry":{"type":"Point","coordinates":[-102.82556,21.01778]},"properties":{"id":142183,"name":"Apozol de Gutiérrez","state_code":"JAL","country_code":"MX"}},{"type":"Feature","geometry":{"type":"Point","coordinates":[-105.6223,20.30019]},"properties":{"id":142184,"name":"Aquiles Serdán","state_code":"JAL","country_code":"MX"}},{"type":"Feature","geometry":{"type":"Point","coordinates":[-102.34635,20.70519]},"properties":{"id":142185,"name":"Arandas","state_code":"JAL","country_code":"MX"}},{"type":"Feature","geometry":{"type":"Point","coordinates":[-103.3,19.68222]},"properties":{"id":142186,"name":"Arroyo Hondo","state_code":"JAL","country_code":"MX"}},{"type":"Feature","geometry":{"type":"Point","coordinates":[-103.74249,19.92662]},"properties":{"id":142187,"name":"Atacco","state_code":"JAL","country_code":"MX"}},{"type":"Feature","geometry":{"type":"Point","coordinates":[-103.94333,19.91944]},"properties":{"id":142188,"name":"Atarjeas de Covarrubias","state_code":"JAL","country_code":"MX"}},{"type":"Feature","geometry":{"type":"Point","coordinates":[-103.75028,21.07528]},"properties":{"id":142189,"name":"Atemanica","state_code":"JAL","country_code":"MX"}},{"type":"Feature","geometry":{"type":"Point","coordinates":[-104.08333333,20.21666667]},"properties":{"id":142190,"name":"Atengo","state_code":"JAL","country_code":"MX"}},{"type":"Feature","geometry":{"type":"Point","coordinates":[-104.49387,20.41553]},"properties":{"id":142191,"name":"Atenguillo","state_code":"JAL","country_code":"MX"}},{"type":"Feature","geometry":{"type":"Point","coordinates":[-103.14065,20.39006]},"properties":{"id":142192,"name":"Atequiza","state_code":"JAL","country_code":"MX"}},{"type":"Feature","geometry":{"type":"Point","coordinates":[-103.67083333,20.34833333]},"properties":{"id":142194,"name":"Atotonilco el Bajo","state_code":"JAL","country_code":"MX"}},{"type":"Feature","geometry":{"type":"Point","coordinates":[-103.12356,20.39287]},"properties":{"id":142195,"name":"Atotonilquillo","state_code":"JAL","country_code":"MX"}},{"type":"Feature","geometry":{"type":"Point","coordinates":[-103.533,20.017]},"properties":{"id":142196,"name":"Atoyac","state_code":"JAL","country_code":"MX"}},{"type":"Feature","geometry":{"type":"Point","coordinates":[-102.97111,20.40306]},"properties":{"id":142197,"name":"Atzcatlán","state_code":"JAL","country_code":"MX"}},{"type":"Feature","geometry":{"type":"Point","coordinates":[-104.36666667,19.76666667]},"properties":{"id":142198,"name":"Autlán de Navarro","state_code":"JAL","country_code":"MX"}},{"type":"Feature","geometry":{"type":"Point","coordinates":[-103.94397,20.22048]},"properties":{"id":142199,"name":"Ayotitlán","state_code":"JAL","country_code":"MX"}},{"type":"Feature","geometry":{"type":"Point","coordinates":[-102.35083333,20.49388889]},"properties":{"id":142200,"name":"Ayotlán","state_code":"JAL","country_code":"MX"}},{"type":"Feature","geometry":{"type":"Point","coordinates":[-104.27156,19.84001]},"properties":{"id":142201,"name":"Ayuquila","state_code":"JAL","country_code":"MX"}},{"type":"Feature","geometry":{"type":"Point","coordinates":[-104.2,20.81666667]},"properties":{"id":142202,"name":"Ayutla Jalisco","state_code":"JAL","country_code":"MX"}},{"type":"Feature","geometry":{"type":"Point","coordinates":[-102.42861,20.71306]},"properties":{"id":142204,"name":"Bajío de Ratones","state_code":"JAL","country_code":"MX"}},{"type":"Feature","geometry":{"type":"Point","coordinates":[-102.11606,21.67525]},"properties":{"id":142205,"name":"Bajío de San José","state_code":"JAL","country_code":"MX"}},{"type":"Feature","geometry":{"type":"Point","coordinates":[-102.39028,20.70889]},"properties":{"id":142203,"name":"Bajío Seco","state_code":"JAL","country_code":"MX"}},{"type":"Feature","geometry":{"type":"Point","coordinates":[-103.26722,20.4425]},"properties":{"id":142206,"name":"Balcones de la Calera","state_code":"JAL","country_code":"MX"}},{"type":"Feature","geometry":{"type":"Point","coordinates":[-105.22306,20.71611]},"properties":{"id":142207,"name":"Banus Vallarta","state_code":"JAL","country_code":"MX"}},{"type":"Feature","geometry":{"type":"Point","coordinates":[-104.68055556,19.20805556]},"properties":{"id":142208,"name":"Barra de Navidad","state_code":"JAL","country_code":"MX"}},{"type":"Feature","geometry":{"type":"Point","coordinates":[-103.63333333,20.23333333]},"properties":{"id":142211,"name":"Barranca de los Laureles","state_code":"JAL","country_code":"MX"}},{"type":"Feature","geometry":{"type":"Point","coordinates":[-103.66472,20.26806]},"properties":{"id":142209,"name":"Barranca de Otates","state_code":"JAL","country_code":"MX"}},{"type":"Feature","geometry":{"type":"Point","coordinates":[-103.6556,20.25566]},"properties":{"id":142210,"name":"Barranca de Santa Clara","state_code":"JAL","country_code":"MX"}},{"type":"Feature","geometry":{"type":"Point","coordinates":[-103.90694,21.98028]},"properties":{"id":142212,"name":"Barranca del Tule","state_code":"JAL","country_code":"MX"}},{"type":"Feature","geometry":{"type":"Point","coordinates":[-102.50556,21.29194]},"properties":{"id":142213,"name":"Barrio de Reyes","state_code":"JAL","country_code":"MX"}},{"type":"Feature","geometry":{"type":"Point","coordinates":[-103.22667,22.18361]},"properties":{"id":142214,"name":"Barrio de Tapias","state_code":"JAL","country_code":"MX"}},{"type":"Feature","geometry":{"type":"Point","coordinates":[-102.43515,21.53023]},"properties":{"id":142215,"name":"Belem del Refugio","state_code":"JAL","country_code":"MX"}},{"type":"Feature","geometry":{"type":"Point","coordinates":[-103.63742,20.43408]},"properties":{"id":142216,"name":"Bellavista","state_code":"JAL","country_code":"MX"}},{"type":"Feature","geometry":{"type":"Point","coordinates":[-105.26806,20.03639]},"properties":{"id":142217,"name":"Benito Juárez","state_code":"JAL","country_code":"MX"}},{"type":"Feature","geometry":{"type":"Point","coordinates":[-102.37914,20.58199]},"properties":{"id":142218,"name":"Betania","state_code":"JAL","country_code":"MX"}},{"type":"Feature","geometry":{"type":"Point","coordinates":[-102.0194,21.75935]},"properties":{"id":142219,"name":"Betulia","state_code":"JAL","country_code":"MX"}},{"type":"Feature","geometry":{"type":"Point","coordinates":[-102.98389,20.65944]},"properties":{"id":142220,"name":"Bicercio","state_code":"JAL","country_code":"MX"}},{"type":"Feature","geometry":{"type":"Point","coordinates":[-105.31442,20.51211]},"properties":{"id":142221,"name":"Boca de Tomatlán","state_code":"JAL","country_code":"MX"}},{"type":"Feature","geometry":{"type":"Point","coordinates":[-103.78055556,21.83055556]},"properties":{"id":142222,"name":"Bolaños","state_code":"JAL","country_code":"MX"}},{"type":"Feature","geometry":{"type":"Point","coordinates":[-103.49389,20.56833]},"properties":{"id":142223,"name":"Bosque Real Fraccionamiento","state_code":"JAL","country_code":"MX"}},{"type":"Feature","geometry":{"type":"Point","coordinates":[-104.65639,19.22444]},"properties":{"id":142224,"name":"Brisas de la Navidad","state_code":"JAL","country_code":"MX"}},{"type":"Feature","geometry":{"type":"Point","coordinates":[-103.7,20.18333333]},"properties":{"id":142225,"name":"Brizuela","state_code":"JAL","country_code":"MX"}},{"type":"Feature","geometry":{"type":"Point","coordinates":[-102.75778,20.77722]},"properties":{"id":142226,"name":"Buena Vista","state_code":"JAL","country_code":"MX"}},{"type":"Feature","geometry":{"type":"Point","coordinates":[-102.93444,20.54056]},"properties":{"id":142228,"name":"Buenos Aires","state_code":"JAL","country_code":"MX"}},{"type":"Feature","geometry":{"type":"Point","coordinates":[-105.39322,20.34394]},"properties":{"id":142229,"name":"Cabo Corrientes","state_code":"JAL","country_code":"MX"}},{"type":"Feature","geometry":{"type":"Point","coordinates":[-103.3094,20.43174]},"properties":{"id":142230,"name":"Cajititlán","state_code":"JAL","country_code":"MX"}},{"type":"Feature","geometry":{"type":"Point","coordinates":[-102.58806,21.46]},"properties":{"id":142231,"name":"Calerita","state_code":"JAL","country_code":"MX"}},{"type":"Feature","geometry":{"type":"Point","coordinates":[-103.26278,19.66833]},"properties":{"id":142232,"name":"Callejones","state_code":"JAL","country_code":"MX"}},{"type":"Feature","geometry":{"type":"Point","coordinates":[-103.91666667,20.35]},"properties":{"id":142233,"name":"Camajapita","state_code":"JAL","country_code":"MX"}},{"type":"Feature","geometry":{"type":"Point","coordinates":[-103.45167,20.81778]},"properties":{"id":142234,"name":"Campestre las Palomas Fraccionamiento","state_code":"JAL","country_code":"MX"}},{"type":"Feature","geometry":{"type":"Point","coordinates":[-105.24917,19.77061]},"properties":{"id":142235,"name":"Campo Acosta","state_code":"JAL","country_code":"MX"}},{"type":"Feature","geometry":{"type":"Point","coordinates":[-103.44306,20.78722]},"properties":{"id":142236,"name":"Campo Real","state_code":"JAL","country_code":"MX"}},{"type":"Feature","geometry":{"type":"Point","coordinates":[-102.83722,21.24139]},"properties":{"id":142252,"name":"Cañada de Islas","state_code":"JAL","country_code":"MX"}},{"type":"Feature","geometry":{"type":"Point","coordinates":[-101.87653,21.3714]},"properties":{"id":142253,"name":"Cañada de Ricos","state_code":"JAL","country_code":"MX"}},{"type":"Feature","geometry":{"type":"Point","coordinates":[-102.35333,20.55222]},"properties":{"id":142254,"name":"Cañada de San Ignacio","state_code":"JAL","country_code":"MX"}},{"type":"Feature","geometry":{"type":"Point","coordinates":[-102.59278,21.03889]},"properties":{"id":142251,"name":"Cañada Grande","state_code":"JAL","country_code":"MX"}},{"type":"Feature","geometry":{"type":"Point","coordinates":[-102.68616111,21.14685]},"properties":{"id":142255,"name":"Cañadas de Obregón","state_code":"JAL","country_code":"MX"}},{"type":"Feature","geometry":{"type":"Point","coordinates":[-102.94889,19.30028]},"properties":{"id":142237,"name":"Canchol","state_code":"JAL","country_code":"MX"}},{"type":"Feature","geometry":{"type":"Point","coordinates":[-101.80694,21.27222]},"properties":{"id":142238,"name":"Canoas","state_code":"JAL","country_code":"MX"}},{"type":"Feature","geometry":{"type":"Point","coordinates":[-103.24556,22.12333]},"properties":{"id":142239,"name":"Canoas de Arriba","state_code":"JAL","country_code":"MX"}},{"type":"Feature","geometry":{"type":"Point","coordinates":[-102.59222222,20.82694444]},"properties":{"id":142240,"name":"Capilla de Guadalupe","state_code":"JAL","country_code":"MX"}},{"type":"Feature","geometry":{"type":"Point","coordinates":[-102.84295,20.66331]},"properties":{"id":142241,"name":"Capilla de Milpillas","state_code":"JAL","country_code":"MX"}},{"type":"Feature","geometry":{"type":"Point","coordinates":[-103.26947,20.47802]},"properties":{"id":142242,"name":"Capulín","state_code":"JAL","country_code":"MX"}},{"type":"Feature","geometry":{"type":"Point","coordinates":[-102.07472,21.5125]},"properties":{"id":142243,"name":"Caquixtle de Arriba","state_code":"JAL","country_code":"MX"}},{"type":"Feature","geometry":{"type":"Point","coordinates":[-102.61889,20.37917]},"properties":{"id":142244,"name":"Carrasqueño","state_code":"JAL","country_code":"MX"}},{"type":"Feature","geometry":{"type":"Point","coordinates":[-102.42417,20.44222]},"properties":{"id":142245,"name":"Carretas","state_code":"JAL","country_code":"MX"}},{"type":"Feature","geometry":{"type":"Point","coordinates":[-104.30389,22.21306]},"properties":{"id":142246,"name":"Carrizal","state_code":"JAL","country_code":"MX"}},{"type":"Feature","geometry":{"type":"Point","coordinates":[-103.13583,20.45639]},"properties":{"id":142247,"name":"Casa de Teja","state_code":"JAL","country_code":"MX"}},{"type":"Feature","geometry":{"type":"Point","coordinates":[-102.25389,21.18972]},"properties":{"id":142248,"name":"Casas Viejas","state_code":"JAL","country_code":"MX"}},{"type":"Feature","geometry":{"type":"Point","coordinates":[-104.43572,19.60429]},"properties":{"id":142249,"name":"Casimiro Castillo","state_code":"JAL","country_code":"MX"}},{"type":"Feature","geometry":{"type":"Point","coordinates":[-103.82046,20.59754]},"properties":{"id":142250,"name":"Castro Urdiales","state_code":"JAL","country_code":"MX"}},{"type":"Feature","geometry":{"type":"Point","coordinates":[-102.02861,21.31083]},"properties":{"id":142256,"name":"Ceja de Bolitas","state_code":"JAL","country_code":"MX"}},{"type":"Feature","geometry":{"type":"Point","coordinates":[-103.19361,20.55444]},"properties":{"id":142257,"name":"Centro de Readaptación Social","state_code":"JAL","country_code":"MX"}},{"type":"Feature","geometry":{"type":"Point","coordinates":[-102.93889,20.52778]},"properties":{"id":142258,"name":"Cerrito de Buenos Aires","state_code":"JAL","country_code":"MX"}},{"type":"Feature","geometry":{"type":"Point","coordinates":[-103.10389,20.88861]},"properties":{"id":142259,"name":"Cerrito de Tierra","state_code":"JAL","country_code":"MX"}},{"type":"Feature","geometry":{"type":"Point","coordinates":[-103.08448,20.52599]},"properties":{"id":142260,"name":"Cerro Santa Fe","state_code":"JAL","country_code":"MX"}},{"type":"Feature","geometry":{"type":"Point","coordinates":[-105.46778,20.42833]},"properties":{"id":142261,"name":"Chacala","state_code":"JAL","country_code":"MX"}},{"type":"Feature","geometry":{"type":"Point","coordinates":[-103.9875,19.63361]},"properties":{"id":142262,"name":"Chachahuatlán","state_code":"JAL","country_code":"MX"}},{"type":"Feature","geometry":{"type":"Point","coordinates":[-102.91615,20.30972]},"properties":{"id":142263,"name":"Chalpicote","state_code":"JAL","country_code":"MX"}},{"type":"Feature","geometry":{"type":"Point","coordinates":[-103.29326,20.10793]},"properties":{"id":142264,"name":"Chamacuero","state_code":"JAL","country_code":"MX"}},{"type":"Feature","geometry":{"type":"Point","coordinates":[-105.07333333,19.52722222]},"properties":{"id":142265,"name":"Chamela Jalisco","state_code":"JAL","country_code":"MX"}},{"type":"Feature","geometry":{"type":"Point","coordinates":[-104.17194,19.48056]},"properties":{"id":142266,"name":"Chancol","state_code":"JAL","country_code":"MX"}},{"type":"Feature","geometry":{"type":"Point","coordinates":[-103.83111,19.50972]},"properties":{"id":142267,"name":"Chancuellar","state_code":"JAL","country_code":"MX"}},{"type":"Feature","geometry":{"type":"Point","coordinates":[-103.18972222,20.29333333]},"properties":{"id":142268,"name":"Chapala","state_code":"JAL","country_code":"MX"}},{"type":"Feature","geometry":{"type":"Point","coordinates":[-101.93861,21.74972]},"properties":{"id":142269,"name":"Chayotillo","state_code":"JAL","country_code":"MX"}},{"type":"Feature","geometry":{"type":"Point","coordinates":[-104.64861,20.13861]},"properties":{"id":142270,"name":"Chilacayote","state_code":"JAL","country_code":"MX"}},{"type":"Feature","geometry":{"type":"Point","coordinates":[-103.69472222,21.74805556]},"properties":{"id":142271,"name":"Chimaltitán","state_code":"JAL","country_code":"MX"}},{"type":"Feature","geometry":{"type":"Point","coordinates":[-101.81564,21.83686]},"properties":{"id":142272,"name":"Chinampas","state_code":"JAL","country_code":"MX"}},{"type":"Feature","geometry":{"type":"Point","coordinates":[-101.90667,21.43194]},"properties":{"id":142273,"name":"Chipinque de Arriba","state_code":"JAL","country_code":"MX"}},{"type":"Feature","geometry":{"type":"Point","coordinates":[-102.98722,20.74556]},"properties":{"id":142274,"name":"Chiquihuitillo","state_code":"JAL","country_code":"MX"}},{"type":"Feature","geometry":{"type":"Point","coordinates":[-103.81667,20.2]},"properties":{"id":142275,"name":"Chiquilistlán","state_code":"JAL","country_code":"MX"}},{"type":"Feature","geometry":{"type":"Point","coordinates":[-103.89388889,20.08555556]},"properties":{"id":142276,"name":"Chiquilistlán Jalisco","state_code":"JAL","country_code":"MX"}},{"type":"Feature","geometry":{"type":"Point","coordinates":[-103.73528,20.89528]},"properties":{"id":142277,"name":"Chome","state_code":"JAL","country_code":"MX"}},{"type":"Feature","geometry":{"type":"Point","coordinates":[-102.01444,21.26167]},"properties":{"id":142278,"name":"Churintzio","state_code":"JAL","country_code":"MX"}},{"type":"Feature","geometry":{"type":"Point","coordinates":[-101.97,20.575]},"properties":{"id":142284,"name":"Ciénega de Galvanes","state_code":"JAL","country_code":"MX"}},{"type":"Feature","geometry":{"type":"Point","coordinates":[-102.6571,20.5206]},"properties":{"id":142285,"name":"Ciénega del Pastor","state_code":"JAL","country_code":"MX"}},{"type":"Feature","geometry":{"type":"Point","coordinates":[-104.56666667,19.25]},"properties":{"id":142279,"name":"Cihuatlán Jalisco","state_code":"JAL","country_code":"MX"}},{"type":"Feature","geometry":{"type":"Point","coordinates":[-103.41722,20.46889]},"properties":{"id":142280,"name":"Cima del Sol","state_code":"JAL","country_code":"MX"}},{"type":"Feature","geometry":{"type":"Point","coordinates":[-103.26194,20.10454]},"properties":{"id":142281,"name":"Citala","state_code":"JAL","country_code":"MX"}},{"type":"Feature","geometry":{"type":"Point","coordinates":[-103.46416667,19.70861111]},"properties":{"id":142282,"name":"Ciudad Guzmán","state_code":"JAL","country_code":"MX"}},{"type":"Feature","geometry":{"type":"Point","coordinates":[-103.5,19.65194]},"properties":{"id":142283,"name":"Ciudad Guzmán CERESO","state_code":"JAL","country_code":"MX"}},{"type":"Feature","geometry":{"type":"Point","coordinates":[-103.99083,21.92833]},"properties":{"id":142286,"name":"Coamostita","state_code":"JAL","country_code":"MX"}},{"type":"Feature","geometry":{"type":"Point","coordinates":[-103.96414,19.89314]},"properties":{"id":142287,"name":"Coatlancillo","state_code":"JAL","country_code":"MX"}},{"type":"Feature","geometry":{"type":"Point","coordinates":[-103.64389,21.83444]},"properties":{"id":142288,"name":"Cocuasco","state_code":"JAL","country_code":"MX"}},{"type":"Feature","geometry":{"type":"Point","coordinates":[-103.82214167,20.36516667]},"properties":{"id":142289,"name":"Cocula Jalisco","state_code":"JAL","country_code":"MX"}},{"type":"Feature","geometry":{"type":"Point","coordinates":[-104.31694,22.14528]},"properties":{"id":142290,"name":"Codorniz","state_code":"JAL","country_code":"MX"}},{"type":"Feature","geometry":{"type":"Point","coordinates":[-104.71667,19.51667]},"properties":{"id":142291,"name":"Cofradía","state_code":"JAL","country_code":"MX"}},{"type":"Feature","geometry":{"type":"Point","coordinates":[-104.64303,20.93086]},"properties":{"id":142292,"name":"Cofradía Santa Cruz de Camotlán","state_code":"JAL","country_code":"MX"}},{"type":"Feature","geometry":{"type":"Point","coordinates":[-103.39833,20.50417]},"properties":{"id":142293,"name":"Colinas del Roble","state_code":"JAL","country_code":"MX"}},{"type":"Feature","geometry":{"type":"Point","coordinates":[-105.15917,20.75694]},"properties":{"id":142294,"name":"Colinas del Valle","state_code":"JAL","country_code":"MX"}},{"type":"Feature","geometry":{"type":"Point","coordinates":[-101.91611,21.37778]},"properties":{"id":142295,"name":"Colonia Agua Caliente","state_code":"JAL","country_code":"MX"}},{"type":"Feature","geometry":{"type":"Point","coordinates":[-103.21778,20.59944]},"properties":{"id":142296,"name":"Colonia Bosques del Sol","state_code":"JAL","country_code":"MX"}},{"type":"Feature","geometry":{"type":"Point","coordinates":[-104.34639,20.14806]},"properties":{"id":142297,"name":"Colonia Capilla de Rayo","state_code":"JAL","country_code":"MX"}},{"type":"Feature","geometry":{"type":"Point","coordinates":[-103.65528,20.72417]},"properties":{"id":142298,"name":"Colonia Cuisillos","state_code":"JAL","country_code":"MX"}},{"type":"Feature","geometry":{"type":"Point","coordinates":[-102.89944,21.15611]},"properties":{"id":142299,"name":"Colonia Ganadera","state_code":"JAL","country_code":"MX"}},{"type":"Feature","geometry":{"type":"Point","coordinates":[-103.21889,20.56667]},"properties":{"id":142300,"name":"Colonia Guadalupana","state_code":"JAL","country_code":"MX"}},{"type":"Feature","geometry":{"type":"Point","coordinates":[-103.99111,22.39278]},"properties":{"id":142301,"name":"Colonia Hatmasie","state_code":"JAL","country_code":"MX"}},{"type":"Feature","geometry":{"type":"Point","coordinates":[-102.79639,20.35167]},"properties":{"id":142313,"name":"Colonia la Granjena","state_code":"JAL","country_code":"MX"}},{"type":"Feature","geometry":{"type":"Point","coordinates":[-103.89639,22.61583]},"properties":{"id":142314,"name":"Colonia las Granjas","state_code":"JAL","country_code":"MX"}},{"type":"Feature","geometry":{"type":"Point","coordinates":[-105.32389,19.97139]},"properties":{"id":142315,"name":"Colonia las Palmas Campamento SAGAR","state_code":"JAL","country_code":"MX"}},{"type":"Feature","geometry":{"type":"Point","coordinates":[-103.68083,20.42778]},"properties":{"id":142303,"name":"Colonia Lázaro Cárdenas","state_code":"JAL","country_code":"MX"}},{"type":"Feature","geometry":{"type":"Point","coordinates":[-103.25583,19.98917]},"properties":{"id":142304,"name":"Colonia Lázaro Cárdenas del Río","state_code":"JAL","country_code":"MX"}},{"type":"Feature","geometry":{"type":"Point","coordinates":[-104.36556,19.44583]},"properties":{"id":142302,"name":"Colonia Loma Alta","state_code":"JAL","country_code":"MX"}},{"type":"Feature","geometry":{"type":"Point","coordinates":[-105.215,20.59194]},"properties":{"id":142316,"name":"Colonia los Robles","state_code":"JAL","country_code":"MX"}},{"type":"Feature","geometry":{"type":"Point","coordinates":[-103.35167,20.55028]},"properties":{"id":142317,"name":"Colonia los Sauces","state_code":"JAL","country_code":"MX"}},{"type":"Feature","geometry":{"type":"Point","coordinates":[-103.08917,20.07056]},"properties":{"id":142305,"name":"Colonia Madero","state_code":"JAL","country_code":"MX"}},{"type":"Feature","geometry":{"type":"Point","coordinates":[-103.43083,20.55917]},"properties":{"id":142306,"name":"Colonia Niños Héroes","state_code":"JAL","country_code":"MX"}},{"type":"Feature","geometry":{"type":"Point","coordinates":[-105.21833,20.59278]},"properties":{"id":142307,"name":"Colonia Paso del Molino","state_code":"JAL","country_code":"MX"}},{"type":"Feature","geometry":{"type":"Point","coordinates":[-104.69389,19.23806]},"properties":{"id":142308,"name":"Colonia Pinal Villa","state_code":"JAL","country_code":"MX"}},{"type":"Feature","geometry":{"type":"Point","coordinates":[-102.35139,21.2525]},"properties":{"id":142309,"name":"Colonia Santa Cecilia","state_code":"JAL","country_code":"MX"}},{"type":"Feature","geometry":{"type":"Point","coordinates":[-104.24917,19.94222]},"properties":{"id":142310,"name":"Colonia Trigomil","state_code":"JAL","country_code":"MX"}},{"type":"Feature","geometry":{"type":"Point","coordinates":[-102.19778,21.01]},"properties":{"id":142311,"name":"Colonia Veintitrés de Mayo","state_code":"JAL","country_code":"MX"}},{"type":"Feature","geometry":{"type":"Point","coordinates":[-103.0839,22.2371]},"properties":{"id":142312,"name":"Colonia Veintiuno de Marzo","state_code":"JAL","country_code":"MX"}},{"type":"Feature","geometry":{"type":"Point","coordinates":[-103.26664,22.11343]},"properties":{"id":142318,"name":"Colotlán","state_code":"JAL","country_code":"MX"}},{"type":"Feature","geometry":{"type":"Point","coordinates":[-103.3,22.2]},"properties":{"id":142319,"name":"Colotlán Municipality","state_code":"JAL","country_code":"MX"}},{"type":"Feature","geometry":{"type":"Point","coordinates":[-101.71379,21.3252]},"properties":{"id":142320,"name":"Comanja de Corona","state_code":"JAL","country_code":"MX"}},{"type":"Feature","geometry":{"type":"Point","coordinates":[-103.15,19.86666667]},"properties":{"id":142321,"name":"Concepción de Buenos Aires","state_code":"JAL","country_code":"MX"}},{"type":"Feature","geometry":{"type":"Point","coordinates":[-105.07807,20.2446]},"properties":{"id":142322,"name":"Concepción del Bramador","state_code":"JAL","country_code":"MX"}},{"type":"Feature","geometry":{"type":"Point","coordinates":[-103.74806,19.92333]},"properties":{"id":142342,"name":"Cópala","state_code":"JAL","country_code":"MX"}},{"type":"Feature","geometry":{"type":"Point","coordinates":[-104.74778,20.85278]},"properties":{"id":142323,"name":"Copales","state_code":"JAL","country_code":"MX"}},{"type":"Feature","geometry":{"type":"Point","coordinates":[-102.37139,21.56778]},"properties":{"id":142324,"name":"Corral Blanco","state_code":"JAL","country_code":"MX"}},{"type":"Feature","geometry":{"type":"Point","coordinates":[-102.11806,21.48333]},"properties":{"id":142325,"name":"Corral de Piedra","state_code":"JAL","country_code":"MX"}},{"type":"Feature","geometry":{"type":"Point","coordinates":[-102.91056,20.64944]},"properties":{"id":142326,"name":"Corralillos","state_code":"JAL","country_code":"MX"}},{"type":"Feature","geometry":{"type":"Point","coordinates":[-104.52306,19.49806]},"properties":{"id":142327,"name":"Coyamel","state_code":"JAL","country_code":"MX"}},{"type":"Feature","geometry":{"type":"Point","coordinates":[-103.22654,20.65881]},"properties":{"id":142328,"name":"Coyula","state_code":"JAL","country_code":"MX"}},{"type":"Feature","geometry":{"type":"Point","coordinates":[-101.97333,21.32111]},"properties":{"id":142329,"name":"Cristeros Fraccionamiento","state_code":"JAL","country_code":"MX"}},{"type":"Feature","geometry":{"type":"Point","coordinates":[-103.92722,19.63306]},"properties":{"id":142330,"name":"Cuauhtémoc","state_code":"JAL","country_code":"MX"}},{"type":"Feature","geometry":{"type":"Point","coordinates":[-101.96917,21.73639]},"properties":{"id":142331,"name":"Cuautitlán","state_code":"JAL","country_code":"MX"}},{"type":"Feature","geometry":{"type":"Point","coordinates":[-104.3,19.43333333]},"properties":{"id":142332,"name":"Cuautitlán de García Barragán","state_code":"JAL","country_code":"MX"}},{"type":"Feature","geometry":{"type":"Point","coordinates":[-104.4075,20.20139]},"properties":{"id":142333,"name":"Cuautla","state_code":"JAL","country_code":"MX"}},{"type":"Feature","geometry":{"type":"Point","coordinates":[-102.67167,20.56444]},"properties":{"id":142334,"name":"Cuesta Chica","state_code":"JAL","country_code":"MX"}},{"type":"Feature","geometry":{"type":"Point","coordinates":[-102.6675,20.55222]},"properties":{"id":142335,"name":"Cuesta de Ovejas","state_code":"JAL","country_code":"MX"}},{"type":"Feature","geometry":{"type":"Point","coordinates":[-103.36189,20.4281]},"properties":{"id":142336,"name":"Cuexcomatitlán","state_code":"JAL","country_code":"MX"}},{"type":"Feature","geometry":{"type":"Point","coordinates":[-103.77441,20.60948]},"properties":{"id":142337,"name":"Cuisillos","state_code":"JAL","country_code":"MX"}},{"type":"Feature","geometry":{"type":"Point","coordinates":[-102.78389,20.34278]},"properties":{"id":142338,"name":"Cuitzeo","state_code":"JAL","country_code":"MX"}},{"type":"Feature","geometry":{"type":"Point","coordinates":[-103.02388889,20.9275]},"properties":{"id":142339,"name":"Cuquío","state_code":"JAL","country_code":"MX"}},{"type":"Feature","geometry":{"type":"Point","coordinates":[-102.49111,21.62]},"properties":{"id":142340,"name":"Custique","state_code":"JAL","country_code":"MX"}},{"type":"Feature","geometry":{"type":"Point","coordinates":[-103.6451,20.55935]},"properties":{"id":142341,"name":"Cuxpala","state_code":"JAL","country_code":"MX"}},{"type":"Feature","geometry":{"type":"Point","coordinates":[-102.14976,20.46702]},"properties":{"id":142343,"name":"Degollado","state_code":"JAL","country_code":"MX"}},{"type":"Feature","geometry":{"type":"Point","coordinates":[-101.7988,21.48238]},"properties":{"id":142344,"name":"Dieciocho de Marzo","state_code":"JAL","country_code":"MX"}},{"type":"Feature","geometry":{"type":"Point","coordinates":[-103.26917,19.83611]},"properties":{"id":142345,"name":"Ejido Agua Zarca","state_code":"JAL","country_code":"MX"}},{"type":"Feature","geometry":{"type":"Point","coordinates":[-102.35,21.50389]},"properties":{"id":142346,"name":"Ejido Ciénega de Mora","state_code":"JAL","country_code":"MX"}},{"type":"Feature","geometry":{"type":"Point","coordinates":[-104.51361,19.5375]},"properties":{"id":142347,"name":"Ejido Modelo","state_code":"JAL","country_code":"MX"}},{"type":"Feature","geometry":{"type":"Point","coordinates":[-103.51722,19.56639]},"properties":{"id":142348,"name":"Ejido Poblado Atenquique","state_code":"JAL","country_code":"MX"}},{"type":"Feature","geometry":{"type":"Point","coordinates":[-103.49139,19.81417]},"properties":{"id":142349,"name":"Ejido Uno de Febrero","state_code":"JAL","country_code":"MX"}},{"type":"Feature","geometry":{"type":"Point","coordinates":[-104.15,19.9]},"properties":{"id":142350,"name":"Ejutla","state_code":"JAL","country_code":"MX"}},{"type":"Feature","geometry":{"type":"Point","coordinates":[-103.38721,19.14493]},"properties":{"id":142351,"name":"El Agostadero","state_code":"JAL","country_code":"MX"}},{"type":"Feature","geometry":{"type":"Point","coordinates":[-103.20799,20.70172]},"properties":{"id":142352,"name":"El Aguacate","state_code":"JAL","country_code":"MX"}},{"type":"Feature","geometry":{"type":"Point","coordinates":[-102.49583,20.77472]},"properties":{"id":142353,"name":"El Alto","state_code":"JAL","country_code":"MX"}},{"type":"Feature","geometry":{"type":"Point","coordinates":[-103.725,20.91333]},"properties":{"id":142354,"name":"El Amarillo","state_code":"JAL","country_code":"MX"}},{"type":"Feature","geometry":{"type":"Point","coordinates":[-102.01278,20.65306]},"properties":{"id":142355,"name":"El Amarradero","state_code":"JAL","country_code":"MX"}},{"type":"Feature","geometry":{"type":"Point","coordinates":[-102.17611,20.37167]},"properties":{"id":142356,"name":"El Arca","state_code":"JAL","country_code":"MX"}},{"type":"Feature","geometry":{"type":"Point","coordinates":[-104.07333,20.60944]},"properties":{"id":142357,"name":"El Arco Ameca","state_code":"JAL","country_code":"MX"}},{"type":"Feature","geometry":{"type":"Point","coordinates":[-103.69353,20.77538]},"properties":{"id":142358,"name":"El Arenal","state_code":"JAL","country_code":"MX"}},{"type":"Feature","geometry":{"type":"Point","coordinates":[-102.38222,21.36389]},"properties":{"id":142359,"name":"El Asoleadero","state_code":"JAL","country_code":"MX"}},{"type":"Feature","geometry":{"type":"Point","coordinates":[-101.95028,21.37944]},"properties":{"id":142360,"name":"El Bajío","state_code":"JAL","country_code":"MX"}},{"type":"Feature","geometry":{"type":"Point","coordinates":[-102.79278,20.71583]},"properties":{"id":142362,"name":"El Bajío de Plascencia","state_code":"JAL","country_code":"MX"}},{"type":"Feature","geometry":{"type":"Point","coordinates":[-103.29583,20.58361]},"properties":{"id":142361,"name":"El Bajío Lomas del Club","state_code":"JAL","country_code":"MX"}},{"type":"Feature","geometry":{"type":"Point","coordinates":[-103.98722,21.85083]},"properties":{"id":142363,"name":"El Banco del Venado","state_code":"JAL","country_code":"MX"}},{"type":"Feature","geometry":{"type":"Point","coordinates":[-102.55444,21.40056]},"properties":{"id":142364,"name":"El Barrio","state_code":"JAL","country_code":"MX"}},{"type":"Feature","geometry":{"type":"Point","coordinates":[-104.03194,20.5575]},"properties":{"id":142365,"name":"El Brillante Fraccionamiento","state_code":"JAL","country_code":"MX"}},{"type":"Feature","geometry":{"type":"Point","coordinates":[-103.595,20.23889]},"properties":{"id":142366,"name":"El Briseño","state_code":"JAL","country_code":"MX"}},{"type":"Feature","geometry":{"type":"Point","coordinates":[-103.95144,20.49569]},"properties":{"id":142367,"name":"El Cabezón","state_code":"JAL","country_code":"MX"}},{"type":"Feature","geometry":{"type":"Point","coordinates":[-104.28083,19.84417]},"properties":{"id":142368,"name":"El Cacalote","state_code":"JAL","country_code":"MX"}},{"type":"Feature","geometry":{"type":"Point","coordinates":[-104.04452,19.64194]},"properties":{"id":142369,"name":"El Camichín","state_code":"JAL","country_code":"MX"}},{"type":"Feature","geometry":{"type":"Point","coordinates":[-105.18052,20.74268]},"properties":{"id":142370,"name":"El Cantón","state_code":"JAL","country_code":"MX"}},{"type":"Feature","geometry":{"type":"Point","coordinates":[-102.20583,20.65806]},"properties":{"id":142371,"name":"El Capulín de Chávez","state_code":"JAL","country_code":"MX"}},{"type":"Feature","geometry":{"type":"Point","coordinates":[-101.9925,21.70111]},"properties":{"id":142372,"name":"El Carmen","state_code":"JAL","country_code":"MX"}},{"type":"Feature","geometry":{"type":"Point","coordinates":[-103.03056,20.73]},"properties":{"id":142373,"name":"El Carricillo","state_code":"JAL","country_code":"MX"}},{"type":"Feature","geometry":{"type":"Point","coordinates":[-103.3875,19.9975]},"properties":{"id":142374,"name":"El Carrizal","state_code":"JAL","country_code":"MX"}},{"type":"Feature","geometry":{"type":"Point","coordinates":[-102.69222,20.70583]},"properties":{"id":142375,"name":"El Cedazo","state_code":"JAL","country_code":"MX"}},{"type":"Feature","geometry":{"type":"Point","coordinates":[-103.93187,19.85394]},"properties":{"id":142376,"name":"El Cerrito","state_code":"JAL","country_code":"MX"}},{"type":"Feature","geometry":{"type":"Point","coordinates":[-103.39944,22.18639]},"properties":{"id":142377,"name":"El Cerro Jalisco","state_code":"JAL","country_code":"MX"}},{"type":"Feature","geometry":{"type":"Point","coordinates":[-104.27944,22.13556]},"properties":{"id":142378,"name":"El Chalate","state_code":"JAL","country_code":"MX"}},{"type":"Feature","geometry":{"type":"Point","coordinates":[-104.20025,19.718]},"properties":{"id":142379,"name":"El Chante","state_code":"JAL","country_code":"MX"}},{"type":"Feature","geometry":{"type":"Point","coordinates":[-102.31333,20.44056]},"properties":{"id":142380,"name":"El Chaveño","state_code":"JAL","country_code":"MX"}},{"type":"Feature","geometry":{"type":"Point","coordinates":[-103.29528,20.83667]},"properties":{"id":142381,"name":"El Chilar","state_code":"JAL","country_code":"MX"}},{"type":"Feature","geometry":{"type":"Point","coordinates":[-102.8,20.77083]},"properties":{"id":142382,"name":"El Chispeadero","state_code":"JAL","country_code":"MX"}},{"type":"Feature","geometry":{"type":"Point","coordinates":[-103.78934,20.29733]},"properties":{"id":142383,"name":"El Chivatillo","state_code":"JAL","country_code":"MX"}},{"type":"Feature","geometry":{"type":"Point","coordinates":[-103.35611,19.61028]},"properties":{"id":142384,"name":"El Coahuayote","state_code":"JAL","country_code":"MX"}},{"type":"Feature","geometry":{"type":"Point","coordinates":[-105.15597,20.86962]},"properties":{"id":142385,"name":"El Colomo","state_code":"JAL","country_code":"MX"}},{"type":"Feature","geometry":{"type":"Point","coordinates":[-105.15651,20.77029]},"properties":{"id":142386,"name":"El Colorado","state_code":"JAL","country_code":"MX"}},{"type":"Feature","geometry":{"type":"Point","coordinates":[-105.31056,20.39861]},"properties":{"id":142387,"name":"El Columpio","state_code":"JAL","country_code":"MX"}},{"type":"Feature","geometry":{"type":"Point","coordinates":[-103.85389,20.3825]},"properties":{"id":142388,"name":"El Conde","state_code":"JAL","country_code":"MX"}},{"type":"Feature","geometry":{"type":"Point","coordinates":[-101.86944,21.46528]},"properties":{"id":142389,"name":"El Conejo","state_code":"JAL","country_code":"MX"}},{"type":"Feature","geometry":{"type":"Point","coordinates":[-104.28566,19.84525]},"properties":{"id":142390,"name":"El Corcovado","state_code":"JAL","country_code":"MX"}},{"type":"Feature","geometry":{"type":"Point","coordinates":[-103.42194,20.46917]},"properties":{"id":142391,"name":"El Cortijo","state_code":"JAL","country_code":"MX"}},{"type":"Feature","geometry":{"type":"Point","coordinates":[-103.1125,20.94611]},"properties":{"id":142392,"name":"El Coyotillo","state_code":"JAL","country_code":"MX"}},{"type":"Feature","geometry":{"type":"Point","coordinates":[-103.60333,20.73306]},"properties":{"id":142393,"name":"El Crucero","state_code":"JAL","country_code":"MX"}},{"type":"Feature","geometry":{"type":"Point","coordinates":[-102.70972,20.88861]},"properties":{"id":142394,"name":"El Crucero de Arandas","state_code":"JAL","country_code":"MX"}},{"type":"Feature","geometry":{"type":"Point","coordinates":[-103.86053333,20.38398611]},"properties":{"id":142395,"name":"El Crucero de Santa María","state_code":"JAL","country_code":"MX"}},{"type":"Feature","geometry":{"type":"Point","coordinates":[-103.02583,20.85611]},"properties":{"id":142396,"name":"El Cuatro","state_code":"JAL","country_code":"MX"}},{"type":"Feature","geometry":{"type":"Point","coordinates":[-102.97472,21.00417]},"properties":{"id":142397,"name":"El Derramadero","state_code":"JAL","country_code":"MX"}},{"type":"Feature","geometry":{"type":"Point","coordinates":[-102.73861,20.45694]},"properties":{"id":142398,"name":"El Dique","state_code":"JAL","country_code":"MX"}},{"type":"Feature","geometry":{"type":"Point","coordinates":[-103.23881,22.26646]},"properties":{"id":142399,"name":"El Fraile","state_code":"JAL","country_code":"MX"}},{"type":"Feature","geometry":{"type":"Point","coordinates":[-102.89722,20.60444]},"properties":{"id":142400,"name":"El Gato","state_code":"JAL","country_code":"MX"}},{"type":"Feature","geometry":{"type":"Point","coordinates":[-104.20166667,19.79388889]},"properties":{"id":142401,"name":"El Grullo","state_code":"JAL","country_code":"MX"}},{"type":"Feature","geometry":{"type":"Point","coordinates":[-104.50389,20.6375]},"properties":{"id":142402,"name":"El Hollejo","state_code":"JAL","country_code":"MX"}},{"type":"Feature","geometry":{"type":"Point","coordinates":[-102.00583,21.77722]},"properties":{"id":142403,"name":"El Huiroche","state_code":"JAL","country_code":"MX"}},{"type":"Feature","geometry":{"type":"Point","coordinates":[-102.97528,20.46583]},"properties":{"id":142404,"name":"El Jabalí","state_code":"JAL","country_code":"MX"}},{"type":"Feature","geometry":{"type":"Point","coordinates":[-103.19611,20.92889]},"properties":{"id":142405,"name":"El Jagüey","state_code":"JAL","country_code":"MX"}},{"type":"Feature","geometry":{"type":"Point","coordinates":[-101.97139,21.17444]},"properties":{"id":142406,"name":"El Jaral","state_code":"JAL","country_code":"MX"}},{"type":"Feature","geometry":{"type":"Point","coordinates":[-102.27278,21.64056]},"properties":{"id":142407,"name":"El Jaralillo","state_code":"JAL","country_code":"MX"}},{"type":"Feature","geometry":{"type":"Point","coordinates":[-101.80556,21.44389]},"properties":{"id":142408,"name":"El Jaralito","state_code":"JAL","country_code":"MX"}},{"type":"Feature","geometry":{"type":"Point","coordinates":[-103.89667,19.77528]},"properties":{"id":142409,"name":"El Jardín","state_code":"JAL","country_code":"MX"}},{"type":"Feature","geometry":{"type":"Point","coordinates":[-103.71006,19.65344]},"properties":{"id":142410,"name":"El Jazmín","state_code":"JAL","country_code":"MX"}},{"type":"Feature","geometry":{"type":"Point","coordinates":[-104.16111,21.81278]},"properties":{"id":142411,"name":"El Jomate","state_code":"JAL","country_code":"MX"}},{"type":"Feature","geometry":{"type":"Point","coordinates":[-102.38889,20.63194]},"properties":{"id":142412,"name":"El Laurel","state_code":"JAL","country_code":"MX"}},{"type":"Feature","geometry":{"type":"Point","coordinates":[-103.32806,20.79639]},"properties":{"id":142413,"name":"El Lazo","state_code":"JAL","country_code":"MX"}},{"type":"Feature","geometry":{"type":"Point","coordinates":[-104.01666667,19.75]},"properties":{"id":142414,"name":"El Limón","state_code":"JAL","country_code":"MX"}},{"type":"Feature","geometry":{"type":"Point","coordinates":[-103.03722,20.87583]},"properties":{"id":142415,"name":"El Llano de Barajas","state_code":"JAL","country_code":"MX"}},{"type":"Feature","geometry":{"type":"Point","coordinates":[-103.00944,19.935]},"properties":{"id":142417,"name":"El Llano de los Toros","state_code":"JAL","country_code":"MX"}},{"type":"Feature","geometry":{"type":"Point","coordinates":[-103.09917,20.92889]},"properties":{"id":142416,"name":"El Llano de Plascencia","state_code":"JAL","country_code":"MX"}},{"type":"Feature","geometry":{"type":"Point","coordinates":[-101.79361,21.17361]},"properties":{"id":142418,"name":"El Lobo","state_code":"JAL","country_code":"MX"}},{"type":"Feature","geometry":{"type":"Point","coordinates":[-102.56139,20.39639]},"properties":{"id":142419,"name":"El Lopeño","state_code":"JAL","country_code":"MX"}},{"type":"Feature","geometry":{"type":"Point","coordinates":[-102.47093,20.34222]},"properties":{"id":142420,"name":"El Loreto Occidental","state_code":"JAL","country_code":"MX"}},{"type":"Feature","geometry":{"type":"Point","coordinates":[-104.26388,20.37882]},"properties":{"id":142421,"name":"El Macuchi","state_code":"JAL","country_code":"MX"}},{"type":"Feature","geometry":{"type":"Point","coordinates":[-103.14528,20.72444]},"properties":{"id":142422,"name":"El Maestranzo","state_code":"JAL","country_code":"MX"}},{"type":"Feature","geometry":{"type":"Point","coordinates":[-103.3575,20.52694]},"properties":{"id":142423,"name":"El Manantial","state_code":"JAL","country_code":"MX"}},{"type":"Feature","geometry":{"type":"Point","coordinates":[-102.39528,20.88917]},"properties":{"id":142424,"name":"El Mastranzo","state_code":"JAL","country_code":"MX"}},{"type":"Feature","geometry":{"type":"Point","coordinates":[-102.45222,21.21056]},"properties":{"id":142425,"name":"El Mayoral de Abajo","state_code":"JAL","country_code":"MX"}},{"type":"Feature","geometry":{"type":"Point","coordinates":[-103.77917,20.86722]},"properties":{"id":142426,"name":"El Medineño","state_code":"JAL","country_code":"MX"}},{"type":"Feature","geometry":{"type":"Point","coordinates":[-104.29313,19.7707]},"properties":{"id":142427,"name":"El Mentidero","state_code":"JAL","country_code":"MX"}},{"type":"Feature","geometry":{"type":"Point","coordinates":[-101.8525,21.41583]},"properties":{"id":142428,"name":"El Mesoncito","state_code":"JAL","country_code":"MX"}},{"type":"Feature","geometry":{"type":"Point","coordinates":[-103.12583,20.68611]},"properties":{"id":142429,"name":"El Mezquite Grande","state_code":"JAL","country_code":"MX"}},{"type":"Feature","geometry":{"type":"Point","coordinates":[-102.87111,21.16722]},"properties":{"id":142430,"name":"El Mirador","state_code":"JAL","country_code":"MX"}},{"type":"Feature","geometry":{"type":"Point","coordinates":[-101.85389,22.0175]},"properties":{"id":142431,"name":"El Molino","state_code":"JAL","country_code":"MX"}},{"type":"Feature","geometry":{"type":"Point","coordinates":[-102.9375,19.92667]},"properties":{"id":142432,"name":"El Moral","state_code":"JAL","country_code":"MX"}},{"type":"Feature","geometry":{"type":"Point","coordinates":[-103.22083,20.50278]},"properties":{"id":142433,"name":"El Muey","state_code":"JAL","country_code":"MX"}},{"type":"Feature","geometry":{"type":"Point","coordinates":[-102.55107,20.53828]},"properties":{"id":142434,"name":"El Nacimiento","state_code":"JAL","country_code":"MX"}},{"type":"Feature","geometry":{"type":"Point","coordinates":[-102.28444,20.65361]},"properties":{"id":142435,"name":"El Nacimiento de Abajo","state_code":"JAL","country_code":"MX"}},{"type":"Feature","geometry":{"type":"Point","coordinates":[-104.06028,20.53417]},"properties":{"id":142436,"name":"El Naranjo","state_code":"JAL","country_code":"MX"}},{"type":"Feature","geometry":{"type":"Point","coordinates":[-103.40111,19.52778]},"properties":{"id":142437,"name":"El Nuevo Poblado","state_code":"JAL","country_code":"MX"}},{"type":"Feature","geometry":{"type":"Point","coordinates":[-102.51556,20.74028]},"properties":{"id":142438,"name":"El Ocote","state_code":"JAL","country_code":"MX"}},{"type":"Feature","geometry":{"type":"Point","coordinates":[-103.20722,20.60306]},"properties":{"id":142439,"name":"El Ocotillo","state_code":"JAL","country_code":"MX"}},{"type":"Feature","geometry":{"type":"Point","coordinates":[-102.355,20.66361]},"properties":{"id":142440,"name":"El Ojo de Agua","state_code":"JAL","country_code":"MX"}},{"type":"Feature","geometry":{"type":"Point","coordinates":[-101.8375,21.40167]},"properties":{"id":142441,"name":"El Ojuelo","state_code":"JAL","country_code":"MX"}},{"type":"Feature","geometry":{"type":"Point","coordinates":[-103.65556,20.96583]},"properties":{"id":142442,"name":"El Olvido","state_code":"JAL","country_code":"MX"}},{"type":"Feature","geometry":{"type":"Point","coordinates":[-102.36583,21.36]},"properties":{"id":142443,"name":"El Padre Juan","state_code":"JAL","country_code":"MX"}},{"type":"Feature","geometry":{"type":"Point","coordinates":[-104.03972,19.89083]},"properties":{"id":142444,"name":"El Palmar de San Antonio","state_code":"JAL","country_code":"MX"}},{"type":"Feature","geometry":{"type":"Point","coordinates":[-104.75472,20.58]},"properties":{"id":142445,"name":"El Pantano","state_code":"JAL","country_code":"MX"}},{"type":"Feature","geometry":{"type":"Point","coordinates":[-103.95977,19.60457]},"properties":{"id":142446,"name":"El Paso Real","state_code":"JAL","country_code":"MX"}},{"type":"Feature","geometry":{"type":"Point","coordinates":[-103.39389,20.57667]},"properties":{"id":142447,"name":"El Pino","state_code":"JAL","country_code":"MX"}},{"type":"Feature","geometry":{"type":"Point","coordinates":[-103.60667,20.41836]},"properties":{"id":142448,"name":"El Plan","state_code":"JAL","country_code":"MX"}},{"type":"Feature","geometry":{"type":"Point","coordinates":[-103.05006,20.44387]},"properties":{"id":142449,"name":"El Platanar","state_code":"JAL","country_code":"MX"}},{"type":"Feature","geometry":{"type":"Point","coordinates":[-102.80639,20.81778]},"properties":{"id":142450,"name":"El Pochote","state_code":"JAL","country_code":"MX"}},{"type":"Feature","geometry":{"type":"Point","coordinates":[-104.16972,21.91639]},"properties":{"id":142451,"name":"El Popote","state_code":"JAL","country_code":"MX"}},{"type":"Feature","geometry":{"type":"Point","coordinates":[-104.04624,20.60004]},"properties":{"id":142452,"name":"El Portezuelo","state_code":"JAL","country_code":"MX"}},{"type":"Feature","geometry":{"type":"Point","coordinates":[-105.24196,20.75379]},"properties":{"id":142453,"name":"El Porvenir","state_code":"JAL","country_code":"MX"}},{"type":"Feature","geometry":{"type":"Point","coordinates":[-103.38611,19.32611]},"properties":{"id":142454,"name":"El Pozo Santo","state_code":"JAL","country_code":"MX"}},{"type":"Feature","geometry":{"type":"Point","coordinates":[-102.46056,21.4625]},"properties":{"id":142455,"name":"El Pueblito","state_code":"JAL","country_code":"MX"}},{"type":"Feature","geometry":{"type":"Point","coordinates":[-102.02306,21.76389]},"properties":{"id":142456,"name":"El Puente","state_code":"JAL","country_code":"MX"}},{"type":"Feature","geometry":{"type":"Point","coordinates":[-103.45944,20.49222]},"properties":{"id":142457,"name":"El Puerto","state_code":"JAL","country_code":"MX"}},{"type":"Feature","geometry":{"type":"Point","coordinates":[-102.12889,20.96639]},"properties":{"id":142458,"name":"El Puerto de Amolero","state_code":"JAL","country_code":"MX"}},{"type":"Feature","geometry":{"type":"Point","coordinates":[-101.9654,21.62448]},"properties":{"id":142459,"name":"El Puesto","state_code":"JAL","country_code":"MX"}},{"type":"Feature","geometry":{"type":"Point","coordinates":[-103.42722,20.79639]},"properties":{"id":142460,"name":"El Quemado","state_code":"JAL","country_code":"MX"}},{"type":"Feature","geometry":{"type":"Point","coordinates":[-103.28467,20.54388]},"properties":{"id":142461,"name":"El Quince","state_code":"JAL","country_code":"MX"}},{"type":"Feature","geometry":{"type":"Point","coordinates":[-103.86861,20.07806]},"properties":{"id":142462,"name":"El Ranchito","state_code":"JAL","country_code":"MX"}},{"type":"Feature","geometry":{"type":"Point","coordinates":[-103.16028,19.38083]},"properties":{"id":142463,"name":"El Rayo","state_code":"JAL","country_code":"MX"}},{"type":"Feature","geometry":{"type":"Point","coordinates":[-104.59352,19.1875]},"properties":{"id":142464,"name":"El Rebalse","state_code":"JAL","country_code":"MX"}},{"type":"Feature","geometry":{"type":"Point","coordinates":[-104.88667,19.30556]},"properties":{"id":142465,"name":"El Rebalsito de Apazulco","state_code":"JAL","country_code":"MX"}},{"type":"Feature","geometry":{"type":"Point","coordinates":[-103.14516,20.12231]},"properties":{"id":142466,"name":"El Refugio","state_code":"JAL","country_code":"MX"}},{"type":"Feature","geometry":{"type":"Point","coordinates":[-102.57944,20.63083]},"properties":{"id":142469,"name":"El Refugio de los Altos","state_code":"JAL","country_code":"MX"}},{"type":"Feature","geometry":{"type":"Point","coordinates":[-102.19306,20.39806]},"properties":{"id":142468,"name":"El Refugio de Vázquez","state_code":"JAL","country_code":"MX"}},{"type":"Feature","geometry":{"type":"Point","coordinates":[-103.133,20.1167]},"properties":{"id":142470,"name":"El Refugio Jalisco","state_code":"JAL","country_code":"MX"}},{"type":"Feature","geometry":{"type":"Point","coordinates":[-105.54583,20.44333]},"properties":{"id":142467,"name":"El Refugio Suchitlán","state_code":"JAL","country_code":"MX"}},{"type":"Feature","geometry":{"type":"Point","coordinates":[-102.04944,21.79028]},"properties":{"id":142471,"name":"El Reparo","state_code":"JAL","country_code":"MX"}},{"type":"Feature","geometry":{"type":"Point","coordinates":[-103.08972,19.34083]},"properties":{"id":142472,"name":"El Rincón","state_code":"JAL","country_code":"MX"}},{"type":"Feature","geometry":{"type":"Point","coordinates":[-103.18611,19.58194]},"properties":{"id":142473,"name":"El Rodeo","state_code":"JAL","country_code":"MX"}},{"type":"Feature","geometry":{"type":"Point","coordinates":[-103.865,20.20417]},"properties":{"id":142474,"name":"El Rodeo Viejo","state_code":"JAL","country_code":"MX"}},{"type":"Feature","geometry":{"type":"Point","coordinates":[-102.94944,20.38083]},"properties":{"id":142475,"name":"El Romereño","state_code":"JAL","country_code":"MX"}},{"type":"Feature","geometry":{"type":"Point","coordinates":[-102.58944,21.04528]},"properties":{"id":142476,"name":"El Rosario","state_code":"JAL","country_code":"MX"}},{"type":"Feature","geometry":{"type":"Point","coordinates":[-103.90389,22.61528]},"properties":{"id":142477,"name":"El Sabino","state_code":"JAL","country_code":"MX"}},{"type":"Feature","geometry":{"type":"Point","coordinates":[-103.19667,20.40806]},"properties":{"id":142478,"name":"El Sacrificio","state_code":"JAL","country_code":"MX"}},{"type":"Feature","geometry":{"type":"Point","coordinates":[-102.50917,20.7625]},"properties":{"id":142479,"name":"El Salero","state_code":"JAL","country_code":"MX"}},{"type":"Feature","geometry":{"type":"Point","coordinates":[-103.858,20.51]},"properties":{"id":142480,"name":"El Salitre","state_code":"JAL","country_code":"MX"}},{"type":"Feature","geometry":{"type":"Point","coordinates":[-104.5,20.33333]},"properties":{"id":142481,"name":"El Salto","state_code":"JAL","country_code":"MX"}},{"type":"Feature","geometry":{"type":"Point","coordinates":[-103.04222,20.6525]},"properties":{"id":142484,"name":"El Salto de las Peñas","state_code":"JAL","country_code":"MX"}},{"type":"Feature","geometry":{"type":"Point","coordinates":[-101.82389,21.17833]},"properties":{"id":142483,"name":"El Salto de San Antonio","state_code":"JAL","country_code":"MX"}},{"type":"Feature","geometry":{"type":"Point","coordinates":[-103.18333333,20.51666667]},"properties":{"id":142482,"name":"El Salto Municipality","state_code":"JAL","country_code":"MX"}},{"type":"Feature","geometry":{"type":"Point","coordinates":[-103.71568,21.01659]},"properties":{"id":142485,"name":"El Salvador","state_code":"JAL","country_code":"MX"}},{"type":"Feature","geometry":{"type":"Point","coordinates":[-103.26306,20.83917]},"properties":{"id":142486,"name":"El Salvial","state_code":"JAL","country_code":"MX"}},{"type":"Feature","geometry":{"type":"Point","coordinates":[-103.91333,20.31389]},"properties":{"id":142487,"name":"El Saucillo","state_code":"JAL","country_code":"MX"}},{"type":"Feature","geometry":{"type":"Point","coordinates":[-103.23444,22.02861]},"properties":{"id":142488,"name":"El Saucillo de los Pérez","state_code":"JAL","country_code":"MX"}},{"type":"Feature","geometry":{"type":"Point","coordinates":[-102.50889,20.73194]},"properties":{"id":142489,"name":"El Saucito","state_code":"JAL","country_code":"MX"}},{"type":"Feature","geometry":{"type":"Point","coordinates":[-102.23222,21.33083]},"properties":{"id":142490,"name":"El Sauz de Ibarra","state_code":"JAL","country_code":"MX"}},{"type":"Feature","geometry":{"type":"Point","coordinates":[-102.30806,21.27333]},"properties":{"id":142491,"name":"El Seminario","state_code":"JAL","country_code":"MX"}},{"type":"Feature","geometry":{"type":"Point","coordinates":[-102.04056,21.33306]},"properties":{"id":142492,"name":"El Sitio","state_code":"JAL","country_code":"MX"}},{"type":"Feature","geometry":{"type":"Point","coordinates":[-102.62806,20.58278]},"properties":{"id":142493,"name":"El Sopial","state_code":"JAL","country_code":"MX"}},{"type":"Feature","geometry":{"type":"Point","coordinates":[-101.8925,21.50667]},"properties":{"id":142494,"name":"El Soyate","state_code":"JAL","country_code":"MX"}},{"type":"Feature","geometry":{"type":"Point","coordinates":[-102.41639,21.47472]},"properties":{"id":142495,"name":"El Tablero","state_code":"JAL","country_code":"MX"}},{"type":"Feature","geometry":{"type":"Point","coordinates":[-103.26806,19.62361]},"properties":{"id":142496,"name":"El Taray","state_code":"JAL","country_code":"MX"}},{"type":"Feature","geometry":{"type":"Point","coordinates":[-102.49508,20.43121]},"properties":{"id":142497,"name":"El Tarengo Nuevo","state_code":"JAL","country_code":"MX"}},{"type":"Feature","geometry":{"type":"Point","coordinates":[-102.24583,21.20056]},"properties":{"id":142498,"name":"El Tecolote","state_code":"JAL","country_code":"MX"}},{"type":"Feature","geometry":{"type":"Point","coordinates":[-103.73083,20.31389]},"properties":{"id":142499,"name":"El Tecuán","state_code":"JAL","country_code":"MX"}},{"type":"Feature","geometry":{"type":"Point","coordinates":[-103.32667,20.77861]},"properties":{"id":142500,"name":"El Tempisque","state_code":"JAL","country_code":"MX"}},{"type":"Feature","geometry":{"type":"Point","coordinates":[-103.19444,20.56972]},"properties":{"id":142501,"name":"El Tepame","state_code":"JAL","country_code":"MX"}},{"type":"Feature","geometry":{"type":"Point","coordinates":[-103.77389,21.84111]},"properties":{"id":142502,"name":"El Tepec","state_code":"JAL","country_code":"MX"}},{"type":"Feature","geometry":{"type":"Point","coordinates":[-103.77333,21.06472]},"properties":{"id":142503,"name":"El Tepetate","state_code":"JAL","country_code":"MX"}},{"type":"Feature","geometry":{"type":"Point","coordinates":[-102.52917,20.79194]},"properties":{"id":142504,"name":"El Tepozán","state_code":"JAL","country_code":"MX"}},{"type":"Feature","geometry":{"type":"Point","coordinates":[-105.30064,20.06613]},"properties":{"id":142505,"name":"El Tequesquite","state_code":"JAL","country_code":"MX"}},{"type":"Feature","geometry":{"type":"Point","coordinates":[-102.08,20.45417]},"properties":{"id":142506,"name":"El Terrerito de Sevilla","state_code":"JAL","country_code":"MX"}},{"type":"Feature","geometry":{"type":"Point","coordinates":[-102.87806,19.29917]},"properties":{"id":142507,"name":"El Terrero","state_code":"JAL","country_code":"MX"}},{"type":"Feature","geometry":{"type":"Point","coordinates":[-102.36667,21.37056]},"properties":{"id":142508,"name":"El Torque","state_code":"JAL","country_code":"MX"}},{"type":"Feature","geometry":{"type":"Point","coordinates":[-102.00139,21.78583]},"properties":{"id":142509,"name":"El Torreón","state_code":"JAL","country_code":"MX"}},{"type":"Feature","geometry":{"type":"Point","coordinates":[-105.32469,20.32042]},"properties":{"id":142510,"name":"El Tuito","state_code":"JAL","country_code":"MX"}},{"type":"Feature","geometry":{"type":"Point","coordinates":[-102.44083,20.71667]},"properties":{"id":142511,"name":"El Tule","state_code":"JAL","country_code":"MX"}},{"type":"Feature","geometry":{"type":"Point","coordinates":[-102.90222,21.20472]},"properties":{"id":142512,"name":"El Tulillo","state_code":"JAL","country_code":"MX"}},{"type":"Feature","geometry":{"type":"Point","coordinates":[-102.79028,20.43861]},"properties":{"id":142513,"name":"El Uvalano","state_code":"JAL","country_code":"MX"}},{"type":"Feature","geometry":{"type":"Point","coordinates":[-103.27901,20.55567]},"properties":{"id":142514,"name":"El Verde","state_code":"JAL","country_code":"MX"}},{"type":"Feature","geometry":{"type":"Point","coordinates":[-102.30639,21.62139]},"properties":{"id":142515,"name":"El Vergel","state_code":"JAL","country_code":"MX"}},{"type":"Feature","geometry":{"type":"Point","coordinates":[-104.29639,19.50417]},"properties":{"id":142516,"name":"El Vigía","state_code":"JAL","country_code":"MX"}},{"type":"Feature","geometry":{"type":"Point","coordinates":[-105.15333,20.77972]},"properties":{"id":142517,"name":"El Zancudo","state_code":"JAL","country_code":"MX"}},{"type":"Feature","geometry":{"type":"Point","coordinates":[-103.07556,19.86778]},"properties":{"id":142518,"name":"El Zapatero","state_code":"JAL","country_code":"MX"}},{"type":"Feature","geometry":{"type":"Point","coordinates":[-102.80555,21.11257]},"properties":{"id":142519,"name":"El Zapote","state_code":"JAL","country_code":"MX"}},{"type":"Feature","geometry":{"type":"Point","coordinates":[-104.32639,20.21972]},"properties":{"id":142520,"name":"El Zapote de Chávez","state_code":"JAL","country_code":"MX"}},{"type":"Feature","geometry":{"type":"Point","coordinates":[-104.39889,19.96611]},"properties":{"id":142521,"name":"El Zapotillo","state_code":"JAL","country_code":"MX"}},{"type":"Feature","geometry":{"type":"Point","coordinates":[-104.71778,19.24278]},"properties":{"id":142522,"name":"Emiliano Zapata","state_code":"JAL","country_code":"MX"}},{"type":"Feature","geometry":{"type":"Point","coordinates":[-104.96583333,19.38305556]},"properties":{"id":142523,"name":"Emiliano Zapata Jalisco","state_code":"JAL","country_code":"MX"}},{"type":"Feature","geometry":{"type":"Point","coordinates":[-102.23333333,21.51666667]},"properties":{"id":142524,"name":"Encarnación de Díaz","state_code":"JAL","country_code":"MX"}},{"type":"Feature","geometry":{"type":"Point","coordinates":[-103.01972,19.93917]},"properties":{"id":142525,"name":"Epeche Chico","state_code":"JAL","country_code":"MX"}},{"type":"Feature","geometry":{"type":"Point","coordinates":[-103.10667,19.92333]},"properties":{"id":142526,"name":"Epeche Grande","state_code":"JAL","country_code":"MX"}},{"type":"Feature","geometry":{"type":"Point","coordinates":[-102.8375,20.38417]},"properties":{"id":142528,"name":"Estancia de San Nicolás","state_code":"JAL","country_code":"MX"}},{"type":"Feature","geometry":{"type":"Point","coordinates":[-102.32389,21.16722]},"properties":{"id":142527,"name":"Estancia Vieja de Arriba","state_code":"JAL","country_code":"MX"}},{"type":"Feature","geometry":{"type":"Point","coordinates":[-104.34,20.52306]},"properties":{"id":142529,"name":"Estanzuela","state_code":"JAL","country_code":"MX"}},{"type":"Feature","geometry":{"type":"Point","coordinates":[-103.72345,20.36199]},"properties":{"id":142530,"name":"Estipa","state_code":"JAL","country_code":"MX"}},{"type":"Feature","geometry":{"type":"Point","coordinates":[-104.08333333,20.76666667]},"properties":{"id":142531,"name":"Etzatlán","state_code":"JAL","country_code":"MX"}},{"type":"Feature","geometry":{"type":"Point","coordinates":[-103.7298,20.06529]},"properties":{"id":142532,"name":"Ferrería de Tula","state_code":"JAL","country_code":"MX"}},{"type":"Feature","geometry":{"type":"Point","coordinates":[-104.55917,19.56]},"properties":{"id":142533,"name":"Francisco I. Madero","state_code":"JAL","country_code":"MX"}},{"type":"Feature","geometry":{"type":"Point","coordinates":[-101.82611,21.74472]},"properties":{"id":142534,"name":"Francisco Primo de Verdad","state_code":"JAL","country_code":"MX"}},{"type":"Feature","geometry":{"type":"Point","coordinates":[-103.20472,20.505]},"properties":{"id":142535,"name":"Galaxia Bonito Jalisco","state_code":"JAL","country_code":"MX"}},{"type":"Feature","geometry":{"type":"Point","coordinates":[-103.41889,20.45722]},"properties":{"id":142536,"name":"Galaxia la Noria","state_code":"JAL","country_code":"MX"}},{"type":"Feature","geometry":{"type":"Point","coordinates":[-105.34619,20.01747]},"properties":{"id":142537,"name":"Gargantillo","state_code":"JAL","country_code":"MX"}},{"type":"Feature","geometry":{"type":"Point","coordinates":[-103.60923,20.30396]},"properties":{"id":142538,"name":"General Andrés Figueroa","state_code":"JAL","country_code":"MX"}},{"type":"Feature","geometry":{"type":"Point","coordinates":[-102.47111,20.42889]},"properties":{"id":142539,"name":"General Gabriel Leyva","state_code":"JAL","country_code":"MX"}},{"type":"Feature","geometry":{"type":"Point","coordinates":[-101.92361,21.33056]},"properties":{"id":142540,"name":"Geovillas Laureles del Campanario","state_code":"JAL","country_code":"MX"}},{"type":"Feature","geometry":{"type":"Point","coordinates":[-105.20639,20.72778]},"properties":{"id":142541,"name":"Getsemaní","state_code":"JAL","country_code":"MX"}},{"type":"Feature","geometry":{"type":"Point","coordinates":[-103.48333333,19.8]},"properties":{"id":142549,"name":"Gómez Farías","state_code":"JAL","country_code":"MX"}},{"type":"Feature","geometry":{"type":"Point","coordinates":[-101.90139,21.37972]},"properties":{"id":142542,"name":"Granadillas","state_code":"JAL","country_code":"MX"}},{"type":"Feature","geometry":{"type":"Point","coordinates":[-104.367,20.567]},"properties":{"id":142543,"name":"Guachinango","state_code":"JAL","country_code":"MX"}},{"type":"Feature","geometry":{"type":"Point","coordinates":[-103.3475,20.67666667]},"properties":{"id":142544,"name":"Guadalajara","state_code":"JAL","country_code":"MX"}},{"type":"Feature","geometry":{"type":"Point","coordinates":[-102.3609,20.34077]},"properties":{"id":142546,"name":"Guadalupe de Lerma","state_code":"JAL","country_code":"MX"}},{"type":"Feature","geometry":{"type":"Point","coordinates":[-101.61778,21.70106]},"properties":{"id":142545,"name":"Guadalupe Victoria","state_code":"JAL","country_code":"MX"}},{"type":"Feature","geometry":{"type":"Point","coordinates":[-104.31583,22.05028]},"properties":{"id":142547,"name":"Guamuchilillo","state_code":"JAL","country_code":"MX"}},{"type":"Feature","geometry":{"type":"Point","coordinates":[-104.73111,20.42611]},"properties":{"id":142548,"name":"Guayabitos","state_code":"JAL","country_code":"MX"}},{"type":"Feature","geometry":{"type":"Point","coordinates":[-103.17333,20.31639]},"properties":{"id":142553,"name":"Hacienda de la Labor","state_code":"JAL","country_code":"MX"}},{"type":"Feature","geometry":{"type":"Point","coordinates":[-103.39306,20.51944]},"properties":{"id":142554,"name":"Hacienda los Fresnos","state_code":"JAL","country_code":"MX"}},{"type":"Feature","geometry":{"type":"Point","coordinates":[-103.38056,20.51806]},"properties":{"id":142550,"name":"Hacienda Santa Fe","state_code":"JAL","country_code":"MX"}},{"type":"Feature","geometry":{"type":"Point","coordinates":[-103.21444,19.60083]},"properties":{"id":142551,"name":"Hacienda Vieja","state_code":"JAL","country_code":"MX"}},{"type":"Feature","geometry":{"type":"Point","coordinates":[-103.24417,20.54]},"properties":{"id":142552,"name":"Hacienda Vieja del Castillo","state_code":"JAL","country_code":"MX"}},{"type":"Feature","geometry":{"type":"Point","coordinates":[-103.60861,20.7725]},"properties":{"id":142555,"name":"Haciendas la Herradura","state_code":"JAL","country_code":"MX"}},{"type":"Feature","geometry":{"type":"Point","coordinates":[-101.67333,21.86528]},"properties":{"id":142556,"name":"Hierba de Matancillas","state_code":"JAL","country_code":"MX"}},{"type":"Feature","geometry":{"type":"Point","coordinates":[-103.17944,19.59472]},"properties":{"id":142557,"name":"Higueras San Miguel","state_code":"JAL","country_code":"MX"}},{"type":"Feature","geometry":{"type":"Point","coordinates":[-102.47417,20.76083]},"properties":{"id":142558,"name":"Higuerillas","state_code":"JAL","country_code":"MX"}},{"type":"Feature","geometry":{"type":"Point","coordinates":[-104.05091,21.06035]},"properties":{"id":142559,"name":"Hostotipaquillo","state_code":"JAL","country_code":"MX"}},{"type":"Feature","geometry":{"type":"Point","coordinates":[-103.95222,21.04444]},"properties":{"id":142560,"name":"Huajacatlán","state_code":"JAL","country_code":"MX"}},{"type":"Feature","geometry":{"type":"Point","coordinates":[-102.24806,20.47951]},"properties":{"id":142561,"name":"Huascato","state_code":"JAL","country_code":"MX"}},{"type":"Feature","geometry":{"type":"Point","coordinates":[-103.66291,20.73179]},"properties":{"id":142562,"name":"Huaxtla","state_code":"JAL","country_code":"MX"}},{"type":"Feature","geometry":{"type":"Point","coordinates":[-103.48742,20.35524]},"properties":{"id":142564,"name":"Huejotitán","state_code":"JAL","country_code":"MX"}},{"type":"Feature","geometry":{"type":"Point","coordinates":[-103.04222,20.65694]},"properties":{"id":142563,"name":"Huejotitlán","state_code":"JAL","country_code":"MX"}},{"type":"Feature","geometry":{"type":"Point","coordinates":[-103.25253,22.33409]},"properties":{"id":142566,"name":"Huejúcar","state_code":"JAL","country_code":"MX"}},{"type":"Feature","geometry":{"type":"Point","coordinates":[-103.88333333,22.61666667]},"properties":{"id":142565,"name":"Huejuquilla El Alto","state_code":"JAL","country_code":"MX"}},{"type":"Feature","geometry":{"type":"Point","coordinates":[-101.97444,21.3275]},"properties":{"id":142567,"name":"Huertas Familiares San Pedro","state_code":"JAL","country_code":"MX"}},{"type":"Feature","geometry":{"type":"Point","coordinates":[-103.86556,19.56611]},"properties":{"id":142568,"name":"Huisichi","state_code":"JAL","country_code":"MX"}},{"type":"Feature","geometry":{"type":"Point","coordinates":[-103.7525,19.51]},"properties":{"id":142569,"name":"Huitzometl","state_code":"JAL","country_code":"MX"}},{"type":"Feature","geometry":{"type":"Point","coordinates":[-103.49,19.17167]},"properties":{"id":142570,"name":"Huizaches","state_code":"JAL","country_code":"MX"}},{"type":"Feature","geometry":{"type":"Point","coordinates":[-103.983,20.4333]},"properties":{"id":142572,"name":"Ipazoltic","state_code":"JAL","country_code":"MX"}},{"type":"Feature","geometry":{"type":"Point","coordinates":[-103.82444,20.88639]},"properties":{"id":142571,"name":"Iprovipe I","state_code":"JAL","country_code":"MX"}},{"type":"Feature","geometry":{"type":"Point","coordinates":[-105.20408,20.71623]},"properties":{"id":142573,"name":"Ixtapa","state_code":"JAL","country_code":"MX"}},{"type":"Feature","geometry":{"type":"Point","coordinates":[-103.19138889,20.34666667]},"properties":{"id":142574,"name":"Ixtlahuacán de los Membrillos","state_code":"JAL","country_code":"MX"}},{"type":"Feature","geometry":{"type":"Point","coordinates":[-103.25,20.86666667]},"properties":{"id":142575,"name":"Ixtlahuacán del Río","state_code":"JAL","country_code":"MX"}},{"type":"Feature","geometry":{"type":"Point","coordinates":[-103.74639,22.01]},"properties":{"id":142576,"name":"Izolta","state_code":"JAL","country_code":"MX"}},{"type":"Feature","geometry":{"type":"Point","coordinates":[-103.07806,20.6375]},"properties":{"id":142577,"name":"J. Isabel Flores","state_code":"JAL","country_code":"MX"}},{"type":"Feature","geometry":{"type":"Point","coordinates":[-102.46386,21.16741]},"properties":{"id":142578,"name":"Jalostotitlan","state_code":"JAL","country_code":"MX"}},{"type":"Feature","geometry":{"type":"Point","coordinates":[-104.68527,19.23089]},"properties":{"id":142579,"name":"Jaluco","state_code":"JAL","country_code":"MX"}},{"type":"Feature","geometry":{"type":"Point","coordinates":[-102.70972222,20.29444444]},"properties":{"id":142580,"name":"Jamay","state_code":"JAL","country_code":"MX"}},{"type":"Feature","geometry":{"type":"Point","coordinates":[-103.42222,20.51889]},"properties":{"id":142581,"name":"Jardines de San Sebastián","state_code":"JAL","country_code":"MX"}},{"type":"Feature","geometry":{"type":"Point","coordinates":[-103.36278,20.5325]},"properties":{"id":142582,"name":"Jardines del Edén","state_code":"JAL","country_code":"MX"}},{"type":"Feature","geometry":{"type":"Point","coordinates":[-101.9975,21.31167]},"properties":{"id":142583,"name":"Jaritas","state_code":"JAL","country_code":"MX"}},{"type":"Feature","geometry":{"type":"Point","coordinates":[-103.35027778,20.66666667]},"properties":{"id":142584,"name":"Jesús María","state_code":"JAL","country_code":"MX"}},{"type":"Feature","geometry":{"type":"Point","coordinates":[-104.2667,20.66667]},"properties":{"id":142585,"name":"Jesús María Nayarit","state_code":"JAL","country_code":"MX"}},{"type":"Feature","geometry":{"type":"Point","coordinates":[-103.01972222,19.37083333]},"properties":{"id":142586,"name":"Jilotlán de los Dolores","state_code":"JAL","country_code":"MX"}},{"type":"Feature","geometry":{"type":"Point","coordinates":[-103.77895,19.77889]},"properties":{"id":142587,"name":"Jiquilpan","state_code":"JAL","country_code":"MX"}},{"type":"Feature","geometry":{"type":"Point","coordinates":[-102.67639,20.45222]},"properties":{"id":142588,"name":"Joconoxtle","state_code":"JAL","country_code":"MX"}},{"type":"Feature","geometry":{"type":"Point","coordinates":[-103.28333333,20.16666667]},"properties":{"id":142589,"name":"Jocotepec","state_code":"JAL","country_code":"MX"}},{"type":"Feature","geometry":{"type":"Point","coordinates":[-102.47139,21.52167]},"properties":{"id":142592,"name":"José de Jesús Aguirre Teocaltiche","state_code":"JAL","country_code":"MX"}},{"type":"Feature","geometry":{"type":"Point","coordinates":[-105.32778,19.94889]},"properties":{"id":142591,"name":"José María Pino Suárez","state_code":"JAL","country_code":"MX"}},{"type":"Feature","geometry":{"type":"Point","coordinates":[-103.83306,20.9]},"properties":{"id":142590,"name":"Josefa Ortíz de Domínguez","state_code":"JAL","country_code":"MX"}},{"type":"Feature","geometry":{"type":"Point","coordinates":[-103.72752,20.37269]},"properties":{"id":142593,"name":"Juan Gil Preciado","state_code":"JAL","country_code":"MX"}},{"type":"Feature","geometry":{"type":"Point","coordinates":[-103.16666667,20.5]},"properties":{"id":142594,"name":"Juanacatlán","state_code":"JAL","country_code":"MX"}},{"type":"Feature","geometry":{"type":"Point","coordinates":[-103.24833,20.49528]},"properties":{"id":142595,"name":"La Alameda","state_code":"JAL","country_code":"MX"}},{"type":"Feature","geometry":{"type":"Point","coordinates":[-104.23306,19.74964]},"properties":{"id":142596,"name":"La Aldaba","state_code":"JAL","country_code":"MX"}},{"type":"Feature","geometry":{"type":"Point","coordinates":[-102.435,20.56194]},"properties":{"id":142597,"name":"La Angostura de los Altos","state_code":"JAL","country_code":"MX"}},{"type":"Feature","geometry":{"type":"Point","coordinates":[-103.36389,20.53694]},"properties":{"id":142598,"name":"La Arbolada Plus","state_code":"JAL","country_code":"MX"}},{"type":"Feature","geometry":{"type":"Point","coordinates":[-102.56666667,20.28333333]},"properties":{"id":142599,"name":"La Barca","state_code":"JAL","country_code":"MX"}},{"type":"Feature","geometry":{"type":"Point","coordinates":[-103.07306,20.51639]},"properties":{"id":142600,"name":"La Barranca","state_code":"JAL","country_code":"MX"}},{"type":"Feature","geometry":{"type":"Point","coordinates":[-102.58556,21.49694]},"properties":{"id":142601,"name":"La Calera","state_code":"JAL","country_code":"MX"}},{"type":"Feature","geometry":{"type":"Point","coordinates":[-102.33778,21.26889]},"properties":{"id":142602,"name":"La Calera Fraccionamiento","state_code":"JAL","country_code":"MX"}},{"type":"Feature","geometry":{"type":"Point","coordinates":[-102.94306,20.48222]},"properties":{"id":142604,"name":"La Cañada","state_code":"JAL","country_code":"MX"}},{"type":"Feature","geometry":{"type":"Point","coordinates":[-103.71278,20.01167]},"properties":{"id":142605,"name":"La Cañada Tezcaltilti","state_code":"JAL","country_code":"MX"}},{"type":"Feature","geometry":{"type":"Point","coordinates":[-102.01972,21.34333]},"properties":{"id":142603,"name":"La Cantera","state_code":"JAL","country_code":"MX"}},{"type":"Feature","geometry":{"type":"Point","coordinates":[-102.7425,20.89028]},"properties":{"id":142606,"name":"La Cebadilla","state_code":"JAL","country_code":"MX"}},{"type":"Feature","geometry":{"type":"Point","coordinates":[-102.41833,20.73583]},"properties":{"id":142607,"name":"La Ceja de la Capilla","state_code":"JAL","country_code":"MX"}},{"type":"Feature","geometry":{"type":"Point","coordinates":[-102.88361,21.15806]},"properties":{"id":142608,"name":"La Cerca Blanca","state_code":"JAL","country_code":"MX"}},{"type":"Feature","geometry":{"type":"Point","coordinates":[-102.71333,20.66056]},"properties":{"id":142610,"name":"La Ciénega","state_code":"JAL","country_code":"MX"}},{"type":"Feature","geometry":{"type":"Point","coordinates":[-104.32583,22.06306]},"properties":{"id":142611,"name":"La Ciénega de Huaistita","state_code":"JAL","country_code":"MX"}},{"type":"Feature","geometry":{"type":"Point","coordinates":[-102.29944,20.75611]},"properties":{"id":142609,"name":"La Cieneguita","state_code":"JAL","country_code":"MX"}},{"type":"Feature","geometry":{"type":"Point","coordinates":[-103.92417,22.61361]},"properties":{"id":142612,"name":"La Cofradía","state_code":"JAL","country_code":"MX"}},{"type":"Feature","geometry":{"type":"Point","coordinates":[-103.72444,19.88861]},"properties":{"id":142613,"name":"La Cofradía del Rosario","state_code":"JAL","country_code":"MX"}},{"type":"Feature","geometry":{"type":"Point","coordinates":[-102.90472,21.19361]},"properties":{"id":142614,"name":"La Colonia San Juanito","state_code":"JAL","country_code":"MX"}},{"type":"Feature","geometry":{"type":"Point","coordinates":[-102.32959,20.35171]},"properties":{"id":142615,"name":"La Concepción","state_code":"JAL","country_code":"MX"}},{"type":"Feature","geometry":{"type":"Point","coordinates":[-103.73861,20.90528]},"properties":{"id":142616,"name":"La Conchilla","state_code":"JAL","country_code":"MX"}},{"type":"Feature","geometry":{"type":"Point","coordinates":[-104.56139,19.49972]},"properties":{"id":142617,"name":"La Conchita","state_code":"JAL","country_code":"MX"}},{"type":"Feature","geometry":{"type":"Point","coordinates":[-102.98361,20.40333]},"properties":{"id":142618,"name":"La Constancia","state_code":"JAL","country_code":"MX"}},{"type":"Feature","geometry":{"type":"Point","coordinates":[-103.59111,20.25083]},"properties":{"id":142619,"name":"La Cruz","state_code":"JAL","country_code":"MX"}},{"type":"Feature","geometry":{"type":"Point","coordinates":[-105.45508,20.00755]},"properties":{"id":142620,"name":"La Cruz de Loreto","state_code":"JAL","country_code":"MX"}},{"type":"Feature","geometry":{"type":"Point","coordinates":[-103.46222,20.78]},"properties":{"id":142621,"name":"La Cuchilla","state_code":"JAL","country_code":"MX"}},{"type":"Feature","geometry":{"type":"Point","coordinates":[-102.33056,21.22583]},"properties":{"id":142622,"name":"La Cuesta de Medina","state_code":"JAL","country_code":"MX"}},{"type":"Feature","geometry":{"type":"Point","coordinates":[-102.59444,21.24056]},"properties":{"id":142623,"name":"La Cueva","state_code":"JAL","country_code":"MX"}},{"type":"Feature","geometry":{"type":"Point","coordinates":[-103.03472,19.93528]},"properties":{"id":142624,"name":"La Estacada","state_code":"JAL","country_code":"MX"}},{"type":"Feature","geometry":{"type":"Point","coordinates":[-102.84167,21.04694]},"properties":{"id":142625,"name":"La Estancia","state_code":"JAL","country_code":"MX"}},{"type":"Feature","geometry":{"type":"Point","coordinates":[-103.90861,22.61972]},"properties":{"id":142626,"name":"La Estancia de Arriba","state_code":"JAL","country_code":"MX"}},{"type":"Feature","geometry":{"type":"Point","coordinates":[-104.08717,20.8822]},"properties":{"id":142627,"name":"La Estancia de Ayones","state_code":"JAL","country_code":"MX"}},{"type":"Feature","geometry":{"type":"Point","coordinates":[-102.60944,20.54917]},"properties":{"id":142628,"name":"La Estancia de Navarro","state_code":"JAL","country_code":"MX"}},{"type":"Feature","geometry":{"type":"Point","coordinates":[-104.01083,20.56722]},"properties":{"id":142629,"name":"La Estancita","state_code":"JAL","country_code":"MX"}},{"type":"Feature","geometry":{"type":"Point","coordinates":[-103.82609,20.66892]},"properties":{"id":142630,"name":"La Estanzuela","state_code":"JAL","country_code":"MX"}},{"type":"Feature","geometry":{"type":"Point","coordinates":[-102.735,20.4675]},"properties":{"id":142631,"name":"La Floreña","state_code":"JAL","country_code":"MX"}},{"type":"Feature","geometry":{"type":"Point","coordinates":[-103.39583,20.48472]},"properties":{"id":142632,"name":"La Fortuna Fraccionamiento","state_code":"JAL","country_code":"MX"}},{"type":"Feature","geometry":{"type":"Point","coordinates":[-103.71139,19.96083]},"properties":{"id":142633,"name":"La Frontera","state_code":"JAL","country_code":"MX"}},{"type":"Feature","geometry":{"type":"Point","coordinates":[-103.11666667,19.76666667]},"properties":{"id":142634,"name":"La Garita Jalisco","state_code":"JAL","country_code":"MX"}},{"type":"Feature","geometry":{"type":"Point","coordinates":[-103.13944,20.95556]},"properties":{"id":142635,"name":"La Garruña","state_code":"JAL","country_code":"MX"}},{"type":"Feature","geometry":{"type":"Point","coordinates":[-102.20472,20.61444]},"properties":{"id":142636,"name":"La Gila","state_code":"JAL","country_code":"MX"}},{"type":"Feature","geometry":{"type":"Point","coordinates":[-102.38389,20.61222]},"properties":{"id":142637,"name":"La Gloria","state_code":"JAL","country_code":"MX"}},{"type":"Feature","geometry":{"type":"Point","coordinates":[-102.44361,20.70694]},"properties":{"id":142638,"name":"La Granjena","state_code":"JAL","country_code":"MX"}},{"type":"Feature","geometry":{"type":"Point","coordinates":[-103.78083,19.73556]},"properties":{"id":142639,"name":"La Guadalupe","state_code":"JAL","country_code":"MX"}},{"type":"Feature","geometry":{"type":"Point","coordinates":[-103.74111,22.11889]},"properties":{"id":142640,"name":"La Guásima","state_code":"JAL","country_code":"MX"}},{"type":"Feature","geometry":{"type":"Point","coordinates":[-103.60139,20.11333]},"properties":{"id":142641,"name":"La Hermosura","state_code":"JAL","country_code":"MX"}},{"type":"Feature","geometry":{"type":"Point","coordinates":[-103.40955,19.42358]},"properties":{"id":142642,"name":"La Higuera","state_code":"JAL","country_code":"MX"}},{"type":"Feature","geometry":{"type":"Point","coordinates":[-104.64388889,19.48444444]},"properties":{"id":142643,"name":"La Huerta","state_code":"JAL","country_code":"MX"}},{"type":"Feature","geometry":{"type":"Point","coordinates":[-103.12,19.88917]},"properties":{"id":142644,"name":"La Huevera","state_code":"JAL","country_code":"MX"}},{"type":"Feature","geometry":{"type":"Point","coordinates":[-101.92278,21.39472]},"properties":{"id":142645,"name":"La Isla","state_code":"JAL","country_code":"MX"}},{"type":"Feature","geometry":{"type":"Point","coordinates":[-102.95417,21.05444]},"properties":{"id":142646,"name":"La Jarrilla","state_code":"JAL","country_code":"MX"}},{"type":"Feature","geometry":{"type":"Point","coordinates":[-102.86944,19.94472]},"properties":{"id":142647,"name":"La Joya","state_code":"JAL","country_code":"MX"}},{"type":"Feature","geometry":{"type":"Point","coordinates":[-103.0025,20.71021]},"properties":{"id":142648,"name":"La Joya Chica","state_code":"JAL","country_code":"MX"}},{"type":"Feature","geometry":{"type":"Point","coordinates":[-103.04444,20.70861]},"properties":{"id":142649,"name":"La Joya Grande","state_code":"JAL","country_code":"MX"}},{"type":"Feature","geometry":{"type":"Point","coordinates":[-102.78333,21.23306]},"properties":{"id":142650,"name":"La Labor de la Concepción","state_code":"JAL","country_code":"MX"}},{"type":"Feature","geometry":{"type":"Point","coordinates":[-102.31639,21.37722]},"properties":{"id":142651,"name":"La Labor de los Alba","state_code":"JAL","country_code":"MX"}},{"type":"Feature","geometry":{"type":"Point","coordinates":[-104.15139,20.20722]},"properties":{"id":142652,"name":"La Ladera","state_code":"JAL","country_code":"MX"}},{"type":"Feature","geometry":{"type":"Point","coordinates":[-102.35167,20.52417]},"properties":{"id":142653,"name":"La Ladera Grande","state_code":"JAL","country_code":"MX"}},{"type":"Feature","geometry":{"type":"Point","coordinates":[-104.20667,22.25417]},"properties":{"id":142654,"name":"La Laguna","state_code":"JAL","country_code":"MX"}},{"type":"Feature","geometry":{"type":"Point","coordinates":[-103.06111,20.93611]},"properties":{"id":142655,"name":"La Laguna Grande","state_code":"JAL","country_code":"MX"}},{"type":"Feature","geometry":{"type":"Point","coordinates":[-104.2852,19.85481]},"properties":{"id":142656,"name":"La Laja","state_code":"JAL","country_code":"MX"}},{"type":"Feature","geometry":{"type":"Point","coordinates":[-103.56583,21.08694]},"properties":{"id":142657,"name":"La Lobera","state_code":"JAL","country_code":"MX"}},{"type":"Feature","geometry":{"type":"Point","coordinates":[-102.08833,20.44139]},"properties":{"id":142658,"name":"La Loma","state_code":"JAL","country_code":"MX"}},{"type":"Feature","geometry":{"type":"Point","coordinates":[-102.22222,20.72444]},"properties":{"id":142659,"name":"La Loma de los Rizo","state_code":"JAL","country_code":"MX"}},{"type":"Feature","geometry":{"type":"Point","coordinates":[-102.40167,20.73]},"properties":{"id":142660,"name":"La Loma del Nopal","state_code":"JAL","country_code":"MX"}},{"type":"Feature","geometry":{"type":"Point","coordinates":[-102.31278,21.44056]},"properties":{"id":142661,"name":"La Lomita","state_code":"JAL","country_code":"MX"}},{"type":"Feature","geometry":{"type":"Point","coordinates":[-102.7175,20.44917]},"properties":{"id":142662,"name":"La Luz","state_code":"JAL","country_code":"MX"}},{"type":"Feature","geometry":{"type":"Point","coordinates":[-104.7875,19.28111111]},"properties":{"id":142663,"name":"La Manzanilla","state_code":"JAL","country_code":"MX"}},{"type":"Feature","geometry":{"type":"Point","coordinates":[-102.01666667,19.91666667]},"properties":{"id":142664,"name":"La Manzanilla de La Paz","state_code":"JAL","country_code":"MX"}},{"type":"Feature","geometry":{"type":"Point","coordinates":[-103.74889,20.89528]},"properties":{"id":142665,"name":"La Mata","state_code":"JAL","country_code":"MX"}},{"type":"Feature","geometry":{"type":"Point","coordinates":[-101.86722,21.4825]},"properties":{"id":142666,"name":"La Merced","state_code":"JAL","country_code":"MX"}},{"type":"Feature","geometry":{"type":"Point","coordinates":[-103.11918,20.54944]},"properties":{"id":142667,"name":"La Mesa","state_code":"JAL","country_code":"MX"}},{"type":"Feature","geometry":{"type":"Point","coordinates":[-102.76667,20.66972]},"properties":{"id":142668,"name":"La Mesa del Guitarrero","state_code":"JAL","country_code":"MX"}},{"type":"Feature","geometry":{"type":"Point","coordinates":[-103.50667,20.83889]},"properties":{"id":142669,"name":"La Mesita","state_code":"JAL","country_code":"MX"}},{"type":"Feature","geometry":{"type":"Point","coordinates":[-103.12306,20.4525]},"properties":{"id":142670,"name":"La Mezcalilla","state_code":"JAL","country_code":"MX"}},{"type":"Feature","geometry":{"type":"Point","coordinates":[-103.1125,20.55833]},"properties":{"id":142671,"name":"La Mezquitera","state_code":"JAL","country_code":"MX"}},{"type":"Feature","geometry":{"type":"Point","coordinates":[-103.275,20.58639]},"properties":{"id":142672,"name":"La Mial","state_code":"JAL","country_code":"MX"}},{"type":"Feature","geometry":{"type":"Point","coordinates":[-102.7225,20.9475]},"properties":{"id":142673,"name":"La Mina","state_code":"JAL","country_code":"MX"}},{"type":"Feature","geometry":{"type":"Point","coordinates":[-103.0425,20.84944]},"properties":{"id":142674,"name":"La Mojarra","state_code":"JAL","country_code":"MX"}},{"type":"Feature","geometry":{"type":"Point","coordinates":[-104.03409,20.70575]},"properties":{"id":142675,"name":"La Mora","state_code":"JAL","country_code":"MX"}},{"type":"Feature","geometry":{"type":"Point","coordinates":[-102.69028,20.70556]},"properties":{"id":142676,"name":"La Mota","state_code":"JAL","country_code":"MX"}},{"type":"Feature","geometry":{"type":"Point","coordinates":[-104.39639,19.48667]},"properties":{"id":142677,"name":"La Nance","state_code":"JAL","country_code":"MX"}},{"type":"Feature","geometry":{"type":"Point","coordinates":[-102.40056,20.4775]},"properties":{"id":142678,"name":"La Nopalera","state_code":"JAL","country_code":"MX"}},{"type":"Feature","geometry":{"type":"Point","coordinates":[-101.8375,21.10972]},"properties":{"id":142679,"name":"La Noria","state_code":"JAL","country_code":"MX"}},{"type":"Feature","geometry":{"type":"Point","coordinates":[-102.71667,20.36556]},"properties":{"id":142680,"name":"La Orilla de la Cerca","state_code":"JAL","country_code":"MX"}},{"type":"Feature","geometry":{"type":"Point","coordinates":[-101.9525,21.38389]},"properties":{"id":142681,"name":"La Orilla del Agua","state_code":"JAL","country_code":"MX"}},{"type":"Feature","geometry":{"type":"Point","coordinates":[-101.92167,21.38778]},"properties":{"id":142682,"name":"La Palma","state_code":"JAL","country_code":"MX"}},{"type":"Feature","geometry":{"type":"Point","coordinates":[-101.91778,21.76833]},"properties":{"id":142683,"name":"La Palmita","state_code":"JAL","country_code":"MX"}},{"type":"Feature","geometry":{"type":"Point","coordinates":[-103.89028,19.55944]},"properties":{"id":142684,"name":"La Parota","state_code":"JAL","country_code":"MX"}},{"type":"Feature","geometry":{"type":"Point","coordinates":[-102.55056,21.54722]},"properties":{"id":142685,"name":"La Parrita","state_code":"JAL","country_code":"MX"}},{"type":"Feature","geometry":{"type":"Point","coordinates":[-101.76793,21.81608]},"properties":{"id":142686,"name":"La Paz","state_code":"JAL","country_code":"MX"}},{"type":"Feature","geometry":{"type":"Point","coordinates":[-102.53059,20.34489]},"properties":{"id":142687,"name":"La Paz de Ordaz","state_code":"JAL","country_code":"MX"}},{"type":"Feature","geometry":{"type":"Point","coordinates":[-102.97556,20.32722]},"properties":{"id":142688,"name":"La Peña Jalisco","state_code":"JAL","country_code":"MX"}},{"type":"Feature","geometry":{"type":"Point","coordinates":[-103.78861,21.82278]},"properties":{"id":142689,"name":"La Playa","state_code":"JAL","country_code":"MX"}},{"type":"Feature","geometry":{"type":"Point","coordinates":[-101.81477,21.77589]},"properties":{"id":142690,"name":"La Presa","state_code":"JAL","country_code":"MX"}},{"type":"Feature","geometry":{"type":"Point","coordinates":[-103.56543,20.72302]},"properties":{"id":142691,"name":"La Primavera","state_code":"JAL","country_code":"MX"}},{"type":"Feature","geometry":{"type":"Point","coordinates":[-102.60444,21.02556]},"properties":{"id":142692,"name":"La Providencia","state_code":"JAL","country_code":"MX"}},{"type":"Feature","geometry":{"type":"Point","coordinates":[-103.84389,20.92778]},"properties":{"id":142693,"name":"La Puerta de San Pedro","state_code":"JAL","country_code":"MX"}},{"type":"Feature","geometry":{"type":"Point","coordinates":[-104.22577,20.804]},"properties":{"id":142694,"name":"La Puerta del Coche","state_code":"JAL","country_code":"MX"}},{"type":"Feature","geometry":{"type":"Point","coordinates":[-103.21147,20.57156]},"properties":{"id":142695,"name":"La Punta","state_code":"JAL","country_code":"MX"}},{"type":"Feature","geometry":{"type":"Point","coordinates":[-103.32896,19.49162]},"properties":{"id":142696,"name":"La Purísima","state_code":"JAL","country_code":"MX"}},{"type":"Feature","geometry":{"type":"Point","coordinates":[-104.04914,20.97127]},"properties":{"id":142697,"name":"La Quemada","state_code":"JAL","country_code":"MX"}},{"type":"Feature","geometry":{"type":"Point","coordinates":[-102.42444,20.81056]},"properties":{"id":142698,"name":"La Rana","state_code":"JAL","country_code":"MX"}},{"type":"Feature","geometry":{"type":"Point","coordinates":[-102.51944,20.53639]},"properties":{"id":142699,"name":"La Raya","state_code":"JAL","country_code":"MX"}},{"type":"Feature","geometry":{"type":"Point","coordinates":[-102.81333,20.71861]},"properties":{"id":142700,"name":"La Red","state_code":"JAL","country_code":"MX"}},{"type":"Feature","geometry":{"type":"Point","coordinates":[-102.92528,20.74139]},"properties":{"id":142701,"name":"La Resolana","state_code":"JAL","country_code":"MX"}},{"type":"Feature","geometry":{"type":"Point","coordinates":[-102.28273,20.34908]},"properties":{"id":142702,"name":"La Ribera","state_code":"JAL","country_code":"MX"}},{"type":"Feature","geometry":{"type":"Point","coordinates":[-103.42639,20.51278]},"properties":{"id":142703,"name":"La Roca","state_code":"JAL","country_code":"MX"}},{"type":"Feature","geometry":{"type":"Point","coordinates":[-104.31556,19.46278]},"properties":{"id":142704,"name":"La Rosa","state_code":"JAL","country_code":"MX"}},{"type":"Feature","geometry":{"type":"Point","coordinates":[-103.10903,20.08404]},"properties":{"id":142705,"name":"La Rosa Amarilla","state_code":"JAL","country_code":"MX"}},{"type":"Feature","geometry":{"type":"Point","coordinates":[-102.25083,20.70806]},"properties":{"id":142706,"name":"La Rosa de Castilla","state_code":"JAL","country_code":"MX"}},{"type":"Feature","geometry":{"type":"Point","coordinates":[-103.2625,20.10167]},"properties":{"id":142707,"name":"La Rueda","state_code":"JAL","country_code":"MX"}},{"type":"Feature","geometry":{"type":"Point","coordinates":[-102.04417,20.49222]},"properties":{"id":142708,"name":"La Sanguijuela","state_code":"JAL","country_code":"MX"}},{"type":"Feature","geometry":{"type":"Point","coordinates":[-103.80681,20.45251]},"properties":{"id":142709,"name":"La Sauceda","state_code":"JAL","country_code":"MX"}},{"type":"Feature","geometry":{"type":"Point","coordinates":[-102.55444,20.63528]},"properties":{"id":142710,"name":"La Soledad","state_code":"JAL","country_code":"MX"}},{"type":"Feature","geometry":{"type":"Point","coordinates":[-103.48306,20.44611]},"properties":{"id":142711,"name":"La Teja","state_code":"JAL","country_code":"MX"}},{"type":"Feature","geometry":{"type":"Point","coordinates":[-103.44056,20.58167]},"properties":{"id":142712,"name":"La Tijera","state_code":"JAL","country_code":"MX"}},{"type":"Feature","geometry":{"type":"Point","coordinates":[-102.18778,20.46972]},"properties":{"id":142713,"name":"La Tinajera","state_code":"JAL","country_code":"MX"}},{"type":"Feature","geometry":{"type":"Point","coordinates":[-102.72306,20.47833]},"properties":{"id":142714,"name":"La Tiricia","state_code":"JAL","country_code":"MX"}},{"type":"Feature","geometry":{"type":"Point","coordinates":[-104.61583,20.90139]},"properties":{"id":142715,"name":"La Tortuga","state_code":"JAL","country_code":"MX"}},{"type":"Feature","geometry":{"type":"Point","coordinates":[-101.9925,21.27389]},"properties":{"id":142716,"name":"La Trinidad","state_code":"JAL","country_code":"MX"}},{"type":"Feature","geometry":{"type":"Point","coordinates":[-103.36812,20.53148]},"properties":{"id":142717,"name":"La Unión del Cuatro","state_code":"JAL","country_code":"MX"}},{"type":"Feature","geometry":{"type":"Point","coordinates":[-102.22056,20.85611]},"properties":{"id":142718,"name":"La Vaquera","state_code":"JAL","country_code":"MX"}},{"type":"Feature","geometry":{"type":"Point","coordinates":[-103.8583,20.58331]},"properties":{"id":142719,"name":"La Vega","state_code":"JAL","country_code":"MX"}},{"type":"Feature","geometry":{"type":"Point","coordinates":[-103.54509,20.72795]},"properties":{"id":142720,"name":"La Venta del Astillero","state_code":"JAL","country_code":"MX"}},{"type":"Feature","geometry":{"type":"Point","coordinates":[-102.03778,21.68917]},"properties":{"id":142721,"name":"La Verdolaga","state_code":"JAL","country_code":"MX"}},{"type":"Feature","geometry":{"type":"Point","coordinates":[-102.94667,20.62806]},"properties":{"id":142722,"name":"La Villa","state_code":"JAL","country_code":"MX"}},{"type":"Feature","geometry":{"type":"Point","coordinates":[-102.53389,20.72889]},"properties":{"id":142723,"name":"La Virgencita","state_code":"JAL","country_code":"MX"}},{"type":"Feature","geometry":{"type":"Point","coordinates":[-103.09722,20.53722]},"properties":{"id":142724,"name":"La Yerbabuena","state_code":"JAL","country_code":"MX"}},{"type":"Feature","geometry":{"type":"Point","coordinates":[-102.89778,20.30611]},"properties":{"id":142725,"name":"La Zapotera","state_code":"JAL","country_code":"MX"}},{"type":"Feature","geometry":{"type":"Point","coordinates":[-103.91666667,20.46666667]},"properties":{"id":142726,"name":"Labor de Medina","state_code":"JAL","country_code":"MX"}},{"type":"Feature","geometry":{"type":"Point","coordinates":[-102.21917,21.36722]},"properties":{"id":142727,"name":"Labor de Montoya","state_code":"JAL","country_code":"MX"}},{"type":"Feature","geometry":{"type":"Point","coordinates":[-102.34694,20.52167]},"properties":{"id":142728,"name":"Ladera Chica","state_code":"JAL","country_code":"MX"}},{"type":"Feature","geometry":{"type":"Point","coordinates":[-101.92916667,21.35638889]},"properties":{"id":142729,"name":"Lagos de Moreno","state_code":"JAL","country_code":"MX"}},{"type":"Feature","geometry":{"type":"Point","coordinates":[-102.83111,20.75917]},"properties":{"id":142730,"name":"Laguna Colorada","state_code":"JAL","country_code":"MX"}},{"type":"Feature","geometry":{"type":"Point","coordinates":[-102.13778,20.82028]},"properties":{"id":142731,"name":"Laguna de Piedra","state_code":"JAL","country_code":"MX"}},{"type":"Feature","geometry":{"type":"Point","coordinates":[-103.99583333,20.33972222]},"properties":{"id":142732,"name":"Lagunillas Jalisco","state_code":"JAL","country_code":"MX"}},{"type":"Feature","geometry":{"type":"Point","coordinates":[-101.91056,21.32861]},"properties":{"id":142733,"name":"Las Alfalfas","state_code":"JAL","country_code":"MX"}},{"type":"Feature","geometry":{"type":"Point","coordinates":[-101.65548,21.58918]},"properties":{"id":142734,"name":"Las Amarillas","state_code":"JAL","country_code":"MX"}},{"type":"Feature","geometry":{"type":"Point","coordinates":[-103.29083,20.52222]},"properties":{"id":142735,"name":"Las Asturias Fraccionamiento","state_code":"JAL","country_code":"MX"}},{"type":"Feature","geometry":{"type":"Point","coordinates":[-102.79167,20.89194]},"properties":{"id":142736,"name":"Las Azules","state_code":"JAL","country_code":"MX"}},{"type":"Feature","geometry":{"type":"Point","coordinates":[-104.0225,20.19944]},"properties":{"id":142737,"name":"Las Calaveras","state_code":"JAL","country_code":"MX"}},{"type":"Feature","geometry":{"type":"Point","coordinates":[-102.46167,21.14]},"properties":{"id":142740,"name":"Las Cañadas","state_code":"JAL","country_code":"MX"}},{"type":"Feature","geometry":{"type":"Point","coordinates":[-103.47389,19.61028]},"properties":{"id":142738,"name":"Las Canoas","state_code":"JAL","country_code":"MX"}},{"type":"Feature","geometry":{"type":"Point","coordinates":[-103.24639,20.44861]},"properties":{"id":142739,"name":"Las Carretas","state_code":"JAL","country_code":"MX"}},{"type":"Feature","geometry":{"type":"Point","coordinates":[-103.25417,22.10528]},"properties":{"id":142741,"name":"Las Golondrinas [Fraccionamiento]","state_code":"JAL","country_code":"MX"}},{"type":"Feature","geometry":{"type":"Point","coordinates":[-104.70646,19.43061]},"properties":{"id":142742,"name":"Las Juntas","state_code":"JAL","country_code":"MX"}},{"type":"Feature","geometry":{"type":"Point","coordinates":[-103.32345,20.57376]},"properties":{"id":142743,"name":"Las Pintas de Arriba","state_code":"JAL","country_code":"MX"}},{"type":"Feature","geometry":{"type":"Point","coordinates":[-103.30222,20.56444]},"properties":{"id":142744,"name":"Las Pintitas","state_code":"JAL","country_code":"MX"}},{"type":"Feature","geometry":{"type":"Point","coordinates":[-103.83333,19.69472]},"properties":{"id":142745,"name":"Las Primaveras [Invernadero]","state_code":"JAL","country_code":"MX"}},{"type":"Feature","geometry":{"type":"Point","coordinates":[-103.96888889,20.44166667]},"properties":{"id":142760,"name":"Lázaro Cárdenas Jalisco","state_code":"JAL","country_code":"MX"}},{"type":"Feature","geometry":{"type":"Point","coordinates":[-104.53444,19.62139]},"properties":{"id":142746,"name":"Lo Arado","state_code":"JAL","country_code":"MX"}},{"type":"Feature","geometry":{"type":"Point","coordinates":[-103.46778,20.5275]},"properties":{"id":142747,"name":"Lomas de San Agustín","state_code":"JAL","country_code":"MX"}},{"type":"Feature","geometry":{"type":"Point","coordinates":[-103.40202,20.46658]},"properties":{"id":142748,"name":"Lomas de Tejeda","state_code":"JAL","country_code":"MX"}},{"type":"Feature","geometry":{"type":"Point","coordinates":[-103.4175,20.4925]},"properties":{"id":142749,"name":"Lomas del Sur","state_code":"JAL","country_code":"MX"}},{"type":"Feature","geometry":{"type":"Point","coordinates":[-101.96527,21.8461]},"properties":{"id":142750,"name":"Los Azulitos","state_code":"JAL","country_code":"MX"}},{"type":"Feature","geometry":{"type":"Point","coordinates":[-103.2325,20.3898]},"properties":{"id":142751,"name":"Los Cedros","state_code":"JAL","country_code":"MX"}},{"type":"Feature","geometry":{"type":"Point","coordinates":[-103.44881,20.57456]},"properties":{"id":142752,"name":"Los Gavilanes","state_code":"JAL","country_code":"MX"}},{"type":"Feature","geometry":{"type":"Point","coordinates":[-103.88333333,20.43333333]},"properties":{"id":142753,"name":"Los Guerrero","state_code":"JAL","country_code":"MX"}},{"type":"Feature","geometry":{"type":"Point","coordinates":[-103.5,19.57]},"properties":{"id":142754,"name":"Los Mazos","state_code":"JAL","country_code":"MX"}},{"type":"Feature","geometry":{"type":"Point","coordinates":[-103.23778,20.43917]},"properties":{"id":142755,"name":"Los Olivos","state_code":"JAL","country_code":"MX"}},{"type":"Feature","geometry":{"type":"Point","coordinates":[-103.93721,20.53724]},"properties":{"id":142756,"name":"Los Pocitos","state_code":"JAL","country_code":"MX"}},{"type":"Feature","geometry":{"type":"Point","coordinates":[-103.69139,20.71083]},"properties":{"id":142757,"name":"Los Ruiseñores","state_code":"JAL","country_code":"MX"}},{"type":"Feature","geometry":{"type":"Point","coordinates":[-102.13827,21.57425]},"properties":{"id":142758,"name":"Los Sauces","state_code":"JAL","country_code":"MX"}},{"type":"Feature","geometry":{"type":"Point","coordinates":[-103.91666667,20.45]},"properties":{"id":142759,"name":"Los Vergara","state_code":"JAL","country_code":"MX"}},{"type":"Feature","geometry":{"type":"Point","coordinates":[-103.98027778,20.90916667]},"properties":{"id":142761,"name":"Magdalena","state_code":"JAL","country_code":"MX"}},{"type":"Feature","geometry":{"type":"Point","coordinates":[-102.92203,21.05928]},"properties":{"id":142762,"name":"Manalisco","state_code":"JAL","country_code":"MX"}},{"type":"Feature","geometry":{"type":"Point","coordinates":[-102.47417,20.45306]},"properties":{"id":142763,"name":"Margaritas","state_code":"JAL","country_code":"MX"}},{"type":"Feature","geometry":{"type":"Point","coordinates":[-104.78777778,20.52611111]},"properties":{"id":142764,"name":"Mascota","state_code":"JAL","country_code":"MX"}},{"type":"Feature","geometry":{"type":"Point","coordinates":[-101.65059,21.89036]},"properties":{"id":142765,"name":"Matancillas (San Isidro Matancillas)","state_code":"JAL","country_code":"MX"}},{"type":"Feature","geometry":{"type":"Point","coordinates":[-101.65528,21.63333]},"properties":{"id":142766,"name":"Matanzas","state_code":"JAL","country_code":"MX"}},{"type":"Feature","geometry":{"type":"Point","coordinates":[-103.15009,20.70978]},"properties":{"id":142767,"name":"Matatlán","state_code":"JAL","country_code":"MX"}},{"type":"Feature","geometry":{"type":"Point","coordinates":[-103.01944444,19.91555556]},"properties":{"id":142768,"name":"Mazamitlongo","state_code":"JAL","country_code":"MX"}},{"type":"Feature","geometry":{"type":"Point","coordinates":[-102.59587,21.54038]},"properties":{"id":142769,"name":"Mechoacanejo","state_code":"JAL","country_code":"MX"}},{"type":"Feature","geometry":{"type":"Point","coordinates":[-102.71666667,21.21666667]},"properties":{"id":142770,"name":"Mexticacán","state_code":"JAL","country_code":"MX"}},{"type":"Feature","geometry":{"type":"Point","coordinates":[-102.84611,20.95278]},"properties":{"id":142771,"name":"Mezcala","state_code":"JAL","country_code":"MX"}},{"type":"Feature","geometry":{"type":"Point","coordinates":[-104.04531,22.20609]},"properties":{"id":142772,"name":"Mezquitic","state_code":"JAL","country_code":"MX"}},{"type":"Feature","geometry":{"type":"Point","coordinates":[-102.30444,21.22111]},"properties":{"id":142773,"name":"Mezquitic de la Magdalena","state_code":"JAL","country_code":"MX"}},{"type":"Feature","geometry":{"type":"Point","coordinates":[-102.53418,20.50111]},"properties":{"id":142774,"name":"Milpillas","state_code":"JAL","country_code":"MX"}},{"type":"Feature","geometry":{"type":"Point","coordinates":[-101.97278,21.78333]},"properties":{"id":142775,"name":"Misión San Luis Gonzaga Chiriyaqui","state_code":"JAL","country_code":"MX"}},{"type":"Feature","geometry":{"type":"Point","coordinates":[-105.292625,20.531018]},"properties":{"id":142776,"name":"Mismaloya","state_code":"JAL","country_code":"MX"}},{"type":"Feature","geometry":{"type":"Point","coordinates":[-103.17139,20.60694]},"properties":{"id":142777,"name":"Mismaloya (Fraccionamiento Pedregal de Santa Martha)","state_code":"JAL","country_code":"MX"}},{"type":"Feature","geometry":{"type":"Point","coordinates":[-104.25,20.36666667]},"properties":{"id":142778,"name":"Mixtlán","state_code":"JAL","country_code":"MX"}},{"type":"Feature","geometry":{"type":"Point","coordinates":[-102.59254,20.32622]},"properties":{"id":142779,"name":"Moras","state_code":"JAL","country_code":"MX"}},{"type":"Feature","geometry":{"type":"Point","coordinates":[-103.67972,20.53318]},"properties":{"id":142780,"name":"Navajas","state_code":"JAL","country_code":"MX"}},{"type":"Feature","geometry":{"type":"Point","coordinates":[-103.52405,20.76725]},"properties":{"id":142781,"name":"Nextipac","state_code":"JAL","country_code":"MX"}},{"type":"Feature","geometry":{"type":"Point","coordinates":[-103.46622,20.54638]},"properties":{"id":142782,"name":"Nicolás R Casillas","state_code":"JAL","country_code":"MX"}},{"type":"Feature","geometry":{"type":"Point","coordinates":[-103.43416667,20.75777778]},"properties":{"id":142783,"name":"Nuevo México Jalisco","state_code":"JAL","country_code":"MX"}},{"type":"Feature","geometry":{"type":"Point","coordinates":[-102.70722,20.54889]},"properties":{"id":142784,"name":"Nuevo Refugio de Afuera (Nuevo Refugio)","state_code":"JAL","country_code":"MX"}},{"type":"Feature","geometry":{"type":"Point","coordinates":[-104.16384278,20.74373667]},"properties":{"id":142785,"name":"Oconahua Jalisco","state_code":"JAL","country_code":"MX"}},{"type":"Feature","geometry":{"type":"Point","coordinates":[-102.76805556,20.35138889]},"properties":{"id":142786,"name":"Ocotlán Jalisco","state_code":"JAL","country_code":"MX"}},{"type":"Feature","geometry":{"type":"Point","coordinates":[-101.59333333,21.86416667]},"properties":{"id":142788,"name":"Ojuelos de Jalisco","state_code":"JAL","country_code":"MX"}},{"type":"Feature","geometry":{"type":"Point","coordinates":[-102.80389,20.44084]},"properties":{"id":142789,"name":"Otatlán","state_code":"JAL","country_code":"MX"}},{"type":"Feature","geometry":{"type":"Point","coordinates":[-103.46056,20.5925]},"properties":{"id":142790,"name":"Palomar","state_code":"JAL","country_code":"MX"}},{"type":"Feature","geometry":{"type":"Point","coordinates":[-103.15296,20.87143]},"properties":{"id":142791,"name":"Palos Altos","state_code":"JAL","country_code":"MX"}},{"type":"Feature","geometry":{"type":"Point","coordinates":[-103.19778,20.62139]},"properties":{"id":142793,"name":"Paseo de las Cañadas","state_code":"JAL","country_code":"MX"}},{"type":"Feature","geometry":{"type":"Point","coordinates":[-103.38917,20.56444]},"properties":{"id":142794,"name":"Paseo del Prado","state_code":"JAL","country_code":"MX"}},{"type":"Feature","geometry":{"type":"Point","coordinates":[-103.19056,20.56917]},"properties":{"id":142792,"name":"Paseo Puente Viejo","state_code":"JAL","country_code":"MX"}},{"type":"Feature","geometry":{"type":"Point","coordinates":[-103.33333,20.52222]},"properties":{"id":142795,"name":"Paseos del Valle [Fraccionamiento]","state_code":"JAL","country_code":"MX"}},{"type":"Feature","geometry":{"type":"Point","coordinates":[-101.75236,21.50344]},"properties":{"id":142796,"name":"Paso de Cuarenta","state_code":"JAL","country_code":"MX"}},{"type":"Feature","geometry":{"type":"Point","coordinates":[-102.66762,20.95353]},"properties":{"id":142797,"name":"Pegueros","state_code":"JAL","country_code":"MX"}},{"type":"Feature","geometry":{"type":"Point","coordinates":[-104.47683,19.55056]},"properties":{"id":142798,"name":"Piedra Pesada","state_code":"JAL","country_code":"MX"}},{"type":"Feature","geometry":{"type":"Point","coordinates":[-103.167,18.95]},"properties":{"id":142799,"name":"Pihuamo","state_code":"JAL","country_code":"MX"}},{"type":"Feature","geometry":{"type":"Point","coordinates":[-104.11611,22.27306]},"properties":{"id":142800,"name":"Pochotita","state_code":"JAL","country_code":"MX"}},{"type":"Feature","geometry":{"type":"Point","coordinates":[-102.26666667,20.3]},"properties":{"id":142801,"name":"Poncitlán","state_code":"JAL","country_code":"MX"}},{"type":"Feature","geometry":{"type":"Point","coordinates":[-103.93838,20.65812]},"properties":{"id":142802,"name":"Portes Gil","state_code":"JAL","country_code":"MX"}},{"type":"Feature","geometry":{"type":"Point","coordinates":[-103.37762,20.33837]},"properties":{"id":142803,"name":"Potrerillos","state_code":"JAL","country_code":"MX"}},{"type":"Feature","geometry":{"type":"Point","coordinates":[-101.82722,21.46611]},"properties":{"id":142804,"name":"Primero de Mayo (Chupaderos)","state_code":"JAL","country_code":"MX"}},{"type":"Feature","geometry":{"type":"Point","coordinates":[-104.07996,21.6987]},"properties":{"id":142806,"name":"Puente de Camotlán","state_code":"JAL","country_code":"MX"}},{"type":"Feature","geometry":{"type":"Point","coordinates":[-103.15377,20.56977]},"properties":{"id":142805,"name":"Puente Grande","state_code":"JAL","country_code":"MX"}},{"type":"Feature","geometry":{"type":"Point","coordinates":[-103.46139,20.78528]},"properties":{"id":142807,"name":"Puerta del Llano","state_code":"JAL","country_code":"MX"}},{"type":"Feature","geometry":{"type":"Point","coordinates":[-105.23333333,20.61666667]},"properties":{"id":142808,"name":"Puerto Vallarta","state_code":"JAL","country_code":"MX"}},{"type":"Feature","geometry":{"type":"Point","coordinates":[-103.89831,20.5907]},"properties":{"id":142809,"name":"Punta de la Vega","state_code":"JAL","country_code":"MX"}},{"type":"Feature","geometry":{"type":"Point","coordinates":[-104.60534,19.71738]},"properties":{"id":142810,"name":"Purificación","state_code":"JAL","country_code":"MX"}},{"type":"Feature","geometry":{"type":"Point","coordinates":[-102.75,19.65]},"properties":{"id":142811,"name":"Quitupan","state_code":"JAL","country_code":"MX"}},{"type":"Feature","geometry":{"type":"Point","coordinates":[-103.25778,20.47361]},"properties":{"id":142812,"name":"Rancho Alegre [Fraccionamiento]","state_code":"JAL","country_code":"MX"}},{"type":"Feature","geometry":{"type":"Point","coordinates":[-103.36972,20.54556]},"properties":{"id":142813,"name":"Real del Valle (El Paraíso) [Fraccionamiento]","state_code":"JAL","country_code":"MX"}},{"type":"Feature","geometry":{"type":"Point","coordinates":[-103.21917,20.45417]},"properties":{"id":142814,"name":"Rinconada la Loma [Fraccionamiento]","state_code":"JAL","country_code":"MX"}},{"type":"Feature","geometry":{"type":"Point","coordinates":[-102.63293,20.28557]},"properties":{"id":142815,"name":"San Agustín","state_code":"JAL","country_code":"MX"}},{"type":"Feature","geometry":{"type":"Point","coordinates":[-104.24083,22.18944]},"properties":{"id":142816,"name":"San Andrés Cohamiata","state_code":"JAL","country_code":"MX"}},{"type":"Feature","geometry":{"type":"Point","coordinates":[-103.47144,19.82059]},"properties":{"id":142817,"name":"San Andrés Ixtlán","state_code":"JAL","country_code":"MX"}},{"type":"Feature","geometry":{"type":"Point","coordinates":[-102.61761,20.55186]},"properties":{"id":142818,"name":"San Antonio","state_code":"JAL","country_code":"MX"}},{"type":"Feature","geometry":{"type":"Point","coordinates":[-102.25528,21.38944]},"properties":{"id":142820,"name":"San Antonio de los Barrera","state_code":"JAL","country_code":"MX"}},{"type":"Feature","geometry":{"type":"Point","coordinates":[-103.14623,20.81767]},"properties":{"id":142821,"name":"San Antonio de los Vázquez","state_code":"JAL","country_code":"MX"}},{"type":"Feature","geometry":{"type":"Point","coordinates":[-102.42786,20.35015]},"properties":{"id":142819,"name":"San Antonio de Rivas","state_code":"JAL","country_code":"MX"}},{"type":"Feature","geometry":{"type":"Point","coordinates":[-104.25161,20.08433]},"properties":{"id":142822,"name":"San Clemente","state_code":"JAL","country_code":"MX"}},{"type":"Feature","geometry":{"type":"Point","coordinates":[-101.94093,21.68159]},"properties":{"id":142823,"name":"San Cristóbal","state_code":"JAL","country_code":"MX"}},{"type":"Feature","geometry":{"type":"Point","coordinates":[-103.42805556,21.04472222]},"properties":{"id":142825,"name":"San Cristóbal de la Barranca","state_code":"JAL","country_code":"MX"}},{"type":"Feature","geometry":{"type":"Point","coordinates":[-103.36969,20.22453]},"properties":{"id":142824,"name":"San Cristóbal Zapotitlán","state_code":"JAL","country_code":"MX"}},{"type":"Feature","geometry":{"type":"Point","coordinates":[-101.9,20.86666667]},"properties":{"id":142826,"name":"San Diego de Alejandría","state_code":"JAL","country_code":"MX"}},{"type":"Feature","geometry":{"type":"Point","coordinates":[-103.37444,20.79889]},"properties":{"id":142827,"name":"San Esteban (San Miguel Tateposco)","state_code":"JAL","country_code":"MX"}},{"type":"Feature","geometry":{"type":"Point","coordinates":[-104.72172,20.90171]},"properties":{"id":142828,"name":"San Felipe de Híjar","state_code":"JAL","country_code":"MX"}},{"type":"Feature","geometry":{"type":"Point","coordinates":[-102.5660787,20.597063]},"properties":{"id":142829,"name":"San Francisco de Asís","state_code":"JAL","country_code":"MX"}},{"type":"Feature","geometry":{"type":"Point","coordinates":[-102.57208,20.34053]},"properties":{"id":142830,"name":"San Francisco de Rivas","state_code":"JAL","country_code":"MX"}},{"type":"Feature","geometry":{"type":"Point","coordinates":[-103.76527778,19.7475]},"properties":{"id":142831,"name":"San Gabriel Jalisco","state_code":"JAL","country_code":"MX"}},{"type":"Feature","geometry":{"type":"Point","coordinates":[-102.62361,20.51056]},"properties":{"id":142832,"name":"San Gaspar","state_code":"JAL","country_code":"MX"}},{"type":"Feature","geometry":{"type":"Point","coordinates":[-102.5,21.28333333]},"properties":{"id":142833,"name":"San Gaspar de los Reyes","state_code":"JAL","country_code":"MX"}},{"type":"Feature","geometry":{"type":"Point","coordinates":[-102.517,20.7333]},"properties":{"id":142834,"name":"San Ignacio Municipality Jalisco","state_code":"JAL","country_code":"MX"}},{"type":"Feature","geometry":{"type":"Point","coordinates":[-103.35111,20.79111]},"properties":{"id":142835,"name":"San Isidro","state_code":"JAL","country_code":"MX"}},{"type":"Feature","geometry":{"type":"Point","coordinates":[-103.61294,20.52284]},"properties":{"id":142836,"name":"San Isidro Mazatepec","state_code":"JAL","country_code":"MX"}},{"type":"Feature","geometry":{"type":"Point","coordinates":[-103.924,20.354]},"properties":{"id":142837,"name":"San Jacintito","state_code":"JAL","country_code":"MX"}},{"type":"Feature","geometry":{"type":"Point","coordinates":[-103.933,20.359]},"properties":{"id":142838,"name":"San Jacinto Jalisco","state_code":"JAL","country_code":"MX"}},{"type":"Feature","geometry":{"type":"Point","coordinates":[-103.01546,20.6207]},"properties":{"id":142839,"name":"San Joaquín Zorrillos","state_code":"JAL","country_code":"MX"}},{"type":"Feature","geometry":{"type":"Point","coordinates":[-101.86556,21.37167]},"properties":{"id":142840,"name":"San Jorge","state_code":"JAL","country_code":"MX"}},{"type":"Feature","geometry":{"type":"Point","coordinates":[-102.44066,20.42108]},"properties":{"id":142842,"name":"San José Casas Caídas","state_code":"JAL","country_code":"MX"}},{"type":"Feature","geometry":{"type":"Point","coordinates":[-102.56694444,20.67444444]},"properties":{"id":142841,"name":"San Jose de Gracia Jalisco","state_code":"JAL","country_code":"MX"}},{"type":"Feature","geometry":{"type":"Point","coordinates":[-102.05858,20.55094]},"properties":{"id":142843,"name":"San José de la Paz","state_code":"JAL","country_code":"MX"}},{"type":"Feature","geometry":{"type":"Point","coordinates":[-102.96616,20.64851]},"properties":{"id":142844,"name":"San José de las Flores","state_code":"JAL","country_code":"MX"}},{"type":"Feature","geometry":{"type":"Point","coordinates":[-101.93,21.12528]},"properties":{"id":142846,"name":"San José del Caliche (El Caliche)","state_code":"JAL","country_code":"MX"}},{"type":"Feature","geometry":{"type":"Point","coordinates":[-103.23333333,20.53333333]},"properties":{"id":142847,"name":"San José del Castillo","state_code":"JAL","country_code":"MX"}},{"type":"Feature","geometry":{"type":"Point","coordinates":[-105.22813,20.76376]},"properties":{"id":142848,"name":"San José del Valle","state_code":"JAL","country_code":"MX"}},{"type":"Feature","geometry":{"type":"Point","coordinates":[-103.34109,20.28756]},"properties":{"id":142849,"name":"San Juan Cosalá","state_code":"JAL","country_code":"MX"}},{"type":"Feature","geometry":{"type":"Point","coordinates":[-103.71947,20.60508]},"properties":{"id":142851,"name":"San Juan de los Arcos","state_code":"JAL","country_code":"MX"}},{"type":"Feature","geometry":{"type":"Point","coordinates":[-102.33083333,21.24583333]},"properties":{"id":142852,"name":"San Juan de los Lagos","state_code":"JAL","country_code":"MX"}},{"type":"Feature","geometry":{"type":"Point","coordinates":[-103.10035,20.32838]},"properties":{"id":142850,"name":"San Juan Tecomatlán","state_code":"JAL","country_code":"MX"}},{"type":"Feature","geometry":{"type":"Point","coordinates":[-104,20.8]},"properties":{"id":142853,"name":"San Juanito de Escobedo","state_code":"JAL","country_code":"MX"}},{"type":"Feature","geometry":{"type":"Point","coordinates":[-102.16666667,21.01666667]},"properties":{"id":142854,"name":"San Julián","state_code":"JAL","country_code":"MX"}},{"type":"Feature","geometry":{"type":"Point","coordinates":[-103.3608,20.40815]},"properties":{"id":142855,"name":"San Lucas Evangelista","state_code":"JAL","country_code":"MX"}},{"type":"Feature","geometry":{"type":"Point","coordinates":[-103.41693,20.31426]},"properties":{"id":142856,"name":"San Luciano","state_code":"JAL","country_code":"MX"}},{"type":"Feature","geometry":{"type":"Point","coordinates":[-102.82447,20.38317]},"properties":{"id":142858,"name":"San Luis de Agua Caliente","state_code":"JAL","country_code":"MX"}},{"type":"Feature","geometry":{"type":"Point","coordinates":[-103.3072,20.19834]},"properties":{"id":142857,"name":"San Luis Soyatlán","state_code":"JAL","country_code":"MX"}},{"type":"Feature","geometry":{"type":"Point","coordinates":[-104.18333333,20.78333333]},"properties":{"id":142859,"name":"San Marcos","state_code":"JAL","country_code":"MX"}},{"type":"Feature","geometry":{"type":"Point","coordinates":[-103.8,21.5]},"properties":{"id":142860,"name":"San Martín de Bolaños","state_code":"JAL","country_code":"MX"}},{"type":"Feature","geometry":{"type":"Point","coordinates":[-103.92878,20.43538]},"properties":{"id":142861,"name":"San Martín de Hidalgo","state_code":"JAL","country_code":"MX"}},{"type":"Feature","geometry":{"type":"Point","coordinates":[-103.38987,20.41633]},"properties":{"id":142862,"name":"San Miguel Cuyutlán","state_code":"JAL","country_code":"MX"}},{"type":"Feature","geometry":{"type":"Point","coordinates":[-102.66267,20.37051]},"properties":{"id":142864,"name":"San Miguel de la Paz","state_code":"JAL","country_code":"MX"}},{"type":"Feature","geometry":{"type":"Point","coordinates":[-104.60035,20.09934]},"properties":{"id":142865,"name":"San Miguel de la Sierra Ayutla","state_code":"JAL","country_code":"MX"}},{"type":"Feature","geometry":{"type":"Point","coordinates":[-102.4045943,21.0288209]},"properties":{"id":142866,"name":"San Miguel el Alto","state_code":"JAL","country_code":"MX"}},{"type":"Feature","geometry":{"type":"Point","coordinates":[-102.99428,20.39085]},"properties":{"id":142863,"name":"San Miguel Zapotitlán","state_code":"JAL","country_code":"MX"}},{"type":"Feature","geometry":{"type":"Point","coordinates":[-103.12881,20.32982]},"properties":{"id":142867,"name":"San Nicolas","state_code":"JAL","country_code":"MX"}},{"type":"Feature","geometry":{"type":"Point","coordinates":[-102.55138889,21.29055556]},"properties":{"id":142868,"name":"San Nicolás de las Flores","state_code":"JAL","country_code":"MX"}},{"type":"Feature","geometry":{"type":"Point","coordinates":[-104.70111111,19.22527778]},"properties":{"id":142869,"name":"San Patricio Jalisco","state_code":"JAL","country_code":"MX"}},{"type":"Feature","geometry":{"type":"Point","coordinates":[-103.41488,20.22687]},"properties":{"id":142870,"name":"San Pedro","state_code":"JAL","country_code":"MX"}},{"type":"Feature","geometry":{"type":"Point","coordinates":[-102.95406,20.31724]},"properties":{"id":142871,"name":"San Pedro Itzicán","state_code":"JAL","country_code":"MX"}},{"type":"Feature","geometry":{"type":"Point","coordinates":[-103.42804,20.53274]},"properties":{"id":142872,"name":"San Sebastian","state_code":"JAL","country_code":"MX"}},{"type":"Feature","geometry":{"type":"Point","coordinates":[-104.81903,20.8511]},"properties":{"id":142873,"name":"San Sebastián del Oeste","state_code":"JAL","country_code":"MX"}},{"type":"Feature","geometry":{"type":"Point","coordinates":[-102.65443,20.42833]},"properties":{"id":142874,"name":"San Vicente","state_code":"JAL","country_code":"MX"}},{"type":"Feature","geometry":{"type":"Point","coordinates":[-103.44396,20.5509]},"properties":{"id":142875,"name":"Santa Anita","state_code":"JAL","country_code":"MX"}},{"type":"Feature","geometry":{"type":"Point","coordinates":[-104.00161,20.66868]},"properties":{"id":142876,"name":"Santa Cruz de Barcenas","state_code":"JAL","country_code":"MX"}},{"type":"Feature","geometry":{"type":"Point","coordinates":[-103.54972,20.48806]},"properties":{"id":142877,"name":"Santa Cruz de la Loma (Tepetates)","state_code":"JAL","country_code":"MX"}},{"type":"Feature","geometry":{"type":"Point","coordinates":[-103.1586,20.31746]},"properties":{"id":142878,"name":"Santa Cruz de la Soledad","state_code":"JAL","country_code":"MX"}},{"type":"Feature","geometry":{"type":"Point","coordinates":[-103.50278,20.48056]},"properties":{"id":142879,"name":"Santa Cruz de las Flores Tlajomulco de Zúñiga Jalisco","state_code":"JAL","country_code":"MX"}},{"type":"Feature","geometry":{"type":"Point","coordinates":[-103.64281,20.74661]},"properties":{"id":142880,"name":"Santa Cruz del Astillero","state_code":"JAL","country_code":"MX"}},{"type":"Feature","geometry":{"type":"Point","coordinates":[-103.43333,20.53333]},"properties":{"id":142881,"name":"Santa Cruz del Valle","state_code":"JAL","country_code":"MX"}},{"type":"Feature","geometry":{"type":"Point","coordinates":[-102.86382,20.37514]},"properties":{"id":142882,"name":"Santa Cruz el Grande","state_code":"JAL","country_code":"MX"}},{"type":"Feature","geometry":{"type":"Point","coordinates":[-102.22231,21.41938]},"properties":{"id":142884,"name":"Santa María de Enmedio","state_code":"JAL","country_code":"MX"}},{"type":"Feature","geometry":{"type":"Point","coordinates":[-103.03333333,22.3]},"properties":{"id":142885,"name":"Santa María de los Ángeles","state_code":"JAL","country_code":"MX"}},{"type":"Feature","geometry":{"type":"Point","coordinates":[-102.37983,20.87837]},"properties":{"id":142886,"name":"Santa María del Valle","state_code":"JAL","country_code":"MX"}},{"type":"Feature","geometry":{"type":"Point","coordinates":[-102.2572,21.4149]},"properties":{"id":142883,"name":"Santa María Transpontina","state_code":"JAL","country_code":"MX"}},{"type":"Feature","geometry":{"type":"Point","coordinates":[-102.39016,20.4415]},"properties":{"id":142887,"name":"Santa Rita","state_code":"JAL","country_code":"MX"}},{"type":"Feature","geometry":{"type":"Point","coordinates":[-103.23534,20.4144]},"properties":{"id":142888,"name":"Santa Rosa","state_code":"JAL","country_code":"MX"}},{"type":"Feature","geometry":{"type":"Point","coordinates":[-104.08472222,20.81805556]},"properties":{"id":142889,"name":"Santa Rosalía Jalisco","state_code":"JAL","country_code":"MX"}},{"type":"Feature","geometry":{"type":"Point","coordinates":[-103.89208,20.91587]},"properties":{"id":142890,"name":"Santa Teresa","state_code":"JAL","country_code":"MX"}},{"type":"Feature","geometry":{"type":"Point","coordinates":[-103.72394,20.77992]},"properties":{"id":142891,"name":"Santiaguito","state_code":"JAL","country_code":"MX"}},{"type":"Feature","geometry":{"type":"Point","coordinates":[-102.23716,20.72533]},"properties":{"id":142892,"name":"Santiaguito (Santiaguito de Velázquez)","state_code":"JAL","country_code":"MX"}},{"type":"Feature","geometry":{"type":"Point","coordinates":[-103.59722222,19.88361111]},"properties":{"id":142893,"name":"Sayula","state_code":"JAL","country_code":"MX"}},{"type":"Feature","geometry":{"type":"Point","coordinates":[-103.28278,19.69083]},"properties":{"id":142894,"name":"Soyatlán de Afuera","state_code":"JAL","country_code":"MX"}},{"type":"Feature","geometry":{"type":"Point","coordinates":[-104.28056,20.30194]},"properties":{"id":142895,"name":"Soyatlán del Oro","state_code":"JAL","country_code":"MX"}},{"type":"Feature","geometry":{"type":"Point","coordinates":[-104.82213,20.38084]},"properties":{"id":142896,"name":"Talpa de Allende","state_code":"JAL","country_code":"MX"}},{"type":"Feature","geometry":{"type":"Point","coordinates":[-103.25,19.67638889]},"properties":{"id":142897,"name":"Tamazula de Gordiano","state_code":"JAL","country_code":"MX"}},{"type":"Feature","geometry":{"type":"Point","coordinates":[-103.967,20.2]},"properties":{"id":142898,"name":"Tamazulita Jalisco","state_code":"JAL","country_code":"MX"}},{"type":"Feature","geometry":{"type":"Point","coordinates":[-103.758548,19.9445208]},"properties":{"id":142899,"name":"Tapalpa","state_code":"JAL","country_code":"MX"}},{"type":"Feature","geometry":{"type":"Point","coordinates":[-102.64513,19.29401]},"properties":{"id":142900,"name":"Tazumbo","state_code":"JAL","country_code":"MX"}},{"type":"Feature","geometry":{"type":"Point","coordinates":[-103.3,19.46666667]},"properties":{"id":142901,"name":"Tecalitlán","state_code":"JAL","country_code":"MX"}},{"type":"Feature","geometry":{"type":"Point","coordinates":[-103.55277778,20.07416667]},"properties":{"id":142902,"name":"Techaluta de Montenegro","state_code":"JAL","country_code":"MX"}},{"type":"Feature","geometry":{"type":"Point","coordinates":[-103.83333333,20.1]},"properties":{"id":142903,"name":"Tecolotlán","state_code":"JAL","country_code":"MX"}},{"type":"Feature","geometry":{"type":"Point","coordinates":[-104.48528,19.54998]},"properties":{"id":142904,"name":"Tecomates","state_code":"JAL","country_code":"MX"}},{"type":"Feature","geometry":{"type":"Point","coordinates":[-103.02801,20.42545]},"properties":{"id":142905,"name":"Tecuattitan","state_code":"JAL","country_code":"MX"}},{"type":"Feature","geometry":{"type":"Point","coordinates":[-104.12581,19.47665]},"properties":{"id":142906,"name":"Telcruz","state_code":"JAL","country_code":"MX"}},{"type":"Feature","geometry":{"type":"Point","coordinates":[-103.525,21.97722]},"properties":{"id":142907,"name":"Temastián (La Cantera)","state_code":"JAL","country_code":"MX"}},{"type":"Feature","geometry":{"type":"Point","coordinates":[-104.167,20.2167]},"properties":{"id":142908,"name":"Tenamaxtlán","state_code":"JAL","country_code":"MX"}},{"type":"Feature","geometry":{"type":"Point","coordinates":[-102.65799,21.50318]},"properties":{"id":142909,"name":"Tenayuca","state_code":"JAL","country_code":"MX"}},{"type":"Feature","geometry":{"type":"Point","coordinates":[-102.85,21.1333]},"properties":{"id":142910,"name":"Teocaltiche","state_code":"JAL","country_code":"MX"}},{"type":"Feature","geometry":{"type":"Point","coordinates":[-103.37847222,20.09183333]},"properties":{"id":142911,"name":"Teocuitatlán de Corona","state_code":"JAL","country_code":"MX"}},{"type":"Feature","geometry":{"type":"Point","coordinates":[-102.733,20.817]},"properties":{"id":142912,"name":"Tepatitlán de Morelos","state_code":"JAL","country_code":"MX"}},{"type":"Feature","geometry":{"type":"Point","coordinates":[-103.64116,19.98964]},"properties":{"id":142913,"name":"Tepec","state_code":"JAL","country_code":"MX"}},{"type":"Feature","geometry":{"type":"Point","coordinates":[-102.60211,21.61291]},"properties":{"id":142914,"name":"Tepusco","state_code":"JAL","country_code":"MX"}},{"type":"Feature","geometry":{"type":"Point","coordinates":[-104.52037,19.38755]},"properties":{"id":142915,"name":"Tequesquitlán","state_code":"JAL","country_code":"MX"}},{"type":"Feature","geometry":{"type":"Point","coordinates":[-103.83599,20.88205]},"properties":{"id":142916,"name":"Tequila","state_code":"JAL","country_code":"MX"}},{"type":"Feature","geometry":{"type":"Point","coordinates":[-103.46993,20.80051]},"properties":{"id":142917,"name":"Tesistán","state_code":"JAL","country_code":"MX"}},{"type":"Feature","geometry":{"type":"Point","coordinates":[-103.84916667,20.68527778]},"properties":{"id":142918,"name":"Teuchitlán Jalisco","state_code":"JAL","country_code":"MX"}},{"type":"Feature","geometry":{"type":"Point","coordinates":[-102.86083,20.72889]},"properties":{"id":142919,"name":"Tierras Coloradas","state_code":"JAL","country_code":"MX"}},{"type":"Feature","geometry":{"type":"Point","coordinates":[-102.6,20.03333333]},"properties":{"id":142920,"name":"Tizapán el Alto","state_code":"JAL","country_code":"MX"}},{"type":"Feature","geometry":{"type":"Point","coordinates":[-102.12416,21.19829]},"properties":{"id":142921,"name":"Tlacuitapan","state_code":"JAL","country_code":"MX"}},{"type":"Feature","geometry":{"type":"Point","coordinates":[-103.44305556,20.47361111]},"properties":{"id":142922,"name":"Tlajomulco de Zuñiga","state_code":"JAL","country_code":"MX"}},{"type":"Feature","geometry":{"type":"Point","coordinates":[-103.31666667,20.65]},"properties":{"id":142923,"name":"Tlaquepaque","state_code":"JAL","country_code":"MX"}},{"type":"Feature","geometry":{"type":"Point","coordinates":[-103.73333333,19.4]},"properties":{"id":142924,"name":"Tolimán","state_code":"JAL","country_code":"MX"}},{"type":"Feature","geometry":{"type":"Point","coordinates":[-105.23333333,19.93333333]},"properties":{"id":142925,"name":"Tomatlán","state_code":"JAL","country_code":"MX"}},{"type":"Feature","geometry":{"type":"Point","coordinates":[-103.2023,20.6099]},"properties":{"id":142926,"name":"Tonalá","state_code":"JAL","country_code":"MX"}},{"type":"Feature","geometry":{"type":"Point","coordinates":[-103.96666667,19.78333333]},"properties":{"id":142927,"name":"Tonaya","state_code":"JAL","country_code":"MX"}},{"type":"Feature","geometry":{"type":"Point","coordinates":[-103.53194444,19.42611111]},"properties":{"id":142928,"name":"Tonila","state_code":"JAL","country_code":"MX"}},{"type":"Feature","geometry":{"type":"Point","coordinates":[-103.33333333,21.8]},"properties":{"id":142929,"name":"Totatiche","state_code":"JAL","country_code":"MX"}},{"type":"Feature","geometry":{"type":"Point","coordinates":[-102.78333333,20.53333333]},"properties":{"id":142930,"name":"Tototlán","state_code":"JAL","country_code":"MX"}},{"type":"Feature","geometry":{"type":"Point","coordinates":[-103.82,20.539]},"properties":{"id":142931,"name":"Trapiche de Abra","state_code":"JAL","country_code":"MX"}},{"type":"Feature","geometry":{"type":"Point","coordinates":[-103.19711,20.79439]},"properties":{"id":142932,"name":"Trejos","state_code":"JAL","country_code":"MX"}},{"type":"Feature","geometry":{"type":"Point","coordinates":[-103.52237,19.98378]},"properties":{"id":142933,"name":"Tultitlán","state_code":"JAL","country_code":"MX"}},{"type":"Feature","geometry":{"type":"Point","coordinates":[-103.86666667,19.55]},"properties":{"id":142934,"name":"Tuxcacuesco","state_code":"JAL","country_code":"MX"}},{"type":"Feature","geometry":{"type":"Point","coordinates":[-103.36666667,20.06666667]},"properties":{"id":142935,"name":"Tuxcueca","state_code":"JAL","country_code":"MX"}},{"type":"Feature","geometry":{"type":"Point","coordinates":[-103.37555556,19.55388889]},"properties":{"id":142936,"name":"Tuxpan","state_code":"JAL","country_code":"MX"}},{"type":"Feature","geometry":{"type":"Point","coordinates":[-104.013,21.875]},"properties":{"id":142937,"name":"Tuxpan de Bolaños","state_code":"JAL","country_code":"MX"}},{"type":"Feature","geometry":{"type":"Point","coordinates":[-102.006,21.128]},"properties":{"id":142938,"name":"Unión de San Antonio","state_code":"JAL","country_code":"MX"}},{"type":"Feature","geometry":{"type":"Point","coordinates":[-104.11666667,19.68333333]},"properties":{"id":142939,"name":"Unión de Tula","state_code":"JAL","country_code":"MX"}},{"type":"Feature","geometry":{"type":"Point","coordinates":[-103.54085,19.87458]},"properties":{"id":142940,"name":"Usmajac","state_code":"JAL","country_code":"MX"}},{"type":"Feature","geometry":{"type":"Point","coordinates":[-102.61666667,21]},"properties":{"id":142942,"name":"Valle de Guadalupe","state_code":"JAL","country_code":"MX"}},{"type":"Feature","geometry":{"type":"Point","coordinates":[-102.81666667,19.86666667]},"properties":{"id":142943,"name":"Valle de Juárez","state_code":"JAL","country_code":"MX"}},{"type":"Feature","geometry":{"type":"Point","coordinates":[-103.19889,20.42667]},"properties":{"id":142944,"name":"Valle de los Girasoles [Fraccionamiento]","state_code":"JAL","country_code":"MX"}},{"type":"Feature","geometry":{"type":"Point","coordinates":[-103.36194,20.52444]},"properties":{"id":142941,"name":"Valle Dorado Inn","state_code":"JAL","country_code":"MX"}},{"type":"Feature","geometry":{"type":"Point","coordinates":[-101.65385,21.76831]},"properties":{"id":142945,"name":"Vaquerias","state_code":"JAL","country_code":"MX"}},{"type":"Feature","geometry":{"type":"Point","coordinates":[-103.68888889,20.39888889]},"properties":{"id":142946,"name":"Villa Corona","state_code":"JAL","country_code":"MX"}},{"type":"Feature","geometry":{"type":"Point","coordinates":[-103.54167,20.40667]},"properties":{"id":142951,"name":"Villa de los Niños","state_code":"JAL","country_code":"MX"}},{"type":"Feature","geometry":{"type":"Point","coordinates":[-102.99123,20.16651]},"properties":{"id":142947,"name":"Villa Emiliano Zapata","state_code":"JAL","country_code":"MX"}},{"type":"Feature","geometry":{"type":"Point","coordinates":[-103.59604167,21.88133333]},"properties":{"id":142948,"name":"Villa Guerrero","state_code":"JAL","country_code":"MX"}},{"type":"Feature","geometry":{"type":"Point","coordinates":[-102.6,21.6667]},"properties":{"id":142949,"name":"Villa Hidalgo","state_code":"JAL","country_code":"MX"}},{"type":"Feature","geometry":{"type":"Point","coordinates":[-103.53083,20.48111]},"properties":{"id":142952,"name":"Villa las Flores","state_code":"JAL","country_code":"MX"}},{"type":"Feature","geometry":{"type":"Point","coordinates":[-104.70777778,19.78583333]},"properties":{"id":142950,"name":"Villa Purificación","state_code":"JAL","country_code":"MX"}},{"type":"Feature","geometry":{"type":"Point","coordinates":[-103.38278,20.53111]},"properties":{"id":142953,"name":"Villas de la Hacienda [Fraccionamiento]","state_code":"JAL","country_code":"MX"}},{"type":"Feature","geometry":{"type":"Point","coordinates":[-103.33933,19.69391]},"properties":{"id":142954,"name":"Vista Hermosa","state_code":"JAL","country_code":"MX"}},{"type":"Feature","geometry":{"type":"Point","coordinates":[-102.52333,20.52806]},"properties":{"id":142955,"name":"Vistas del Maguey [Fraccionamiento]","state_code":"JAL","country_code":"MX"}},{"type":"Feature","geometry":{"type":"Point","coordinates":[-103.98333333,19.83333333]},"properties":{"id":142956,"name":"Xochitlán","state_code":"JAL","country_code":"MX"}},{"type":"Feature","geometry":{"type":"Point","coordinates":[-102.88611,21.17978]},"properties":{"id":142957,"name":"Yahualica de González Gallo","state_code":"JAL","country_code":"MX"}},{"type":"Feature","geometry":{"type":"Point","coordinates":[-103.58333333,20.23333333]},"properties":{"id":142958,"name":"Zacoalco de Torres","state_code":"JAL","country_code":"MX"}},{"type":"Feature","geometry":{"type":"Point","coordinates":[-102.50967,20.31371]},"properties":{"id":142959,"name":"Zalamea","state_code":"JAL","country_code":"MX"}},{"type":"Feature","geometry":{"type":"Point","coordinates":[-103.39194444,20.72027778]},"properties":{"id":142960,"name":"Zapopan","state_code":"JAL","country_code":"MX"}},{"type":"Feature","geometry":{"type":"Point","coordinates":[-103.16666667,19.63333333]},"properties":{"id":142961,"name":"Zapotiltic","state_code":"JAL","country_code":"MX"}},{"type":"Feature","geometry":{"type":"Point","coordinates":[-103.47841,20.32641]},"properties":{"id":142963,"name":"Zapotitán de Hidalgo","state_code":"JAL","country_code":"MX"}},{"type":"Feature","geometry":{"type":"Point","coordinates":[-103.6,19.41666667]},"properties":{"id":142962,"name":"Zapotitlán de Vadillo","state_code":"JAL","country_code":"MX"}},{"type":"Feature","geometry":{"type":"Point","coordinates":[-102.91444444,20.455]},"properties":{"id":142966,"name":"Zapotlán del Rey","state_code":"JAL","country_code":"MX"}},{"type":"Feature","geometry":{"type":"Point","coordinates":[-103.465,19.7036]},"properties":{"id":142965,"name":"Zapotlán El Grande","state_code":"JAL","country_code":"MX"}},{"type":"Feature","geometry":{"type":"Point","coordinates":[-103.06766,20.62248]},"properties":{"id":142964,"name":"Zapotlanejo","state_code":"JAL","country_code":"MX"}},{"type":"Feature","geometry":{"type":"Point","coordinates":[-102.72816,20.40931]},"properties":{"id":142967,"name":"Zula","state_code":"JAL","country_code":"MX"}}]}