{"type":"FeatureCollection","features":[{"type":"Feature","geometry":{"type":"Point","coordinates":[-102.09272,19.84715]},"properties":{"id":68023,"name":"Acachuén","state_code":"MEX","country_code":"MX"}},{"type":"Feature","geometry":{"type":"Point","coordinates":[-102.34033,18.01854]},"properties":{"id":68031,"name":"Acalpican de Morelos","state_code":"MEX","country_code":"MX"}},{"type":"Feature","geometry":{"type":"Point","coordinates":[-99.84428,19.95522]},"properties":{"id":68032,"name":"Acambay","state_code":"MEX","country_code":"MX"}},{"type":"Feature","geometry":{"type":"Point","coordinates":[-99.58861,18.92389]},"properties":{"id":68054,"name":"Acatzingo (Acatzingo de la Piedra)","state_code":"MEX","country_code":"MX"}},{"type":"Feature","geometry":{"type":"Point","coordinates":[-98.90777,19.63976]},"properties":{"id":68063,"name":"Acolman de Netzahualcóyotl","state_code":"MEX","country_code":"MX"}},{"type":"Feature","geometry":{"type":"Point","coordinates":[-99.78464,18.90873]},"properties":{"id":68079,"name":"Acuitlapilco","state_code":"MEX","country_code":"MX"}},{"type":"Feature","geometry":{"type":"Point","coordinates":[-99.82757,20.09867]},"properties":{"id":68082,"name":"Aculco de Espinoza","state_code":"MEX","country_code":"MX"}},{"type":"Feature","geometry":{"type":"Point","coordinates":[-99.47056,19.22056]},"properties":{"id":68104,"name":"Agua Blanca","state_code":"MEX","country_code":"MX"}},{"type":"Feature","geometry":{"type":"Point","coordinates":[-100.17186,19.90011]},"properties":{"id":68107,"name":"Agua Caliente","state_code":"MEX","country_code":"MX"}},{"type":"Feature","geometry":{"type":"Point","coordinates":[-99.57829,19.97893]},"properties":{"id":68111,"name":"Agua Escondida","state_code":"MEX","country_code":"MX"}},{"type":"Feature","geometry":{"type":"Point","coordinates":[-99.70867,18.89414]},"properties":{"id":68133,"name":"Ahuacatitlán","state_code":"MEX","country_code":"MX"}},{"type":"Feature","geometry":{"type":"Point","coordinates":[-99.98694,19.96222]},"properties":{"id":68134,"name":"Ahuacatitlán Cuarto y Quinto Cuartel","state_code":"MEX","country_code":"MX"}},{"type":"Feature","geometry":{"type":"Point","coordinates":[-99.06889,19.66194]},"properties":{"id":68178,"name":"Alborada Jaltenco","state_code":"MEX","country_code":"MX"}},{"type":"Feature","geometry":{"type":"Point","coordinates":[-99.86416,18.84217]},"properties":{"id":68215,"name":"Almoloya de Alquisiras","state_code":"MEX","country_code":"MX"}},{"type":"Feature","geometry":{"type":"Point","coordinates":[-99.4874,19.16046]},"properties":{"id":68216,"name":"Almoloya del Río","state_code":"MEX","country_code":"MX"}},{"type":"Feature","geometry":{"type":"Point","coordinates":[-100.01667,19.31667]},"properties":{"id":68235,"name":"Amanalco de Becerra","state_code":"MEX","country_code":"MX"}},{"type":"Feature","geometry":{"type":"Point","coordinates":[-100.18583,18.68222]},"properties":{"id":68239,"name":"Amatepec","state_code":"MEX","country_code":"MX"}},{"type":"Feature","geometry":{"type":"Point","coordinates":[-98.76649,19.12384]},"properties":{"id":68252,"name":"Amecameca","state_code":"MEX","country_code":"MX"}},{"type":"Feature","geometry":{"type":"Point","coordinates":[-99.14722,19.61639]},"properties":{"id":68260,"name":"Ampliación San Mateo (Colonia Solidaridad)","state_code":"MEX","country_code":"MX"}},{"type":"Feature","geometry":{"type":"Point","coordinates":[-98.92053,19.58057]},"properties":{"id":68261,"name":"Ampliación Tezoyuca","state_code":"MEX","country_code":"MX"}},{"type":"Feature","geometry":{"type":"Point","coordinates":[-99.17112,19.97512]},"properties":{"id":68301,"name":"Apaxco de Ocampo","state_code":"MEX","country_code":"MX"}},{"type":"Feature","geometry":{"type":"Point","coordinates":[-99.04417,19.81583]},"properties":{"id":68334,"name":"Arbolada los Sauces","state_code":"MEX","country_code":"MX"}},{"type":"Feature","geometry":{"type":"Point","coordinates":[-98.94278,19.38111]},"properties":{"id":68346,"name":"Arenal","state_code":"MEX","country_code":"MX"}},{"type":"Feature","geometry":{"type":"Point","coordinates":[-98.87639,19.56361]},"properties":{"id":68400,"name":"Atenguillo","state_code":"MEX","country_code":"MX"}},{"type":"Feature","geometry":{"type":"Point","coordinates":[-99.55,19.25]},"properties":{"id":68407,"name":"Atizapán","state_code":"MEX","country_code":"MX"}},{"type":"Feature","geometry":{"type":"Point","coordinates":[-99.875,19.79919]},"properties":{"id":68411,"name":"Atlacomulco de Fabela","state_code":"MEX","country_code":"MX"}},{"type":"Feature","geometry":{"type":"Point","coordinates":[-98.90402,19.66776]},"properties":{"id":68418,"name":"Atlatongo","state_code":"MEX","country_code":"MX"}},{"type":"Feature","geometry":{"type":"Point","coordinates":[-98.77859,19.02188]},"properties":{"id":68419,"name":"Atlautla","state_code":"MEX","country_code":"MX"}},{"type":"Feature","geometry":{"type":"Point","coordinates":[-98.75863,19.72456]},"properties":{"id":68448,"name":"Axapusco","state_code":"MEX","country_code":"MX"}},{"type":"Feature","geometry":{"type":"Point","coordinates":[-99.23944,19.69417]},"properties":{"id":68453,"name":"Axotlán","state_code":"MEX","country_code":"MX"}},{"type":"Feature","geometry":{"type":"Point","coordinates":[-98.79988,19.12692]},"properties":{"id":68461,"name":"Ayapango","state_code":"MEX","country_code":"MX"}},{"type":"Feature","geometry":{"type":"Point","coordinates":[-99.67333,19.37917]},"properties":{"id":68525,"name":"Barrio Bordo Nuevo","state_code":"MEX","country_code":"MX"}},{"type":"Feature","geometry":{"type":"Point","coordinates":[-100.21278,19.32139]},"properties":{"id":68526,"name":"Barrio Chiquichuca","state_code":"MEX","country_code":"MX"}},{"type":"Feature","geometry":{"type":"Point","coordinates":[-99.67694,19.76861]},"properties":{"id":68527,"name":"Barrio Cuarto (La Loma)","state_code":"MEX","country_code":"MX"}},{"type":"Feature","geometry":{"type":"Point","coordinates":[-100.2702,19.3204]},"properties":{"id":68536,"name":"Barrio de Arriba de San Juan Xoconusco","state_code":"MEX","country_code":"MX"}},{"type":"Feature","geometry":{"type":"Point","coordinates":[-99.68444,19.70778]},"properties":{"id":68537,"name":"Barrio de Boyecha","state_code":"MEX","country_code":"MX"}},{"type":"Feature","geometry":{"type":"Point","coordinates":[-99.37556,19.37333]},"properties":{"id":68538,"name":"Barrio de Canales","state_code":"MEX","country_code":"MX"}},{"type":"Feature","geometry":{"type":"Point","coordinates":[-99.95417,19.53694]},"properties":{"id":68539,"name":"Barrio de Centro del Cerrillo","state_code":"MEX","country_code":"MX"}},{"type":"Feature","geometry":{"type":"Point","coordinates":[-99.37444,19.49389]},"properties":{"id":68540,"name":"Barrio de Ensido","state_code":"MEX","country_code":"MX"}},{"type":"Feature","geometry":{"type":"Point","coordinates":[-99.08167,19.86139]},"properties":{"id":68541,"name":"Barrio de España","state_code":"MEX","country_code":"MX"}},{"type":"Feature","geometry":{"type":"Point","coordinates":[-98.9309,19.23054]},"properties":{"id":68542,"name":"Barrio de Guadalupe","state_code":"MEX","country_code":"MX"}},{"type":"Feature","geometry":{"type":"Point","coordinates":[-99.68694,19.36778]},"properties":{"id":68544,"name":"Barrio de Jesús Fracción Primera","state_code":"MEX","country_code":"MX"}},{"type":"Feature","geometry":{"type":"Point","coordinates":[-99.55833,19.43583]},"properties":{"id":68554,"name":"Barrio de la Barranca","state_code":"MEX","country_code":"MX"}},{"type":"Feature","geometry":{"type":"Point","coordinates":[-99.82833,19.2825]},"properties":{"id":68545,"name":"Barrio de México","state_code":"MEX","country_code":"MX"}},{"type":"Feature","geometry":{"type":"Point","coordinates":[-99.98463,19.53558]},"properties":{"id":68547,"name":"Barrio de Puentecillas","state_code":"MEX","country_code":"MX"}},{"type":"Feature","geometry":{"type":"Point","coordinates":[-99.95861,19.52139]},"properties":{"id":68548,"name":"Barrio de San Isidro","state_code":"MEX","country_code":"MX"}},{"type":"Feature","geometry":{"type":"Point","coordinates":[-99.53717,19.4142]},"properties":{"id":68549,"name":"Barrio de San Juan","state_code":"MEX","country_code":"MX"}},{"type":"Feature","geometry":{"type":"Point","coordinates":[-99.95467,19.51232]},"properties":{"id":68551,"name":"Barrio de San Miguel","state_code":"MEX","country_code":"MX"}},{"type":"Feature","geometry":{"type":"Point","coordinates":[-99.75,19.56528]},"properties":{"id":68552,"name":"Barrio de San Pedro la Cabecera","state_code":"MEX","country_code":"MX"}},{"type":"Feature","geometry":{"type":"Point","coordinates":[-99.33111,19.37361]},"properties":{"id":68553,"name":"Barrio de San Ramón","state_code":"MEX","country_code":"MX"}},{"type":"Feature","geometry":{"type":"Point","coordinates":[-99.65806,19.39139]},"properties":{"id":68555,"name":"Barrio del Cajón","state_code":"MEX","country_code":"MX"}},{"type":"Feature","geometry":{"type":"Point","coordinates":[-100.10639,19.42611]},"properties":{"id":68556,"name":"Barrio el Boncho","state_code":"MEX","country_code":"MX"}},{"type":"Feature","geometry":{"type":"Point","coordinates":[-100.03528,19.45306]},"properties":{"id":68557,"name":"Barrio el Vivero","state_code":"MEX","country_code":"MX"}},{"type":"Feature","geometry":{"type":"Point","coordinates":[-100.09972,19.42]},"properties":{"id":68558,"name":"Barrio la Joya","state_code":"MEX","country_code":"MX"}},{"type":"Feature","geometry":{"type":"Point","coordinates":[-99.79194,19.69361]},"properties":{"id":68559,"name":"Barrio la Tenería","state_code":"MEX","country_code":"MX"}},{"type":"Feature","geometry":{"type":"Point","coordinates":[-100.07472,19.42917]},"properties":{"id":68560,"name":"Barrio los Tules","state_code":"MEX","country_code":"MX"}},{"type":"Feature","geometry":{"type":"Point","coordinates":[-99.77333,19.56417]},"properties":{"id":68531,"name":"Barrio San Joaquín el Junco","state_code":"MEX","country_code":"MX"}},{"type":"Feature","geometry":{"type":"Point","coordinates":[-99.34296,19.44622]},"properties":{"id":68532,"name":"Barrio San Miguel Dorami","state_code":"MEX","country_code":"MX"}},{"type":"Feature","geometry":{"type":"Point","coordinates":[-99.66278,19.35139]},"properties":{"id":68533,"name":"Barrio Santa Cruz","state_code":"MEX","country_code":"MX"}},{"type":"Feature","geometry":{"type":"Point","coordinates":[-99.88667,19.65306]},"properties":{"id":68534,"name":"Barrio Tepetitlán Emilio Portes Gil","state_code":"MEX","country_code":"MX"}},{"type":"Feature","geometry":{"type":"Point","coordinates":[-99.19167,19.73917]},"properties":{"id":68535,"name":"Barrio Tlatenco","state_code":"MEX","country_code":"MX"}},{"type":"Feature","geometry":{"type":"Point","coordinates":[-100.42778,18.77802]},"properties":{"id":68571,"name":"Bejucos","state_code":"MEX","country_code":"MX"}},{"type":"Feature","geometry":{"type":"Point","coordinates":[-98.79664,19.63334]},"properties":{"id":68572,"name":"Belem","state_code":"MEX","country_code":"MX"}},{"type":"Feature","geometry":{"type":"Point","coordinates":[-99.85384,19.43765]},"properties":{"id":68595,"name":"Benito Juárez","state_code":"MEX","country_code":"MX"}},{"type":"Feature","geometry":{"type":"Point","coordinates":[-99.91167,19.87583]},"properties":{"id":68620,"name":"Bobashi de Guadalupe","state_code":"MEX","country_code":"MX"}},{"type":"Feature","geometry":{"type":"Point","coordinates":[-99.84075,19.91922]},"properties":{"id":68642,"name":"Boshindó","state_code":"MEX","country_code":"MX"}},{"type":"Feature","geometry":{"type":"Point","coordinates":[-98.9475,19.35778]},"properties":{"id":68645,"name":"Bosques de la Magdalena","state_code":"MEX","country_code":"MX"}},{"type":"Feature","geometry":{"type":"Point","coordinates":[-99.16944,19.60833]},"properties":{"id":68670,"name":"Buenavista","state_code":"MEX","country_code":"MX"}},{"type":"Feature","geometry":{"type":"Point","coordinates":[-99.6679,19.61745]},"properties":{"id":68687,"name":"Buenos Aires","state_code":"MEX","country_code":"MX"}},{"type":"Feature","geometry":{"type":"Point","coordinates":[-100.13667,19.37213]},"properties":{"id":68701,"name":"Cabecera de Indígenas","state_code":"MEX","country_code":"MX"}},{"type":"Feature","geometry":{"type":"Point","coordinates":[-99.70623,19.25311]},"properties":{"id":68709,"name":"Cacalomacan","state_code":"MEX","country_code":"MX"}},{"type":"Feature","geometry":{"type":"Point","coordinates":[-99.36497,19.64329]},"properties":{"id":68721,"name":"Caja de Agua","state_code":"MEX","country_code":"MX"}},{"type":"Feature","geometry":{"type":"Point","coordinates":[-99.6181,19.16324]},"properties":{"id":68738,"name":"Calimaya","state_code":"MEX","country_code":"MX"}},{"type":"Feature","geometry":{"type":"Point","coordinates":[-99.68923,19.33651]},"properties":{"id":68740,"name":"Calixtlahuaca","state_code":"MEX","country_code":"MX"}},{"type":"Feature","geometry":{"type":"Point","coordinates":[-99.95674,19.70387]},"properties":{"id":68750,"name":"Calvario Buenavista","state_code":"MEX","country_code":"MX"}},{"type":"Feature","geometry":{"type":"Point","coordinates":[-100.0103,19.63562]},"properties":{"id":68751,"name":"Calvario del Carmen","state_code":"MEX","country_code":"MX"}},{"type":"Feature","geometry":{"type":"Point","coordinates":[-99.3357,19.69534]},"properties":{"id":68876,"name":"Cañada de Cisneros","state_code":"MEX","country_code":"MX"}},{"type":"Feature","geometry":{"type":"Point","coordinates":[-99.78972,19.31272]},"properties":{"id":68877,"name":"Cañada de Guadarrama","state_code":"MEX","country_code":"MX"}},{"type":"Feature","geometry":{"type":"Point","coordinates":[-99.60548,19.97867]},"properties":{"id":68783,"name":"Canalejas","state_code":"MEX","country_code":"MX"}},{"type":"Feature","geometry":{"type":"Point","coordinates":[-99.96075,18.87018]},"properties":{"id":68808,"name":"Capula","state_code":"MEX","country_code":"MX"}},{"type":"Feature","geometry":{"type":"Point","coordinates":[-99.46585,19.19354]},"properties":{"id":68811,"name":"Capulhuac de Mirafuentes","state_code":"MEX","country_code":"MX"}},{"type":"Feature","geometry":{"type":"Point","coordinates":[-102.03644,19.86003]},"properties":{"id":68815,"name":"Carapán","state_code":"MEX","country_code":"MX"}},{"type":"Feature","geometry":{"type":"Point","coordinates":[-99.20944,19.83333]},"properties":{"id":68849,"name":"Casa Nueva","state_code":"MEX","country_code":"MX"}},{"type":"Feature","geometry":{"type":"Point","coordinates":[-100.10778,19.15167]},"properties":{"id":68854,"name":"Casas Viejas","state_code":"MEX","country_code":"MX"}},{"type":"Feature","geometry":{"type":"Point","coordinates":[-98.95444,19.19861]},"properties":{"id":68855,"name":"Caserío de Cortés","state_code":"MEX","country_code":"MX"}},{"type":"Feature","geometry":{"type":"Point","coordinates":[-100.11656,19.69213]},"properties":{"id":68887,"name":"Cedro de la Manzana","state_code":"MEX","country_code":"MX"}},{"type":"Feature","geometry":{"type":"Point","coordinates":[-99.86142,20.24113]},"properties":{"id":68892,"name":"Celayita","state_code":"MEX","country_code":"MX"}},{"type":"Feature","geometry":{"type":"Point","coordinates":[-100.01909,19.44508]},"properties":{"id":68919,"name":"Cerritos del Pilar","state_code":"MEX","country_code":"MX"}},{"type":"Feature","geometry":{"type":"Point","coordinates":[-99.35162,19.37038]},"properties":{"id":68935,"name":"Cerro de San Francisco","state_code":"MEX","country_code":"MX"}},{"type":"Feature","geometry":{"type":"Point","coordinates":[-99.75472,19.28194]},"properties":{"id":68939,"name":"Cerro del Murciélago","state_code":"MEX","country_code":"MX"}},{"type":"Feature","geometry":{"type":"Point","coordinates":[-99.81667,19.18333]},"properties":{"id":68931,"name":"Cerro La Calera","state_code":"MEX","country_code":"MX"}},{"type":"Feature","geometry":{"type":"Point","coordinates":[-99.57472,18.97694]},"properties":{"id":68957,"name":"Chalchihuapan","state_code":"MEX","country_code":"MX"}},{"type":"Feature","geometry":{"type":"Point","coordinates":[-98.89775,19.26174]},"properties":{"id":68962,"name":"Chalco","state_code":"MEX","country_code":"MX"}},{"type":"Feature","geometry":{"type":"Point","coordinates":[-99.43505,18.93048]},"properties":{"id":68963,"name":"Chalma","state_code":"MEX","country_code":"MX"}},{"type":"Feature","geometry":{"type":"Point","coordinates":[-99.42325,18.93433]},"properties":{"id":68965,"name":"Chalmita","state_code":"MEX","country_code":"MX"}},{"type":"Feature","geometry":{"type":"Point","coordinates":[-99.55252,19.8242]},"properties":{"id":68977,"name":"Chapa de Mota","state_code":"MEX","country_code":"MX"}},{"type":"Feature","geometry":{"type":"Point","coordinates":[-102.26092,19.96061]},"properties":{"id":68982,"name":"Chaparaco","state_code":"MEX","country_code":"MX"}},{"type":"Feature","geometry":{"type":"Point","coordinates":[-99.56176,19.20216]},"properties":{"id":68990,"name":"Chapultepec","state_code":"MEX","country_code":"MX"}},{"type":"Feature","geometry":{"type":"Point","coordinates":[-98.88236,19.54895]},"properties":{"id":69013,"name":"Chiautla","state_code":"MEX","country_code":"MX"}},{"type":"Feature","geometry":{"type":"Point","coordinates":[-98.90202,19.41687]},"properties":{"id":69036,"name":"Chicoloapan","state_code":"MEX","country_code":"MX"}},{"type":"Feature","geometry":{"type":"Point","coordinates":[-98.89884,19.55939]},"properties":{"id":69040,"name":"Chiconcuac","state_code":"MEX","country_code":"MX"}},{"type":"Feature","geometry":{"type":"Point","coordinates":[-102.11716,19.84654]},"properties":{"id":69066,"name":"Chilchota","state_code":"MEX","country_code":"MX"}},{"type":"Feature","geometry":{"type":"Point","coordinates":[-99.8345,18.91266]},"properties":{"id":69073,"name":"Chiltepec de Hidalgo","state_code":"MEX","country_code":"MX"}},{"type":"Feature","geometry":{"type":"Point","coordinates":[-99.34435,19.44956]},"properties":{"id":69077,"name":"Chimalpa Viejo","state_code":"MEX","country_code":"MX"}},{"type":"Feature","geometry":{"type":"Point","coordinates":[-99.91,19.86333]},"properties":{"id":69108,"name":"Chosto de los Jarros","state_code":"MEX","country_code":"MX"}},{"type":"Feature","geometry":{"type":"Point","coordinates":[-99.25675,19.55793]},"properties":{"id":69165,"name":"Ciudad López Mateos","state_code":"MEX","country_code":"MX"}},{"type":"Feature","geometry":{"type":"Point","coordinates":[-99.01483,19.40061]},"properties":{"id":69173,"name":"Ciudad Nezahualcoyotl","state_code":"MEX","country_code":"MX"}},{"type":"Feature","geometry":{"type":"Point","coordinates":[-99.10689,19.62923]},"properties":{"id":69203,"name":"Coacalco","state_code":"MEX","country_code":"MX"}},{"type":"Feature","geometry":{"type":"Point","coordinates":[-99.44361,19.19778]},"properties":{"id":69221,"name":"Coamilpa de Juárez","state_code":"MEX","country_code":"MX"}},{"type":"Feature","geometry":{"type":"Point","coordinates":[-98.84546,19.38485]},"properties":{"id":69225,"name":"Coatepec","state_code":"MEX","country_code":"MX"}},{"type":"Feature","geometry":{"type":"Point","coordinates":[-99.72153,18.89492]},"properties":{"id":69228,"name":"Coatepec Harinas","state_code":"MEX","country_code":"MX"}},{"type":"Feature","geometry":{"type":"Point","coordinates":[-98.86596,19.23336]},"properties":{"id":69239,"name":"Cocotitlán","state_code":"MEX","country_code":"MX"}},{"type":"Feature","geometry":{"type":"Point","coordinates":[-99.11667,19.70056]},"properties":{"id":69265,"name":"Colonia 2 de Septiembre","state_code":"MEX","country_code":"MX"}},{"type":"Feature","geometry":{"type":"Point","coordinates":[-99.69304,18.82726]},"properties":{"id":69268,"name":"Colonia 3 de Mayo","state_code":"MEX","country_code":"MX"}},{"type":"Feature","geometry":{"type":"Point","coordinates":[-99.16361,19.98083]},"properties":{"id":69269,"name":"Colonia 3 de Mayo (La Cruz)","state_code":"MEX","country_code":"MX"}},{"type":"Feature","geometry":{"type":"Point","coordinates":[-99.45944,19.40056]},"properties":{"id":69271,"name":"Colonia Adolfo López Mateos","state_code":"MEX","country_code":"MX"}},{"type":"Feature","geometry":{"type":"Point","coordinates":[-99.55583,19.22806]},"properties":{"id":69277,"name":"Colonia Agrícola Álvaro Obregón","state_code":"MEX","country_code":"MX"}},{"type":"Feature","geometry":{"type":"Point","coordinates":[-99.475,19.34972]},"properties":{"id":69274,"name":"Colonia Agrícola Analco","state_code":"MEX","country_code":"MX"}},{"type":"Feature","geometry":{"type":"Point","coordinates":[-99.49484,19.37691]},"properties":{"id":69405,"name":"Colonia Álvaro Obregón","state_code":"MEX","country_code":"MX"}},{"type":"Feature","geometry":{"type":"Point","coordinates":[-99.58083,19.2025]},"properties":{"id":69281,"name":"Colonia Arboledas (San Andrés)","state_code":"MEX","country_code":"MX"}},{"type":"Feature","geometry":{"type":"Point","coordinates":[-99.69278,19.37917]},"properties":{"id":69282,"name":"Colonia Aviación Autopan","state_code":"MEX","country_code":"MX"}},{"type":"Feature","geometry":{"type":"Point","coordinates":[-99.65417,19.07806]},"properties":{"id":69283,"name":"Colonia Azteca","state_code":"MEX","country_code":"MX"}},{"type":"Feature","geometry":{"type":"Point","coordinates":[-99.80879,19.2982]},"properties":{"id":69284,"name":"Colonia Bellavista","state_code":"MEX","country_code":"MX"}},{"type":"Feature","geometry":{"type":"Point","coordinates":[-99.79717,19.25122]},"properties":{"id":69290,"name":"Colonia Cuauhtémoc","state_code":"MEX","country_code":"MX"}},{"type":"Feature","geometry":{"type":"Point","coordinates":[-99.92167,19.41056]},"properties":{"id":69292,"name":"Colonia Doctor Gustavo Baz","state_code":"MEX","country_code":"MX"}},{"type":"Feature","geometry":{"type":"Point","coordinates":[-99.35722,19.67167]},"properties":{"id":69385,"name":"Colonia el Mirador","state_code":"MEX","country_code":"MX"}},{"type":"Feature","geometry":{"type":"Point","coordinates":[-99.47194,19.24083]},"properties":{"id":69388,"name":"Colonia el Pirame","state_code":"MEX","country_code":"MX"}},{"type":"Feature","geometry":{"type":"Point","coordinates":[-99.69417,19.22694]},"properties":{"id":69389,"name":"Colonia el Refugio","state_code":"MEX","country_code":"MX"}},{"type":"Feature","geometry":{"type":"Point","coordinates":[-98.99139,19.58389]},"properties":{"id":69391,"name":"Colonia el Salado","state_code":"MEX","country_code":"MX"}},{"type":"Feature","geometry":{"type":"Point","coordinates":[-99.52528,19.39111]},"properties":{"id":69296,"name":"Colonia Emiliano Zapata","state_code":"MEX","country_code":"MX"}},{"type":"Feature","geometry":{"type":"Point","coordinates":[-99.55889,18.95361]},"properties":{"id":69298,"name":"Colonia Emiliano Zapata Ejido de Tenancingo","state_code":"MEX","country_code":"MX"}},{"type":"Feature","geometry":{"type":"Point","coordinates":[-99.24972,19.71306]},"properties":{"id":69306,"name":"Colonia Guadalupe","state_code":"MEX","country_code":"MX"}},{"type":"Feature","geometry":{"type":"Point","coordinates":[-98.91917,19.49917]},"properties":{"id":69307,"name":"Colonia Guadalupe Victoria","state_code":"MEX","country_code":"MX"}},{"type":"Feature","geometry":{"type":"Point","coordinates":[-99.45417,19.40222]},"properties":{"id":69308,"name":"Colonia Guadalupe Victoria (La Capilla)","state_code":"MEX","country_code":"MX"}},{"type":"Feature","geometry":{"type":"Point","coordinates":[-99.01361,19.42139]},"properties":{"id":69309,"name":"Colonia Gustavo Baz Prada","state_code":"MEX","country_code":"MX"}},{"type":"Feature","geometry":{"type":"Point","coordinates":[-99.52278,19.30056]},"properties":{"id":69314,"name":"Colonia Isidro Fabela","state_code":"MEX","country_code":"MX"}},{"type":"Feature","geometry":{"type":"Point","coordinates":[-99.14944,19.99583]},"properties":{"id":69318,"name":"Colonia Juárez","state_code":"MEX","country_code":"MX"}},{"type":"Feature","geometry":{"type":"Point","coordinates":[-99.06417,19.69083]},"properties":{"id":69392,"name":"Colonia la Asunción","state_code":"MEX","country_code":"MX"}},{"type":"Feature","geometry":{"type":"Point","coordinates":[-99.50278,19.18528]},"properties":{"id":69395,"name":"Colonia la Libertad","state_code":"MEX","country_code":"MX"}},{"type":"Feature","geometry":{"type":"Point","coordinates":[-98.92,19.51306]},"properties":{"id":69325,"name":"Colonia Lázaro Cárdenas","state_code":"MEX","country_code":"MX"}},{"type":"Feature","geometry":{"type":"Point","coordinates":[-99.15333,19.63167]},"properties":{"id":69326,"name":"Colonia Lázaro Cárdenas (Los Hornos)","state_code":"MEX","country_code":"MX"}},{"type":"Feature","geometry":{"type":"Point","coordinates":[-99.12475,19.49156]},"properties":{"id":69322,"name":"Colonia Lindavista","state_code":"MEX","country_code":"MX"}},{"type":"Feature","geometry":{"type":"Point","coordinates":[-99.09028,19.72611]},"properties":{"id":69399,"name":"Colonia los Aguiluchos","state_code":"MEX","country_code":"MX"}},{"type":"Feature","geometry":{"type":"Point","coordinates":[-99.54111,19.31167]},"properties":{"id":69400,"name":"Colonia los Cedros","state_code":"MEX","country_code":"MX"}},{"type":"Feature","geometry":{"type":"Point","coordinates":[-98.79111,19.73444]},"properties":{"id":69402,"name":"Colonia los Remedios","state_code":"MEX","country_code":"MX"}},{"type":"Feature","geometry":{"type":"Point","coordinates":[-99.33917,19.63778]},"properties":{"id":69333,"name":"Colonia Morelos","state_code":"MEX","country_code":"MX"}},{"type":"Feature","geometry":{"type":"Point","coordinates":[-99.42417,19.56444]},"properties":{"id":69346,"name":"Colonia Palma","state_code":"MEX","country_code":"MX"}},{"type":"Feature","geometry":{"type":"Point","coordinates":[-99.48889,19.38806]},"properties":{"id":69354,"name":"Colonia Reforma Tlalmimilolpan","state_code":"MEX","country_code":"MX"}},{"type":"Feature","geometry":{"type":"Point","coordinates":[-99.75833,19.26833]},"properties":{"id":69357,"name":"Colonia Ricardo Flores Magón","state_code":"MEX","country_code":"MX"}},{"type":"Feature","geometry":{"type":"Point","coordinates":[-100.11917,19.20966]},"properties":{"id":69359,"name":"Colonia Rincón Villa del Valle","state_code":"MEX","country_code":"MX"}},{"type":"Feature","geometry":{"type":"Point","coordinates":[-99.89722,19.80556]},"properties":{"id":69360,"name":"Colonia Río Lerma (Tic Ti)","state_code":"MEX","country_code":"MX"}},{"type":"Feature","geometry":{"type":"Point","coordinates":[-99.75444,19.57861]},"properties":{"id":69363,"name":"Colonia San Francisco de Asís","state_code":"MEX","country_code":"MX"}},{"type":"Feature","geometry":{"type":"Point","coordinates":[-99.57222,18.96833]},"properties":{"id":69368,"name":"Colonia San Ramón","state_code":"MEX","country_code":"MX"}},{"type":"Feature","geometry":{"type":"Point","coordinates":[-98.84417,19.56139]},"properties":{"id":69373,"name":"Colonia Tulteca Teopan","state_code":"MEX","country_code":"MX"}},{"type":"Feature","geometry":{"type":"Point","coordinates":[-99.12435,19.82773]},"properties":{"id":69379,"name":"Colonia Wenceslao Labra","state_code":"MEX","country_code":"MX"}},{"type":"Feature","geometry":{"type":"Point","coordinates":[-100.21817,19.17829]},"properties":{"id":69409,"name":"Colorines","state_code":"MEX","country_code":"MX"}},{"type":"Feature","geometry":{"type":"Point","coordinates":[-99.90917,19.77139]},"properties":{"id":69434,"name":"Concepción Caro","state_code":"MEX","country_code":"MX"}},{"type":"Feature","geometry":{"type":"Point","coordinates":[-100.1544,19.65128]},"properties":{"id":69440,"name":"Concepción del Monte","state_code":"MEX","country_code":"MX"}},{"type":"Feature","geometry":{"type":"Point","coordinates":[-98.84643,19.58399]},"properties":{"id":69438,"name":"Concepción Jolalpan","state_code":"MEX","country_code":"MX"}},{"type":"Feature","geometry":{"type":"Point","coordinates":[-100.15181,19.69144]},"properties":{"id":69442,"name":"Concepción la Venta","state_code":"MEX","country_code":"MX"}},{"type":"Feature","geometry":{"type":"Point","coordinates":[-99.96202,20.01271]},"properties":{"id":69448,"name":"Conejeras","state_code":"MEX","country_code":"MX"}},{"type":"Feature","geometry":{"type":"Point","coordinates":[-99.77861,19.36889]},"properties":{"id":69455,"name":"Conjunto Habitacional Ecológico SUTEYM","state_code":"MEX","country_code":"MX"}},{"type":"Feature","geometry":{"type":"Point","coordinates":[-99.73194,19.32639]},"properties":{"id":69458,"name":"Conjunto Urbano la Loma I","state_code":"MEX","country_code":"MX"}},{"type":"Feature","geometry":{"type":"Point","coordinates":[-100.16385,19.95432]},"properties":{"id":69467,"name":"Contepec","state_code":"MEX","country_code":"MX"}},{"type":"Feature","geometry":{"type":"Point","coordinates":[-99.51902,19.93416]},"properties":{"id":69501,"name":"Coscomate del Progreso","state_code":"MEX","country_code":"MX"}},{"type":"Feature","geometry":{"type":"Point","coordinates":[-99.21295,19.77722]},"properties":{"id":69521,"name":"Coyotepec","state_code":"MEX","country_code":"MX"}},{"type":"Feature","geometry":{"type":"Point","coordinates":[-98.86,19.70833]},"properties":{"id":69530,"name":"Cozotlán Norte","state_code":"MEX","country_code":"MX"}},{"type":"Feature","geometry":{"type":"Point","coordinates":[-100.06944,19.14]},"properties":{"id":69552,"name":"Cuadrilla de Dolores","state_code":"MEX","country_code":"MX"}},{"type":"Feature","geometry":{"type":"Point","coordinates":[-99.98692,19.51205]},"properties":{"id":69551,"name":"Cuadrilla Vieja","state_code":"MEX","country_code":"MX"}},{"type":"Feature","geometry":{"type":"Point","coordinates":[-99.17989,19.67052]},"properties":{"id":69590,"name":"Cuautitlán","state_code":"MEX","country_code":"MX"}},{"type":"Feature","geometry":{"type":"Point","coordinates":[-98.78385,19.69405]},"properties":{"id":69592,"name":"Cuautlacingo","state_code":"MEX","country_code":"MX"}},{"type":"Feature","geometry":{"type":"Point","coordinates":[-98.84351,19.01349]},"properties":{"id":69610,"name":"Cuecuecuatitla","state_code":"MEX","country_code":"MX"}},{"type":"Feature","geometry":{"type":"Point","coordinates":[-99.94778,19.80028]},"properties":{"id":69613,"name":"Cuendo","state_code":"MEX","country_code":"MX"}},{"type":"Feature","geometry":{"type":"Point","coordinates":[-99.53561,19.92116]},"properties":{"id":69679,"name":"Denjhi","state_code":"MEX","country_code":"MX"}},{"type":"Feature","geometry":{"type":"Point","coordinates":[-99.88389,19.97028]},"properties":{"id":69682,"name":"Detiña (San Antonio Detiña)","state_code":"MEX","country_code":"MX"}},{"type":"Feature","geometry":{"type":"Point","coordinates":[-100.06499,19.61474]},"properties":{"id":69688,"name":"Dios Padre","state_code":"MEX","country_code":"MX"}},{"type":"Feature","geometry":{"type":"Point","coordinates":[-100.32211,20.06059]},"properties":{"id":69702,"name":"Dolores","state_code":"MEX","country_code":"MX"}},{"type":"Feature","geometry":{"type":"Point","coordinates":[-99.92639,19.65528]},"properties":{"id":69704,"name":"Dolores Hidalgo","state_code":"MEX","country_code":"MX"}},{"type":"Feature","geometry":{"type":"Point","coordinates":[-99.58651,19.84295]},"properties":{"id":69715,"name":"Dongu","state_code":"MEX","country_code":"MX"}},{"type":"Feature","geometry":{"type":"Point","coordinates":[-100.04354,19.70705]},"properties":{"id":69723,"name":"Dotegiare","state_code":"MEX","country_code":"MX"}},{"type":"Feature","geometry":{"type":"Point","coordinates":[-99.55727,19.89999]},"properties":{"id":69725,"name":"Doxhicho","state_code":"MEX","country_code":"MX"}},{"type":"Feature","geometry":{"type":"Point","coordinates":[-99.95861,19.95972]},"properties":{"id":69726,"name":"Doxteje Barrio Primero","state_code":"MEX","country_code":"MX"}},{"type":"Feature","geometry":{"type":"Point","coordinates":[-99.95472,19.97528]},"properties":{"id":69727,"name":"Doxteje Centro","state_code":"MEX","country_code":"MX"}},{"type":"Feature","geometry":{"type":"Point","coordinates":[-99.05514,19.60378]},"properties":{"id":69752,"name":"Ecatepec de Morelos","state_code":"MEX","country_code":"MX"}},{"type":"Feature","geometry":{"type":"Point","coordinates":[-98.75198,18.95508]},"properties":{"id":69753,"name":"Ecatzingo de Hidalgo","state_code":"MEX","country_code":"MX"}},{"type":"Feature","geometry":{"type":"Point","coordinates":[-99.5472,19.93379]},"properties":{"id":69802,"name":"Ejido de Coscomate del Progreso","state_code":"MEX","country_code":"MX"}},{"type":"Feature","geometry":{"type":"Point","coordinates":[-99.61278,19.43083]},"properties":{"id":69803,"name":"Ejido de Dolores","state_code":"MEX","country_code":"MX"}},{"type":"Feature","geometry":{"type":"Point","coordinates":[-99.27178,19.63765]},"properties":{"id":69804,"name":"Ejido de Guadalupe","state_code":"MEX","country_code":"MX"}},{"type":"Feature","geometry":{"type":"Point","coordinates":[-99.62693,18.88635]},"properties":{"id":69807,"name":"Ejido de la Finca","state_code":"MEX","country_code":"MX"}},{"type":"Feature","geometry":{"type":"Point","coordinates":[-99.52833,19.42417]},"properties":{"id":69805,"name":"Ejido de Mozoquilpan","state_code":"MEX","country_code":"MX"}},{"type":"Feature","geometry":{"type":"Point","coordinates":[-99.64249,18.94889]},"properties":{"id":69806,"name":"Ejido de San Mateo Coapexco","state_code":"MEX","country_code":"MX"}},{"type":"Feature","geometry":{"type":"Point","coordinates":[-99.27847,19.48474]},"properties":{"id":69808,"name":"Ejido del Tejocote","state_code":"MEX","country_code":"MX"}},{"type":"Feature","geometry":{"type":"Point","coordinates":[-99.90889,19.74389]},"properties":{"id":69809,"name":"Ejido del Tunal Nenaxi","state_code":"MEX","country_code":"MX"}},{"type":"Feature","geometry":{"type":"Point","coordinates":[-99.30583,19.43583]},"properties":{"id":69810,"name":"Ejido el Castillo","state_code":"MEX","country_code":"MX"}},{"type":"Feature","geometry":{"type":"Point","coordinates":[-100.10639,19.645]},"properties":{"id":69817,"name":"Ejido la Soledad","state_code":"MEX","country_code":"MX"}},{"type":"Feature","geometry":{"type":"Point","coordinates":[-99.67122,19.65753]},"properties":{"id":69773,"name":"Ejido Loma de Malacota","state_code":"MEX","country_code":"MX"}},{"type":"Feature","geometry":{"type":"Point","coordinates":[-99.3975,19.57]},"properties":{"id":69777,"name":"Ejido Miraflores","state_code":"MEX","country_code":"MX"}},{"type":"Feature","geometry":{"type":"Point","coordinates":[-99.40889,19.56889]},"properties":{"id":69783,"name":"Ejido Palma (Ejido San Francisco)","state_code":"MEX","country_code":"MX"}},{"type":"Feature","geometry":{"type":"Point","coordinates":[-98.89417,19.5425]},"properties":{"id":69788,"name":"Ejido San Cristóbal","state_code":"MEX","country_code":"MX"}},{"type":"Feature","geometry":{"type":"Point","coordinates":[-99.82537,19.41329]},"properties":{"id":69789,"name":"Ejido San Diego","state_code":"MEX","country_code":"MX"}},{"type":"Feature","geometry":{"type":"Point","coordinates":[-99.75028,19.30139]},"properties":{"id":69791,"name":"Ejido San Lorenzo Cuauhtenco","state_code":"MEX","country_code":"MX"}},{"type":"Feature","geometry":{"type":"Point","coordinates":[-99.40639,19.16694]},"properties":{"id":70266,"name":"El Águila (La Mesa)","state_code":"MEX","country_code":"MX"}},{"type":"Feature","geometry":{"type":"Point","coordinates":[-100.13167,19.22528]},"properties":{"id":69831,"name":"El Arco","state_code":"MEX","country_code":"MX"}},{"type":"Feature","geometry":{"type":"Point","coordinates":[-98.85371,19.18986]},"properties":{"id":69853,"name":"El Cabi","state_code":"MEX","country_code":"MX"}},{"type":"Feature","geometry":{"type":"Point","coordinates":[-99.55667,18.92028]},"properties":{"id":69875,"name":"El Carmen (El Desierto del Carmen)","state_code":"MEX","country_code":"MX"}},{"type":"Feature","geometry":{"type":"Point","coordinates":[-99.97417,19.68722]},"properties":{"id":69878,"name":"El Carmen Ocotepec","state_code":"MEX","country_code":"MX"}},{"type":"Feature","geometry":{"type":"Point","coordinates":[-99.5425,19.32337]},"properties":{"id":69894,"name":"El Cerrillo Vista Hermosa","state_code":"MEX","country_code":"MX"}},{"type":"Feature","geometry":{"type":"Point","coordinates":[-99.34833,19.35528]},"properties":{"id":69895,"name":"El Cerrito","state_code":"MEX","country_code":"MX"}},{"type":"Feature","geometry":{"type":"Point","coordinates":[-99.76278,20.09639]},"properties":{"id":69914,"name":"El Colorado","state_code":"MEX","country_code":"MX"}},{"type":"Feature","geometry":{"type":"Point","coordinates":[-99.59778,19.09778]},"properties":{"id":69915,"name":"El Coloso","state_code":"MEX","country_code":"MX"}},{"type":"Feature","geometry":{"type":"Point","coordinates":[-99.8099,19.23734]},"properties":{"id":69921,"name":"El Contadero de Matamoros","state_code":"MEX","country_code":"MX"}},{"type":"Feature","geometry":{"type":"Point","coordinates":[-99.83528,19.28306]},"properties":{"id":69941,"name":"El Cóporo","state_code":"MEX","country_code":"MX"}},{"type":"Feature","geometry":{"type":"Point","coordinates":[-99.835,19.29167]},"properties":{"id":69938,"name":"El Curtidor","state_code":"MEX","country_code":"MX"}},{"type":"Feature","geometry":{"type":"Point","coordinates":[-99.37139,19.67667]},"properties":{"id":69954,"name":"El Esclavo","state_code":"MEX","country_code":"MX"}},{"type":"Feature","geometry":{"type":"Point","coordinates":[-100.06051,19.46756]},"properties":{"id":69962,"name":"El Espinal","state_code":"MEX","country_code":"MX"}},{"type":"Feature","geometry":{"type":"Point","coordinates":[-102.37263,18.00699]},"properties":{"id":69980,"name":"El Habillal","state_code":"MEX","country_code":"MX"}},{"type":"Feature","geometry":{"type":"Point","coordinates":[-99.35556,19.42583]},"properties":{"id":69982,"name":"El Hielo","state_code":"MEX","country_code":"MX"}},{"type":"Feature","geometry":{"type":"Point","coordinates":[-100.08944,19.405]},"properties":{"id":69996,"name":"El Jacal","state_code":"MEX","country_code":"MX"}},{"type":"Feature","geometry":{"type":"Point","coordinates":[-99.47917,19.25472]},"properties":{"id":70025,"name":"El Llano del Compromiso","state_code":"MEX","country_code":"MX"}},{"type":"Feature","geometry":{"type":"Point","coordinates":[-99.08639,19.78389]},"properties":{"id":70024,"name":"El Llano Santa María","state_code":"MEX","country_code":"MX"}},{"type":"Feature","geometry":{"type":"Point","coordinates":[-99.57462,19.9425]},"properties":{"id":70030,"name":"El Magueyal","state_code":"MEX","country_code":"MX"}},{"type":"Feature","geometry":{"type":"Point","coordinates":[-99.91444,20.16583]},"properties":{"id":70042,"name":"El Mogote","state_code":"MEX","country_code":"MX"}},{"type":"Feature","geometry":{"type":"Point","coordinates":[-99.96259,19.72269]},"properties":{"id":70069,"name":"El Obraje","state_code":"MEX","country_code":"MX"}},{"type":"Feature","geometry":{"type":"Point","coordinates":[-99.47008,19.67983]},"properties":{"id":70070,"name":"El Ocotal","state_code":"MEX","country_code":"MX"}},{"type":"Feature","geometry":{"type":"Point","coordinates":[-100.13081,19.80272]},"properties":{"id":70075,"name":"El Oro de Hidalgo","state_code":"MEX","country_code":"MX"}},{"type":"Feature","geometry":{"type":"Point","coordinates":[-99.35667,19.35139]},"properties":{"id":70077,"name":"El Palacio","state_code":"MEX","country_code":"MX"}},{"type":"Feature","geometry":{"type":"Point","coordinates":[-99.68127,19.91733]},"properties":{"id":70084,"name":"El Palmito","state_code":"MEX","country_code":"MX"}},{"type":"Feature","geometry":{"type":"Point","coordinates":[-99.465,19.25278]},"properties":{"id":70097,"name":"El Pedregal de Guadalupe Hidalgo","state_code":"MEX","country_code":"MX"}},{"type":"Feature","geometry":{"type":"Point","coordinates":[-101.40209,20.24201]},"properties":{"id":70103,"name":"El Pilar","state_code":"MEX","country_code":"MX"}},{"type":"Feature","geometry":{"type":"Point","coordinates":[-98.94833,19.35139]},"properties":{"id":70104,"name":"El Pino","state_code":"MEX","country_code":"MX"}},{"type":"Feature","geometry":{"type":"Point","coordinates":[-99.80049,19.37452]},"properties":{"id":70109,"name":"El Plan","state_code":"MEX","country_code":"MX"}},{"type":"Feature","geometry":{"type":"Point","coordinates":[-99.72889,19.31694]},"properties":{"id":70121,"name":"El Porvenir I","state_code":"MEX","country_code":"MX"}},{"type":"Feature","geometry":{"type":"Point","coordinates":[-99.99393,19.30625]},"properties":{"id":70124,"name":"El Potrero","state_code":"MEX","country_code":"MX"}},{"type":"Feature","geometry":{"type":"Point","coordinates":[-100.0821,19.48899]},"properties":{"id":70126,"name":"El Potrero de San Diego","state_code":"MEX","country_code":"MX"}},{"type":"Feature","geometry":{"type":"Point","coordinates":[-99.61417,18.84639]},"properties":{"id":70135,"name":"El Progreso Hidalgo","state_code":"MEX","country_code":"MX"}},{"type":"Feature","geometry":{"type":"Point","coordinates":[-99.3729,19.68846]},"properties":{"id":70140,"name":"El Puerto Magú","state_code":"MEX","country_code":"MX"}},{"type":"Feature","geometry":{"type":"Point","coordinates":[-98.90278,19.20278]},"properties":{"id":70147,"name":"El Recodo de San José Axalco","state_code":"MEX","country_code":"MX"}},{"type":"Feature","geometry":{"type":"Point","coordinates":[-99.84306,19.79]},"properties":{"id":70164,"name":"El Rincón de la Candelaria","state_code":"MEX","country_code":"MX"}},{"type":"Feature","geometry":{"type":"Point","coordinates":[-99.82806,19.54222]},"properties":{"id":70165,"name":"El Rincón de los Perales","state_code":"MEX","country_code":"MX"}},{"type":"Feature","geometry":{"type":"Point","coordinates":[-99.68555,20.10126]},"properties":{"id":70170,"name":"El Rosal","state_code":"MEX","country_code":"MX"}},{"type":"Feature","geometry":{"type":"Point","coordinates":[-99.58972,18.9525]},"properties":{"id":70186,"name":"El Salitre","state_code":"MEX","country_code":"MX"}},{"type":"Feature","geometry":{"type":"Point","coordinates":[-99.77086,19.34581]},"properties":{"id":70217,"name":"El Tepetatal","state_code":"MEX","country_code":"MX"}},{"type":"Feature","geometry":{"type":"Point","coordinates":[-99.64528,18.79028]},"properties":{"id":70223,"name":"El Terrero","state_code":"MEX","country_code":"MX"}},{"type":"Feature","geometry":{"type":"Point","coordinates":[-98.97472,19.34361]},"properties":{"id":70286,"name":"Emiliano Zapata","state_code":"MEX","country_code":"MX"}},{"type":"Feature","geometry":{"type":"Point","coordinates":[-99.00667,19.91111]},"properties":{"id":70292,"name":"Emiliano Zapata (San José Bata)","state_code":"MEX","country_code":"MX"}},{"type":"Feature","geometry":{"type":"Point","coordinates":[-99.78806,19.57972]},"properties":{"id":70293,"name":"Emiliano Zapata (Santo Domingo)","state_code":"MEX","country_code":"MX"}},{"type":"Feature","geometry":{"type":"Point","coordinates":[-99.91667,19.64444]},"properties":{"id":70297,"name":"Emilio Portes Gil","state_code":"MEX","country_code":"MX"}},{"type":"Feature","geometry":{"type":"Point","coordinates":[-100.29321,20.13493]},"properties":{"id":70312,"name":"Epitacio Huerta","state_code":"MEX","country_code":"MX"}},{"type":"Feature","geometry":{"type":"Point","coordinates":[-102.12945,19.89286]},"properties":{"id":70376,"name":"Etúcuaro","state_code":"MEX","country_code":"MX"}},{"type":"Feature","geometry":{"type":"Point","coordinates":[-98.9725,19.80889]},"properties":{"id":70382,"name":"Ex-Hacienda de Guadalupe","state_code":"MEX","country_code":"MX"}},{"type":"Feature","geometry":{"type":"Point","coordinates":[-99.18275,19.8215]},"properties":{"id":70388,"name":"Ex-hacienda de Xalpa","state_code":"MEX","country_code":"MX"}},{"type":"Feature","geometry":{"type":"Point","coordinates":[-99.0725,19.70667]},"properties":{"id":70381,"name":"Ex-Hacienda Santa Inés","state_code":"MEX","country_code":"MX"}},{"type":"Feature","geometry":{"type":"Point","coordinates":[-99.56528,19.17389]},"properties":{"id":70386,"name":"Ex-Rancho San Dimas","state_code":"MEX","country_code":"MX"}},{"type":"Feature","geometry":{"type":"Point","coordinates":[-100.13596,19.63445]},"properties":{"id":70498,"name":"Fábrica Concepción","state_code":"MEX","country_code":"MX"}},{"type":"Feature","geometry":{"type":"Point","coordinates":[-99.17222,19.68722]},"properties":{"id":70462,"name":"Fracción San Roque (El Prieto)","state_code":"MEX","country_code":"MX"}},{"type":"Feature","geometry":{"type":"Point","coordinates":[-99.74028,19.37222]},"properties":{"id":70416,"name":"Fraccionamiento Colinas del Sol","state_code":"MEX","country_code":"MX"}},{"type":"Feature","geometry":{"type":"Point","coordinates":[-98.96861,19.72667]},"properties":{"id":70423,"name":"Fraccionamiento Hacienda del Bosque","state_code":"MEX","country_code":"MX"}},{"type":"Feature","geometry":{"type":"Point","coordinates":[-99.08278,19.82917]},"properties":{"id":70453,"name":"Fraccionamiento la Trinidad","state_code":"MEX","country_code":"MX"}},{"type":"Feature","geometry":{"type":"Point","coordinates":[-99.64861,19.38944]},"properties":{"id":70436,"name":"Fraccionamiento Real de San Pablo","state_code":"MEX","country_code":"MX"}},{"type":"Feature","geometry":{"type":"Point","coordinates":[-99.57417,19.41111]},"properties":{"id":70439,"name":"Fraccionamiento Rinconada del Valle","state_code":"MEX","country_code":"MX"}},{"type":"Feature","geometry":{"type":"Point","coordinates":[-99.48,19.28917]},"properties":{"id":70460,"name":"Fraccionamiento y Club de Golf los Encinos","state_code":"MEX","country_code":"MX"}},{"type":"Feature","geometry":{"type":"Point","coordinates":[-99.94889,19.56694]},"properties":{"id":70489,"name":"Fresno Nichi","state_code":"MEX","country_code":"MX"}},{"type":"Feature","geometry":{"type":"Point","coordinates":[-99.13861,19.6325]},"properties":{"id":70496,"name":"Fuentes del Valle","state_code":"MEX","country_code":"MX"}},{"type":"Feature","geometry":{"type":"Point","coordinates":[-99.65,19.39806]},"properties":{"id":70507,"name":"Galaxias Toluca","state_code":"MEX","country_code":"MX"}},{"type":"Feature","geometry":{"type":"Point","coordinates":[-101.5715,20.03585]},"properties":{"id":70510,"name":"Galeana","state_code":"MEX","country_code":"MX"}},{"type":"Feature","geometry":{"type":"Point","coordinates":[-99.8475,19.99]},"properties":{"id":70519,"name":"Ganzda","state_code":"MEX","country_code":"MX"}},{"type":"Feature","geometry":{"type":"Point","coordinates":[-98.96667,19.59278]},"properties":{"id":70564,"name":"Granjas Ampliación Santa Rosa","state_code":"MEX","country_code":"MX"}},{"type":"Feature","geometry":{"type":"Point","coordinates":[-100.1272,19.61194]},"properties":{"id":70577,"name":"Guadalupe Buenavista","state_code":"MEX","country_code":"MX"}},{"type":"Feature","geometry":{"type":"Point","coordinates":[-99.825,19.60111]},"properties":{"id":70578,"name":"Guadalupe Cachi","state_code":"MEX","country_code":"MX"}},{"type":"Feature","geometry":{"type":"Point","coordinates":[-99.98499,19.61075]},"properties":{"id":70580,"name":"Guadalupe Coté","state_code":"MEX","country_code":"MX"}},{"type":"Feature","geometry":{"type":"Point","coordinates":[-99.56417,19.34833]},"properties":{"id":70594,"name":"Guadalupe Totoltepec","state_code":"MEX","country_code":"MX"}},{"type":"Feature","geometry":{"type":"Point","coordinates":[-99.83861,20.11149]},"properties":{"id":70637,"name":"Gunyo Poniente (San José Gunyo)","state_code":"MEX","country_code":"MX"}},{"type":"Feature","geometry":{"type":"Point","coordinates":[-102.06784,19.84889]},"properties":{"id":70730,"name":"Huancito","state_code":"MEX","country_code":"MX"}},{"type":"Feature","geometry":{"type":"Point","coordinates":[-99.2037,19.82819]},"properties":{"id":70761,"name":"Huehuetoca","state_code":"MEX","country_code":"MX"}},{"type":"Feature","geometry":{"type":"Point","coordinates":[-99.73583,19.715]},"properties":{"id":70768,"name":"Huemetla","state_code":"MEX","country_code":"MX"}},{"type":"Feature","geometry":{"type":"Point","coordinates":[-99.07384,19.91301]},"properties":{"id":70782,"name":"Hueypoxtla","state_code":"MEX","country_code":"MX"}},{"type":"Feature","geometry":{"type":"Point","coordinates":[-99.25639,19.68056]},"properties":{"id":70791,"name":"Huilango","state_code":"MEX","country_code":"MX"}},{"type":"Feature","geometry":{"type":"Point","coordinates":[-99.80014,18.76737]},"properties":{"id":70814,"name":"Huitzoltepec","state_code":"MEX","country_code":"MX"}},{"type":"Feature","geometry":{"type":"Point","coordinates":[-99.35016,19.35985]},"properties":{"id":70818,"name":"Huixquilucan","state_code":"MEX","country_code":"MX"}},{"type":"Feature","geometry":{"type":"Point","coordinates":[-99.3498,19.36028]},"properties":{"id":70819,"name":"Huixquilucan de Degollado","state_code":"MEX","country_code":"MX"}},{"type":"Feature","geometry":{"type":"Point","coordinates":[-99.36146,19.34426]},"properties":{"id":70836,"name":"Ignacio Allende","state_code":"MEX","country_code":"MX"}},{"type":"Feature","geometry":{"type":"Point","coordinates":[-98.88284,19.31556]},"properties":{"id":70929,"name":"Ixtapaluca","state_code":"MEX","country_code":"MX"}},{"type":"Feature","geometry":{"type":"Point","coordinates":[-99.67671,18.84369]},"properties":{"id":70931,"name":"Ixtapan de la Sal","state_code":"MEX","country_code":"MX"}},{"type":"Feature","geometry":{"type":"Point","coordinates":[-100.26459,19.26303]},"properties":{"id":70932,"name":"Ixtapan del Oro","state_code":"MEX","country_code":"MX"}},{"type":"Feature","geometry":{"type":"Point","coordinates":[-98.86028,19.88139]},"properties":{"id":70940,"name":"Ixtlahuaca de Cuauhtémoc","state_code":"MEX","country_code":"MX"}},{"type":"Feature","geometry":{"type":"Point","coordinates":[-99.76694,19.56889]},"properties":{"id":70941,"name":"Ixtlahuaca de Rayón","state_code":"MEX","country_code":"MX"}},{"type":"Feature","geometry":{"type":"Point","coordinates":[-102.30781,19.95232]},"properties":{"id":70960,"name":"Jacona de Plancarte","state_code":"MEX","country_code":"MX"}},{"type":"Feature","geometry":{"type":"Point","coordinates":[-99.49407,18.91835]},"properties":{"id":70974,"name":"Jalmolonga (La Hacienda)","state_code":"MEX","country_code":"MX"}},{"type":"Feature","geometry":{"type":"Point","coordinates":[-99.87389,19.67833]},"properties":{"id":70978,"name":"Jalpa de los Baños","state_code":"MEX","country_code":"MX"}},{"type":"Feature","geometry":{"type":"Point","coordinates":[-99.0939,19.75298]},"properties":{"id":70984,"name":"Jaltenco","state_code":"MEX","country_code":"MX"}},{"type":"Feature","geometry":{"type":"Point","coordinates":[-101.52644,20.20642]},"properties":{"id":70999,"name":"Janambo","state_code":"MEX","country_code":"MX"}},{"type":"Feature","geometry":{"type":"Point","coordinates":[-101.5854,20.09961]},"properties":{"id":71000,"name":"Janamuato","state_code":"MEX","country_code":"MX"}},{"type":"Feature","geometry":{"type":"Point","coordinates":[-99.63056,18.94528]},"properties":{"id":71023,"name":"Jesús Carranza (Rancho de Jesús)","state_code":"MEX","country_code":"MX"}},{"type":"Feature","geometry":{"type":"Point","coordinates":[-99.29444,19.375]},"properties":{"id":71036,"name":"Jesús del Monte","state_code":"MEX","country_code":"MX"}},{"type":"Feature","geometry":{"type":"Point","coordinates":[-99.99696,19.41773]},"properties":{"id":71027,"name":"Jesús María","state_code":"MEX","country_code":"MX"}},{"type":"Feature","geometry":{"type":"Point","coordinates":[-99.64083,19.37167]},"properties":{"id":71039,"name":"Jicaltepec Autopan","state_code":"MEX","country_code":"MX"}},{"type":"Feature","geometry":{"type":"Point","coordinates":[-99.6275,19.37306]},"properties":{"id":71040,"name":"Jicaltepec Cuexcontitlán","state_code":"MEX","country_code":"MX"}},{"type":"Feature","geometry":{"type":"Point","coordinates":[-99.53278,19.95194]},"properties":{"id":71045,"name":"Jilotepec de Molina Enríquez","state_code":"MEX","country_code":"MX"}},{"type":"Feature","geometry":{"type":"Point","coordinates":[-99.06194,19.86889]},"properties":{"id":71046,"name":"Jilotzingo","state_code":"MEX","country_code":"MX"}},{"type":"Feature","geometry":{"type":"Point","coordinates":[-99.60833,19.55644]},"properties":{"id":71056,"name":"Jiquipilco","state_code":"MEX","country_code":"MX"}},{"type":"Feature","geometry":{"type":"Point","coordinates":[-99.78867,19.70991]},"properties":{"id":71067,"name":"Jocotitlán","state_code":"MEX","country_code":"MX"}},{"type":"Feature","geometry":{"type":"Point","coordinates":[-99.53375,19.05032]},"properties":{"id":71083,"name":"Joquicingo","state_code":"MEX","country_code":"MX"}},{"type":"Feature","geometry":{"type":"Point","coordinates":[-98.84667,19.30972]},"properties":{"id":71084,"name":"Jorge Jiménez Cantú","state_code":"MEX","country_code":"MX"}},{"type":"Feature","geometry":{"type":"Point","coordinates":[-99.24833,19.82389]},"properties":{"id":71085,"name":"Jorobas","state_code":"MEX","country_code":"MX"}},{"type":"Feature","geometry":{"type":"Point","coordinates":[-98.8788,19.10059]},"properties":{"id":71132,"name":"Juchitepec","state_code":"MEX","country_code":"MX"}},{"type":"Feature","geometry":{"type":"Point","coordinates":[-100.07528,19.0675]},"properties":{"id":71169,"name":"La Albarrada (San Francisco la Albarrada)","state_code":"MEX","country_code":"MX"}},{"type":"Feature","geometry":{"type":"Point","coordinates":[-99.74806,19.35611]},"properties":{"id":71187,"name":"La Cabecera","state_code":"MEX","country_code":"MX"}},{"type":"Feature","geometry":{"type":"Point","coordinates":[-99.94111,19.70361]},"properties":{"id":71188,"name":"La Cabecera Concepción","state_code":"MEX","country_code":"MX"}},{"type":"Feature","geometry":{"type":"Point","coordinates":[-101.63679,20.28628]},"properties":{"id":71192,"name":"La Calle","state_code":"MEX","country_code":"MX"}},{"type":"Feature","geometry":{"type":"Point","coordinates":[-99.9423,19.50983]},"properties":{"id":71194,"name":"La Campanilla","state_code":"MEX","country_code":"MX"}},{"type":"Feature","geometry":{"type":"Point","coordinates":[-99.59889,19.48639]},"properties":{"id":71207,"name":"La Cañada","state_code":"MEX","country_code":"MX"}},{"type":"Feature","geometry":{"type":"Point","coordinates":[-98.84766,19.24042]},"properties":{"id":71198,"name":"La Candelaria Tlapala","state_code":"MEX","country_code":"MX"}},{"type":"Feature","geometry":{"type":"Point","coordinates":[-102.40838,19.86375]},"properties":{"id":71199,"name":"La Cantera","state_code":"MEX","country_code":"MX"}},{"type":"Feature","geometry":{"type":"Point","coordinates":[-99.83694,19.94778]},"properties":{"id":71204,"name":"La Caridad","state_code":"MEX","country_code":"MX"}},{"type":"Feature","geometry":{"type":"Point","coordinates":[-99.58139,18.95611]},"properties":{"id":71217,"name":"La Ciénega","state_code":"MEX","country_code":"MX"}},{"type":"Feature","geometry":{"type":"Point","coordinates":[-98.78667,19.14444]},"properties":{"id":71220,"name":"La Colonia","state_code":"MEX","country_code":"MX"}},{"type":"Feature","geometry":{"type":"Point","coordinates":[-100.07966,19.1646]},"properties":{"id":71225,"name":"La Compañía","state_code":"MEX","country_code":"MX"}},{"type":"Feature","geometry":{"type":"Point","coordinates":[-99.57611,20.02111]},"properties":{"id":71227,"name":"La Comunidad","state_code":"MEX","country_code":"MX"}},{"type":"Feature","geometry":{"type":"Point","coordinates":[-99.30028,19.69611]},"properties":{"id":71233,"name":"La Concepción","state_code":"MEX","country_code":"MX"}},{"type":"Feature","geometry":{"type":"Point","coordinates":[-99.56833,19.18188]},"properties":{"id":71235,"name":"La Concepción Coatipac (La Conchita)","state_code":"MEX","country_code":"MX"}},{"type":"Feature","geometry":{"type":"Point","coordinates":[-99.53139,19.45054]},"properties":{"id":71238,"name":"La Concepción de Hidalgo","state_code":"MEX","country_code":"MX"}},{"type":"Feature","geometry":{"type":"Point","coordinates":[-99.86104,19.68249]},"properties":{"id":71239,"name":"La Concepción de los Baños","state_code":"MEX","country_code":"MX"}},{"type":"Feature","geometry":{"type":"Point","coordinates":[-99.84139,19.56472]},"properties":{"id":71236,"name":"La Concepción Enyege","state_code":"MEX","country_code":"MX"}},{"type":"Feature","geometry":{"type":"Point","coordinates":[-99.4405,19.38226]},"properties":{"id":71237,"name":"La Concepción Xochicuautla","state_code":"MEX","country_code":"MX"}},{"type":"Feature","geometry":{"type":"Point","coordinates":[-99.54917,19.34861]},"properties":{"id":71245,"name":"La Constitución Toltepec","state_code":"MEX","country_code":"MX"}},{"type":"Feature","geometry":{"type":"Point","coordinates":[-99.42168,19.83021]},"properties":{"id":71253,"name":"La Cruz y Carrizal","state_code":"MEX","country_code":"MX"}},{"type":"Feature","geometry":{"type":"Point","coordinates":[-99.51575,19.68377]},"properties":{"id":71270,"name":"La Esperanza","state_code":"MEX","country_code":"MX"}},{"type":"Feature","geometry":{"type":"Point","coordinates":[-99.79167,19.87056]},"properties":{"id":71283,"name":"La Estancia Sector Uno (La Estancia)","state_code":"MEX","country_code":"MX"}},{"type":"Feature","geometry":{"type":"Point","coordinates":[-99.64028,18.89047]},"properties":{"id":71290,"name":"La Finca","state_code":"MEX","country_code":"MX"}},{"type":"Feature","geometry":{"type":"Point","coordinates":[-99.38562,19.41154]},"properties":{"id":71303,"name":"La Glorieta","state_code":"MEX","country_code":"MX"}},{"type":"Feature","geometry":{"type":"Point","coordinates":[-99.90922,19.55414]},"properties":{"id":71309,"name":"La Guadalupana","state_code":"MEX","country_code":"MX"}},{"type":"Feature","geometry":{"type":"Point","coordinates":[-99.58472,19.04]},"properties":{"id":71315,"name":"La Herradura","state_code":"MEX","country_code":"MX"}},{"type":"Feature","geometry":{"type":"Point","coordinates":[-99.75889,19.27639]},"properties":{"id":71333,"name":"La Joya","state_code":"MEX","country_code":"MX"}},{"type":"Feature","geometry":{"type":"Point","coordinates":[-100.01027,20.01966]},"properties":{"id":71365,"name":"La Loma","state_code":"MEX","country_code":"MX"}},{"type":"Feature","geometry":{"type":"Point","coordinates":[-99.64889,19.38]},"properties":{"id":71368,"name":"La Loma Cuexcontitlán","state_code":"MEX","country_code":"MX"}},{"type":"Feature","geometry":{"type":"Point","coordinates":[-99.99947,19.94796]},"properties":{"id":71381,"name":"La Magdalena","state_code":"MEX","country_code":"MX"}},{"type":"Feature","geometry":{"type":"Point","coordinates":[-99.32555,19.41237]},"properties":{"id":71382,"name":"La Magdalena Chichicaspa","state_code":"MEX","country_code":"MX"}},{"type":"Feature","geometry":{"type":"Point","coordinates":[-99.41,19.18972]},"properties":{"id":71387,"name":"La Magdalena de los Reyes (La Magdalena)","state_code":"MEX","country_code":"MX"}},{"type":"Feature","geometry":{"type":"Point","coordinates":[-99.58861,19.46333]},"properties":{"id":71383,"name":"La Magdalena Tenexpan","state_code":"MEX","country_code":"MX"}},{"type":"Feature","geometry":{"type":"Point","coordinates":[-100.17373,19.58748]},"properties":{"id":71389,"name":"La Mesa","state_code":"MEX","country_code":"MX"}},{"type":"Feature","geometry":{"type":"Point","coordinates":[-99.89028,19.8525]},"properties":{"id":71392,"name":"La Mesa de Chosto","state_code":"MEX","country_code":"MX"}},{"type":"Feature","geometry":{"type":"Point","coordinates":[-98.91111,19.54306]},"properties":{"id":71433,"name":"La Pastoría","state_code":"MEX","country_code":"MX"}},{"type":"Feature","geometry":{"type":"Point","coordinates":[-99.18267,19.78129]},"properties":{"id":71451,"name":"La Planada","state_code":"MEX","country_code":"MX"}},{"type":"Feature","geometry":{"type":"Point","coordinates":[-99.67694,19.33333]},"properties":{"id":71452,"name":"La Planada (El Arenal)","state_code":"MEX","country_code":"MX"}},{"type":"Feature","geometry":{"type":"Point","coordinates":[-99.87278,20.16278]},"properties":{"id":71459,"name":"La Presita Segundo Cuartel","state_code":"MEX","country_code":"MX"}},{"type":"Feature","geometry":{"type":"Point","coordinates":[-99.14667,19.75833]},"properties":{"id":71462,"name":"La Providencia","state_code":"MEX","country_code":"MX"}},{"type":"Feature","geometry":{"type":"Point","coordinates":[-100.01577,19.46018]},"properties":{"id":71466,"name":"La Puerta del Pilar","state_code":"MEX","country_code":"MX"}},{"type":"Feature","geometry":{"type":"Point","coordinates":[-98.81731,19.52441]},"properties":{"id":71468,"name":"La Purificación","state_code":"MEX","country_code":"MX"}},{"type":"Feature","geometry":{"type":"Point","coordinates":[-99.32984,19.48519]},"properties":{"id":71480,"name":"La Rosa","state_code":"MEX","country_code":"MX"}},{"type":"Feature","geometry":{"type":"Point","coordinates":[-99.82306,20.09194]},"properties":{"id":71496,"name":"La Soledad Barrio","state_code":"MEX","country_code":"MX"}},{"type":"Feature","geometry":{"type":"Point","coordinates":[-99.58083,18.96639]},"properties":{"id":71510,"name":"La Trinidad","state_code":"MEX","country_code":"MX"}},{"type":"Feature","geometry":{"type":"Point","coordinates":[-99.58972,19.39806]},"properties":{"id":71536,"name":"La Y","state_code":"MEX","country_code":"MX"}},{"type":"Feature","geometry":{"type":"Point","coordinates":[-99.87833,19.46139]},"properties":{"id":71555,"name":"Laguna de Tabernillas (El Resbaloso)","state_code":"MEX","country_code":"MX"}},{"type":"Feature","geometry":{"type":"Point","coordinates":[-99.55611,19.97222]},"properties":{"id":71604,"name":"Las Huertas","state_code":"MEX","country_code":"MX"}},{"type":"Feature","geometry":{"type":"Point","coordinates":[-99.56109,19.95069]},"properties":{"id":71615,"name":"Las Manzanas","state_code":"MEX","country_code":"MX"}},{"type":"Feature","geometry":{"type":"Point","coordinates":[-99.99944,19.44972]},"properties":{"id":71631,"name":"Las Peñas","state_code":"MEX","country_code":"MX"}},{"type":"Feature","geometry":{"type":"Point","coordinates":[-98.88694,19.89667]},"properties":{"id":71633,"name":"Las Pintas","state_code":"MEX","country_code":"MX"}},{"type":"Feature","geometry":{"type":"Point","coordinates":[-101.4781,20.2086]},"properties":{"id":71636,"name":"Las Ranas","state_code":"MEX","country_code":"MX"}},{"type":"Feature","geometry":{"type":"Point","coordinates":[-100.15986,19.54631]},"properties":{"id":71638,"name":"Las Rosas","state_code":"MEX","country_code":"MX"}},{"type":"Feature","geometry":{"type":"Point","coordinates":[-99.51163,19.28881]},"properties":{"id":71664,"name":"Lerma de Villada","state_code":"MEX","country_code":"MX"}},{"type":"Feature","geometry":{"type":"Point","coordinates":[-99.61639,19.40278]},"properties":{"id":71695,"name":"Llano de la Y","state_code":"MEX","country_code":"MX"}},{"type":"Feature","geometry":{"type":"Point","coordinates":[-99.3225,19.43583]},"properties":{"id":71696,"name":"Llano de las Flores (Barrio del Hueso)","state_code":"MEX","country_code":"MX"}},{"type":"Feature","geometry":{"type":"Point","coordinates":[-99.48507,19.70405]},"properties":{"id":71692,"name":"Llano de Zacapexco","state_code":"MEX","country_code":"MX"}},{"type":"Feature","geometry":{"type":"Point","coordinates":[-99.76774,18.82733]},"properties":{"id":71684,"name":"Llano Grande","state_code":"MEX","country_code":"MX"}},{"type":"Feature","geometry":{"type":"Point","coordinates":[-99.44917,19.68944]},"properties":{"id":71708,"name":"Loma Alta","state_code":"MEX","country_code":"MX"}},{"type":"Feature","geometry":{"type":"Point","coordinates":[-99.40806,19.84222]},"properties":{"id":71710,"name":"Loma Alta Taxhimay","state_code":"MEX","country_code":"MX"}},{"type":"Feature","geometry":{"type":"Point","coordinates":[-100.215,19.18722]},"properties":{"id":71716,"name":"Loma Bonita","state_code":"MEX","country_code":"MX"}},{"type":"Feature","geometry":{"type":"Point","coordinates":[-99.36873,19.65219]},"properties":{"id":71726,"name":"Loma de Guadalupe (La Biznaga)","state_code":"MEX","country_code":"MX"}},{"type":"Feature","geometry":{"type":"Point","coordinates":[-100.0902,19.43523]},"properties":{"id":71728,"name":"Loma de Juárez","state_code":"MEX","country_code":"MX"}},{"type":"Feature","geometry":{"type":"Point","coordinates":[-99.80917,19.28333]},"properties":{"id":71729,"name":"Loma de San Francisco","state_code":"MEX","country_code":"MX"}},{"type":"Feature","geometry":{"type":"Point","coordinates":[-99.32778,19.64222]},"properties":{"id":71730,"name":"Loma de San José","state_code":"MEX","country_code":"MX"}},{"type":"Feature","geometry":{"type":"Point","coordinates":[-99.79167,19.34194]},"properties":{"id":71731,"name":"Loma de San Miguel","state_code":"MEX","country_code":"MX"}},{"type":"Feature","geometry":{"type":"Point","coordinates":[-99.35056,19.60056]},"properties":{"id":71739,"name":"Loma del Río","state_code":"MEX","country_code":"MX"}},{"type":"Feature","geometry":{"type":"Point","coordinates":[-99.34611,19.6275]},"properties":{"id":71720,"name":"Loma Larga","state_code":"MEX","country_code":"MX"}},{"type":"Feature","geometry":{"type":"Point","coordinates":[-99.11611,19.86722]},"properties":{"id":71721,"name":"Loma Larga (Barrio de Loma Larga)","state_code":"MEX","country_code":"MX"}},{"type":"Feature","geometry":{"type":"Point","coordinates":[-98.94472,19.36139]},"properties":{"id":71744,"name":"Lomas de Altavista","state_code":"MEX","country_code":"MX"}},{"type":"Feature","geometry":{"type":"Point","coordinates":[-98.91778,19.2025]},"properties":{"id":71751,"name":"Lomas de San Pablo","state_code":"MEX","country_code":"MX"}},{"type":"Feature","geometry":{"type":"Point","coordinates":[-98.9332,19.38206]},"properties":{"id":71752,"name":"Lomas de San Sebastián","state_code":"MEX","country_code":"MX"}},{"type":"Feature","geometry":{"type":"Point","coordinates":[-99.11237,19.70232]},"properties":{"id":71755,"name":"Lomas de Tenopalco","state_code":"MEX","country_code":"MX"}},{"type":"Feature","geometry":{"type":"Point","coordinates":[-99.50222,19.70981]},"properties":{"id":71771,"name":"Los Arana","state_code":"MEX","country_code":"MX"}},{"type":"Feature","geometry":{"type":"Point","coordinates":[-100.0484,19.39771]},"properties":{"id":71780,"name":"Los Berros","state_code":"MEX","country_code":"MX"}},{"type":"Feature","geometry":{"type":"Point","coordinates":[-102.49759,19.89916]},"properties":{"id":71807,"name":"Los Hucuares","state_code":"MEX","country_code":"MX"}},{"type":"Feature","geometry":{"type":"Point","coordinates":[-102.15612,19.85734]},"properties":{"id":71823,"name":"Los Nogales","state_code":"MEX","country_code":"MX"}},{"type":"Feature","geometry":{"type":"Point","coordinates":[-102.67954,19.9781]},"properties":{"id":71842,"name":"Los Remedios","state_code":"MEX","country_code":"MX"}},{"type":"Feature","geometry":{"type":"Point","coordinates":[-99.7645,19.68524]},"properties":{"id":71844,"name":"Los Reyes","state_code":"MEX","country_code":"MX"}},{"type":"Feature","geometry":{"type":"Point","coordinates":[-98.97707,19.36357]},"properties":{"id":71847,"name":"Los Reyes Acaquilpan","state_code":"MEX","country_code":"MX"}},{"type":"Feature","geometry":{"type":"Point","coordinates":[-98.88242,19.20889]},"properties":{"id":71848,"name":"Los Reyes Acatlixhuayán","state_code":"MEX","country_code":"MX"}},{"type":"Feature","geometry":{"type":"Point","coordinates":[-99.99895,19.1652]},"properties":{"id":71861,"name":"Los Saucos","state_code":"MEX","country_code":"MX"}},{"type":"Feature","geometry":{"type":"Point","coordinates":[-100.42448,18.94554]},"properties":{"id":71884,"name":"Luvianos","state_code":"MEX","country_code":"MX"}},{"type":"Feature","geometry":{"type":"Point","coordinates":[-98.94935,19.36906]},"properties":{"id":71922,"name":"Magdalena Atlicpac","state_code":"MEX","country_code":"MX"}},{"type":"Feature","geometry":{"type":"Point","coordinates":[-99.49619,18.94847]},"properties":{"id":71945,"name":"Malinalco","state_code":"MEX","country_code":"MX"}},{"type":"Feature","geometry":{"type":"Point","coordinates":[-99.92729,19.84008]},"properties":{"id":71957,"name":"Manto del Río Ejido","state_code":"MEX","country_code":"MX"}},{"type":"Feature","geometry":{"type":"Point","coordinates":[-99.6025,19.54222]},"properties":{"id":71969,"name":"Manzana Quinta (La Cañada)","state_code":"MEX","country_code":"MX"}},{"type":"Feature","geometry":{"type":"Point","coordinates":[-99.59389,19.56722]},"properties":{"id":71970,"name":"Manzana Segunda","state_code":"MEX","country_code":"MX"}},{"type":"Feature","geometry":{"type":"Point","coordinates":[-99.60528,19.5275]},"properties":{"id":71971,"name":"Manzana Sexta Parte Centro","state_code":"MEX","country_code":"MX"}},{"type":"Feature","geometry":{"type":"Point","coordinates":[-99.70361,19.56917]},"properties":{"id":71972,"name":"Manzana Tercera de Santa Cruz Tepexpan","state_code":"MEX","country_code":"MX"}},{"type":"Feature","geometry":{"type":"Point","coordinates":[-99.82222,19.70417]},"properties":{"id":72025,"name":"Mavoro","state_code":"MEX","country_code":"MX"}},{"type":"Feature","geometry":{"type":"Point","coordinates":[-99.55722,19.02889]},"properties":{"id":72028,"name":"Maxtleca de Galeana","state_code":"MEX","country_code":"MX"}},{"type":"Feature","geometry":{"type":"Point","coordinates":[-99.74365,19.46889]},"properties":{"id":72034,"name":"Mayorazgo de León","state_code":"MEX","country_code":"MX"}},{"type":"Feature","geometry":{"type":"Point","coordinates":[-99.14485,19.70186]},"properties":{"id":72069,"name":"Melchor Ocampo","state_code":"MEX","country_code":"MX"}},{"type":"Feature","geometry":{"type":"Point","coordinates":[-99.60175,19.25934]},"properties":{"id":72088,"name":"Metepec","state_code":"MEX","country_code":"MX"}},{"type":"Feature","geometry":{"type":"Point","coordinates":[-99.58469,19.2113]},"properties":{"id":72100,"name":"Mexicaltzingo","state_code":"MEX","country_code":"MX"}},{"type":"Feature","geometry":{"type":"Point","coordinates":[-99.89126,19.46118]},"properties":{"id":72103,"name":"Mextepec","state_code":"MEX","country_code":"MX"}},{"type":"Feature","geometry":{"type":"Point","coordinates":[-99.44528,19.17556]},"properties":{"id":72104,"name":"Mezapa la Fábrica","state_code":"MEX","country_code":"MX"}},{"type":"Feature","geometry":{"type":"Point","coordinates":[-99.72771,19.41014]},"properties":{"id":72142,"name":"Mina México","state_code":"MEX","country_code":"MX"}},{"type":"Feature","geometry":{"type":"Point","coordinates":[-99.94389,19.5525]},"properties":{"id":72143,"name":"Mina Vieja","state_code":"MEX","country_code":"MX"}},{"type":"Feature","geometry":{"type":"Point","coordinates":[-98.80741,19.2221]},"properties":{"id":72152,"name":"Miraflores","state_code":"MEX","country_code":"MX"}},{"type":"Feature","geometry":{"type":"Point","coordinates":[-99.60222,19.44972]},"properties":{"id":72183,"name":"Molino Abajo","state_code":"MEX","country_code":"MX"}},{"type":"Feature","geometry":{"type":"Point","coordinates":[-99.59528,19.10444]},"properties":{"id":72198,"name":"Monte Calvario","state_code":"MEX","country_code":"MX"}},{"type":"Feature","geometry":{"type":"Point","coordinates":[-98.90835,19.45711]},"properties":{"id":72210,"name":"Montecillo","state_code":"MEX","country_code":"MX"}},{"type":"Feature","geometry":{"type":"Point","coordinates":[-99.64687,19.74542]},"properties":{"id":72233,"name":"Morelos","state_code":"MEX","country_code":"MX"}},{"type":"Feature","geometry":{"type":"Point","coordinates":[-99.23963,19.47851]},"properties":{"id":72290,"name":"Naucalpan de Juárez","state_code":"MEX","country_code":"MX"}},{"type":"Feature","geometry":{"type":"Point","coordinates":[-98.84083,18.98028]},"properties":{"id":72311,"name":"Nepantla de Sor Juana Inés de la Cruz","state_code":"MEX","country_code":"MX"}},{"type":"Feature","geometry":{"type":"Point","coordinates":[-99.3068,19.64177]},"properties":{"id":72327,"name":"Nicolás Romero","state_code":"MEX","country_code":"MX"}},{"type":"Feature","geometry":{"type":"Point","coordinates":[-98.71046,19.77829]},"properties":{"id":72347,"name":"Nopaltepec","state_code":"MEX","country_code":"MX"}},{"type":"Feature","geometry":{"type":"Point","coordinates":[-99.50483,19.2979]},"properties":{"id":72358,"name":"Nueva Ameyalco","state_code":"MEX","country_code":"MX"}},{"type":"Feature","geometry":{"type":"Point","coordinates":[-98.96,19.59028]},"properties":{"id":72374,"name":"Nueva Santa Rosa","state_code":"MEX","country_code":"MX"}},{"type":"Feature","geometry":{"type":"Point","coordinates":[-98.89694,19.58972]},"properties":{"id":72449,"name":"Ocopulco","state_code":"MEX","country_code":"MX"}},{"type":"Feature","geometry":{"type":"Point","coordinates":[-99.45787,19.27127]},"properties":{"id":72463,"name":"Ocoyoacac","state_code":"MEX","country_code":"MX"}},{"type":"Feature","geometry":{"type":"Point","coordinates":[-99.58806,19.96333]},"properties":{"id":72468,"name":"Octeyuco Dos Mil","state_code":"MEX","country_code":"MX"}},{"type":"Feature","geometry":{"type":"Point","coordinates":[-99.4091,18.99043]},"properties":{"id":72470,"name":"Ocuilan","state_code":"MEX","country_code":"MX"}},{"type":"Feature","geometry":{"type":"Point","coordinates":[-99.41986,18.97784]},"properties":{"id":72471,"name":"Ocuilan de Arteaga","state_code":"MEX","country_code":"MX"}},{"type":"Feature","geometry":{"type":"Point","coordinates":[-102.22169,19.79654]},"properties":{"id":72474,"name":"Ocumicho","state_code":"MEX","country_code":"MX"}},{"type":"Feature","geometry":{"type":"Point","coordinates":[-99.01,19.68028]},"properties":{"id":72485,"name":"Ojo de Agua","state_code":"MEX","country_code":"MX"}},{"type":"Feature","geometry":{"type":"Point","coordinates":[-98.75638,19.69985]},"properties":{"id":72542,"name":"Otumba","state_code":"MEX","country_code":"MX"}},{"type":"Feature","geometry":{"type":"Point","coordinates":[-100.29684,19.11728]},"properties":{"id":72543,"name":"Otzoloapan","state_code":"MEX","country_code":"MX"}},{"type":"Feature","geometry":{"type":"Point","coordinates":[-99.54407,19.43526]},"properties":{"id":72544,"name":"Otzolotepec","state_code":"MEX","country_code":"MX"}},{"type":"Feature","geometry":{"type":"Point","coordinates":[-98.79319,19.65521]},"properties":{"id":72554,"name":"Oxtotipac","state_code":"MEX","country_code":"MX"}},{"type":"Feature","geometry":{"type":"Point","coordinates":[-98.79516,19.03689]},"properties":{"id":72560,"name":"Ozumba de Alzate","state_code":"MEX","country_code":"MX"}},{"type":"Feature","geometry":{"type":"Point","coordinates":[-100.10033,19.50611]},"properties":{"id":72583,"name":"Palizada","state_code":"MEX","country_code":"MX"}},{"type":"Feature","geometry":{"type":"Point","coordinates":[-100.36852,18.69593]},"properties":{"id":72588,"name":"Palmar Chico","state_code":"MEX","country_code":"MX"}},{"type":"Feature","geometry":{"type":"Point","coordinates":[-99.95028,19.69361]},"properties":{"id":72600,"name":"Palmillas","state_code":"MEX","country_code":"MX"}},{"type":"Feature","geometry":{"type":"Point","coordinates":[-99.91667,19.53944]},"properties":{"id":72615,"name":"Palos Amarillos (Palos Amarillos Yebuciví)","state_code":"MEX","country_code":"MX"}},{"type":"Feature","geometry":{"type":"Point","coordinates":[-98.85681,19.56341]},"properties":{"id":72633,"name":"Papalotla","state_code":"MEX","country_code":"MX"}},{"type":"Feature","geometry":{"type":"Point","coordinates":[-99.32694,19.39944]},"properties":{"id":72647,"name":"Paraje el Mirador","state_code":"MEX","country_code":"MX"}},{"type":"Feature","geometry":{"type":"Point","coordinates":[-99.345,19.38056]},"properties":{"id":72648,"name":"Paraje la Pera","state_code":"MEX","country_code":"MX"}},{"type":"Feature","geometry":{"type":"Point","coordinates":[-99.31222,19.40556]},"properties":{"id":72646,"name":"Paraje Trejo (El Chaparral)","state_code":"MEX","country_code":"MX"}},{"type":"Feature","geometry":{"type":"Point","coordinates":[-99.0175,19.78194]},"properties":{"id":72669,"name":"Paseos de San Juan","state_code":"MEX","country_code":"MX"}},{"type":"Feature","geometry":{"type":"Point","coordinates":[-99.83957,19.92695]},"properties":{"id":72706,"name":"Pathé","state_code":"MEX","country_code":"MX"}},{"type":"Feature","geometry":{"type":"Point","coordinates":[-102.34761,17.9817]},"properties":{"id":72809,"name":"Playa Azul","state_code":"MEX","country_code":"MX"}},{"type":"Feature","geometry":{"type":"Point","coordinates":[-99.43444,18.92944]},"properties":{"id":72817,"name":"Plaza Nueva","state_code":"MEX","country_code":"MX"}},{"type":"Feature","geometry":{"type":"Point","coordinates":[-98.99091,19.41612]},"properties":{"id":72843,"name":"Polígonos","state_code":"MEX","country_code":"MX"}},{"type":"Feature","geometry":{"type":"Point","coordinates":[-99.82205,20.21988]},"properties":{"id":72838,"name":"Polotitlán","state_code":"MEX","country_code":"MX"}},{"type":"Feature","geometry":{"type":"Point","coordinates":[-99.81537,20.2253]},"properties":{"id":72839,"name":"Polotitlán de la Ilustración","state_code":"MEX","country_code":"MX"}},{"type":"Feature","geometry":{"type":"Point","coordinates":[-100.08,19.23611]},"properties":{"id":72841,"name":"Polvillos (San Bartolo Quinta Sección)","state_code":"MEX","country_code":"MX"}},{"type":"Feature","geometry":{"type":"Point","coordinates":[-98.78087,19.0651]},"properties":{"id":72849,"name":"Popo Park","state_code":"MEX","country_code":"MX"}},{"type":"Feature","geometry":{"type":"Point","coordinates":[-99.72684,18.92875]},"properties":{"id":72852,"name":"Porfirío Díaz","state_code":"MEX","country_code":"MX"}},{"type":"Feature","geometry":{"type":"Point","coordinates":[-99.60306,19.47417]},"properties":{"id":72860,"name":"Pothé","state_code":"MEX","country_code":"MX"}},{"type":"Feature","geometry":{"type":"Point","coordinates":[-101.65747,20.25414]},"properties":{"id":72868,"name":"Potreros","state_code":"MEX","country_code":"MX"}},{"type":"Feature","geometry":{"type":"Point","coordinates":[-98.97519,19.63998]},"properties":{"id":72881,"name":"Prados de San Juan","state_code":"MEX","country_code":"MX"}},{"type":"Feature","geometry":{"type":"Point","coordinates":[-99.08366,19.72154]},"properties":{"id":72880,"name":"Prados San Francisco","state_code":"MEX","country_code":"MX"}},{"type":"Feature","geometry":{"type":"Point","coordinates":[-99.77556,18.9025]},"properties":{"id":72897,"name":"Primera de Analco","state_code":"MEX","country_code":"MX"}},{"type":"Feature","geometry":{"type":"Point","coordinates":[-98.93889,19.37222]},"properties":{"id":72906,"name":"Profesor Carlos Hank González","state_code":"MEX","country_code":"MX"}},{"type":"Feature","geometry":{"type":"Point","coordinates":[-99.35687,19.63635]},"properties":{"id":72917,"name":"Progreso Industrial","state_code":"MEX","country_code":"MX"}},{"type":"Feature","geometry":{"type":"Point","coordinates":[-99.6175,19.67419]},"properties":{"id":72939,"name":"Pueblo Nuevo","state_code":"MEX","country_code":"MX"}},{"type":"Feature","geometry":{"type":"Point","coordinates":[-99.50167,19.39222]},"properties":{"id":72944,"name":"Pueblo Nuevo Tlalmimilolpan","state_code":"MEX","country_code":"MX"}},{"type":"Feature","geometry":{"type":"Point","coordinates":[-99.97806,20.02568]},"properties":{"id":72958,"name":"Puentecillas","state_code":"MEX","country_code":"MX"}},{"type":"Feature","geometry":{"type":"Point","coordinates":[-99.09806,19.55194]},"properties":{"id":72969,"name":"Puerto Escondido (Tepeolulco Puerto Escondido)","state_code":"MEX","country_code":"MX"}},{"type":"Feature","geometry":{"type":"Point","coordinates":[-100.00211,19.69159]},"properties":{"id":72994,"name":"Purísima Concepción Mayorazgo","state_code":"MEX","country_code":"MX"}},{"type":"Feature","geometry":{"type":"Point","coordinates":[-99.59694,18.94056]},"properties":{"id":73029,"name":"Quetzalapa","state_code":"MEX","country_code":"MX"}},{"type":"Feature","geometry":{"type":"Point","coordinates":[-99.41806,19.62222]},"properties":{"id":73039,"name":"Quinto Barrio (Ejido Cahuacán)","state_code":"MEX","country_code":"MX"}},{"type":"Feature","geometry":{"type":"Point","coordinates":[-99.68361,19.62528]},"properties":{"id":73055,"name":"Rancho Alegre","state_code":"MEX","country_code":"MX"}},{"type":"Feature","geometry":{"type":"Point","coordinates":[-100.13659,18.89947]},"properties":{"id":73121,"name":"Rincón de Aguirre","state_code":"MEX","country_code":"MX"}},{"type":"Feature","geometry":{"type":"Point","coordinates":[-99.99648,19.27404]},"properties":{"id":73127,"name":"Rincón de Guadalupe","state_code":"MEX","country_code":"MX"}},{"type":"Feature","geometry":{"type":"Point","coordinates":[-100.16536,18.89844]},"properties":{"id":73129,"name":"Rincón de Jaimes","state_code":"MEX","country_code":"MX"}},{"type":"Feature","geometry":{"type":"Point","coordinates":[-100.03022,19.73932]},"properties":{"id":73135,"name":"Rincón de los Pirules","state_code":"MEX","country_code":"MX"}},{"type":"Feature","geometry":{"type":"Point","coordinates":[-99.29083,19.49639]},"properties":{"id":73120,"name":"Rincón Verde","state_code":"MEX","country_code":"MX"}},{"type":"Feature","geometry":{"type":"Point","coordinates":[-98.67057,19.35336]},"properties":{"id":73174,"name":"Río Frío de Juárez","state_code":"MEX","country_code":"MX"}},{"type":"Feature","geometry":{"type":"Point","coordinates":[-99.85,19.43333]},"properties":{"id":73218,"name":"Salitrillo","state_code":"MEX","country_code":"MX"}},{"type":"Feature","geometry":{"type":"Point","coordinates":[-99.93913,18.94224]},"properties":{"id":73238,"name":"San Agustín","state_code":"MEX","country_code":"MX"}},{"type":"Feature","geometry":{"type":"Point","coordinates":[-100.01048,19.40272]},"properties":{"id":73243,"name":"San Agustín Berros","state_code":"MEX","country_code":"MX"}},{"type":"Feature","geometry":{"type":"Point","coordinates":[-99.4896,20.04337]},"properties":{"id":73244,"name":"San Agustín Buenavista","state_code":"MEX","country_code":"MX"}},{"type":"Feature","geometry":{"type":"Point","coordinates":[-99.80222,19.48025]},"properties":{"id":73246,"name":"San Agustín Citlali","state_code":"MEX","country_code":"MX"}},{"type":"Feature","geometry":{"type":"Point","coordinates":[-100.14911,19.32607]},"properties":{"id":73260,"name":"San Agustín de las Palmas","state_code":"MEX","country_code":"MX"}},{"type":"Feature","geometry":{"type":"Point","coordinates":[-99.4636,19.42]},"properties":{"id":73248,"name":"San Agustín Huitzizilapan","state_code":"MEX","country_code":"MX"}},{"type":"Feature","geometry":{"type":"Point","coordinates":[-99.92654,19.63292]},"properties":{"id":73251,"name":"San Agustín Mextepec","state_code":"MEX","country_code":"MX"}},{"type":"Feature","geometry":{"type":"Point","coordinates":[-99.55626,19.45069]},"properties":{"id":73252,"name":"San Agustín Mimbres","state_code":"MEX","country_code":"MX"}},{"type":"Feature","geometry":{"type":"Point","coordinates":[-99.72922,18.83857]},"properties":{"id":73264,"name":"San Alejo","state_code":"MEX","country_code":"MX"}},{"type":"Feature","geometry":{"type":"Point","coordinates":[-98.79202,19.55653]},"properties":{"id":73307,"name":"San Andrés de las Peras","state_code":"MEX","country_code":"MX"}},{"type":"Feature","geometry":{"type":"Point","coordinates":[-99.97403,19.03766]},"properties":{"id":73308,"name":"San Andrés de los Gama","state_code":"MEX","country_code":"MX"}},{"type":"Feature","geometry":{"type":"Point","coordinates":[-99.8686,19.58104]},"properties":{"id":73309,"name":"San Andrés del Pedregal","state_code":"MEX","country_code":"MX"}},{"type":"Feature","geometry":{"type":"Point","coordinates":[-98.84167,19.21695]},"properties":{"id":73285,"name":"San Andrés Metla","state_code":"MEX","country_code":"MX"}},{"type":"Feature","geometry":{"type":"Point","coordinates":[-99.46528,18.76778]},"properties":{"id":73287,"name":"San Andrés Nicolás Bravo","state_code":"MEX","country_code":"MX"}},{"type":"Feature","geometry":{"type":"Point","coordinates":[-100.04667,18.90361]},"properties":{"id":73288,"name":"San Andrés Ocotepec","state_code":"MEX","country_code":"MX"}},{"type":"Feature","geometry":{"type":"Point","coordinates":[-99.91972,18.89833]},"properties":{"id":73297,"name":"San Andrés Tepetitlán","state_code":"MEX","country_code":"MX"}},{"type":"Feature","geometry":{"type":"Point","coordinates":[-99.73375,19.8761]},"properties":{"id":73298,"name":"San Andrés Timilpan","state_code":"MEX","country_code":"MX"}},{"type":"Feature","geometry":{"type":"Point","coordinates":[-98.80778,18.96694]},"properties":{"id":73299,"name":"San Andrés Tlalamac","state_code":"MEX","country_code":"MX"}},{"type":"Feature","geometry":{"type":"Point","coordinates":[-99.77169,19.274]},"properties":{"id":73319,"name":"San Antonio Acahualco","state_code":"MEX","country_code":"MX"}},{"type":"Feature","geometry":{"type":"Point","coordinates":[-99.72686,19.49226]},"properties":{"id":73323,"name":"San Antonio Bonixi","state_code":"MEX","country_code":"MX"}},{"type":"Feature","geometry":{"type":"Point","coordinates":[-99.71194,19.26083]},"properties":{"id":73324,"name":"San Antonio Buenavista","state_code":"MEX","country_code":"MX"}},{"type":"Feature","geometry":{"type":"Point","coordinates":[-100.07179,19.30134]},"properties":{"id":73369,"name":"San Antonio de la Laguna","state_code":"MEX","country_code":"MX"}},{"type":"Feature","geometry":{"type":"Point","coordinates":[-99.97111,19.56222]},"properties":{"id":73371,"name":"San Antonio de las Huertas","state_code":"MEX","country_code":"MX"}},{"type":"Feature","geometry":{"type":"Point","coordinates":[-98.85684,19.71806]},"properties":{"id":73373,"name":"San Antonio de las Palmas","state_code":"MEX","country_code":"MX"}},{"type":"Feature","geometry":{"type":"Point","coordinates":[-100.30874,18.40012]},"properties":{"id":73382,"name":"San Antonio del Rosario","state_code":"MEX","country_code":"MX"}},{"type":"Feature","geometry":{"type":"Point","coordinates":[-99.495,19.2775]},"properties":{"id":73385,"name":"San Antonio el Llanito","state_code":"MEX","country_code":"MX"}},{"type":"Feature","geometry":{"type":"Point","coordinates":[-99.81667,19.75472]},"properties":{"id":73333,"name":"San Antonio Enchisi","state_code":"MEX","country_code":"MX"}},{"type":"Feature","geometry":{"type":"Point","coordinates":[-102.5559,19.94592]},"properties":{"id":73335,"name":"San Antonio Guaracha","state_code":"MEX","country_code":"MX"}},{"type":"Feature","geometry":{"type":"Point","coordinates":[-99.554,19.17317]},"properties":{"id":73388,"name":"San Antonio la Isla","state_code":"MEX","country_code":"MX"}},{"type":"Feature","geometry":{"type":"Point","coordinates":[-99.68472,19.67472]},"properties":{"id":73341,"name":"San Antonio Nixini","state_code":"MEX","country_code":"MX"}},{"type":"Feature","geometry":{"type":"Point","coordinates":[-100.08622,19.99965]},"properties":{"id":73349,"name":"San Antonio Solís","state_code":"MEX","country_code":"MX"}},{"type":"Feature","geometry":{"type":"Point","coordinates":[-98.76895,19.15795]},"properties":{"id":73357,"name":"San Antonio Tlaltecahuacán","state_code":"MEX","country_code":"MX"}},{"type":"Feature","geometry":{"type":"Point","coordinates":[-99.10722,19.69167]},"properties":{"id":73361,"name":"San Antonio Xahuento","state_code":"MEX","country_code":"MX"}},{"type":"Feature","geometry":{"type":"Point","coordinates":[-99.56136,19.1917]},"properties":{"id":73398,"name":"San Bartolito Tlaltelolco","state_code":"MEX","country_code":"MX"}},{"type":"Feature","geometry":{"type":"Point","coordinates":[-100.05329,19.24496]},"properties":{"id":73399,"name":"San Bartolo","state_code":"MEX","country_code":"MX"}},{"type":"Feature","geometry":{"type":"Point","coordinates":[-99.01044,19.8151]},"properties":{"id":73403,"name":"San Bartolo Cuautlalpan","state_code":"MEX","country_code":"MX"}},{"type":"Feature","geometry":{"type":"Point","coordinates":[-99.74099,19.59069]},"properties":{"id":73412,"name":"San Bartolo del Llano","state_code":"MEX","country_code":"MX"}},{"type":"Feature","geometry":{"type":"Point","coordinates":[-99.8275,19.30528]},"properties":{"id":73413,"name":"San Bartolo del Llano (San Isidro)","state_code":"MEX","country_code":"MX"}},{"type":"Feature","geometry":{"type":"Point","coordinates":[-99.40409,19.10156]},"properties":{"id":73414,"name":"San Bartolo del Progreso","state_code":"MEX","country_code":"MX"}},{"type":"Feature","geometry":{"type":"Point","coordinates":[-99.82389,19.29889]},"properties":{"id":73415,"name":"San Bartolo el Viejo","state_code":"MEX","country_code":"MX"}},{"type":"Feature","geometry":{"type":"Point","coordinates":[-99.89389,19.86639]},"properties":{"id":73405,"name":"San Bartolo Lanzados","state_code":"MEX","country_code":"MX"}},{"type":"Feature","geometry":{"type":"Point","coordinates":[-99.66879,19.78643]},"properties":{"id":73406,"name":"San Bartolo Morelos","state_code":"MEX","country_code":"MX"}},{"type":"Feature","geometry":{"type":"Point","coordinates":[-99.61347,19.61902]},"properties":{"id":73407,"name":"San Bartolo Oxtotitlán","state_code":"MEX","country_code":"MX"}},{"type":"Feature","geometry":{"type":"Point","coordinates":[-99.67856,19.00944]},"properties":{"id":73418,"name":"San Bartolomé","state_code":"MEX","country_code":"MX"}},{"type":"Feature","geometry":{"type":"Point","coordinates":[-99.60981,19.06963]},"properties":{"id":73420,"name":"San Bartolomé Atlatlahuca","state_code":"MEX","country_code":"MX"}},{"type":"Feature","geometry":{"type":"Point","coordinates":[-99.31211,19.39776]},"properties":{"id":73422,"name":"San Bartolomé Coatepec","state_code":"MEX","country_code":"MX"}},{"type":"Feature","geometry":{"type":"Point","coordinates":[-98.89635,19.47667]},"properties":{"id":73434,"name":"San Bernardino","state_code":"MEX","country_code":"MX"}},{"type":"Feature","geometry":{"type":"Point","coordinates":[-98.79288,19.56179]},"properties":{"id":73443,"name":"San Bernardo Tlalmimilolpan","state_code":"MEX","country_code":"MX"}},{"type":"Feature","geometry":{"type":"Point","coordinates":[-98.86306,19.3025]},"properties":{"id":73452,"name":"San Buenaventura","state_code":"MEX","country_code":"MX"}},{"type":"Feature","geometry":{"type":"Point","coordinates":[-99.68722,19.38583]},"properties":{"id":73462,"name":"San Carlos Autopan","state_code":"MEX","country_code":"MX"}},{"type":"Feature","geometry":{"type":"Point","coordinates":[-98.93053,19.5801]},"properties":{"id":73481,"name":"San Cristóbal Nexquipayac","state_code":"MEX","country_code":"MX"}},{"type":"Feature","geometry":{"type":"Point","coordinates":[-99.5853,18.97291]},"properties":{"id":73491,"name":"San Diego","state_code":"MEX","country_code":"MX"}},{"type":"Feature","geometry":{"type":"Point","coordinates":[-100.00684,19.50795]},"properties":{"id":73497,"name":"San Diego del Cerrito","state_code":"MEX","country_code":"MX"}},{"type":"Feature","geometry":{"type":"Point","coordinates":[-98.76336,19.09276]},"properties":{"id":73493,"name":"San Diego Huehuecalco","state_code":"MEX","country_code":"MX"}},{"type":"Feature","geometry":{"type":"Point","coordinates":[-99.63333,19.14472]},"properties":{"id":73499,"name":"San Diego la Huerta","state_code":"MEX","country_code":"MX"}},{"type":"Feature","geometry":{"type":"Point","coordinates":[-99.61222,19.37611]},"properties":{"id":73501,"name":"San Diego los Padres Cuexcontitlán Sección 5 B","state_code":"MEX","country_code":"MX"}},{"type":"Feature","geometry":{"type":"Point","coordinates":[-99.60675,19.85902]},"properties":{"id":73515,"name":"San Felipe Coamango","state_code":"MEX","country_code":"MX"}},{"type":"Feature","geometry":{"type":"Point","coordinates":[-99.95197,19.7144]},"properties":{"id":73531,"name":"San Felipe del Progreso","state_code":"MEX","country_code":"MX"}},{"type":"Feature","geometry":{"type":"Point","coordinates":[-99.42113,19.20266]},"properties":{"id":73532,"name":"San Felipe el Mirasol","state_code":"MEX","country_code":"MX"}},{"type":"Feature","geometry":{"type":"Point","coordinates":[-99.75833,19.76778]},"properties":{"id":73520,"name":"San Felipe Pueblo Nuevo","state_code":"MEX","country_code":"MX"}},{"type":"Feature","geometry":{"type":"Point","coordinates":[-100.10639,19.39039]},"properties":{"id":73522,"name":"San Felipe Santiago","state_code":"MEX","country_code":"MX"}},{"type":"Feature","geometry":{"type":"Point","coordinates":[-99.64215,19.23934]},"properties":{"id":73527,"name":"San Felipe Tlalmimilolpan","state_code":"MEX","country_code":"MX"}},{"type":"Feature","geometry":{"type":"Point","coordinates":[-99.64723,18.94931]},"properties":{"id":73545,"name":"San Francisco","state_code":"MEX","country_code":"MX"}},{"type":"Feature","geometry":{"type":"Point","coordinates":[-98.86034,19.34564]},"properties":{"id":73549,"name":"San Francisco Acuautla","state_code":"MEX","country_code":"MX"}},{"type":"Feature","geometry":{"type":"Point","coordinates":[-99.35694,19.36583]},"properties":{"id":73551,"name":"San Francisco Ayotuzco","state_code":"MEX","country_code":"MX"}},{"type":"Feature","geometry":{"type":"Point","coordinates":[-99.82167,19.77]},"properties":{"id":73553,"name":"San Francisco Chalchihuapan","state_code":"MEX","country_code":"MX"}},{"type":"Feature","geometry":{"type":"Point","coordinates":[-99.74877,19.68044]},"properties":{"id":73554,"name":"San Francisco Chejé","state_code":"MEX","country_code":"MX"}},{"type":"Feature","geometry":{"type":"Point","coordinates":[-99.61925,19.26755]},"properties":{"id":73561,"name":"San Francisco Cuaxusco","state_code":"MEX","country_code":"MX"}},{"type":"Feature","geometry":{"type":"Point","coordinates":[-99.77472,19.62028]},"properties":{"id":73612,"name":"San Francisco de Guzmán","state_code":"MEX","country_code":"MX"}},{"type":"Feature","geometry":{"type":"Point","coordinates":[-99.348,19.6854]},"properties":{"id":73577,"name":"San Francisco Magú","state_code":"MEX","country_code":"MX"}},{"type":"Feature","geometry":{"type":"Point","coordinates":[-98.83442,19.69142]},"properties":{"id":73578,"name":"San Francisco Mazapa","state_code":"MEX","country_code":"MX"}},{"type":"Feature","geometry":{"type":"Point","coordinates":[-100.0983,19.24507]},"properties":{"id":73579,"name":"San Francisco Mihualtepec","state_code":"MEX","country_code":"MX"}},{"type":"Feature","geometry":{"type":"Point","coordinates":[-99.90273,19.16926]},"properties":{"id":73583,"name":"San Francisco Oxtotilpan","state_code":"MEX","country_code":"MX"}},{"type":"Feature","geometry":{"type":"Point","coordinates":[-99.63556,19.12778]},"properties":{"id":73589,"name":"San Francisco Putla","state_code":"MEX","country_code":"MX"}},{"type":"Feature","geometry":{"type":"Point","coordinates":[-100.04506,19.92969]},"properties":{"id":73591,"name":"San Francisco Solis","state_code":"MEX","country_code":"MX"}},{"type":"Feature","geometry":{"type":"Point","coordinates":[-99.11616,19.71259]},"properties":{"id":73595,"name":"San Francisco Tenopalco","state_code":"MEX","country_code":"MX"}},{"type":"Feature","geometry":{"type":"Point","coordinates":[-99.98834,19.83291]},"properties":{"id":73596,"name":"San Francisco Tepeolulco","state_code":"MEX","country_code":"MX"}},{"type":"Feature","geometry":{"type":"Point","coordinates":[-99.54783,19.06043]},"properties":{"id":73597,"name":"San Francisco Tepexoxica","state_code":"MEX","country_code":"MX"}},{"type":"Feature","geometry":{"type":"Point","coordinates":[-99.76771,19.29474]},"properties":{"id":73601,"name":"San Francisco Tlalcilalcalpan","state_code":"MEX","country_code":"MX"}},{"type":"Feature","geometry":{"type":"Point","coordinates":[-98.775,19.65833]},"properties":{"id":73602,"name":"San Francisco Tlaltica","state_code":"MEX","country_code":"MX"}},{"type":"Feature","geometry":{"type":"Point","coordinates":[-99.4453,19.37291]},"properties":{"id":73605,"name":"San Francisco Xochicuautla","state_code":"MEX","country_code":"MX"}},{"type":"Feature","geometry":{"type":"Point","coordinates":[-100.124,19.25782]},"properties":{"id":73628,"name":"San Gabriel Ixtla","state_code":"MEX","country_code":"MX"}},{"type":"Feature","geometry":{"type":"Point","coordinates":[-99.55194,19.01306]},"properties":{"id":73631,"name":"San Gabriel Zepayautla","state_code":"MEX","country_code":"MX"}},{"type":"Feature","geometry":{"type":"Point","coordinates":[-99.54861,18.7775]},"properties":{"id":73634,"name":"San Gaspar","state_code":"MEX","country_code":"MX"}},{"type":"Feature","geometry":{"type":"Point","coordinates":[-99.66917,18.80671]},"properties":{"id":73636,"name":"San Gaspar Tonatico","state_code":"MEX","country_code":"MX"}},{"type":"Feature","geometry":{"type":"Point","coordinates":[-98.85742,19.25962]},"properties":{"id":73644,"name":"San Gregorio Cuautzingo","state_code":"MEX","country_code":"MX"}},{"type":"Feature","geometry":{"type":"Point","coordinates":[-99.78583,19.56111]},"properties":{"id":73657,"name":"San Ildefonso","state_code":"MEX","country_code":"MX"}},{"type":"Feature","geometry":{"type":"Point","coordinates":[-98.95056,19.33972]},"properties":{"id":73668,"name":"San Isidro","state_code":"MEX","country_code":"MX"}},{"type":"Feature","geometry":{"type":"Point","coordinates":[-99.77889,19.30694]},"properties":{"id":73672,"name":"San Isidro (El Reservado)","state_code":"MEX","country_code":"MX"}},{"type":"Feature","geometry":{"type":"Point","coordinates":[-99.89083,19.60111]},"properties":{"id":73675,"name":"San Isidro Boxipe","state_code":"MEX","country_code":"MX"}},{"type":"Feature","geometry":{"type":"Point","coordinates":[-99.32308,19.36288]},"properties":{"id":73692,"name":"San Jacinto","state_code":"MEX","country_code":"MX"}},{"type":"Feature","geometry":{"type":"Point","coordinates":[-100.02224,19.24255]},"properties":{"id":73700,"name":"San Jerónimo","state_code":"MEX","country_code":"MX"}},{"type":"Feature","geometry":{"type":"Point","coordinates":[-98.75673,19.51791]},"properties":{"id":73703,"name":"San Jerónimo Amanalco","state_code":"MEX","country_code":"MX"}},{"type":"Feature","geometry":{"type":"Point","coordinates":[-99.94949,19.63106]},"properties":{"id":73705,"name":"San Jerónimo Bonchete","state_code":"MEX","country_code":"MX"}},{"type":"Feature","geometry":{"type":"Point","coordinates":[-98.84167,19.29306]},"properties":{"id":73710,"name":"San Jerónimo Cuatro Vientos","state_code":"MEX","country_code":"MX"}},{"type":"Feature","geometry":{"type":"Point","coordinates":[-99.92333,19.87861]},"properties":{"id":73726,"name":"San Jerónimo de los Jarros","state_code":"MEX","country_code":"MX"}},{"type":"Feature","geometry":{"type":"Point","coordinates":[-99.76779,19.53872]},"properties":{"id":73711,"name":"San Jerónimo Ixtapantongo","state_code":"MEX","country_code":"MX"}},{"type":"Feature","geometry":{"type":"Point","coordinates":[-100.2029,19.31494]},"properties":{"id":73719,"name":"San Jerónimo Totoltepec","state_code":"MEX","country_code":"MX"}},{"type":"Feature","geometry":{"type":"Point","coordinates":[-98.82739,19.54043]},"properties":{"id":73729,"name":"San Joaquín Coapango","state_code":"MEX","country_code":"MX"}},{"type":"Feature","geometry":{"type":"Point","coordinates":[-99.90161,19.41967]},"properties":{"id":73730,"name":"San Joaquín del Monte","state_code":"MEX","country_code":"MX"}},{"type":"Feature","geometry":{"type":"Point","coordinates":[-99.62778,19.25417]},"properties":{"id":73732,"name":"San Jorge Pueblo Nuevo","state_code":"MEX","country_code":"MX"}},{"type":"Feature","geometry":{"type":"Point","coordinates":[-99.72,19.27583]},"properties":{"id":73746,"name":"San José Barbabosa","state_code":"MEX","country_code":"MX"}},{"type":"Feature","geometry":{"type":"Point","coordinates":[-99.72861,19.70167]},"properties":{"id":73747,"name":"San José Boqui","state_code":"MEX","country_code":"MX"}},{"type":"Feature","geometry":{"type":"Point","coordinates":[-99.54831,18.85862]},"properties":{"id":73755,"name":"San José Chalmita","state_code":"MEX","country_code":"MX"}},{"type":"Feature","geometry":{"type":"Point","coordinates":[-99.7923,18.93443]},"properties":{"id":73838,"name":"San José del Progreso","state_code":"MEX","country_code":"MX"}},{"type":"Feature","geometry":{"type":"Point","coordinates":[-99.19667,19.72056]},"properties":{"id":73840,"name":"San José del Puente","state_code":"MEX","country_code":"MX"}},{"type":"Feature","geometry":{"type":"Point","coordinates":[-100.15315,19.66216]},"properties":{"id":73841,"name":"San José del Rincón Centro","state_code":"MEX","country_code":"MX"}},{"type":"Feature","geometry":{"type":"Point","coordinates":[-99.66627,19.60263]},"properties":{"id":73843,"name":"San José del Sitio","state_code":"MEX","country_code":"MX"}},{"type":"Feature","geometry":{"type":"Point","coordinates":[-99.84,19.79056]},"properties":{"id":73846,"name":"San José del Tunal","state_code":"MEX","country_code":"MX"}},{"type":"Feature","geometry":{"type":"Point","coordinates":[-99.57722,18.95972]},"properties":{"id":73848,"name":"San José el Cuartel","state_code":"MEX","country_code":"MX"}},{"type":"Feature","geometry":{"type":"Point","coordinates":[-99.38417,19.65333]},"properties":{"id":73852,"name":"San José el Vidrio","state_code":"MEX","country_code":"MX"}},{"type":"Feature","geometry":{"type":"Point","coordinates":[-99.59194,19.34472]},"properties":{"id":73765,"name":"San José Guadalupe Otzacatipan","state_code":"MEX","country_code":"MX"}},{"type":"Feature","geometry":{"type":"Point","coordinates":[-99.67052,19.47936]},"properties":{"id":73856,"name":"San José las Lomas","state_code":"MEX","country_code":"MX"}},{"type":"Feature","geometry":{"type":"Point","coordinates":[-98.93368,19.36724]},"properties":{"id":73857,"name":"San José las Palmas","state_code":"MEX","country_code":"MX"}},{"type":"Feature","geometry":{"type":"Point","coordinates":[-99.455,19.16306]},"properties":{"id":73774,"name":"San José Mezapa Sección I","state_code":"MEX","country_code":"MX"}},{"type":"Feature","geometry":{"type":"Point","coordinates":[-99.63111,19.43528]},"properties":{"id":73779,"name":"San José Pathé","state_code":"MEX","country_code":"MX"}},{"type":"Feature","geometry":{"type":"Point","coordinates":[-99.35889,19.43139]},"properties":{"id":73785,"name":"San José Tejamanil","state_code":"MEX","country_code":"MX"}},{"type":"Feature","geometry":{"type":"Point","coordinates":[-99.54306,18.95028]},"properties":{"id":73789,"name":"San José Tenería (Tenería)","state_code":"MEX","country_code":"MX"}},{"type":"Feature","geometry":{"type":"Point","coordinates":[-98.80611,18.98583]},"properties":{"id":73794,"name":"San José Tlacotitlán","state_code":"MEX","country_code":"MX"}},{"type":"Feature","geometry":{"type":"Point","coordinates":[-99.93736,19.86803]},"properties":{"id":73796,"name":"San José Toxi","state_code":"MEX","country_code":"MX"}},{"type":"Feature","geometry":{"type":"Point","coordinates":[-100.1485,19.37521]},"properties":{"id":73799,"name":"San José Villa de Allende","state_code":"MEX","country_code":"MX"}},{"type":"Feature","geometry":{"type":"Point","coordinates":[-100.0304,19.24677]},"properties":{"id":73859,"name":"San Juan","state_code":"MEX","country_code":"MX"}},{"type":"Feature","geometry":{"type":"Point","coordinates":[-100.18491,19.16736]},"properties":{"id":73867,"name":"San Juan Atezcapan","state_code":"MEX","country_code":"MX"}},{"type":"Feature","geometry":{"type":"Point","coordinates":[-99.96861,19.75306]},"properties":{"id":73879,"name":"San Juan Coajomulco","state_code":"MEX","country_code":"MX"}},{"type":"Feature","geometry":{"type":"Point","coordinates":[-99.95913,19.60516]},"properties":{"id":73883,"name":"San Juan Cote Ejido","state_code":"MEX","country_code":"MX"}},{"type":"Feature","geometry":{"type":"Point","coordinates":[-98.84728,19.13932]},"properties":{"id":73885,"name":"San Juan Coxtocan","state_code":"MEX","country_code":"MX"}},{"type":"Feature","geometry":{"type":"Point","coordinates":[-99.52599,20.09838]},"properties":{"id":73888,"name":"San Juan Daxthi","state_code":"MEX","country_code":"MX"}},{"type":"Feature","geometry":{"type":"Point","coordinates":[-99.75834,19.24755]},"properties":{"id":73967,"name":"San Juan de las Huertas","state_code":"MEX","country_code":"MX"}},{"type":"Feature","geometry":{"type":"Point","coordinates":[-99.83833,19.55111]},"properties":{"id":73968,"name":"San Juan de las Manzanas","state_code":"MEX","country_code":"MX"}},{"type":"Feature","geometry":{"type":"Point","coordinates":[-99.91611,19.86194]},"properties":{"id":73970,"name":"San Juan de los Jarros","state_code":"MEX","country_code":"MX"}},{"type":"Feature","geometry":{"type":"Point","coordinates":[-99.93,19.69806]},"properties":{"id":73901,"name":"San Juan Jalpa Centro","state_code":"MEX","country_code":"MX"}},{"type":"Feature","geometry":{"type":"Point","coordinates":[-98.76718,19.05428]},"properties":{"id":73928,"name":"San Juan Tehuixtitlán","state_code":"MEX","country_code":"MX"}},{"type":"Feature","geometry":{"type":"Point","coordinates":[-98.7875,18.98306]},"properties":{"id":73933,"name":"San Juan Tepecoculco","state_code":"MEX","country_code":"MX"}},{"type":"Feature","geometry":{"type":"Point","coordinates":[-98.79056,18.94111]},"properties":{"id":73942,"name":"San Juan Tlacotompa (Tlacotompa)","state_code":"MEX","country_code":"MX"}},{"type":"Feature","geometry":{"type":"Point","coordinates":[-99.40389,19.17222]},"properties":{"id":73943,"name":"San Juan Tomasquillo Herradura","state_code":"MEX","country_code":"MX"}},{"type":"Feature","geometry":{"type":"Point","coordinates":[-98.72691,19.53093]},"properties":{"id":73944,"name":"San Juan Totolapan","state_code":"MEX","country_code":"MX"}},{"type":"Feature","geometry":{"type":"Point","coordinates":[-99.63289,19.85865]},"properties":{"id":73947,"name":"San Juan Tuxtepec","state_code":"MEX","country_code":"MX"}},{"type":"Feature","geometry":{"type":"Point","coordinates":[-100.2593,19.31159]},"properties":{"id":73951,"name":"San Juan Xoconusco","state_code":"MEX","country_code":"MX"}},{"type":"Feature","geometry":{"type":"Point","coordinates":[-98.96073,19.2068]},"properties":{"id":73979,"name":"San Juan y San Pedro Tezompa","state_code":"MEX","country_code":"MX"}},{"type":"Feature","geometry":{"type":"Point","coordinates":[-99.76778,19.93458]},"properties":{"id":73981,"name":"San Juanico Sector Uno","state_code":"MEX","country_code":"MX"}},{"type":"Feature","geometry":{"type":"Point","coordinates":[-99.48222,19.13417]},"properties":{"id":74003,"name":"San Lorenzo Huehuetitlán","state_code":"MEX","country_code":"MX"}},{"type":"Feature","geometry":{"type":"Point","coordinates":[-99.61363,19.6495]},"properties":{"id":74006,"name":"San Lorenzo Malacota","state_code":"MEX","country_code":"MX"}},{"type":"Feature","geometry":{"type":"Point","coordinates":[-99.91222,19.8125]},"properties":{"id":74013,"name":"San Lorenzo Tlacotepec","state_code":"MEX","country_code":"MX"}},{"type":"Feature","geometry":{"type":"Point","coordinates":[-98.87221,19.66731]},"properties":{"id":74015,"name":"San Lorenzo Tlalmimilolpan","state_code":"MEX","country_code":"MX"}},{"type":"Feature","geometry":{"type":"Point","coordinates":[-99.76278,19.50917]},"properties":{"id":74017,"name":"San Lorenzo Toxico","state_code":"MEX","country_code":"MX"}},{"type":"Feature","geometry":{"type":"Point","coordinates":[-99.66056,18.97806]},"properties":{"id":74024,"name":"San Lucas","state_code":"MEX","country_code":"MX"}},{"type":"Feature","geometry":{"type":"Point","coordinates":[-98.86403,19.27046]},"properties":{"id":74025,"name":"San Lucas Amalinalco","state_code":"MEX","country_code":"MX"}},{"type":"Feature","geometry":{"type":"Point","coordinates":[-100.02806,19.10139]},"properties":{"id":74039,"name":"San Lucas del Pulque","state_code":"MEX","country_code":"MX"}},{"type":"Feature","geometry":{"type":"Point","coordinates":[-98.88362,19.58694]},"properties":{"id":74029,"name":"San Lucas Huitzilhuacán","state_code":"MEX","country_code":"MX"}},{"type":"Feature","geometry":{"type":"Point","coordinates":[-99.97194,19.67833]},"properties":{"id":74030,"name":"San Lucas Ocotepec","state_code":"MEX","country_code":"MX"}},{"type":"Feature","geometry":{"type":"Point","coordinates":[-100.17163,19.30065]},"properties":{"id":74035,"name":"San Lucas Texcaltitlán","state_code":"MEX","country_code":"MX"}},{"type":"Feature","geometry":{"type":"Point","coordinates":[-99.89722,20.16333]},"properties":{"id":74037,"name":"San Lucas Totolmaloya","state_code":"MEX","country_code":"MX"}},{"type":"Feature","geometry":{"type":"Point","coordinates":[-99.40029,19.79679]},"properties":{"id":74046,"name":"San Luis Anáhuac (Toriles)","state_code":"MEX","country_code":"MX"}},{"type":"Feature","geometry":{"type":"Point","coordinates":[-99.8558,19.81316]},"properties":{"id":74049,"name":"San Luis Boro","state_code":"MEX","country_code":"MX"}},{"type":"Feature","geometry":{"type":"Point","coordinates":[-99.39861,19.83972]},"properties":{"id":74054,"name":"San Luis Taxhimay","state_code":"MEX","country_code":"MX"}},{"type":"Feature","geometry":{"type":"Point","coordinates":[-99.96041,19.50112]},"properties":{"id":74081,"name":"San Marcos de la Loma","state_code":"MEX","country_code":"MX"}},{"type":"Feature","geometry":{"type":"Point","coordinates":[-98.86369,19.29668]},"properties":{"id":74072,"name":"San Marcos Huixtoco","state_code":"MEX","country_code":"MX"}},{"type":"Feature","geometry":{"type":"Point","coordinates":[-98.93198,19.6693]},"properties":{"id":74073,"name":"San Marcos Nepantla","state_code":"MEX","country_code":"MX"}},{"type":"Feature","geometry":{"type":"Point","coordinates":[-98.76035,18.98152]},"properties":{"id":74074,"name":"San Marcos Tecomaxusco","state_code":"MEX","country_code":"MX"}},{"type":"Feature","geometry":{"type":"Point","coordinates":[-99.7175,19.80611]},"properties":{"id":74076,"name":"San Marcos Tlazalpan","state_code":"MEX","country_code":"MX"}},{"type":"Feature","geometry":{"type":"Point","coordinates":[-99.6791,19.32319]},"properties":{"id":74077,"name":"San Marcos Yachihuacaltepec","state_code":"MEX","country_code":"MX"}},{"type":"Feature","geometry":{"type":"Point","coordinates":[-101.6114,20.2157]},"properties":{"id":74086,"name":"San Martín","state_code":"MEX","country_code":"MX"}},{"type":"Feature","geometry":{"type":"Point","coordinates":[-98.72806,19.68139]},"properties":{"id":74088,"name":"San Martín Ahuatepec","state_code":"MEX","country_code":"MX"}},{"type":"Feature","geometry":{"type":"Point","coordinates":[-98.97278,19.68667]},"properties":{"id":74089,"name":"San Martín Azcatepec","state_code":"MEX","country_code":"MX"}},{"type":"Feature","geometry":{"type":"Point","coordinates":[-99.43124,19.70789]},"properties":{"id":74090,"name":"San Martín Cachihuapan","state_code":"MEX","country_code":"MX"}},{"type":"Feature","geometry":{"type":"Point","coordinates":[-99.57,18.99417]},"properties":{"id":74093,"name":"San Martín Coapaxtongo","state_code":"MEX","country_code":"MX"}},{"type":"Feature","geometry":{"type":"Point","coordinates":[-98.83167,19.27618]},"properties":{"id":74094,"name":"San Martín Cuautlalpan","state_code":"MEX","country_code":"MX"}},{"type":"Feature","geometry":{"type":"Point","coordinates":[-98.83554,19.70582]},"properties":{"id":74113,"name":"San Martín de las Pirámides","state_code":"MEX","country_code":"MX"}},{"type":"Feature","geometry":{"type":"Point","coordinates":[-99.69393,20.07156]},"properties":{"id":74095,"name":"San Martín Ejido","state_code":"MEX","country_code":"MX"}},{"type":"Feature","geometry":{"type":"Point","coordinates":[-100.07472,19.31944]},"properties":{"id":74101,"name":"San Martín Obispo (San Martín San Pedro)","state_code":"MEX","country_code":"MX"}},{"type":"Feature","geometry":{"type":"Point","coordinates":[-99.94667,19.05806]},"properties":{"id":74105,"name":"San Martín Tequesquipan (Tequesquipan)","state_code":"MEX","country_code":"MX"}},{"type":"Feature","geometry":{"type":"Point","coordinates":[-99.70583,19.35194]},"properties":{"id":74110,"name":"San Martín Toltepec","state_code":"MEX","country_code":"MX"}},{"type":"Feature","geometry":{"type":"Point","coordinates":[-99.64669,20.09397]},"properties":{"id":74112,"name":"San Martín Tuchicuitlapilco","state_code":"MEX","country_code":"MX"}},{"type":"Feature","geometry":{"type":"Point","coordinates":[-100.0151,19.2795]},"properties":{"id":74116,"name":"San Mateo","state_code":"MEX","country_code":"MX"}},{"type":"Feature","geometry":{"type":"Point","coordinates":[-99.93478,19.1459]},"properties":{"id":74117,"name":"San Mateo Almomoloha","state_code":"MEX","country_code":"MX"}},{"type":"Feature","geometry":{"type":"Point","coordinates":[-99.53214,19.26757]},"properties":{"id":74119,"name":"San Mateo Atenco","state_code":"MEX","country_code":"MX"}},{"type":"Feature","geometry":{"type":"Point","coordinates":[-99.52611,19.47028]},"properties":{"id":74122,"name":"San Mateo Capulhuac","state_code":"MEX","country_code":"MX"}},{"type":"Feature","geometry":{"type":"Point","coordinates":[-99.68346,18.96163]},"properties":{"id":74124,"name":"San Mateo Coapexco","state_code":"MEX","country_code":"MX"}},{"type":"Feature","geometry":{"type":"Point","coordinates":[-99.9108,19.91441]},"properties":{"id":74143,"name":"San Mateo el Viejo","state_code":"MEX","country_code":"MX"}},{"type":"Feature","geometry":{"type":"Point","coordinates":[-98.92504,19.22906]},"properties":{"id":74126,"name":"San Mateo Huitzilzingo","state_code":"MEX","country_code":"MX"}},{"type":"Feature","geometry":{"type":"Point","coordinates":[-99.17159,19.6992]},"properties":{"id":74127,"name":"San Mateo Ixtacalco","state_code":"MEX","country_code":"MX"}},{"type":"Feature","geometry":{"type":"Point","coordinates":[-99.80098,19.60651]},"properties":{"id":74128,"name":"San Mateo Ixtlahuaca","state_code":"MEX","country_code":"MX"}},{"type":"Feature","geometry":{"type":"Point","coordinates":[-99.55466,19.43414]},"properties":{"id":74129,"name":"San Mateo Mozoquilpan","state_code":"MEX","country_code":"MX"}},{"type":"Feature","geometry":{"type":"Point","coordinates":[-98.79576,19.05315]},"properties":{"id":74137,"name":"San Mateo Tecalco","state_code":"MEX","country_code":"MX"}},{"type":"Feature","geometry":{"type":"Point","coordinates":[-99.46667,19.16667]},"properties":{"id":74138,"name":"San Mateo Texcalyacac","state_code":"MEX","country_code":"MX"}},{"type":"Feature","geometry":{"type":"Point","coordinates":[-99.75769,19.34277]},"properties":{"id":74139,"name":"San Mateo Tlalchichilpan","state_code":"MEX","country_code":"MX"}},{"type":"Feature","geometry":{"type":"Point","coordinates":[-99.24818,19.7065]},"properties":{"id":74140,"name":"San Mateo Xoloc","state_code":"MEX","country_code":"MX"}},{"type":"Feature","geometry":{"type":"Point","coordinates":[-98.85307,19.08487]},"properties":{"id":74146,"name":"San Matías Cuijingo","state_code":"MEX","country_code":"MX"}},{"type":"Feature","geometry":{"type":"Point","coordinates":[-99.66555,18.99105]},"properties":{"id":74149,"name":"San Miguel","state_code":"MEX","country_code":"MX"}},{"type":"Feature","geometry":{"type":"Point","coordinates":[-100.07933,19.63037]},"properties":{"id":74155,"name":"San Miguel Agua Bendita","state_code":"MEX","country_code":"MX"}},{"type":"Feature","geometry":{"type":"Point","coordinates":[-99.79932,19.355]},"properties":{"id":74159,"name":"San Miguel Almoloyan","state_code":"MEX","country_code":"MX"}},{"type":"Feature","geometry":{"type":"Point","coordinates":[-98.93335,19.74884]},"properties":{"id":74165,"name":"San Miguel Atlamajac","state_code":"MEX","country_code":"MX"}},{"type":"Feature","geometry":{"type":"Point","coordinates":[-98.87274,19.44999]},"properties":{"id":74172,"name":"San Miguel Coatlinchán","state_code":"MEX","country_code":"MX"}},{"type":"Feature","geometry":{"type":"Point","coordinates":[-100.10875,19.72067]},"properties":{"id":74234,"name":"San Miguel del Centro","state_code":"MEX","country_code":"MX"}},{"type":"Feature","geometry":{"type":"Point","coordinates":[-99.85962,19.56984]},"properties":{"id":74177,"name":"San Miguel Enyege","state_code":"MEX","country_code":"MX"}},{"type":"Feature","geometry":{"type":"Point","coordinates":[-99.32528,19.59361]},"properties":{"id":74181,"name":"San Miguel Hila","state_code":"MEX","country_code":"MX"}},{"type":"Feature","geometry":{"type":"Point","coordinates":[-100.15245,18.80728]},"properties":{"id":74183,"name":"San Miguel Ixtapan","state_code":"MEX","country_code":"MX"}},{"type":"Feature","geometry":{"type":"Point","coordinates":[-99.05028,19.72306]},"properties":{"id":74184,"name":"San Miguel Jaltocan","state_code":"MEX","country_code":"MX"}},{"type":"Feature","geometry":{"type":"Point","coordinates":[-99.69686,18.88319]},"properties":{"id":74185,"name":"San Miguel Laderas","state_code":"MEX","country_code":"MX"}},{"type":"Feature","geometry":{"type":"Point","coordinates":[-99.46328,19.44829]},"properties":{"id":74187,"name":"San Miguel Mimlapan","state_code":"MEX","country_code":"MX"}},{"type":"Feature","geometry":{"type":"Point","coordinates":[-99.8959,19.1438]},"properties":{"id":74192,"name":"San Miguel Oxtotilpan","state_code":"MEX","country_code":"MX"}},{"type":"Feature","geometry":{"type":"Point","coordinates":[-99.52861,18.97833]},"properties":{"id":74199,"name":"San Miguel Tecomatlán","state_code":"MEX","country_code":"MX"}},{"type":"Feature","geometry":{"type":"Point","coordinates":[-99.39803,19.53213]},"properties":{"id":74200,"name":"San Miguel Tecpan","state_code":"MEX","country_code":"MX"}},{"type":"Feature","geometry":{"type":"Point","coordinates":[-99.9225,19.76028]},"properties":{"id":74206,"name":"San Miguel Tenochtitlán","state_code":"MEX","country_code":"MX"}},{"type":"Feature","geometry":{"type":"Point","coordinates":[-98.81083,19.50958]},"properties":{"id":74213,"name":"San Miguel Tlaixpan","state_code":"MEX","country_code":"MX"}},{"type":"Feature","geometry":{"type":"Point","coordinates":[-99.59417,19.22889]},"properties":{"id":74217,"name":"San Miguel Totocuitlapilco","state_code":"MEX","country_code":"MX"}},{"type":"Feature","geometry":{"type":"Point","coordinates":[-100.0832,19.25265]},"properties":{"id":74222,"name":"San Miguel Xoltepec","state_code":"MEX","country_code":"MX"}},{"type":"Feature","geometry":{"type":"Point","coordinates":[-99.7125,19.54056]},"properties":{"id":74224,"name":"San Miguel Yuxtepec","state_code":"MEX","country_code":"MX"}},{"type":"Feature","geometry":{"type":"Point","coordinates":[-99.56833,18.93333]},"properties":{"id":74252,"name":"San Nicolás","state_code":"MEX","country_code":"MX"}},{"type":"Feature","geometry":{"type":"Point","coordinates":[-99.87146,19.32599]},"properties":{"id":74253,"name":"San Nicolás Amealco","state_code":"MEX","country_code":"MX"}},{"type":"Feature","geometry":{"type":"Point","coordinates":[-100.11753,19.80593]},"properties":{"id":74277,"name":"San Nicolás el Oro","state_code":"MEX","country_code":"MX"}},{"type":"Feature","geometry":{"type":"Point","coordinates":[-100.0308,19.61412]},"properties":{"id":74256,"name":"San Nicolás Guadalupe","state_code":"MEX","country_code":"MX"}},{"type":"Feature","geometry":{"type":"Point","coordinates":[-99.57167,19.35889]},"properties":{"id":74266,"name":"San Nicolás Tolentino","state_code":"MEX","country_code":"MX"}},{"type":"Feature","geometry":{"type":"Point","coordinates":[-98.90763,19.21742]},"properties":{"id":74282,"name":"San Pablo Atlazalpan","state_code":"MEX","country_code":"MX"}},{"type":"Feature","geometry":{"type":"Point","coordinates":[-99.82301,19.79627]},"properties":{"id":74283,"name":"San Pablo Atotonilco","state_code":"MEX","country_code":"MX"}},{"type":"Feature","geometry":{"type":"Point","coordinates":[-99.09477,19.66658]},"properties":{"id":74304,"name":"San Pablo de las Salinas","state_code":"MEX","country_code":"MX"}},{"type":"Feature","geometry":{"type":"Point","coordinates":[-99.24611,19.67722]},"properties":{"id":74306,"name":"San Pablo de los Gallos","state_code":"MEX","country_code":"MX"}},{"type":"Feature","geometry":{"type":"Point","coordinates":[-99.83833,19.64111]},"properties":{"id":74307,"name":"San Pablo de los Remedios","state_code":"MEX","country_code":"MX"}},{"type":"Feature","geometry":{"type":"Point","coordinates":[-99.49126,19.98216]},"properties":{"id":74291,"name":"San Pablo Huantepec","state_code":"MEX","country_code":"MX"}},{"type":"Feature","geometry":{"type":"Point","coordinates":[-98.79522,19.47317]},"properties":{"id":74294,"name":"San Pablo Ixayoc","state_code":"MEX","country_code":"MX"}},{"type":"Feature","geometry":{"type":"Point","coordinates":[-98.78833,19.70944]},"properties":{"id":74295,"name":"San Pablo Ixquitlán","state_code":"MEX","country_code":"MX"}},{"type":"Feature","geometry":{"type":"Point","coordinates":[-98.95837,19.67309]},"properties":{"id":74300,"name":"San Pablo Tecalco","state_code":"MEX","country_code":"MX"}},{"type":"Feature","geometry":{"type":"Point","coordinates":[-99.59111,18.86667]},"properties":{"id":74301,"name":"San Pablo Tejalpa","state_code":"MEX","country_code":"MX"}},{"type":"Feature","geometry":{"type":"Point","coordinates":[-99.567,19.48093]},"properties":{"id":74310,"name":"San Pedro Abajo","state_code":"MEX","country_code":"MX"}},{"type":"Feature","geometry":{"type":"Point","coordinates":[-99.56253,19.48641]},"properties":{"id":74314,"name":"San Pedro Arriba","state_code":"MEX","country_code":"MX"}},{"type":"Feature","geometry":{"type":"Point","coordinates":[-99.55722,19.50083]},"properties":{"id":74315,"name":"San Pedro Arriba 3ra. Sección","state_code":"MEX","country_code":"MX"}},{"type":"Feature","geometry":{"type":"Point","coordinates":[-98.78878,19.57111]},"properties":{"id":74323,"name":"San Pedro Chiautzingo","state_code":"MEX","country_code":"MX"}},{"type":"Feature","geometry":{"type":"Point","coordinates":[-99.48639,19.26444]},"properties":{"id":74326,"name":"San Pedro Cholula","state_code":"MEX","country_code":"MX"}},{"type":"Feature","geometry":{"type":"Point","coordinates":[-99.81778,19.38806]},"properties":{"id":74406,"name":"San Pedro de la Hortaliza (Ejido Almoloyán)","state_code":"MEX","country_code":"MX"}},{"type":"Feature","geometry":{"type":"Point","coordinates":[-99.83533,19.66873]},"properties":{"id":74407,"name":"San Pedro de los Baños","state_code":"MEX","country_code":"MX"}},{"type":"Feature","geometry":{"type":"Point","coordinates":[-99.85827,19.89907]},"properties":{"id":74408,"name":"San Pedro de los Metates","state_code":"MEX","country_code":"MX"}},{"type":"Feature","geometry":{"type":"Point","coordinates":[-100.01353,19.43515]},"properties":{"id":74412,"name":"San Pedro del Rincón","state_code":"MEX","country_code":"MX"}},{"type":"Feature","geometry":{"type":"Point","coordinates":[-99.8125,19.77806]},"properties":{"id":74413,"name":"San Pedro del Rosal","state_code":"MEX","country_code":"MX"}},{"type":"Feature","geometry":{"type":"Point","coordinates":[-99.96731,20.25026]},"properties":{"id":74333,"name":"San Pedro Denxhi Centro","state_code":"MEX","country_code":"MX"}},{"type":"Feature","geometry":{"type":"Point","coordinates":[-99.8805,19.58429]},"properties":{"id":74414,"name":"San Pedro el Alto","state_code":"MEX","country_code":"MX"}},{"type":"Feature","geometry":{"type":"Point","coordinates":[-99.47813,19.40573]},"properties":{"id":74342,"name":"San Pedro Huitzizilapan","state_code":"MEX","country_code":"MX"}},{"type":"Feature","geometry":{"type":"Point","coordinates":[-100.30707,18.582]},"properties":{"id":74350,"name":"San Pedro Limón","state_code":"MEX","country_code":"MX"}},{"type":"Feature","geometry":{"type":"Point","coordinates":[-99.8217,19.62537]},"properties":{"id":74351,"name":"San Pedro Los Baños","state_code":"MEX","country_code":"MX"}},{"type":"Feature","geometry":{"type":"Point","coordinates":[-98.73724,19.08365]},"properties":{"id":74361,"name":"San Pedro Nexapa","state_code":"MEX","country_code":"MX"}},{"type":"Feature","geometry":{"type":"Point","coordinates":[-100.22541,19.80799]},"properties":{"id":74373,"name":"San Pedro Tarímbaro","state_code":"MEX","country_code":"MX"}},{"type":"Feature","geometry":{"type":"Point","coordinates":[-99.79232,19.25809]},"properties":{"id":74376,"name":"San Pedro Tejalpa","state_code":"MEX","country_code":"MX"}},{"type":"Feature","geometry":{"type":"Point","coordinates":[-100.17694,19.04667]},"properties":{"id":74379,"name":"San Pedro Tenayac","state_code":"MEX","country_code":"MX"}},{"type":"Feature","geometry":{"type":"Point","coordinates":[-98.88839,19.62839]},"properties":{"id":74380,"name":"San Pedro Tepetitlán","state_code":"MEX","country_code":"MX"}},{"type":"Feature","geometry":{"type":"Point","coordinates":[-98.75636,19.20959]},"properties":{"id":74424,"name":"San Rafael","state_code":"MEX","country_code":"MX"}},{"type":"Feature","geometry":{"type":"Point","coordinates":[-99.96056,19.48028]},"properties":{"id":74441,"name":"San Roque","state_code":"MEX","country_code":"MX"}},{"type":"Feature","geometry":{"type":"Point","coordinates":[-98.91867,19.5517]},"properties":{"id":74446,"name":"San Salvador Atenco","state_code":"MEX","country_code":"MX"}},{"type":"Feature","geometry":{"type":"Point","coordinates":[-99.59083,19.26028]},"properties":{"id":74449,"name":"San Salvador Tizatlalli","state_code":"MEX","country_code":"MX"}},{"type":"Feature","geometry":{"type":"Point","coordinates":[-99.21441,19.75101]},"properties":{"id":74457,"name":"San Sebastián","state_code":"MEX","country_code":"MX"}},{"type":"Feature","geometry":{"type":"Point","coordinates":[-99.60361,19.72722]},"properties":{"id":74460,"name":"San Sebastián Buenos Aires","state_code":"MEX","country_code":"MX"}},{"type":"Feature","geometry":{"type":"Point","coordinates":[-98.95505,19.38151]},"properties":{"id":74461,"name":"San Sebastián Chimalpa","state_code":"MEX","country_code":"MX"}},{"type":"Feature","geometry":{"type":"Point","coordinates":[-98.84529,19.67653]},"properties":{"id":74474,"name":"San Sebastián Xolalpa","state_code":"MEX","country_code":"MX"}},{"type":"Feature","geometry":{"type":"Point","coordinates":[-100.00645,19.02276]},"properties":{"id":74487,"name":"San Simón de Guerrero","state_code":"MEX","country_code":"MX"}},{"type":"Feature","geometry":{"type":"Point","coordinates":[-100.0807,19.29273]},"properties":{"id":74488,"name":"San Simón de la Laguna","state_code":"MEX","country_code":"MX"}},{"type":"Feature","geometry":{"type":"Point","coordinates":[-99.50344,18.99653]},"properties":{"id":74489,"name":"San Simón el Alto","state_code":"MEX","country_code":"MX"}},{"type":"Feature","geometry":{"type":"Point","coordinates":[-99.54,18.99139]},"properties":{"id":74481,"name":"San Simonito","state_code":"MEX","country_code":"MX"}},{"type":"Feature","geometry":{"type":"Point","coordinates":[-99.64167,20.03722]},"properties":{"id":74495,"name":"San Vicente (Calpulalpan Tercera Manzana)","state_code":"MEX","country_code":"MX"}},{"type":"Feature","geometry":{"type":"Point","coordinates":[-98.80176,19.02381]},"properties":{"id":74497,"name":"San Vicente Chimalhuacán","state_code":"MEX","country_code":"MX"}},{"type":"Feature","geometry":{"type":"Point","coordinates":[-98.98069,19.74807]},"properties":{"id":74515,"name":"Sanata Lucía","state_code":"MEX","country_code":"MX"}},{"type":"Feature","geometry":{"type":"Point","coordinates":[-99.41333,18.9875]},"properties":{"id":74522,"name":"Santa Ana","state_code":"MEX","country_code":"MX"}},{"type":"Feature","geometry":{"type":"Point","coordinates":[-99.8875,19.58472]},"properties":{"id":74535,"name":"Santa Ana Ixtlahuaca (Santa Ana Ixtlahuacingo)","state_code":"MEX","country_code":"MX"}},{"type":"Feature","geometry":{"type":"Point","coordinates":[-99.62361,18.97056]},"properties":{"id":74536,"name":"Santa Ana Ixtlahuatzingo (Santa Ana)","state_code":"MEX","country_code":"MX"}},{"type":"Feature","geometry":{"type":"Point","coordinates":[-99.39477,19.54116]},"properties":{"id":74537,"name":"Santa Ana Jilotzingo","state_code":"MEX","country_code":"MX"}},{"type":"Feature","geometry":{"type":"Point","coordinates":[-99.87,19.59583]},"properties":{"id":74557,"name":"Santa Ana la Ladera","state_code":"MEX","country_code":"MX"}},{"type":"Feature","geometry":{"type":"Point","coordinates":[-99.5127,19.42951]},"properties":{"id":74540,"name":"Santa Ana Mayorazgo","state_code":"MEX","country_code":"MX"}},{"type":"Feature","geometry":{"type":"Point","coordinates":[-99.07496,19.74171]},"properties":{"id":74542,"name":"Santa Ana Nextlalpan","state_code":"MEX","country_code":"MX"}},{"type":"Feature","geometry":{"type":"Point","coordinates":[-99.98905,19.58441]},"properties":{"id":74543,"name":"Santa Ana Nichi Ejido","state_code":"MEX","country_code":"MX"}},{"type":"Feature","geometry":{"type":"Point","coordinates":[-100.22,18.57167]},"properties":{"id":74551,"name":"Santa Ana Zicatecoyan","state_code":"MEX","country_code":"MX"}},{"type":"Feature","geometry":{"type":"Point","coordinates":[-98.92651,19.63659]},"properties":{"id":74576,"name":"Santa Catarina","state_code":"MEX","country_code":"MX"}},{"type":"Feature","geometry":{"type":"Point","coordinates":[-98.92985,19.20948]},"properties":{"id":74581,"name":"Santa Catarina Ayotzingo","state_code":"MEX","country_code":"MX"}},{"type":"Feature","geometry":{"type":"Point","coordinates":[-98.77239,19.48404]},"properties":{"id":74594,"name":"Santa Catarina del Monte","state_code":"MEX","country_code":"MX"}},{"type":"Feature","geometry":{"type":"Point","coordinates":[-99.60695,19.71909]},"properties":{"id":74602,"name":"Santa Clara de Juárez","state_code":"MEX","country_code":"MX"}},{"type":"Feature","geometry":{"type":"Point","coordinates":[-99.98333,18.83333]},"properties":{"id":74609,"name":"Santa Cruz","state_code":"MEX","country_code":"MX"}},{"type":"Feature","geometry":{"type":"Point","coordinates":[-99.48852,19.17692]},"properties":{"id":74618,"name":"Santa Cruz Atizapán","state_code":"MEX","country_code":"MX"}},{"type":"Feature","geometry":{"type":"Point","coordinates":[-99.88667,19.805]},"properties":{"id":74620,"name":"Santa Cruz Bombatevi","state_code":"MEX","country_code":"MX"}},{"type":"Feature","geometry":{"type":"Point","coordinates":[-99.72939,19.24907]},"properties":{"id":74621,"name":"Santa Cruz Cuauhtenco","state_code":"MEX","country_code":"MX"}},{"type":"Feature","geometry":{"type":"Point","coordinates":[-99.22867,19.76702]},"properties":{"id":74650,"name":"Santa Cruz del Monte","state_code":"MEX","country_code":"MX"}},{"type":"Feature","geometry":{"type":"Point","coordinates":[-99.44806,19.39694]},"properties":{"id":74626,"name":"Santa Cruz Huitzizilapan","state_code":"MEX","country_code":"MX"}},{"type":"Feature","geometry":{"type":"Point","coordinates":[-99.95306,19.65972]},"properties":{"id":74629,"name":"Santa Cruz Mextepec","state_code":"MEX","country_code":"MX"}},{"type":"Feature","geometry":{"type":"Point","coordinates":[-99.65806,19.1]},"properties":{"id":74638,"name":"Santa Cruz Pueblo Nuevo (Pueblo Nuevo)","state_code":"MEX","country_code":"MX"}},{"type":"Feature","geometry":{"type":"Point","coordinates":[-99.36667,19.73333]},"properties":{"id":74665,"name":"Santa Gertrudis","state_code":"MEX","country_code":"MX"}},{"type":"Feature","geometry":{"type":"Point","coordinates":[-98.76533,19.15712]},"properties":{"id":74676,"name":"Santa Isabel Chalma","state_code":"MEX","country_code":"MX"}},{"type":"Feature","geometry":{"type":"Point","coordinates":[-98.94667,19.58655]},"properties":{"id":74678,"name":"Santa Isabel Ixtapan","state_code":"MEX","country_code":"MX"}},{"type":"Feature","geometry":{"type":"Point","coordinates":[-99.75063,19.42406]},"properties":{"id":74682,"name":"Santa Juana Centro","state_code":"MEX","country_code":"MX"}},{"type":"Feature","geometry":{"type":"Point","coordinates":[-99.75186,19.39018]},"properties":{"id":74683,"name":"Santa Juana Primera Sección","state_code":"MEX","country_code":"MX"}},{"type":"Feature","geometry":{"type":"Point","coordinates":[-99.38683,19.02749]},"properties":{"id":74686,"name":"Santa Lucía","state_code":"MEX","country_code":"MX"}},{"type":"Feature","geometry":{"type":"Point","coordinates":[-99.55486,19.85704]},"properties":{"id":74702,"name":"Santa María","state_code":"MEX","country_code":"MX"}},{"type":"Feature","geometry":{"type":"Point","coordinates":[-99.04472,19.97694]},"properties":{"id":74708,"name":"Santa María Ajoloapan","state_code":"MEX","country_code":"MX"}},{"type":"Feature","geometry":{"type":"Point","coordinates":[-99.65056,18.98833]},"properties":{"id":74714,"name":"Santa María Aranzazú (Santa María)","state_code":"MEX","country_code":"MX"}},{"type":"Feature","geometry":{"type":"Point","coordinates":[-100.05592,19.85521]},"properties":{"id":74723,"name":"Santa María Canchesdá","state_code":"MEX","country_code":"MX"}},{"type":"Feature","geometry":{"type":"Point","coordinates":[-98.95038,19.42155]},"properties":{"id":74728,"name":"Santa María Chimalhuacán","state_code":"MEX","country_code":"MX"}},{"type":"Feature","geometry":{"type":"Point","coordinates":[-99.92863,19.7819]},"properties":{"id":74729,"name":"Santa María Citendejé","state_code":"MEX","country_code":"MX"}},{"type":"Feature","geometry":{"type":"Point","coordinates":[-99.09875,19.86611]},"properties":{"id":74733,"name":"Santa María Cuevas","state_code":"MEX","country_code":"MX"}},{"type":"Feature","geometry":{"type":"Point","coordinates":[-99.12778,19.82111]},"properties":{"id":74805,"name":"Santa María de Guadalupe","state_code":"MEX","country_code":"MX"}},{"type":"Feature","geometry":{"type":"Point","coordinates":[-99.725,19.63444]},"properties":{"id":74811,"name":"Santa María del Llano","state_code":"MEX","country_code":"MX"}},{"type":"Feature","geometry":{"type":"Point","coordinates":[-99.82355,19.28973]},"properties":{"id":74813,"name":"Santa María del Monte","state_code":"MEX","country_code":"MX"}},{"type":"Feature","geometry":{"type":"Point","coordinates":[-99.81583,19.72556]},"properties":{"id":74735,"name":"Santa María Endare","state_code":"MEX","country_code":"MX"}},{"type":"Feature","geometry":{"type":"Point","coordinates":[-99.16911,19.72511]},"properties":{"id":74742,"name":"Santa María Huecatitla","state_code":"MEX","country_code":"MX"}},{"type":"Feature","geometry":{"type":"Point","coordinates":[-98.8205,19.25804]},"properties":{"id":74743,"name":"Santa María Huexoculco","state_code":"MEX","country_code":"MX"}},{"type":"Feature","geometry":{"type":"Point","coordinates":[-99.53583,19.11167]},"properties":{"id":74750,"name":"Santa María Jajalpa","state_code":"MEX","country_code":"MX"}},{"type":"Feature","geometry":{"type":"Point","coordinates":[-99.5525,19.2675]},"properties":{"id":74822,"name":"Santa María la Asunción","state_code":"MEX","country_code":"MX"}},{"type":"Feature","geometry":{"type":"Point","coordinates":[-99.41349,19.63804]},"properties":{"id":74756,"name":"Santa María Magdalena Cahuacán","state_code":"MEX","country_code":"MX"}},{"type":"Feature","geometry":{"type":"Point","coordinates":[-99.38694,19.51528]},"properties":{"id":74759,"name":"Santa María Mazatla","state_code":"MEX","country_code":"MX"}},{"type":"Feature","geometry":{"type":"Point","coordinates":[-99.62944,19.21139]},"properties":{"id":74762,"name":"Santa María Nativitas","state_code":"MEX","country_code":"MX"}},{"type":"Feature","geometry":{"type":"Point","coordinates":[-98.84834,19.73589]},"properties":{"id":74767,"name":"Santa María Palapa","state_code":"MEX","country_code":"MX"}},{"type":"Feature","geometry":{"type":"Point","coordinates":[-100.0975,19.24056]},"properties":{"id":74769,"name":"Santa María Pipioltepec (Pipioltepec)","state_code":"MEX","country_code":"MX"}},{"type":"Feature","geometry":{"type":"Point","coordinates":[-99.57974,19.14808]},"properties":{"id":74774,"name":"Santa María Rayón","state_code":"MEX","country_code":"MX"}},{"type":"Feature","geometry":{"type":"Point","coordinates":[-98.76211,19.5066]},"properties":{"id":74778,"name":"Santa María Tecuanulco","state_code":"MEX","country_code":"MX"}},{"type":"Feature","geometry":{"type":"Point","coordinates":[-99.47088,19.3913]},"properties":{"id":74787,"name":"Santa María Tlalmimilolpan","state_code":"MEX","country_code":"MX"}},{"type":"Feature","geometry":{"type":"Point","coordinates":[-99.59279,19.30653]},"properties":{"id":74789,"name":"Santa María Totoltepec","state_code":"MEX","country_code":"MX"}},{"type":"Feature","geometry":{"type":"Point","coordinates":[-99.49327,19.41728]},"properties":{"id":74803,"name":"Santa María Zolotepec","state_code":"MEX","country_code":"MX"}},{"type":"Feature","geometry":{"type":"Point","coordinates":[-98.91744,19.43145]},"properties":{"id":74699,"name":"Santa Martha","state_code":"MEX","country_code":"MX"}},{"type":"Feature","geometry":{"type":"Point","coordinates":[-99.42361,18.99306]},"properties":{"id":74827,"name":"Santa Mónica","state_code":"MEX","country_code":"MX"}},{"type":"Feature","geometry":{"type":"Point","coordinates":[-100.09606,19.78587]},"properties":{"id":74849,"name":"Santa Rosa de Lima","state_code":"MEX","country_code":"MX"}},{"type":"Feature","geometry":{"type":"Point","coordinates":[-99.23333,19.845]},"properties":{"id":74861,"name":"Santa Teresa","state_code":"MEX","country_code":"MX"}},{"type":"Feature","geometry":{"type":"Point","coordinates":[-99.76569,19.7864]},"properties":{"id":74874,"name":"Santiago Acutzilapan","state_code":"MEX","country_code":"MX"}},{"type":"Feature","geometry":{"type":"Point","coordinates":[-99.96917,19.76972]},"properties":{"id":74886,"name":"Santiago Casandeje","state_code":"MEX","country_code":"MX"}},{"type":"Feature","geometry":{"type":"Point","coordinates":[-98.89167,19.56917]},"properties":{"id":74890,"name":"Santiago Chimalpa (Chimalpa)","state_code":"MEX","country_code":"MX"}},{"type":"Feature","geometry":{"type":"Point","coordinates":[-99.92917,19.78139]},"properties":{"id":74892,"name":"Santiago Citendejé","state_code":"MEX","country_code":"MX"}},{"type":"Feature","geometry":{"type":"Point","coordinates":[-100.03455,19.86289]},"properties":{"id":74893,"name":"Santiago Coachochitlan","state_code":"MEX","country_code":"MX"}},{"type":"Feature","geometry":{"type":"Point","coordinates":[-98.74685,19.14803]},"properties":{"id":74897,"name":"Santiago Cuautenco","state_code":"MEX","country_code":"MX"}},{"type":"Feature","geometry":{"type":"Point","coordinates":[-99.2887,19.68417]},"properties":{"id":74898,"name":"Santiago Cuautlalpan","state_code":"MEX","country_code":"MX"}},{"type":"Feature","geometry":{"type":"Point","coordinates":[-99.94186,19.40141]},"properties":{"id":74987,"name":"Santiago del Monte","state_code":"MEX","country_code":"MX"}},{"type":"Feature","geometry":{"type":"Point","coordinates":[-100.20649,19.28676]},"properties":{"id":74904,"name":"Santiago Huitlapaltepec","state_code":"MEX","country_code":"MX"}},{"type":"Feature","geometry":{"type":"Point","coordinates":[-98.79602,18.99659]},"properties":{"id":74920,"name":"Santiago Mamalhuazuca","state_code":"MEX","country_code":"MX"}},{"type":"Feature","geometry":{"type":"Point","coordinates":[-100.12191,19.78034]},"properties":{"id":74932,"name":"Santiago Oxtempan","state_code":"MEX","country_code":"MX"}},{"type":"Feature","geometry":{"type":"Point","coordinates":[-99.66827,18.96146]},"properties":{"id":74934,"name":"Santiago Oxtotitlán","state_code":"MEX","country_code":"MX"}},{"type":"Feature","geometry":{"type":"Point","coordinates":[-99.45155,19.43308]},"properties":{"id":74942,"name":"Santiago Tejocotillos","state_code":"MEX","country_code":"MX"}},{"type":"Feature","geometry":{"type":"Point","coordinates":[-98.81841,19.63807]},"properties":{"id":74947,"name":"Santiago Tepetitlán","state_code":"MEX","country_code":"MX"}},{"type":"Feature","geometry":{"type":"Point","coordinates":[-98.85692,19.14399]},"properties":{"id":74950,"name":"Santiago Tepopula","state_code":"MEX","country_code":"MX"}},{"type":"Feature","geometry":{"type":"Point","coordinates":[-99.12493,19.65985]},"properties":{"id":74954,"name":"Santiago Teyahualco","state_code":"MEX","country_code":"MX"}},{"type":"Feature","geometry":{"type":"Point","coordinates":[-99.46644,19.18024]},"properties":{"id":74956,"name":"Santiago Tianguistenco de Galeana","state_code":"MEX","country_code":"MX"}},{"type":"Feature","geometry":{"type":"Point","coordinates":[-99.67083,19.22708]},"properties":{"id":74961,"name":"Santiago Tlacotepec","state_code":"MEX","country_code":"MX"}},{"type":"Feature","geometry":{"type":"Point","coordinates":[-98.79011,19.72781]},"properties":{"id":74966,"name":"Santiago Tolman","state_code":"MEX","country_code":"MX"}},{"type":"Feature","geometry":{"type":"Point","coordinates":[-99.30471,19.38404]},"properties":{"id":74974,"name":"Santiago Yancuitlalpan","state_code":"MEX","country_code":"MX"}},{"type":"Feature","geometry":{"type":"Point","coordinates":[-99.7119,19.70853]},"properties":{"id":74975,"name":"Santiago Yeché","state_code":"MEX","country_code":"MX"}},{"type":"Feature","geometry":{"type":"Point","coordinates":[-98.92908,19.70038]},"properties":{"id":74980,"name":"Santiago Zacualuca","state_code":"MEX","country_code":"MX"}},{"type":"Feature","geometry":{"type":"Point","coordinates":[-99.72717,19.34032]},"properties":{"id":74991,"name":"Santiaguito Tlalcilalcalli","state_code":"MEX","country_code":"MX"}},{"type":"Feature","geometry":{"type":"Point","coordinates":[-99.77972,19.59306]},"properties":{"id":75017,"name":"Santo Domingo de Guzmán","state_code":"MEX","country_code":"MX"}},{"type":"Feature","geometry":{"type":"Point","coordinates":[-99.90166,19.84524]},"properties":{"id":75008,"name":"Santo Domingo Shomege (Shomege)","state_code":"MEX","country_code":"MX"}},{"type":"Feature","geometry":{"type":"Point","coordinates":[-102.08571,19.84524]},"properties":{"id":75023,"name":"Santo Tomás","state_code":"MEX","country_code":"MX"}},{"type":"Feature","geometry":{"type":"Point","coordinates":[-98.77873,19.1727]},"properties":{"id":75025,"name":"Santo Tomás Atzingo","state_code":"MEX","country_code":"MX"}},{"type":"Feature","geometry":{"type":"Point","coordinates":[-99.00755,19.63894]},"properties":{"id":75027,"name":"Santo Tomás Chiconautla","state_code":"MEX","country_code":"MX"}},{"type":"Feature","geometry":{"type":"Point","coordinates":[-100.25999,19.1831]},"properties":{"id":75033,"name":"Santo Tomás de los Plátanos","state_code":"MEX","country_code":"MX"}},{"type":"Feature","geometry":{"type":"Point","coordinates":[-99.72528,19.38972]},"properties":{"id":75050,"name":"Sebastián Lerdo de Tejada","state_code":"MEX","country_code":"MX"}},{"type":"Feature","geometry":{"type":"Point","coordinates":[-99.67833,19.55889]},"properties":{"id":75053,"name":"Sección del Cerrito","state_code":"MEX","country_code":"MX"}},{"type":"Feature","geometry":{"type":"Point","coordinates":[-99.15944,19.5925]},"properties":{"id":75075,"name":"Sierra de Guadalupe","state_code":"MEX","country_code":"MX"}},{"type":"Feature","geometry":{"type":"Point","coordinates":[-99.90069,19.45334]},"properties":{"id":75101,"name":"Sitio Ejido","state_code":"MEX","country_code":"MX"}},{"type":"Feature","geometry":{"type":"Point","coordinates":[-99.57444,19.49278]},"properties":{"id":75110,"name":"Solalpan 1ra. Sección","state_code":"MEX","country_code":"MX"}},{"type":"Feature","geometry":{"type":"Point","coordinates":[-99.53022,20.01488]},"properties":{"id":75130,"name":"Soyaniquilpan","state_code":"MEX","country_code":"MX"}},{"type":"Feature","geometry":{"type":"Point","coordinates":[-99.96588,18.85855]},"properties":{"id":75146,"name":"Sultepec","state_code":"MEX","country_code":"MX"}},{"type":"Feature","geometry":{"type":"Point","coordinates":[-102.28416,19.94941]},"properties":{"id":75197,"name":"Tamándaro","state_code":"MEX","country_code":"MX"}},{"type":"Feature","geometry":{"type":"Point","coordinates":[-102.09797,19.84611]},"properties":{"id":75201,"name":"Tanaquillo","state_code":"MEX","country_code":"MX"}},{"type":"Feature","geometry":{"type":"Point","coordinates":[-102.20636,19.88733]},"properties":{"id":75209,"name":"Tangancícuaro de Arista","state_code":"MEX","country_code":"MX"}},{"type":"Feature","geometry":{"type":"Point","coordinates":[-102.46485,19.84359]},"properties":{"id":75234,"name":"Tarécuato","state_code":"MEX","country_code":"MX"}},{"type":"Feature","geometry":{"type":"Point","coordinates":[-98.96895,19.71288]},"properties":{"id":75294,"name":"Tecámac","state_code":"MEX","country_code":"MX"}},{"type":"Feature","geometry":{"type":"Point","coordinates":[-98.96833,19.71306]},"properties":{"id":75295,"name":"Tecámac de Felipe Villanueva","state_code":"MEX","country_code":"MX"}},{"type":"Feature","geometry":{"type":"Point","coordinates":[-98.95957,19.35992]},"properties":{"id":75264,"name":"Tecamachalco","state_code":"MEX","country_code":"MX"}},{"type":"Feature","geometry":{"type":"Point","coordinates":[-99.71524,19.3227]},"properties":{"id":75269,"name":"Tecaxic","state_code":"MEX","country_code":"MX"}},{"type":"Feature","geometry":{"type":"Point","coordinates":[-98.94056,19.365]},"properties":{"id":75270,"name":"Techachaltitla","state_code":"MEX","country_code":"MX"}},{"type":"Feature","geometry":{"type":"Point","coordinates":[-99.42222,19.17139]},"properties":{"id":75271,"name":"Techichili","state_code":"MEX","country_code":"MX"}},{"type":"Feature","geometry":{"type":"Point","coordinates":[-99.85306,19.78917]},"properties":{"id":75272,"name":"Tecoac (Santa María Nativitas)","state_code":"MEX","country_code":"MX"}},{"type":"Feature","geometry":{"type":"Point","coordinates":[-99.70363,18.83903]},"properties":{"id":75280,"name":"Tecomatepec","state_code":"MEX","country_code":"MX"}},{"type":"Feature","geometry":{"type":"Point","coordinates":[-99.7658,19.25167]},"properties":{"id":75303,"name":"Tejalpa","state_code":"MEX","country_code":"MX"}},{"type":"Feature","geometry":{"type":"Point","coordinates":[-100.23277,18.86162]},"properties":{"id":75306,"name":"Tejupilco","state_code":"MEX","country_code":"MX"}},{"type":"Feature","geometry":{"type":"Point","coordinates":[-100.15275,18.90475]},"properties":{"id":75307,"name":"Tejupilco de Hidalgo","state_code":"MEX","country_code":"MX"}},{"type":"Feature","geometry":{"type":"Point","coordinates":[-98.86921,19.20306]},"properties":{"id":75326,"name":"Temamatla","state_code":"MEX","country_code":"MX"}},{"type":"Feature","geometry":{"type":"Point","coordinates":[-98.90171,19.82766]},"properties":{"id":75330,"name":"Temascalapa","state_code":"MEX","country_code":"MX"}},{"type":"Feature","geometry":{"type":"Point","coordinates":[-100.00369,19.91635]},"properties":{"id":75331,"name":"Temascalcingo","state_code":"MEX","country_code":"MX"}},{"type":"Feature","geometry":{"type":"Point","coordinates":[-99.98379,19.06561]},"properties":{"id":75332,"name":"Temascaltepec","state_code":"MEX","country_code":"MX"}},{"type":"Feature","geometry":{"type":"Point","coordinates":[-100.04236,19.04409]},"properties":{"id":75333,"name":"Temascaltepec de González","state_code":"MEX","country_code":"MX"}},{"type":"Feature","geometry":{"type":"Point","coordinates":[-99.59407,19.46747]},"properties":{"id":75339,"name":"Temoaya","state_code":"MEX","country_code":"MX"}},{"type":"Feature","geometry":{"type":"Point","coordinates":[-99.57561,18.96057]},"properties":{"id":75349,"name":"Tenancingo","state_code":"MEX","country_code":"MX"}},{"type":"Feature","geometry":{"type":"Point","coordinates":[-99.5903,18.96136]},"properties":{"id":75350,"name":"Tenancingo de Degollado","state_code":"MEX","country_code":"MX"}},{"type":"Feature","geometry":{"type":"Point","coordinates":[-99.5898,19.10446]},"properties":{"id":75354,"name":"Tenango de Arista","state_code":"MEX","country_code":"MX"}},{"type":"Feature","geometry":{"type":"Point","coordinates":[-98.85687,19.15774]},"properties":{"id":75357,"name":"Tenango del Aire","state_code":"MEX","country_code":"MX"}},{"type":"Feature","geometry":{"type":"Point","coordinates":[-100.09299,18.97322]},"properties":{"id":75361,"name":"Tenería","state_code":"MEX","country_code":"MX"}},{"type":"Feature","geometry":{"type":"Point","coordinates":[-102.34347,19.83836]},"properties":{"id":75366,"name":"Tengüecho","state_code":"MEX","country_code":"MX"}},{"type":"Feature","geometry":{"type":"Point","coordinates":[-99.55221,19.80768]},"properties":{"id":75368,"name":"Tenjay","state_code":"MEX","country_code":"MX"}},{"type":"Feature","geometry":{"type":"Point","coordinates":[-99.18113,19.74423]},"properties":{"id":75378,"name":"Teoloyucan","state_code":"MEX","country_code":"MX"}},{"type":"Feature","geometry":{"type":"Point","coordinates":[-98.8611,19.68862]},"properties":{"id":75382,"name":"Teotihuacán","state_code":"MEX","country_code":"MX"}},{"type":"Feature","geometry":{"type":"Point","coordinates":[-98.86083,19.68972]},"properties":{"id":75383,"name":"Teotihuacán de Arista","state_code":"MEX","country_code":"MX"}},{"type":"Feature","geometry":{"type":"Point","coordinates":[-99.59917,18.93556]},"properties":{"id":75392,"name":"Tepalcatepec","state_code":"MEX","country_code":"MX"}},{"type":"Feature","geometry":{"type":"Point","coordinates":[-98.87053,19.57266]},"properties":{"id":75419,"name":"Tepetitlán","state_code":"MEX","country_code":"MX"}},{"type":"Feature","geometry":{"type":"Point","coordinates":[-98.8191,19.57495]},"properties":{"id":75425,"name":"Tepetlaoxtoc","state_code":"MEX","country_code":"MX"}},{"type":"Feature","geometry":{"type":"Point","coordinates":[-98.81835,19.57437]},"properties":{"id":75426,"name":"Tepetlaoxtoc de Hidalgo","state_code":"MEX","country_code":"MX"}},{"type":"Feature","geometry":{"type":"Point","coordinates":[-98.82125,19.03007]},"properties":{"id":75428,"name":"Tepetlixpa","state_code":"MEX","country_code":"MX"}},{"type":"Feature","geometry":{"type":"Point","coordinates":[-100.13356,19.90877]},"properties":{"id":75431,"name":"Tepetongo","state_code":"MEX","country_code":"MX"}},{"type":"Feature","geometry":{"type":"Point","coordinates":[-99.6125,18.93806]},"properties":{"id":75434,"name":"Tepetzingo","state_code":"MEX","country_code":"MX"}},{"type":"Feature","geometry":{"type":"Point","coordinates":[-98.9364,19.61387]},"properties":{"id":75441,"name":"Tepexpan","state_code":"MEX","country_code":"MX"}},{"type":"Feature","geometry":{"type":"Point","coordinates":[-99.22391,19.72116]},"properties":{"id":75450,"name":"Tepotzotlán","state_code":"MEX","country_code":"MX"}},{"type":"Feature","geometry":{"type":"Point","coordinates":[-99.55639,18.96278]},"properties":{"id":75451,"name":"Tepoxtepec","state_code":"MEX","country_code":"MX"}},{"type":"Feature","geometry":{"type":"Point","coordinates":[-98.82485,19.47757]},"properties":{"id":75457,"name":"Tequexquináhuac","state_code":"MEX","country_code":"MX"}},{"type":"Feature","geometry":{"type":"Point","coordinates":[-98.94105,19.59642]},"properties":{"id":75461,"name":"Tequisistlán","state_code":"MEX","country_code":"MX"}},{"type":"Feature","geometry":{"type":"Point","coordinates":[-98.95689,19.60002]},"properties":{"id":75462,"name":"Tequisistlán Primero","state_code":"MEX","country_code":"MX"}},{"type":"Feature","geometry":{"type":"Point","coordinates":[-99.14472,19.90944]},"properties":{"id":75465,"name":"Tequixquiac","state_code":"MEX","country_code":"MX"}},{"type":"Feature","geometry":{"type":"Point","coordinates":[-99.75278,19.89556]},"properties":{"id":75466,"name":"Tercera Manzana de Zaragoza","state_code":"MEX","country_code":"MX"}},{"type":"Feature","geometry":{"type":"Point","coordinates":[-101.4798,19.7853]},"properties":{"id":75467,"name":"Teremendo","state_code":"MEX","country_code":"MX"}},{"type":"Feature","geometry":{"type":"Point","coordinates":[-99.93763,18.93997]},"properties":{"id":75507,"name":"Texcaltitlán","state_code":"MEX","country_code":"MX"}},{"type":"Feature","geometry":{"type":"Point","coordinates":[-99.50163,19.13253]},"properties":{"id":75509,"name":"Texcalyacac","state_code":"MEX","country_code":"MX"}},{"type":"Feature","geometry":{"type":"Point","coordinates":[-99.89535,18.94574]},"properties":{"id":75511,"name":"Texcapilla","state_code":"MEX","country_code":"MX"}},{"type":"Feature","geometry":{"type":"Point","coordinates":[-98.88293,19.51194]},"properties":{"id":75515,"name":"Texcoco de Mora","state_code":"MEX","country_code":"MX"}},{"type":"Feature","geometry":{"type":"Point","coordinates":[-98.91084,19.59283]},"properties":{"id":75533,"name":"Tezoyuca","state_code":"MEX","country_code":"MX"}},{"type":"Feature","geometry":{"type":"Point","coordinates":[-99.58389,19.50667]},"properties":{"id":75546,"name":"Tierra Blanca","state_code":"MEX","country_code":"MX"}},{"type":"Feature","geometry":{"type":"Point","coordinates":[-99.72552,19.88017]},"properties":{"id":75571,"name":"Timilpan","state_code":"MEX","country_code":"MX"}},{"type":"Feature","geometry":{"type":"Point","coordinates":[-99.91444,19.96556]},"properties":{"id":75589,"name":"Tixmadeje Chiquito","state_code":"MEX","country_code":"MX"}},{"type":"Feature","geometry":{"type":"Point","coordinates":[-99.4475,19.12111]},"properties":{"id":75612,"name":"Tlacomulco","state_code":"MEX","country_code":"MX"}},{"type":"Feature","geometry":{"type":"Point","coordinates":[-98.80115,19.20521]},"properties":{"id":75642,"name":"Tlalmanalco","state_code":"MEX","country_code":"MX"}},{"type":"Feature","geometry":{"type":"Point","coordinates":[-99.19538,19.54005]},"properties":{"id":75645,"name":"Tlalnepantla","state_code":"MEX","country_code":"MX"}},{"type":"Feature","geometry":{"type":"Point","coordinates":[-99.19341,19.54054]},"properties":{"id":75648,"name":"Tlalnepantla de Baz","state_code":"MEX","country_code":"MX"}},{"type":"Feature","geometry":{"type":"Point","coordinates":[-98.88067,19.57896]},"properties":{"id":75651,"name":"Tlaltecahuacán","state_code":"MEX","country_code":"MX"}},{"type":"Feature","geometry":{"type":"Point","coordinates":[-99.43999,19.13571]},"properties":{"id":75666,"name":"Tlaminca","state_code":"MEX","country_code":"MX"}},{"type":"Feature","geometry":{"type":"Point","coordinates":[-100.20779,18.61773]},"properties":{"id":75690,"name":"Tlatlaya","state_code":"MEX","country_code":"MX"}},{"type":"Feature","geometry":{"type":"Point","coordinates":[-99.41469,19.55857]},"properties":{"id":75707,"name":"Tlazala de Fabela","state_code":"MEX","country_code":"MX"}},{"type":"Feature","geometry":{"type":"Point","coordinates":[-102.05842,19.97085]},"properties":{"id":75708,"name":"Tlazazalca","state_code":"MEX","country_code":"MX"}},{"type":"Feature","geometry":{"type":"Point","coordinates":[-99.66024,19.3278]},"properties":{"id":75723,"name":"Toluca","state_code":"MEX","country_code":"MX"}},{"type":"Feature","geometry":{"type":"Point","coordinates":[-99.05342,19.68794]},"properties":{"id":75740,"name":"Tonanitla","state_code":"MEX","country_code":"MX"}},{"type":"Feature","geometry":{"type":"Point","coordinates":[-99.64363,18.78199]},"properties":{"id":75741,"name":"Tonatico","state_code":"MEX","country_code":"MX"}},{"type":"Feature","geometry":{"type":"Point","coordinates":[-99.68593,18.92694]},"properties":{"id":75753,"name":"Totolmajac","state_code":"MEX","country_code":"MX"}},{"type":"Feature","geometry":{"type":"Point","coordinates":[-99.41951,19.57712]},"properties":{"id":75765,"name":"Transfiguración","state_code":"MEX","country_code":"MX"}},{"type":"Feature","geometry":{"type":"Point","coordinates":[-100.02281,19.58697]},"properties":{"id":75772,"name":"Tres Estrellas","state_code":"MEX","country_code":"MX"}},{"type":"Feature","geometry":{"type":"Point","coordinates":[-101.62735,20.26203]},"properties":{"id":75775,"name":"Tres Mezquites","state_code":"MEX","country_code":"MX"}},{"type":"Feature","geometry":{"type":"Point","coordinates":[-98.87464,19.53159]},"properties":{"id":75794,"name":"Tulantongo","state_code":"MEX","country_code":"MX"}},{"type":"Feature","geometry":{"type":"Point","coordinates":[-99.12806,19.685]},"properties":{"id":75802,"name":"Tultepec","state_code":"MEX","country_code":"MX"}},{"type":"Feature","geometry":{"type":"Point","coordinates":[-99.16787,19.64655]},"properties":{"id":75803,"name":"Tultitlán de Mariano Escobedo","state_code":"MEX","country_code":"MX"}},{"type":"Feature","geometry":{"type":"Point","coordinates":[-100.30543,19.81375]},"properties":{"id":75813,"name":"Tupátaro","state_code":"MEX","country_code":"MX"}},{"type":"Feature","geometry":{"type":"Point","coordinates":[-99.96009,19.36527]},"properties":{"id":75814,"name":"Turcio Segunda Sección","state_code":"MEX","country_code":"MX"}},{"type":"Feature","geometry":{"type":"Point","coordinates":[-98.93917,19.36694]},"properties":{"id":75868,"name":"Unidad Acaquilpan","state_code":"MEX","country_code":"MX"}},{"type":"Feature","geometry":{"type":"Point","coordinates":[-99.55222,19.21611]},"properties":{"id":75875,"name":"Unidad Habitacional Santa Teresa","state_code":"MEX","country_code":"MX"}},{"type":"Feature","geometry":{"type":"Point","coordinates":[-99.28889,19.82361]},"properties":{"id":75877,"name":"Unidad San Miguel Jagüeyes","state_code":"MEX","country_code":"MX"}},{"type":"Feature","geometry":{"type":"Point","coordinates":[-102.10524,19.84564]},"properties":{"id":75900,"name":"Urén","state_code":"MEX","country_code":"MX"}},{"type":"Feature","geometry":{"type":"Point","coordinates":[-100.13132,19.19501]},"properties":{"id":75921,"name":"Valle de Bravo","state_code":"MEX","country_code":"MX"}},{"type":"Feature","geometry":{"type":"Point","coordinates":[-100.19493,19.35539]},"properties":{"id":75937,"name":"Vare Chiquichuca","state_code":"MEX","country_code":"MX"}},{"type":"Feature","geometry":{"type":"Point","coordinates":[-99.34667,19.61139]},"properties":{"id":75948,"name":"Veintidós de Febrero","state_code":"MEX","country_code":"MX"}},{"type":"Feature","geometry":{"type":"Point","coordinates":[-100.17323,19.86376]},"properties":{"id":75954,"name":"Venta de Bravo","state_code":"MEX","country_code":"MX"}},{"type":"Feature","geometry":{"type":"Point","coordinates":[-99.95879,19.47141]},"properties":{"id":75955,"name":"Venta de Ocotillos","state_code":"MEX","country_code":"MX"}},{"type":"Feature","geometry":{"type":"Point","coordinates":[-99.55872,19.41676]},"properties":{"id":75997,"name":"Villa Cuauhtémoc","state_code":"MEX","country_code":"MX"}},{"type":"Feature","geometry":{"type":"Point","coordinates":[-99.75836,19.36915]},"properties":{"id":76060,"name":"Villa de Almoloya de Juárez","state_code":"MEX","country_code":"MX"}},{"type":"Feature","geometry":{"type":"Point","coordinates":[-99.46362,19.72875]},"properties":{"id":76073,"name":"Villa del Carbón","state_code":"MEX","country_code":"MX"}},{"type":"Feature","geometry":{"type":"Point","coordinates":[-99.64061,18.96211]},"properties":{"id":76005,"name":"Villa Guerrero","state_code":"MEX","country_code":"MX"}},{"type":"Feature","geometry":{"type":"Point","coordinates":[-100.4,18.91667]},"properties":{"id":76027,"name":"Villa Luvianos","state_code":"MEX","country_code":"MX"}},{"type":"Feature","geometry":{"type":"Point","coordinates":[-101.4136,20.00335]},"properties":{"id":76036,"name":"Villa Morelos","state_code":"MEX","country_code":"MX"}},{"type":"Feature","geometry":{"type":"Point","coordinates":[-99.25719,19.84132]},"properties":{"id":76048,"name":"Villa URBI del Rey","state_code":"MEX","country_code":"MX"}},{"type":"Feature","geometry":{"type":"Point","coordinates":[-99.99589,19.43693]},"properties":{"id":76056,"name":"Villa Victoria","state_code":"MEX","country_code":"MX"}},{"type":"Feature","geometry":{"type":"Point","coordinates":[-101.6346,20.14848]},"properties":{"id":76076,"name":"Villachuato","state_code":"MEX","country_code":"MX"}},{"type":"Feature","geometry":{"type":"Point","coordinates":[-99.09,19.83611]},"properties":{"id":76089,"name":"Villas de la Laguna","state_code":"MEX","country_code":"MX"}},{"type":"Feature","geometry":{"type":"Point","coordinates":[-99.61222,19.18028]},"properties":{"id":76091,"name":"Villas del Campo","state_code":"MEX","country_code":"MX"}},{"type":"Feature","geometry":{"type":"Point","coordinates":[-99.22335,19.51616]},"properties":{"id":76093,"name":"Vista Hermosa","state_code":"MEX","country_code":"MX"}},{"type":"Feature","geometry":{"type":"Point","coordinates":[-99.41844,19.18314]},"properties":{"id":76114,"name":"Xalatlaco","state_code":"MEX","country_code":"MX"}},{"type":"Feature","geometry":{"type":"Point","coordinates":[-99.64232,19.92144]},"properties":{"id":76132,"name":"Xhimojay","state_code":"MEX","country_code":"MX"}},{"type":"Feature","geometry":{"type":"Point","coordinates":[-99.52779,19.98163]},"properties":{"id":76133,"name":"Xhitey","state_code":"MEX","country_code":"MX"}},{"type":"Feature","geometry":{"type":"Point","coordinates":[-99.54611,19.97056]},"properties":{"id":76134,"name":"Xhixhata","state_code":"MEX","country_code":"MX"}},{"type":"Feature","geometry":{"type":"Point","coordinates":[-98.95088,19.27032]},"properties":{"id":76136,"name":"Xico","state_code":"MEX","country_code":"MX"}},{"type":"Feature","geometry":{"type":"Point","coordinates":[-98.82433,19.49052]},"properties":{"id":76165,"name":"Xochimanca","state_code":"MEX","country_code":"MX"}},{"type":"Feature","geometry":{"type":"Point","coordinates":[-98.84633,19.51633]},"properties":{"id":76186,"name":"Xocotlán","state_code":"MEX","country_code":"MX"}},{"type":"Feature","geometry":{"type":"Point","coordinates":[-98.88171,19.64281]},"properties":{"id":76193,"name":"Xometla","state_code":"MEX","country_code":"MX"}},{"type":"Feature","geometry":{"type":"Point","coordinates":[-99.533,19.4]},"properties":{"id":76194,"name":"Xonacatlan","state_code":"MEX","country_code":"MX"}},{"type":"Feature","geometry":{"type":"Point","coordinates":[-99.33145,19.35565]},"properties":{"id":76257,"name":"Zacamulpa","state_code":"MEX","country_code":"MX"}},{"type":"Feature","geometry":{"type":"Point","coordinates":[-99.44615,19.38934]},"properties":{"id":76259,"name":"Zacamulpa Tlalmimilolpan","state_code":"MEX","country_code":"MX"}},{"type":"Feature","geometry":{"type":"Point","coordinates":[-99.69806,18.95611]},"properties":{"id":76260,"name":"Zacango","state_code":"MEX","country_code":"MX"}},{"type":"Feature","geometry":{"type":"Point","coordinates":[-100.25515,19.07317]},"properties":{"id":76280,"name":"Zacazonapan","state_code":"MEX","country_code":"MX"}},{"type":"Feature","geometry":{"type":"Point","coordinates":[-99.77605,18.71895]},"properties":{"id":76283,"name":"Zacualpan","state_code":"MEX","country_code":"MX"}},{"type":"Feature","geometry":{"type":"Point","coordinates":[-98.90306,19.54667]},"properties":{"id":76311,"name":"Zapotlán","state_code":"MEX","country_code":"MX"}},{"type":"Feature","geometry":{"type":"Point","coordinates":[-98.78494,19.15003]},"properties":{"id":76330,"name":"Zentlalpan","state_code":"MEX","country_code":"MX"}},{"type":"Feature","geometry":{"type":"Point","coordinates":[-99.73394,19.28428]},"properties":{"id":76339,"name":"Zinacantepec","state_code":"MEX","country_code":"MX"}},{"type":"Feature","geometry":{"type":"Point","coordinates":[-101.5525,19.79445]},"properties":{"id":76344,"name":"Zipiajo","state_code":"MEX","country_code":"MX"}},{"type":"Feature","geometry":{"type":"Point","coordinates":[-102.07483,19.84029]},"properties":{"id":76365,"name":"Zopoco","state_code":"MEX","country_code":"MX"}},{"type":"Feature","geometry":{"type":"Point","coordinates":[-98.84967,19.31769]},"properties":{"id":76367,"name":"Zoquiapan","state_code":"MEX","country_code":"MX"}},{"type":"Feature","geometry":{"type":"Point","coordinates":[-98.78359,19.09023]},"properties":{"id":76379,"name":"Zoyatzingo","state_code":"MEX","country_code":"MX"}},{"type":"Feature","geometry":{"type":"Point","coordinates":[-98.8895,19.22011]},"properties":{"id":76383,"name":"Zula","state_code":"MEX","country_code":"MX"}},{"type":"Feature","geometry":{"type":"Point","coordinates":[-99.56568,18.91642]},"properties":{"id":76384,"name":"Zumpahuacán","state_code":"MEX","country_code":"MX"}},{"type":"Feature","geometry":{"type":"Point","coordinates":[-99.09946,19.7967]},"properties":{"id":76385,"name":"Zumpango","state_code":"MEX","country_code":"MX"}}]}