{"type":"FeatureCollection","features":[{"type":"Feature","geometry":{"type":"Point","coordinates":[-96.60568,18.53973]},"properties":{"id":68052,"name":"Acatlán de Pérez Figueroa","state_code":"OAX","country_code":"MX"}},{"type":"Feature","geometry":{"type":"Point","coordinates":[-96.80204,16.59095]},"properties":{"id":68121,"name":"Agua del Espino","state_code":"OAX","country_code":"MX"}},{"type":"Feature","geometry":{"type":"Point","coordinates":[-98.32024,17.6713]},"properties":{"id":68155,"name":"Ahuehuetitlán","state_code":"OAX","country_code":"MX"}},{"type":"Feature","geometry":{"type":"Point","coordinates":[-96.20012,17.06752]},"properties":{"id":68173,"name":"Albarradas","state_code":"OAX","country_code":"MX"}},{"type":"Feature","geometry":{"type":"Point","coordinates":[-96.66099,18.60848]},"properties":{"id":68212,"name":"Almolonga","state_code":"OAX","country_code":"MX"}},{"type":"Feature","geometry":{"type":"Point","coordinates":[-95.08392,16.29811]},"properties":{"id":76394,"name":"Álvaro Obregón","state_code":"OAX","country_code":"MX"}},{"type":"Feature","geometry":{"type":"Point","coordinates":[-96.71319,16.99086]},"properties":{"id":68275,"name":"Animas Trujano","state_code":"OAX","country_code":"MX"}},{"type":"Feature","geometry":{"type":"Point","coordinates":[-97.13608,17.64845]},"properties":{"id":68310,"name":"Apoala","state_code":"OAX","country_code":"MX"}},{"type":"Feature","geometry":{"type":"Point","coordinates":[-96.33667,18.21611]},"properties":{"id":68356,"name":"Arroyo Chical (Nuevo Arroyo Chicali)","state_code":"OAX","country_code":"MX"}},{"type":"Feature","geometry":{"type":"Point","coordinates":[-96.15722,17.97028]},"properties":{"id":68357,"name":"Arroyo Choápam","state_code":"OAX","country_code":"MX"}},{"type":"Feature","geometry":{"type":"Point","coordinates":[-96.34794,17.80312]},"properties":{"id":68368,"name":"Arroyo de Banco","state_code":"OAX","country_code":"MX"}},{"type":"Feature","geometry":{"type":"Point","coordinates":[-96.54722,18.4975]},"properties":{"id":68369,"name":"Arroyo de Enmedio","state_code":"OAX","country_code":"MX"}},{"type":"Feature","geometry":{"type":"Point","coordinates":[-95.96175,17.90008]},"properties":{"id":68362,"name":"Arroyo Limón","state_code":"OAX","country_code":"MX"}},{"type":"Feature","geometry":{"type":"Point","coordinates":[-96.54417,18.07639]},"properties":{"id":68367,"name":"Arroyo Zapotillo","state_code":"OAX","country_code":"MX"}},{"type":"Feature","geometry":{"type":"Point","coordinates":[-95.93361,17.0347]},"properties":{"id":68383,"name":"Asunción Cacalotepec","state_code":"OAX","country_code":"MX"}},{"type":"Feature","geometry":{"type":"Point","coordinates":[-95.06121,16.50315]},"properties":{"id":68384,"name":"Asunción Ixtaltepec","state_code":"OAX","country_code":"MX"}},{"type":"Feature","geometry":{"type":"Point","coordinates":[-97.22605,17.45916]},"properties":{"id":68385,"name":"Asunción Nochixtlán","state_code":"OAX","country_code":"MX"}},{"type":"Feature","geometry":{"type":"Point","coordinates":[-96.72137,16.76195]},"properties":{"id":68386,"name":"Asunción Ocotlán","state_code":"OAX","country_code":"MX"}},{"type":"Feature","geometry":{"type":"Point","coordinates":[-95.7662,16.22612]},"properties":{"id":68387,"name":"Asunción Tlacolulita","state_code":"OAX","country_code":"MX"}},{"type":"Feature","geometry":{"type":"Point","coordinates":[-96.84287,16.6837]},"properties":{"id":68463,"name":"Ayoquezco de Aldama","state_code":"OAX","country_code":"MX"}},{"type":"Feature","geometry":{"type":"Point","coordinates":[-96.12855,17.67261]},"properties":{"id":68468,"name":"Ayotzintepec","state_code":"OAX","country_code":"MX"}},{"type":"Feature","geometry":{"type":"Point","coordinates":[-96.07632,17.02756]},"properties":{"id":68469,"name":"Ayutla","state_code":"OAX","country_code":"MX"}},{"type":"Feature","geometry":{"type":"Point","coordinates":[-97.12113,15.92343]},"properties":{"id":68502,"name":"Bajos de Chila","state_code":"OAX","country_code":"MX"}},{"type":"Feature","geometry":{"type":"Point","coordinates":[-97.67417,17.27917]},"properties":{"id":68530,"name":"Barrio San Diego","state_code":"OAX","country_code":"MX"}},{"type":"Feature","geometry":{"type":"Point","coordinates":[-96.00194,18.11944]},"properties":{"id":68584,"name":"Benemérito Juárez","state_code":"OAX","country_code":"MX"}},{"type":"Feature","geometry":{"type":"Point","coordinates":[-96.32405,15.88178]},"properties":{"id":68593,"name":"Benito Juárez","state_code":"OAX","country_code":"MX"}},{"type":"Feature","geometry":{"type":"Point","coordinates":[-96.46139,18.14056]},"properties":{"id":68605,"name":"Benito Juárez II (San Martín)","state_code":"OAX","country_code":"MX"}},{"type":"Feature","geometry":{"type":"Point","coordinates":[-96.00459,17.91939]},"properties":{"id":68614,"name":"Bethania","state_code":"OAX","country_code":"MX"}},{"type":"Feature","geometry":{"type":"Point","coordinates":[-97.04194,15.83694]},"properties":{"id":68650,"name":"Brisas de Zicatela","state_code":"OAX","country_code":"MX"}},{"type":"Feature","geometry":{"type":"Point","coordinates":[-96.26174,17.16801]},"properties":{"id":68723,"name":"Cajonos","state_code":"OAX","country_code":"MX"}},{"type":"Feature","geometry":{"type":"Point","coordinates":[-98.27792,17.53134]},"properties":{"id":68737,"name":"Calihualá","state_code":"OAX","country_code":"MX"}},{"type":"Feature","geometry":{"type":"Point","coordinates":[-96.20806,18.02833]},"properties":{"id":68762,"name":"Camelia Roja","state_code":"OAX","country_code":"MX"}},{"type":"Feature","geometry":{"type":"Point","coordinates":[-98.12433,16.55873]},"properties":{"id":68767,"name":"Camotinchan","state_code":"OAX","country_code":"MX"}},{"type":"Feature","geometry":{"type":"Point","coordinates":[-96.49268,15.92638]},"properties":{"id":68790,"name":"Candelaria Loxicha","state_code":"OAX","country_code":"MX"}},{"type":"Feature","geometry":{"type":"Point","coordinates":[-96.44656,17.30972]},"properties":{"id":68812,"name":"Capulálpam de Méndez","state_code":"OAX","country_code":"MX"}},{"type":"Feature","geometry":{"type":"Point","coordinates":[-96.30861,17.86611]},"properties":{"id":68921,"name":"Cerro Armadillo Grande","state_code":"OAX","country_code":"MX"}},{"type":"Feature","geometry":{"type":"Point","coordinates":[-97.20438,16.11012]},"properties":{"id":68938,"name":"Cerro del Aire","state_code":"OAX","country_code":"MX"}},{"type":"Feature","geometry":{"type":"Point","coordinates":[-96.575,18.15417]},"properties":{"id":68932,"name":"Cerro Quemado","state_code":"OAX","country_code":"MX"}},{"type":"Feature","geometry":{"type":"Point","coordinates":[-94.18333,16.3]},"properties":{"id":68952,"name":"Chahuite","state_code":"OAX","country_code":"MX"}},{"type":"Feature","geometry":{"type":"Point","coordinates":[-94.19478,16.28842]},"properties":{"id":68953,"name":"Chahuites","state_code":"OAX","country_code":"MX"}},{"type":"Feature","geometry":{"type":"Point","coordinates":[-97.19497,17.63667]},"properties":{"id":69015,"name":"Chicahua","state_code":"OAX","country_code":"MX"}},{"type":"Feature","geometry":{"type":"Point","coordinates":[-94.82206,16.43844]},"properties":{"id":69017,"name":"Chicapa de Castro","state_code":"OAX","country_code":"MX"}},{"type":"Feature","geometry":{"type":"Point","coordinates":[-96.76801,16.89366]},"properties":{"id":69200,"name":"Ciénega de Zimatlán","state_code":"OAX","country_code":"MX"}},{"type":"Feature","geometry":{"type":"Point","coordinates":[-97.31762,16.32353]},"properties":{"id":69128,"name":"Cieneguilla","state_code":"OAX","country_code":"MX"}},{"type":"Feature","geometry":{"type":"Point","coordinates":[-97.77956,17.80787]},"properties":{"id":69189,"name":"Ciudad de Huajuapan de León","state_code":"OAX","country_code":"MX"}},{"type":"Feature","geometry":{"type":"Point","coordinates":[-96.66878,16.53926]},"properties":{"id":69223,"name":"Coatecas Altas","state_code":"OAX","country_code":"MX"}},{"type":"Feature","geometry":{"type":"Point","coordinates":[-97.3188,17.72021]},"properties":{"id":69253,"name":"Coixtlahuaca","state_code":"OAX","country_code":"MX"}},{"type":"Feature","geometry":{"type":"Point","coordinates":[-97.97184,16.1881]},"properties":{"id":69262,"name":"Collantes","state_code":"OAX","country_code":"MX"}},{"type":"Feature","geometry":{"type":"Point","coordinates":[-95.20203,16.38893]},"properties":{"id":69315,"name":"Colonia Jordán","state_code":"OAX","country_code":"MX"}},{"type":"Feature","geometry":{"type":"Point","coordinates":[-95.02722,16.20967]},"properties":{"id":69317,"name":"Colonia Juárez","state_code":"OAX","country_code":"MX"}},{"type":"Feature","geometry":{"type":"Point","coordinates":[-96.51619,18.08666]},"properties":{"id":69394,"name":"Colonia la Central","state_code":"OAX","country_code":"MX"}},{"type":"Feature","geometry":{"type":"Point","coordinates":[-95.07972,16.80111]},"properties":{"id":69352,"name":"Colonia Progreso","state_code":"OAX","country_code":"MX"}},{"type":"Feature","geometry":{"type":"Point","coordinates":[-95.04731,16.88678]},"properties":{"id":69358,"name":"Colonia Rincón Viejo","state_code":"OAX","country_code":"MX"}},{"type":"Feature","geometry":{"type":"Point","coordinates":[-95.24111,16.38]},"properties":{"id":69366,"name":"Colonia San Luis","state_code":"OAX","country_code":"MX"}},{"type":"Feature","geometry":{"type":"Point","coordinates":[-96.84472,17.85391]},"properties":{"id":69439,"name":"Concepción Pápalo","state_code":"OAX","country_code":"MX"}},{"type":"Feature","geometry":{"type":"Point","coordinates":[-97.94125,17.0382]},"properties":{"id":69461,"name":"Constancia del Rosario","state_code":"OAX","country_code":"MX"}},{"type":"Feature","geometry":{"type":"Point","coordinates":[-95.37326,17.34102]},"properties":{"id":69466,"name":"Constitución Mexicana","state_code":"OAX","country_code":"MX"}},{"type":"Feature","geometry":{"type":"Point","coordinates":[-96.30556,18.24528]},"properties":{"id":69487,"name":"Corral de Piedra","state_code":"OAX","country_code":"MX"}},{"type":"Feature","geometry":{"type":"Point","coordinates":[-98.18952,16.23846]},"properties":{"id":69491,"name":"Corralero","state_code":"OAX","country_code":"MX"}},{"type":"Feature","geometry":{"type":"Point","coordinates":[-97.79084,18.14255]},"properties":{"id":69505,"name":"Cosoltepec","state_code":"OAX","country_code":"MX"}},{"type":"Feature","geometry":{"type":"Point","coordinates":[-96.135,15.76889]},"properties":{"id":69538,"name":"Crucecita","state_code":"OAX","country_code":"MX"}},{"type":"Feature","geometry":{"type":"Point","coordinates":[-96.31833,15.82194]},"properties":{"id":69563,"name":"Cuapinolito (Azulillo)","state_code":"OAX","country_code":"MX"}},{"type":"Feature","geometry":{"type":"Point","coordinates":[-94.88532,17.10149]},"properties":{"id":69579,"name":"Cuauhtémoc","state_code":"OAX","country_code":"MX"}},{"type":"Feature","geometry":{"type":"Point","coordinates":[-96.95939,17.80272]},"properties":{"id":69625,"name":"Cuicatlan","state_code":"OAX","country_code":"MX"}},{"type":"Feature","geometry":{"type":"Point","coordinates":[-96.78081,16.97756]},"properties":{"id":69627,"name":"Cuilapan de Guerrero","state_code":"OAX","country_code":"MX"}},{"type":"Feature","geometry":{"type":"Point","coordinates":[-95.05295,17.2295]},"properties":{"id":69714,"name":"Donaji","state_code":"OAX","country_code":"MX"}},{"type":"Feature","geometry":{"type":"Point","coordinates":[-96.73123,16.56623]},"properties":{"id":69819,"name":"Ejutla de Crespo","state_code":"OAX","country_code":"MX"}},{"type":"Feature","geometry":{"type":"Point","coordinates":[-97.18194,16.54111]},"properties":{"id":69830,"name":"El Arador","state_code":"OAX","country_code":"MX"}},{"type":"Feature","geometry":{"type":"Point","coordinates":[-95.03528,16.88917]},"properties":{"id":69836,"name":"El Bajío","state_code":"OAX","country_code":"MX"}},{"type":"Feature","geometry":{"type":"Point","coordinates":[-95.03909,16.80131]},"properties":{"id":69842,"name":"El Barrio de la Soledad","state_code":"OAX","country_code":"MX"}},{"type":"Feature","geometry":{"type":"Point","coordinates":[-96.62361,15.8725]},"properties":{"id":69856,"name":"El Camalote","state_code":"OAX","country_code":"MX"}},{"type":"Feature","geometry":{"type":"Point","coordinates":[-96.02868,16.55745]},"properties":{"id":69857,"name":"El Camarón","state_code":"OAX","country_code":"MX"}},{"type":"Feature","geometry":{"type":"Point","coordinates":[-96.27806,18.22972]},"properties":{"id":69867,"name":"El Capulín (La Nueva Pochota)","state_code":"OAX","country_code":"MX"}},{"type":"Feature","geometry":{"type":"Point","coordinates":[-95.39308,16.06438]},"properties":{"id":69881,"name":"El Carrizal","state_code":"OAX","country_code":"MX"}},{"type":"Feature","geometry":{"type":"Point","coordinates":[-98.0308,16.25453]},"properties":{"id":69884,"name":"El Carrizo","state_code":"OAX","country_code":"MX"}},{"type":"Feature","geometry":{"type":"Point","coordinates":[-95.08946,16.93191]},"properties":{"id":69902,"name":"El Chocolate","state_code":"OAX","country_code":"MX"}},{"type":"Feature","geometry":{"type":"Point","coordinates":[-98.25707,16.3178]},"properties":{"id":69906,"name":"El Ciruelo","state_code":"OAX","country_code":"MX"}},{"type":"Feature","geometry":{"type":"Point","coordinates":[-95.81028,15.91472]},"properties":{"id":69933,"name":"El Coyul","state_code":"OAX","country_code":"MX"}},{"type":"Feature","geometry":{"type":"Point","coordinates":[-95.04198,16.46751]},"properties":{"id":69963,"name":"El Espinal","state_code":"OAX","country_code":"MX"}},{"type":"Feature","geometry":{"type":"Point","coordinates":[-97.75227,17.77536]},"properties":{"id":70044,"name":"El Molino","state_code":"OAX","country_code":"MX"}},{"type":"Feature","geometry":{"type":"Point","coordinates":[-95.37906,16.09745]},"properties":{"id":70051,"name":"El Morro","state_code":"OAX","country_code":"MX"}},{"type":"Feature","geometry":{"type":"Point","coordinates":[-95.25596,17.47446]},"properties":{"id":70115,"name":"El Porvenir","state_code":"OAX","country_code":"MX"}},{"type":"Feature","geometry":{"type":"Point","coordinates":[-96.69209,17.04271]},"properties":{"id":70171,"name":"El Rosario","state_code":"OAX","country_code":"MX"}},{"type":"Feature","geometry":{"type":"Point","coordinates":[-96.87538,18.17724]},"properties":{"id":70274,"name":"Eloxochitlán de Flores Magón","state_code":"OAX","country_code":"MX"}},{"type":"Feature","geometry":{"type":"Point","coordinates":[-95.10732,17.00995]},"properties":{"id":70301,"name":"Encinal Colorado","state_code":"OAX","country_code":"MX"}},{"type":"Feature","geometry":{"type":"Point","coordinates":[-95.03667,16.99472]},"properties":{"id":70347,"name":"Estación Mogoñé","state_code":"OAX","country_code":"MX"}},{"type":"Feature","geometry":{"type":"Point","coordinates":[-96.5188,17.98475]},"properties":{"id":70404,"name":"Flor Batavia","state_code":"OAX","country_code":"MX"}},{"type":"Feature","geometry":{"type":"Point","coordinates":[-96.46194,16.9775]},"properties":{"id":70414,"name":"Fraccionamiento Ciudad Yagul","state_code":"OAX","country_code":"MX"}},{"type":"Feature","geometry":{"type":"Point","coordinates":[-96.81556,17.2275]},"properties":{"id":70419,"name":"Fraccionamiento Ex-Hacienda Catano","state_code":"OAX","country_code":"MX"}},{"type":"Feature","geometry":{"type":"Point","coordinates":[-96.76778,16.93278]},"properties":{"id":70437,"name":"Fraccionamiento Real del Valle","state_code":"OAX","country_code":"MX"}},{"type":"Feature","geometry":{"type":"Point","coordinates":[-96.77722,17.1125]},"properties":{"id":70438,"name":"Fraccionamiento Riberas de San Jerónimo","state_code":"OAX","country_code":"MX"}},{"type":"Feature","geometry":{"type":"Point","coordinates":[-96.78694,17.21278]},"properties":{"id":70440,"name":"Fraccionamiento San Miguel","state_code":"OAX","country_code":"MX"}},{"type":"Feature","geometry":{"type":"Point","coordinates":[-97.91748,17.97781]},"properties":{"id":70470,"name":"Francisco Ibarra Ramos","state_code":"OAX","country_code":"MX"}},{"type":"Feature","geometry":{"type":"Point","coordinates":[-94.2627,16.43472]},"properties":{"id":70543,"name":"General Pascual Fentes","state_code":"OAX","country_code":"MX"}},{"type":"Feature","geometry":{"type":"Point","coordinates":[-96.81022,17.17268]},"properties":{"id":70582,"name":"Guadalupe Etla","state_code":"OAX","country_code":"MX"}},{"type":"Feature","geometry":{"type":"Point","coordinates":[-96.81109,17.1495]},"properties":{"id":70584,"name":"Guadalupe Hidalgo","state_code":"OAX","country_code":"MX"}},{"type":"Feature","geometry":{"type":"Point","coordinates":[-95.84981,16.89627]},"properties":{"id":70596,"name":"Guadalupe Victoria","state_code":"OAX","country_code":"MX"}},{"type":"Feature","geometry":{"type":"Point","coordinates":[-94.66863,16.36937]},"properties":{"id":70614,"name":"Guamúchil","state_code":"OAX","country_code":"MX"}},{"type":"Feature","geometry":{"type":"Point","coordinates":[-96.70271,16.46991]},"properties":{"id":70636,"name":"Guixé","state_code":"OAX","country_code":"MX"}},{"type":"Feature","geometry":{"type":"Point","coordinates":[-96.7759,17.13994]},"properties":{"id":70651,"name":"Hacienda Blanca","state_code":"OAX","country_code":"MX"}},{"type":"Feature","geometry":{"type":"Point","coordinates":[-96.73079,16.57835]},"properties":{"id":70676,"name":"Heroica Ciudad de Ejutla de Crespo","state_code":"OAX","country_code":"MX"}},{"type":"Feature","geometry":{"type":"Point","coordinates":[-94.98619,16.44873]},"properties":{"id":70677,"name":"Heroica Ciudad de Juchitán de Zaragoza","state_code":"OAX","country_code":"MX"}},{"type":"Feature","geometry":{"type":"Point","coordinates":[-97.68053,17.26916]},"properties":{"id":70678,"name":"Heroica Ciudad de Tlaxiaco","state_code":"OAX","country_code":"MX"}},{"type":"Feature","geometry":{"type":"Point","coordinates":[-98.23028,16.61003]},"properties":{"id":70720,"name":"Huajintepec","state_code":"OAX","country_code":"MX"}},{"type":"Feature","geometry":{"type":"Point","coordinates":[-96.7959,18.10138]},"properties":{"id":70745,"name":"Huautepec","state_code":"OAX","country_code":"MX"}},{"type":"Feature","geometry":{"type":"Point","coordinates":[-95.12864,16.21932]},"properties":{"id":70753,"name":"Huazantlán del Río","state_code":"OAX","country_code":"MX"}},{"type":"Feature","geometry":{"type":"Point","coordinates":[-95.89361,17.53556]},"properties":{"id":70853,"name":"Ignacio Zaragoza","state_code":"OAX","country_code":"MX"}},{"type":"Feature","geometry":{"type":"Point","coordinates":[-96.48325,18.20107]},"properties":{"id":70886,"name":"Isla Soyaltepec","state_code":"OAX","country_code":"MX"}},{"type":"Feature","geometry":{"type":"Point","coordinates":[-98.04264,17.5069]},"properties":{"id":70919,"name":"Ixpantepec Nieves","state_code":"OAX","country_code":"MX"}},{"type":"Feature","geometry":{"type":"Point","coordinates":[-95.10375,16.56052]},"properties":{"id":70934,"name":"Ixtepec","state_code":"OAX","country_code":"MX"}},{"type":"Feature","geometry":{"type":"Point","coordinates":[-96.48812,17.33211]},"properties":{"id":70944,"name":"Ixtlán de Juárez","state_code":"OAX","country_code":"MX"}},{"type":"Feature","geometry":{"type":"Point","coordinates":[-95.46667,16.5]},"properties":{"id":70964,"name":"Jalapa","state_code":"OAX","country_code":"MX"}},{"type":"Feature","geometry":{"type":"Point","coordinates":[-95.41428,17.35495]},"properties":{"id":70987,"name":"Jaltepec de Candayoc","state_code":"OAX","country_code":"MX"}},{"type":"Feature","geometry":{"type":"Point","coordinates":[-97.03569,17.68623]},"properties":{"id":70988,"name":"Jaltepetongo","state_code":"OAX","country_code":"MX"}},{"type":"Feature","geometry":{"type":"Point","coordinates":[-97.82446,16.28258]},"properties":{"id":70998,"name":"Jamiltepec","state_code":"OAX","country_code":"MX"}},{"type":"Feature","geometry":{"type":"Point","coordinates":[-97.93,16.20389]},"properties":{"id":71095,"name":"José María Morelos","state_code":"OAX","country_code":"MX"}},{"type":"Feature","geometry":{"type":"Point","coordinates":[-95.01975,16.43603]},"properties":{"id":71133,"name":"Juchitán de Zaragoza","state_code":"OAX","country_code":"MX"}},{"type":"Feature","geometry":{"type":"Point","coordinates":[-97.02882,15.82546]},"properties":{"id":71181,"name":"La Barra de Colotepec","state_code":"OAX","country_code":"MX"}},{"type":"Feature","geometry":{"type":"Point","coordinates":[-94.69256,16.59482]},"properties":{"id":71183,"name":"La Blanca","state_code":"OAX","country_code":"MX"}},{"type":"Feature","geometry":{"type":"Point","coordinates":[-96.77806,17.07]},"properties":{"id":71208,"name":"La Cañada","state_code":"OAX","country_code":"MX"}},{"type":"Feature","geometry":{"type":"Point","coordinates":[-95.93306,17.21833]},"properties":{"id":71196,"name":"La Candelaria","state_code":"OAX","country_code":"MX"}},{"type":"Feature","geometry":{"type":"Point","coordinates":[-96.33478,15.83402]},"properties":{"id":71264,"name":"La Erradura","state_code":"OAX","country_code":"MX"}},{"type":"Feature","geometry":{"type":"Point","coordinates":[-97.66724,16.58222]},"properties":{"id":71321,"name":"La Humedad","state_code":"OAX","country_code":"MX"}},{"type":"Feature","geometry":{"type":"Point","coordinates":[-97.74556,17.82778]},"properties":{"id":71337,"name":"La Junta","state_code":"OAX","country_code":"MX"}},{"type":"Feature","geometry":{"type":"Point","coordinates":[-97.5957,16.11477]},"properties":{"id":71371,"name":"La Luz","state_code":"OAX","country_code":"MX"}},{"type":"Feature","geometry":{"type":"Point","coordinates":[-96.09978,17.98689]},"properties":{"id":71395,"name":"La Mina","state_code":"OAX","country_code":"MX"}},{"type":"Feature","geometry":{"type":"Point","coordinates":[-95.22056,16.25444]},"properties":{"id":71407,"name":"La Noria","state_code":"OAX","country_code":"MX"}},{"type":"Feature","geometry":{"type":"Point","coordinates":[-96.79766,16.63027]},"properties":{"id":71437,"name":"La Pe","state_code":"OAX","country_code":"MX"}},{"type":"Feature","geometry":{"type":"Point","coordinates":[-97.84544,16.62414]},"properties":{"id":71471,"name":"La Reforma","state_code":"OAX","country_code":"MX"}},{"type":"Feature","geometry":{"type":"Point","coordinates":[-96.45129,18.33582]},"properties":{"id":71500,"name":"La Tabaquera","state_code":"OAX","country_code":"MX"}},{"type":"Feature","geometry":{"type":"Point","coordinates":[-94.81773,16.57109]},"properties":{"id":71527,"name":"La Venta","state_code":"OAX","country_code":"MX"}},{"type":"Feature","geometry":{"type":"Point","coordinates":[-94.94762,16.55188]},"properties":{"id":71529,"name":"La Ventosa","state_code":"OAX","country_code":"MX"}},{"type":"Feature","geometry":{"type":"Point","coordinates":[-94.61667,16.36667]},"properties":{"id":71574,"name":"Las Amilpas","state_code":"OAX","country_code":"MX"}},{"type":"Feature","geometry":{"type":"Point","coordinates":[-96.28421,18.25501]},"properties":{"id":71618,"name":"Las Margaritas","state_code":"OAX","country_code":"MX"}},{"type":"Feature","geometry":{"type":"Point","coordinates":[-94.85981,16.72818]},"properties":{"id":71887,"name":"Lázaro Cárdenas","state_code":"OAX","country_code":"MX"}},{"type":"Feature","geometry":{"type":"Point","coordinates":[-96.81083,18.10611]},"properties":{"id":71690,"name":"Llano de Agua","state_code":"OAX","country_code":"MX"}},{"type":"Feature","geometry":{"type":"Point","coordinates":[-95.05389,16.86611]},"properties":{"id":71689,"name":"Llano Suchiapa","state_code":"OAX","country_code":"MX"}},{"type":"Feature","geometry":{"type":"Point","coordinates":[-95.87904,18.10721]},"properties":{"id":71714,"name":"Loma Bonita","state_code":"OAX","country_code":"MX"}},{"type":"Feature","geometry":{"type":"Point","coordinates":[-96.83917,18.11972]},"properties":{"id":71718,"name":"Loma Chapultepec","state_code":"OAX","country_code":"MX"}},{"type":"Feature","geometry":{"type":"Point","coordinates":[-95.1654,17.39485]},"properties":{"id":71870,"name":"Los Ángeles","state_code":"OAX","country_code":"MX"}},{"type":"Feature","geometry":{"type":"Point","coordinates":[-96.45889,15.98167]},"properties":{"id":71821,"name":"Los Naranjos Esquipulas","state_code":"OAX","country_code":"MX"}},{"type":"Feature","geometry":{"type":"Point","coordinates":[-96.27184,18.0682]},"properties":{"id":71916,"name":"Macín Chico","state_code":"OAX","country_code":"MX"}},{"type":"Feature","geometry":{"type":"Point","coordinates":[-96.54,17.01583]},"properties":{"id":71911,"name":"Macuilxóchitl de Artigas Carranza","state_code":"OAX","country_code":"MX"}},{"type":"Feature","geometry":{"type":"Point","coordinates":[-96.82083,17.24083]},"properties":{"id":71921,"name":"Magdalena Apasco","state_code":"OAX","country_code":"MX"}},{"type":"Feature","geometry":{"type":"Point","coordinates":[-97.22122,17.32318]},"properties":{"id":71925,"name":"Magdalena Jaltepec","state_code":"OAX","country_code":"MX"}},{"type":"Feature","geometry":{"type":"Point","coordinates":[-96.90618,16.89659]},"properties":{"id":71926,"name":"Magdalena Mixtepec","state_code":"OAX","country_code":"MX"}},{"type":"Feature","geometry":{"type":"Point","coordinates":[-96.7101,16.70865]},"properties":{"id":71927,"name":"Magdalena Ocotlán","state_code":"OAX","country_code":"MX"}},{"type":"Feature","geometry":{"type":"Point","coordinates":[-96.5584,16.90393]},"properties":{"id":71928,"name":"Magdalena Teitipac","state_code":"OAX","country_code":"MX"}},{"type":"Feature","geometry":{"type":"Point","coordinates":[-95.60204,16.39929]},"properties":{"id":71929,"name":"Magdalena Tequisistlán","state_code":"OAX","country_code":"MX"}},{"type":"Feature","geometry":{"type":"Point","coordinates":[-95.20248,16.50416]},"properties":{"id":71930,"name":"Magdalena Tlacotepec","state_code":"OAX","country_code":"MX"}},{"type":"Feature","geometry":{"type":"Point","coordinates":[-97.3553,17.3847]},"properties":{"id":71931,"name":"Magdalena Yodocono de Porfirio Díaz","state_code":"OAX","country_code":"MX"}},{"type":"Feature","geometry":{"type":"Point","coordinates":[-97.22747,17.38978]},"properties":{"id":71932,"name":"Magdalena Zahuatlán","state_code":"OAX","country_code":"MX"}},{"type":"Feature","geometry":{"type":"Point","coordinates":[-98.11018,16.3894]},"properties":{"id":71954,"name":"Mancuernas","state_code":"OAX","country_code":"MX"}},{"type":"Feature","geometry":{"type":"Point","coordinates":[-95.42821,17.44931]},"properties":{"id":72005,"name":"María Lombardo de Caso","state_code":"OAX","country_code":"MX"}},{"type":"Feature","geometry":{"type":"Point","coordinates":[-98.14083,17.85972]},"properties":{"id":71996,"name":"Mariscala de Juárez","state_code":"OAX","country_code":"MX"}},{"type":"Feature","geometry":{"type":"Point","coordinates":[-95.03939,16.87902]},"properties":{"id":72024,"name":"Matías Romero","state_code":"OAX","country_code":"MX"}},{"type":"Feature","geometry":{"type":"Point","coordinates":[-96.91404,18.03264]},"properties":{"id":72048,"name":"Mazatlán Villa de Flores","state_code":"OAX","country_code":"MX"}},{"type":"Feature","geometry":{"type":"Point","coordinates":[-96.30956,18.1163]},"properties":{"id":72052,"name":"Mazín Grande","state_code":"OAX","country_code":"MX"}},{"type":"Feature","geometry":{"type":"Point","coordinates":[-96.07048,16.04679]},"properties":{"id":72077,"name":"Merced del Potrero","state_code":"OAX","country_code":"MX"}},{"type":"Feature","geometry":{"type":"Point","coordinates":[-97.99765,16.92208]},"properties":{"id":72085,"name":"Mesones Hidalgo","state_code":"OAX","country_code":"MX"}},{"type":"Feature","geometry":{"type":"Point","coordinates":[-96.59562,16.33276]},"properties":{"id":72117,"name":"Miahuatlán de Porfirio Díaz","state_code":"OAX","country_code":"MX"}},{"type":"Feature","geometry":{"type":"Point","coordinates":[-96.10669,17.14669]},"properties":{"id":72165,"name":"Mixistlán de la Reforma","state_code":"OAX","country_code":"MX"}},{"type":"Feature","geometry":{"type":"Point","coordinates":[-95.8651,17.59296]},"properties":{"id":72217,"name":"Montenegro la Lana","state_code":"OAX","country_code":"MX"}},{"type":"Feature","geometry":{"type":"Point","coordinates":[-97.12501,18.13414]},"properties":{"id":72275,"name":"Nanahuatípam","state_code":"OAX","country_code":"MX"}},{"type":"Feature","geometry":{"type":"Point","coordinates":[-97.33566,17.6616]},"properties":{"id":72288,"name":"Nativitas","state_code":"OAX","country_code":"MX"}},{"type":"Feature","geometry":{"type":"Point","coordinates":[-96.83264,17.17667]},"properties":{"id":72300,"name":"Nazareno Etla","state_code":"OAX","country_code":"MX"}},{"type":"Feature","geometry":{"type":"Point","coordinates":[-95.97855,16.60571]},"properties":{"id":72309,"name":"Nejapa de Madero","state_code":"OAX","country_code":"MX"}},{"type":"Feature","geometry":{"type":"Point","coordinates":[-94.61373,16.56401]},"properties":{"id":72332,"name":"Niltepec","state_code":"OAX","country_code":"MX"}},{"type":"Feature","geometry":{"type":"Point","coordinates":[-95.43807,17.64145]},"properties":{"id":72388,"name":"Nuevo Ixcatlán","state_code":"OAX","country_code":"MX"}},{"type":"Feature","geometry":{"type":"Point","coordinates":[-96.34722,18.29667]},"properties":{"id":72403,"name":"Nuevo Paso Nazareno (Chichicazapa)","state_code":"OAX","country_code":"MX"}},{"type":"Feature","geometry":{"type":"Point","coordinates":[-95.52346,17.57987]},"properties":{"id":72411,"name":"Nuevo San Martín","state_code":"OAX","country_code":"MX"}},{"type":"Feature","geometry":{"type":"Point","coordinates":[-96.72365,17.06542]},"properties":{"id":72432,"name":"Oaxaca","state_code":"OAX","country_code":"MX"}},{"type":"Feature","geometry":{"type":"Point","coordinates":[-96.73556,17.11345]},"properties":{"id":72433,"name":"Oaxaca de Juárez","state_code":"OAX","country_code":"MX"}},{"type":"Feature","geometry":{"type":"Point","coordinates":[-96.67455,16.79151]},"properties":{"id":72460,"name":"Ocotlán de Morelos","state_code":"OAX","country_code":"MX"}},{"type":"Feature","geometry":{"type":"Point","coordinates":[-95.06266,17.1383]},"properties":{"id":72612,"name":"Palomares","state_code":"OAX","country_code":"MX"}},{"type":"Feature","geometry":{"type":"Point","coordinates":[-96.09383,18.16087]},"properties":{"id":72631,"name":"Papaloapan","state_code":"OAX","country_code":"MX"}},{"type":"Feature","geometry":{"type":"Point","coordinates":[-96.23786,18.01274]},"properties":{"id":72678,"name":"Paso Canoa","state_code":"OAX","country_code":"MX"}},{"type":"Feature","geometry":{"type":"Point","coordinates":[-95.04667,17.07389]},"properties":{"id":72685,"name":"Paso Real de Sarabia","state_code":"OAX","country_code":"MX"}},{"type":"Feature","geometry":{"type":"Point","coordinates":[-97.79417,17.47778]},"properties":{"id":72749,"name":"Peña Colorada","state_code":"OAX","country_code":"MX"}},{"type":"Feature","geometry":{"type":"Point","coordinates":[-95.01278,16.98861]},"properties":{"id":72764,"name":"Piedra Blanca","state_code":"OAX","country_code":"MX"}},{"type":"Feature","geometry":{"type":"Point","coordinates":[-96.45122,18.12]},"properties":{"id":72769,"name":"Piedra de Amolar","state_code":"OAX","country_code":"MX"}},{"type":"Feature","geometry":{"type":"Point","coordinates":[-97.97678,16.42716]},"properties":{"id":72782,"name":"Pinotepa de Don Luis","state_code":"OAX","country_code":"MX"}},{"type":"Feature","geometry":{"type":"Point","coordinates":[-98.05297,16.34014]},"properties":{"id":72781,"name":"Pinotepa Nacional","state_code":"OAX","country_code":"MX"}},{"type":"Feature","geometry":{"type":"Point","coordinates":[-96.51833,18.06139]},"properties":{"id":72810,"name":"Playa Chica","state_code":"OAX","country_code":"MX"}},{"type":"Feature","geometry":{"type":"Point","coordinates":[-96.42977,15.92127]},"properties":{"id":72818,"name":"Pluma Hidalgo","state_code":"OAX","country_code":"MX"}},{"type":"Feature","geometry":{"type":"Point","coordinates":[-96.64,16.72]},"properties":{"id":72885,"name":"Praxedis de Guerrero","state_code":"OAX","country_code":"MX"}},{"type":"Feature","geometry":{"type":"Point","coordinates":[-97.57028,17.04528]},"properties":{"id":72915,"name":"Progreso","state_code":"OAX","country_code":"MX"}},{"type":"Feature","geometry":{"type":"Point","coordinates":[-96.05778,17.9075]},"properties":{"id":72948,"name":"Pueblo Viejo","state_code":"OAX","country_code":"MX"}},{"type":"Feature","geometry":{"type":"Point","coordinates":[-96.49095,15.66898]},"properties":{"id":72981,"name":"Puerto Ángel","state_code":"OAX","country_code":"MX"}},{"type":"Feature","geometry":{"type":"Point","coordinates":[-97.07726,15.87037]},"properties":{"id":72968,"name":"Puerto Escondido","state_code":"OAX","country_code":"MX"}},{"type":"Feature","geometry":{"type":"Point","coordinates":[-97.92854,17.0263]},"properties":{"id":73002,"name":"Putla Villa de Guerrero","state_code":"OAX","country_code":"MX"}},{"type":"Feature","geometry":{"type":"Point","coordinates":[-96.6789,15.98273]},"properties":{"id":73020,"name":"Quelové","state_code":"OAX","country_code":"MX"}},{"type":"Feature","geometry":{"type":"Point","coordinates":[-97.52385,16.53101]},"properties":{"id":73034,"name":"Quinicuena","state_code":"OAX","country_code":"MX"}},{"type":"Feature","geometry":{"type":"Point","coordinates":[-96.34944,18.35389]},"properties":{"id":73060,"name":"Rancho Grande","state_code":"OAX","country_code":"MX"}},{"type":"Feature","geometry":{"type":"Point","coordinates":[-97.96399,16.33966]},"properties":{"id":73072,"name":"Rancho Viejo","state_code":"OAX","country_code":"MX"}},{"type":"Feature","geometry":{"type":"Point","coordinates":[-94.45786,16.40103]},"properties":{"id":73095,"name":"Reforma de Pineda","state_code":"OAX","country_code":"MX"}},{"type":"Feature","geometry":{"type":"Point","coordinates":[-96.81802,17.2022]},"properties":{"id":73102,"name":"Reyes Etla","state_code":"OAX","country_code":"MX"}},{"type":"Feature","geometry":{"type":"Point","coordinates":[-96.72702,16.90717]},"properties":{"id":73103,"name":"Reyes Mantecón","state_code":"OAX","country_code":"MX"}},{"type":"Feature","geometry":{"type":"Point","coordinates":[-95.31327,16.23007]},"properties":{"id":73119,"name":"Rincón Moreno","state_code":"OAX","country_code":"MX"}},{"type":"Feature","geometry":{"type":"Point","coordinates":[-95.93688,17.61989]},"properties":{"id":73172,"name":"Río Chiquito","state_code":"OAX","country_code":"MX"}},{"type":"Feature","geometry":{"type":"Point","coordinates":[-97.43574,16.01079]},"properties":{"id":73175,"name":"Río Grande","state_code":"OAX","country_code":"MX"}},{"type":"Feature","geometry":{"type":"Point","coordinates":[-95.06533,16.9687]},"properties":{"id":73182,"name":"Río Pachiñe","state_code":"OAX","country_code":"MX"}},{"type":"Feature","geometry":{"type":"Point","coordinates":[-96.61944,17.00861]},"properties":{"id":73152,"name":"Rojas de Cuauhtémoc","state_code":"OAX","country_code":"MX"}},{"type":"Feature","geometry":{"type":"Point","coordinates":[-95.19424,16.17535]},"properties":{"id":73213,"name":"Salina Cruz","state_code":"OAX","country_code":"MX"}},{"type":"Feature","geometry":{"type":"Point","coordinates":[-96.78919,16.51086]},"properties":{"id":73240,"name":"San Agustín Amatengo","state_code":"OAX","country_code":"MX"}},{"type":"Feature","geometry":{"type":"Point","coordinates":[-98.01095,17.6115]},"properties":{"id":73241,"name":"San Agustín Atenango","state_code":"OAX","country_code":"MX"}},{"type":"Feature","geometry":{"type":"Point","coordinates":[-97.80823,16.40234]},"properties":{"id":73245,"name":"San Agustín Chayuco","state_code":"OAX","country_code":"MX"}},{"type":"Feature","geometry":{"type":"Point","coordinates":[-96.70806,17.00389]},"properties":{"id":73237,"name":"San Agustin de las Juntas","state_code":"OAX","country_code":"MX"}},{"type":"Feature","geometry":{"type":"Point","coordinates":[-96.76661,17.18654]},"properties":{"id":73247,"name":"San Agustín Etla","state_code":"OAX","country_code":"MX"}},{"type":"Feature","geometry":{"type":"Point","coordinates":[-96.61615,16.01687]},"properties":{"id":73250,"name":"San Agustín Loxicha","state_code":"OAX","country_code":"MX"}},{"type":"Feature","geometry":{"type":"Point","coordinates":[-96.67845,17.08635]},"properties":{"id":73256,"name":"San Agustín Yatareni","state_code":"OAX","country_code":"MX"}},{"type":"Feature","geometry":{"type":"Point","coordinates":[-97.83703,17.15698]},"properties":{"id":73273,"name":"San Andrés Chicahuaxtla","state_code":"OAX","country_code":"MX"}},{"type":"Feature","geometry":{"type":"Point","coordinates":[-97.72669,17.68812]},"properties":{"id":73277,"name":"San Andrés Dinicuiti","state_code":"OAX","country_code":"MX"}},{"type":"Feature","geometry":{"type":"Point","coordinates":[-96.80604,18.13734]},"properties":{"id":73280,"name":"San Andrés Hidalgo","state_code":"OAX","country_code":"MX"}},{"type":"Feature","geometry":{"type":"Point","coordinates":[-97.91647,16.32952]},"properties":{"id":73281,"name":"San Andrés Huaxpaltepec","state_code":"OAX","country_code":"MX"}},{"type":"Feature","geometry":{"type":"Point","coordinates":[-96.66556,17.10264]},"properties":{"id":73282,"name":"San Andrés Huayápam","state_code":"OAX","country_code":"MX"}},{"type":"Feature","geometry":{"type":"Point","coordinates":[-96.82635,17.07112]},"properties":{"id":73284,"name":"San Andrés Ixtlahuaca","state_code":"OAX","country_code":"MX"}},{"type":"Feature","geometry":{"type":"Point","coordinates":[-96.50783,16.21621]},"properties":{"id":73290,"name":"San Andrés Paxtlán","state_code":"OAX","country_code":"MX"}},{"type":"Feature","geometry":{"type":"Point","coordinates":[-97.28298,17.46928]},"properties":{"id":73293,"name":"San Andrés Sinaxtla","state_code":"OAX","country_code":"MX"}},{"type":"Feature","geometry":{"type":"Point","coordinates":[-96.2361,17.27254]},"properties":{"id":73294,"name":"San Andrés Solaga","state_code":"OAX","country_code":"MX"}},{"type":"Feature","geometry":{"type":"Point","coordinates":[-96.65607,17.95414]},"properties":{"id":73296,"name":"San Andrés Teotilalpam","state_code":"OAX","country_code":"MX"}},{"type":"Feature","geometry":{"type":"Point","coordinates":[-96.15384,17.2929]},"properties":{"id":73302,"name":"San Andrés Yaá","state_code":"OAX","country_code":"MX"}},{"type":"Feature","geometry":{"type":"Point","coordinates":[-96.85889,16.59917]},"properties":{"id":73303,"name":"San Andrés Zabache","state_code":"OAX","country_code":"MX"}},{"type":"Feature","geometry":{"type":"Point","coordinates":[-96.86419,17.18697]},"properties":{"id":73304,"name":"San Andrés Zautla","state_code":"OAX","country_code":"MX"}},{"type":"Feature","geometry":{"type":"Point","coordinates":[-96.69267,16.809]},"properties":{"id":73311,"name":"San Antonino Castillo Velasco","state_code":"OAX","country_code":"MX"}},{"type":"Feature","geometry":{"type":"Point","coordinates":[-97.02719,16.81984]},"properties":{"id":73313,"name":"San Antonino el Alto","state_code":"OAX","country_code":"MX"}},{"type":"Feature","geometry":{"type":"Point","coordinates":[-97.72654,17.51869]},"properties":{"id":73312,"name":"San Antonino Monte Verde","state_code":"OAX","country_code":"MX"}},{"type":"Feature","geometry":{"type":"Point","coordinates":[-96.79034,17.03972]},"properties":{"id":73321,"name":"San Antonio Arrazola","state_code":"OAX","country_code":"MX"}},{"type":"Feature","geometry":{"type":"Point","coordinates":[-96.70094,17.02921]},"properties":{"id":73368,"name":"San Antonio de la Cal","state_code":"OAX","country_code":"MX"}},{"type":"Feature","geometry":{"type":"Point","coordinates":[-97.1467,16.92888]},"properties":{"id":73336,"name":"San Antonio Huitepec","state_code":"OAX","country_code":"MX"}},{"type":"Feature","geometry":{"type":"Point","coordinates":[-96.09083,17.67167]},"properties":{"id":73391,"name":"San Antonio las Palmas","state_code":"OAX","country_code":"MX"}},{"type":"Feature","geometry":{"type":"Point","coordinates":[-98.16585,16.64929]},"properties":{"id":73343,"name":"San Antonio Ocotlán","state_code":"OAX","country_code":"MX"}},{"type":"Feature","geometry":{"type":"Point","coordinates":[-98.06551,16.54391]},"properties":{"id":73354,"name":"San Antonio Tepetlapa","state_code":"OAX","country_code":"MX"}},{"type":"Feature","geometry":{"type":"Point","coordinates":[-96.4897,16.76151]},"properties":{"id":73394,"name":"San Baltazar Chichicapam","state_code":"OAX","country_code":"MX"}},{"type":"Feature","geometry":{"type":"Point","coordinates":[-96.30542,16.79638]},"properties":{"id":73395,"name":"San Baltazar Guelavila","state_code":"OAX","country_code":"MX"}},{"type":"Feature","geometry":{"type":"Point","coordinates":[-96.7874,16.0767]},"properties":{"id":73396,"name":"San Baltazar Loxicha","state_code":"OAX","country_code":"MX"}},{"type":"Feature","geometry":{"type":"Point","coordinates":[-96.22046,17.22958]},"properties":{"id":73397,"name":"San Baltazar Yatzachi el Bajo","state_code":"OAX","country_code":"MX"}},{"type":"Feature","geometry":{"type":"Point","coordinates":[-96.1075,18.09222]},"properties":{"id":73400,"name":"San Bartolo","state_code":"OAX","country_code":"MX"}},{"type":"Feature","geometry":{"type":"Point","coordinates":[-96.70977,16.94877]},"properties":{"id":73401,"name":"San Bartolo Coyotepec","state_code":"OAX","country_code":"MX"}},{"type":"Feature","geometry":{"type":"Point","coordinates":[-96.7093,16.95837]},"properties":{"id":73402,"name":"San Bartolo Coyotespec","state_code":"OAX","country_code":"MX"}},{"type":"Feature","geometry":{"type":"Point","coordinates":[-95.97438,16.42935]},"properties":{"id":73410,"name":"San Bartolo Yautepec","state_code":"OAX","country_code":"MX"}},{"type":"Feature","geometry":{"type":"Point","coordinates":[-96.67078,18.03239]},"properties":{"id":73421,"name":"San Bartolomé Ayautla","state_code":"OAX","country_code":"MX"}},{"type":"Feature","geometry":{"type":"Point","coordinates":[-96.70957,15.96981]},"properties":{"id":73425,"name":"San Bartolomé Loxícha","state_code":"OAX","country_code":"MX"}},{"type":"Feature","geometry":{"type":"Point","coordinates":[-96.50169,16.90302]},"properties":{"id":73426,"name":"San Bartolomé Quialana","state_code":"OAX","country_code":"MX"}},{"type":"Feature","geometry":{"type":"Point","coordinates":[-95.91056,17.98722]},"properties":{"id":73430,"name":"San Benito Encinal","state_code":"OAX","country_code":"MX"}},{"type":"Feature","geometry":{"type":"Point","coordinates":[-96.89911,16.82579]},"properties":{"id":73441,"name":"San Bernardo Mixtepec","state_code":"OAX","country_code":"MX"}},{"type":"Feature","geometry":{"type":"Point","coordinates":[-95.22559,16.33103]},"properties":{"id":73447,"name":"San Blas Atempa","state_code":"OAX","country_code":"MX"}},{"type":"Feature","geometry":{"type":"Point","coordinates":[-96.10648,16.49699]},"properties":{"id":73463,"name":"San Carlos Yautepec","state_code":"OAX","country_code":"MX"}},{"type":"Feature","geometry":{"type":"Point","coordinates":[-96.40785,16.31713]},"properties":{"id":73475,"name":"San Cristóbal Amatlán","state_code":"OAX","country_code":"MX"}},{"type":"Feature","geometry":{"type":"Point","coordinates":[-97.57216,17.28428]},"properties":{"id":73476,"name":"San Cristóbal Amoltepec","state_code":"OAX","country_code":"MX"}},{"type":"Feature","geometry":{"type":"Point","coordinates":[-97.04111,16.32528]},"properties":{"id":73479,"name":"San Cristóbal Honduras","state_code":"OAX","country_code":"MX"}},{"type":"Feature","geometry":{"type":"Point","coordinates":[-96.16503,17.33582]},"properties":{"id":73480,"name":"San Cristóbal Lachirioag","state_code":"OAX","country_code":"MX"}},{"type":"Feature","geometry":{"type":"Point","coordinates":[-94.7583,16.32371]},"properties":{"id":73504,"name":"San Dionisio del Mar","state_code":"OAX","country_code":"MX"}},{"type":"Feature","geometry":{"type":"Point","coordinates":[-96.39334,16.80457]},"properties":{"id":73502,"name":"San Dionisio Ocotepec","state_code":"OAX","country_code":"MX"}},{"type":"Feature","geometry":{"type":"Point","coordinates":[-96.68002,16.74704]},"properties":{"id":73503,"name":"San Dionisio Ocotlán","state_code":"OAX","country_code":"MX"}},{"type":"Feature","geometry":{"type":"Point","coordinates":[-97.67836,17.06716]},"properties":{"id":73507,"name":"San Esteban Atatlahuca","state_code":"OAX","country_code":"MX"}},{"type":"Feature","geometry":{"type":"Point","coordinates":[-95.36767,17.47763]},"properties":{"id":73514,"name":"San Felipe Cihualtepec","state_code":"OAX","country_code":"MX"}},{"type":"Feature","geometry":{"type":"Point","coordinates":[-96.53562,18.0712]},"properties":{"id":73517,"name":"San Felipe Jalapa de Díaz","state_code":"OAX","country_code":"MX"}},{"type":"Feature","geometry":{"type":"Point","coordinates":[-96.8542,17.11134]},"properties":{"id":73524,"name":"San Felipe Tejalápam","state_code":"OAX","country_code":"MX"}},{"type":"Feature","geometry":{"type":"Point","coordinates":[-96.58639,18.18889]},"properties":{"id":73528,"name":"San Felipe Tílpam","state_code":"OAX","country_code":"MX"}},{"type":"Feature","geometry":{"type":"Point","coordinates":[-96.52474,17.8879]},"properties":{"id":73529,"name":"San Felipe Usila","state_code":"OAX","country_code":"MX"}},{"type":"Feature","geometry":{"type":"Point","coordinates":[-96.26465,17.18086]},"properties":{"id":73552,"name":"San Francisco Cajonos","state_code":"OAX","country_code":"MX"}},{"type":"Feature","geometry":{"type":"Point","coordinates":[-97.31266,17.42809]},"properties":{"id":73556,"name":"San Francisco Chindúa","state_code":"OAX","country_code":"MX"}},{"type":"Feature","geometry":{"type":"Point","coordinates":[-96.76099,16.18175]},"properties":{"id":73557,"name":"San Francisco Coatlán","state_code":"OAX","country_code":"MX"}},{"type":"Feature","geometry":{"type":"Point","coordinates":[-96.72396,15.81476]},"properties":{"id":73558,"name":"San Francisco Cozoaltepec","state_code":"OAX","country_code":"MX"}},{"type":"Feature","geometry":{"type":"Point","coordinates":[-94.51529,16.33987]},"properties":{"id":73617,"name":"San Francisco del Mar","state_code":"OAX","country_code":"MX"}},{"type":"Feature","geometry":{"type":"Point","coordinates":[-94.63297,16.23185]},"properties":{"id":73618,"name":"San Francisco del Mar Viejo","state_code":"OAX","country_code":"MX"}},{"type":"Feature","geometry":{"type":"Point","coordinates":[-96.94805,18.19725]},"properties":{"id":73565,"name":"San Francisco Huehuetlán","state_code":"OAX","country_code":"MX"}},{"type":"Feature","geometry":{"type":"Point","coordinates":[-94.48402,16.35109]},"properties":{"id":73567,"name":"San Francisco Ixhuatan","state_code":"OAX","country_code":"MX"}},{"type":"Feature","geometry":{"type":"Point","coordinates":[-97.26481,17.38579]},"properties":{"id":73570,"name":"San Francisco Jaltepetongo","state_code":"OAX","country_code":"MX"}},{"type":"Feature","geometry":{"type":"Point","coordinates":[-96.7775,17.02861]},"properties":{"id":73572,"name":"San Francisco Javier","state_code":"OAX","country_code":"MX"}},{"type":"Feature","geometry":{"type":"Point","coordinates":[-96.59947,17.01624]},"properties":{"id":73574,"name":"San Francisco Lachigoló","state_code":"OAX","country_code":"MX"}},{"type":"Feature","geometry":{"type":"Point","coordinates":[-96.37907,16.37576]},"properties":{"id":73575,"name":"San Francisco Logueche","state_code":"OAX","country_code":"MX"}},{"type":"Feature","geometry":{"type":"Point","coordinates":[-96.61295,15.90658]},"properties":{"id":73576,"name":"San Francisco Loxicha","state_code":"OAX","country_code":"MX"}},{"type":"Feature","geometry":{"type":"Point","coordinates":[-97.34262,17.38173]},"properties":{"id":73581,"name":"San Francisco Nuxaño","state_code":"OAX","country_code":"MX"}},{"type":"Feature","geometry":{"type":"Point","coordinates":[-96.22181,16.10079]},"properties":{"id":73585,"name":"San Francisco Ozolotepec","state_code":"OAX","country_code":"MX"}},{"type":"Feature","geometry":{"type":"Point","coordinates":[-96.97488,16.51584]},"properties":{"id":73590,"name":"San Francisco Sola","state_code":"OAX","country_code":"MX"}},{"type":"Feature","geometry":{"type":"Point","coordinates":[-96.90529,17.29684]},"properties":{"id":73593,"name":"San Francisco Telixtlahuaca","state_code":"OAX","country_code":"MX"}},{"type":"Feature","geometry":{"type":"Point","coordinates":[-96.6681,17.07092]},"properties":{"id":73604,"name":"San Francisco Tutla","state_code":"OAX","country_code":"MX"}},{"type":"Feature","geometry":{"type":"Point","coordinates":[-97.08237,16.09593]},"properties":{"id":73629,"name":"San Gabriel Mixtepec","state_code":"OAX","country_code":"MX"}},{"type":"Feature","geometry":{"type":"Point","coordinates":[-96.49122,16.3339]},"properties":{"id":73660,"name":"San Ildefonso Amatlán","state_code":"OAX","country_code":"MX"}},{"type":"Feature","geometry":{"type":"Point","coordinates":[-96.15232,17.33827]},"properties":{"id":73662,"name":"San Ildefonso Villa Alta","state_code":"OAX","country_code":"MX"}},{"type":"Feature","geometry":{"type":"Point","coordinates":[-96.35856,15.80952]},"properties":{"id":73674,"name":"San Isidro Apango","state_code":"OAX","country_code":"MX"}},{"type":"Feature","geometry":{"type":"Point","coordinates":[-96.74861,17.00167]},"properties":{"id":73681,"name":"San Isidro Monjas","state_code":"OAX","country_code":"MX"}},{"type":"Feature","geometry":{"type":"Point","coordinates":[-96.76228,17.10188]},"properties":{"id":73695,"name":"San Jacinto Amilpas","state_code":"OAX","country_code":"MX"}},{"type":"Feature","geometry":{"type":"Point","coordinates":[-96.87047,16.23211]},"properties":{"id":73708,"name":"San Jerónimo Coatlán","state_code":"OAX","country_code":"MX"}},{"type":"Feature","geometry":{"type":"Point","coordinates":[-97.84488,17.81021]},"properties":{"id":73714,"name":"San Jerónimo Silacayoapilla","state_code":"OAX","country_code":"MX"}},{"type":"Feature","geometry":{"type":"Point","coordinates":[-97.03291,17.36685]},"properties":{"id":73715,"name":"San Jerónimo Sosola","state_code":"OAX","country_code":"MX"}},{"type":"Feature","geometry":{"type":"Point","coordinates":[-96.5936,16.71468]},"properties":{"id":73716,"name":"San Jerónimo Taviche","state_code":"OAX","country_code":"MX"}},{"type":"Feature","geometry":{"type":"Point","coordinates":[-96.91256,18.16633]},"properties":{"id":73717,"name":"San Jerónimo Tecóatl","state_code":"OAX","country_code":"MX"}},{"type":"Feature","geometry":{"type":"Point","coordinates":[-96.55522,17.00843]},"properties":{"id":73718,"name":"San Jerónimo Tlacochahuaya","state_code":"OAX","country_code":"MX"}},{"type":"Feature","geometry":{"type":"Point","coordinates":[-96.76972,17.10861]},"properties":{"id":73722,"name":"San Jerónimo Yahuiche","state_code":"OAX","country_code":"MX"}},{"type":"Feature","geometry":{"type":"Point","coordinates":[-98.10153,17.65921]},"properties":{"id":73731,"name":"San Jorge Nuchita","state_code":"OAX","country_code":"MX"}},{"type":"Feature","geometry":{"type":"Point","coordinates":[-97.96861,17.94221]},"properties":{"id":73744,"name":"San José Ayuquila","state_code":"OAX","country_code":"MX"}},{"type":"Feature","geometry":{"type":"Point","coordinates":[-96.4639,15.82957]},"properties":{"id":73754,"name":"San José Chacalapa","state_code":"OAX","country_code":"MX"}},{"type":"Feature","geometry":{"type":"Point","coordinates":[-96.16957,17.94734]},"properties":{"id":73758,"name":"San José Chiltepec","state_code":"OAX","country_code":"MX"}},{"type":"Feature","geometry":{"type":"Point","coordinates":[-95.39837,17.35076]},"properties":{"id":73832,"name":"San José de las Flores","state_code":"OAX","country_code":"MX"}},{"type":"Feature","geometry":{"type":"Point","coordinates":[-96.68148,16.69909]},"properties":{"id":73839,"name":"San José del Progreso","state_code":"OAX","country_code":"MX"}},{"type":"Feature","geometry":{"type":"Point","coordinates":[-98.25092,16.36545]},"properties":{"id":73764,"name":"San José Estancia Grande","state_code":"OAX","country_code":"MX"}},{"type":"Feature","geometry":{"type":"Point","coordinates":[-96.63853,16.68029]},"properties":{"id":73853,"name":"San José la Garzona","state_code":"OAX","country_code":"MX"}},{"type":"Feature","geometry":{"type":"Point","coordinates":[-96.33589,16.37784]},"properties":{"id":73772,"name":"San José Lachiguirí","state_code":"OAX","country_code":"MX"}},{"type":"Feature","geometry":{"type":"Point","coordinates":[-96.59151,15.83658]},"properties":{"id":73780,"name":"San José Piedras Negras","state_code":"OAX","country_code":"MX"}},{"type":"Feature","geometry":{"type":"Point","coordinates":[-95.88012,17.67003]},"properties":{"id":73782,"name":"San José Río Manzo","state_code":"OAX","country_code":"MX"}},{"type":"Feature","geometry":{"type":"Point","coordinates":[-96.71744,18.15084]},"properties":{"id":73787,"name":"San José Tenango","state_code":"OAX","country_code":"MX"}},{"type":"Feature","geometry":{"type":"Point","coordinates":[-97.50804,17.35019]},"properties":{"id":73861,"name":"San Juan Achiutla","state_code":"OAX","country_code":"MX"}},{"type":"Feature","geometry":{"type":"Point","coordinates":[-96.53968,17.42819]},"properties":{"id":73866,"name":"San Juan Atepec","state_code":"OAX","country_code":"MX"}},{"type":"Feature","geometry":{"type":"Point","coordinates":[-96.82639,17.42458]},"properties":{"id":73872,"name":"San Juan Bautista Jayacatlán","state_code":"OAX","country_code":"MX"}},{"type":"Feature","geometry":{"type":"Point","coordinates":[-96.72472,16.98617]},"properties":{"id":73874,"name":"San Juan Bautista la Raya","state_code":"OAX","country_code":"MX"}},{"type":"Feature","geometry":{"type":"Point","coordinates":[-98.34772,16.51197]},"properties":{"id":73873,"name":"San Juan Bautista Lo de Soto","state_code":"OAX","country_code":"MX"}},{"type":"Feature","geometry":{"type":"Point","coordinates":[-97.8824,16.75285]},"properties":{"id":73876,"name":"San Juan Cabeza del Río","state_code":"OAX","country_code":"MX"}},{"type":"Feature","geometry":{"type":"Point","coordinates":[-98.15501,16.61532]},"properties":{"id":73877,"name":"San Juan Cacahuatepec","state_code":"OAX","country_code":"MX"}},{"type":"Feature","geometry":{"type":"Point","coordinates":[-96.66915,16.83042]},"properties":{"id":73878,"name":"San Juan Chilateca","state_code":"OAX","country_code":"MX"}},{"type":"Feature","geometry":{"type":"Point","coordinates":[-96.76304,18.04998]},"properties":{"id":73880,"name":"San Juan Coatzospam","state_code":"OAX","country_code":"MX"}},{"type":"Feature","geometry":{"type":"Point","coordinates":[-97.95431,16.46066]},"properties":{"id":73881,"name":"San Juan Colorado","state_code":"OAX","country_code":"MX"}},{"type":"Feature","geometry":{"type":"Point","coordinates":[-95.78259,17.16373]},"properties":{"id":73884,"name":"San Juan Cotzocón","state_code":"OAX","country_code":"MX"}},{"type":"Feature","geometry":{"type":"Point","coordinates":[-97.0602,18.04654]},"properties":{"id":73969,"name":"San Juan de los Cues","state_code":"OAX","country_code":"MX"}},{"type":"Feature","geometry":{"type":"Point","coordinates":[-96.79912,17.2743]},"properties":{"id":73973,"name":"San Juan del Estado","state_code":"OAX","country_code":"MX"}},{"type":"Feature","geometry":{"type":"Point","coordinates":[-95.76028,17.49278]},"properties":{"id":73977,"name":"San Juan del Río","state_code":"OAX","country_code":"MX"}},{"type":"Feature","geometry":{"type":"Point","coordinates":[-97.37005,17.28597]},"properties":{"id":73890,"name":"San Juan Diuxi","state_code":"OAX","country_code":"MX"}},{"type":"Feature","geometry":{"type":"Point","coordinates":[-96.54359,16.95507]},"properties":{"id":73894,"name":"San Juan Guelavía","state_code":"OAX","country_code":"MX"}},{"type":"Feature","geometry":{"type":"Point","coordinates":[-95.09418,16.96231]},"properties":{"id":73895,"name":"San Juan Guichicovi","state_code":"OAX","country_code":"MX"}},{"type":"Feature","geometry":{"type":"Point","coordinates":[-98.28518,17.75656]},"properties":{"id":73898,"name":"San Juan Ihualtepec","state_code":"OAX","country_code":"MX"}},{"type":"Feature","geometry":{"type":"Point","coordinates":[-95.66263,17.35264]},"properties":{"id":73902,"name":"San Juan Jaltepec","state_code":"OAX","country_code":"MX"}},{"type":"Feature","geometry":{"type":"Point","coordinates":[-98.0125,16.47583]},"properties":{"id":73904,"name":"San Juan Jicayán","state_code":"OAX","country_code":"MX"}},{"type":"Feature","geometry":{"type":"Point","coordinates":[-95.91889,16.93585]},"properties":{"id":73905,"name":"San Juan Juquila","state_code":"OAX","country_code":"MX"}},{"type":"Feature","geometry":{"type":"Point","coordinates":[-96.27421,17.33734]},"properties":{"id":73906,"name":"San Juan Juquila Vijanos","state_code":"OAX","country_code":"MX"}},{"type":"Feature","geometry":{"type":"Point","coordinates":[-97.12449,16.15891]},"properties":{"id":73907,"name":"San Juan Lachao","state_code":"OAX","country_code":"MX"}},{"type":"Feature","geometry":{"type":"Point","coordinates":[-96.55052,16.58947]},"properties":{"id":73986,"name":"San Juán Lachigalla","state_code":"OAX","country_code":"MX"}},{"type":"Feature","geometry":{"type":"Point","coordinates":[-97.93066,16.99748]},"properties":{"id":73908,"name":"San Juan Lagunas","state_code":"OAX","country_code":"MX"}},{"type":"Feature","geometry":{"type":"Point","coordinates":[-95.44606,17.02988]},"properties":{"id":73909,"name":"San Juan Mazatlán","state_code":"OAX","country_code":"MX"}},{"type":"Feature","geometry":{"type":"Point","coordinates":[-95.91174,17.17563]},"properties":{"id":73910,"name":"San Juan Metaltepec","state_code":"OAX","country_code":"MX"}},{"type":"Feature","geometry":{"type":"Point","coordinates":[-97.86147,17.31676]},"properties":{"id":73911,"name":"San Juan Mixtepec -Dto. 08 -","state_code":"OAX","country_code":"MX"}},{"type":"Feature","geometry":{"type":"Point","coordinates":[-96.29917,16.27667]},"properties":{"id":73912,"name":"San Juan Mixtepec -Dto. 26 -","state_code":"OAX","country_code":"MX"}},{"type":"Feature","geometry":{"type":"Point","coordinates":[-97.70624,17.39734]},"properties":{"id":73980,"name":"San Juan Ñumí","state_code":"OAX","country_code":"MX"}},{"type":"Feature","geometry":{"type":"Point","coordinates":[-96.25925,16.1332]},"properties":{"id":73913,"name":"San Juan Ozolotepec","state_code":"OAX","country_code":"MX"}},{"type":"Feature","geometry":{"type":"Point","coordinates":[-96.0361,17.46916]},"properties":{"id":73916,"name":"San Juan Petlapa","state_code":"OAX","country_code":"MX"}},{"type":"Feature","geometry":{"type":"Point","coordinates":[-97.31729,16.3022]},"properties":{"id":73919,"name":"San Juan Quiahue","state_code":"OAX","country_code":"MX"}},{"type":"Feature","geometry":{"type":"Point","coordinates":[-96.58731,17.60156]},"properties":{"id":73920,"name":"San Juan Quiotepec","state_code":"OAX","country_code":"MX"}},{"type":"Feature","geometry":{"type":"Point","coordinates":[-96.67445,17.858]},"properties":{"id":73922,"name":"San Juan Sautla","state_code":"OAX","country_code":"MX"}},{"type":"Feature","geometry":{"type":"Point","coordinates":[-97.29375,17.44736]},"properties":{"id":73923,"name":"San Juan Sayultepec","state_code":"OAX","country_code":"MX"}},{"type":"Feature","geometry":{"type":"Point","coordinates":[-96.20718,17.30495]},"properties":{"id":73926,"name":"San Juan Tabaá","state_code":"OAX","country_code":"MX"}},{"type":"Feature","geometry":{"type":"Point","coordinates":[-96.60954,16.9263]},"properties":{"id":73929,"name":"San Juan Teitipac","state_code":"OAX","country_code":"MX"}},{"type":"Feature","geometry":{"type":"Point","coordinates":[-97.41686,17.58142]},"properties":{"id":73934,"name":"San Juan Teposcolula","state_code":"OAX","country_code":"MX"}},{"type":"Feature","geometry":{"type":"Point","coordinates":[-96.28355,17.43]},"properties":{"id":73952,"name":"San Juan Yaee","state_code":"OAX","country_code":"MX"}},{"type":"Feature","geometry":{"type":"Point","coordinates":[-96.16878,17.40184]},"properties":{"id":73954,"name":"San Juan Yatzona","state_code":"OAX","country_code":"MX"}},{"type":"Feature","geometry":{"type":"Point","coordinates":[-96.60639,17.80528]},"properties":{"id":73956,"name":"San Juan Zapotitlán","state_code":"OAX","country_code":"MX"}},{"type":"Feature","geometry":{"type":"Point","coordinates":[-97.87403,16.39483]},"properties":{"id":73988,"name":"San Lorenzo","state_code":"OAX","country_code":"MX"}},{"type":"Feature","geometry":{"type":"Point","coordinates":[-96.25826,16.91129]},"properties":{"id":73997,"name":"San Lorenzo Albarradas","state_code":"OAX","country_code":"MX"}},{"type":"Feature","geometry":{"type":"Point","coordinates":[-96.80244,17.12774]},"properties":{"id":73999,"name":"San Lorenzo Cacaotepec","state_code":"OAX","country_code":"MX"}},{"type":"Feature","geometry":{"type":"Point","coordinates":[-96.91139,18.20694]},"properties":{"id":74002,"name":"San Lorenzo Cuaunecuiltitla","state_code":"OAX","country_code":"MX"}},{"type":"Feature","geometry":{"type":"Point","coordinates":[-98.12383,17.6319]},"properties":{"id":74018,"name":"San Lorenzo Victoria","state_code":"OAX","country_code":"MX"}},{"type":"Feature","geometry":{"type":"Point","coordinates":[-98.06852,17.95888]},"properties":{"id":74019,"name":"San Lorenzo Vista Hermosa","state_code":"OAX","country_code":"MX"}},{"type":"Feature","geometry":{"type":"Point","coordinates":[-95.71382,16.94473]},"properties":{"id":74027,"name":"San Lucas Camotlán","state_code":"OAX","country_code":"MX"}},{"type":"Feature","geometry":{"type":"Point","coordinates":[-96.39825,18.05767]},"properties":{"id":74031,"name":"San Lucas Ojitlán","state_code":"OAX","country_code":"MX"}},{"type":"Feature","geometry":{"type":"Point","coordinates":[-96.46813,16.89555]},"properties":{"id":74033,"name":"San Lucas Quiavini","state_code":"OAX","country_code":"MX"}},{"type":"Feature","geometry":{"type":"Point","coordinates":[-96.90545,18.13669]},"properties":{"id":74038,"name":"San Lucas Zoquiápam","state_code":"OAX","country_code":"MX"}},{"type":"Feature","geometry":{"type":"Point","coordinates":[-96.49824,16.38652]},"properties":{"id":74045,"name":"San Luis Amatlán","state_code":"OAX","country_code":"MX"}},{"type":"Feature","geometry":{"type":"Point","coordinates":[-96.40561,16.08903]},"properties":{"id":74062,"name":"San Marcial Ozolotepec","state_code":"OAX","country_code":"MX"}},{"type":"Feature","geometry":{"type":"Point","coordinates":[-97.86034,17.72238]},"properties":{"id":74067,"name":"San Marcos Arteaga","state_code":"OAX","country_code":"MX"}},{"type":"Feature","geometry":{"type":"Point","coordinates":[-97.35725,16.14344]},"properties":{"id":74078,"name":"San Marcos Zacatepec","state_code":"OAX","country_code":"MX"}},{"type":"Feature","geometry":{"type":"Point","coordinates":[-96.72777,16.65655]},"properties":{"id":74114,"name":"San Martín de los Canseco","state_code":"OAX","country_code":"MX"}},{"type":"Feature","geometry":{"type":"Point","coordinates":[-97.88083,17.22806]},"properties":{"id":74098,"name":"San Martín Itunyoso","state_code":"OAX","country_code":"MX"}},{"type":"Feature","geometry":{"type":"Point","coordinates":[-96.84882,16.61186]},"properties":{"id":74099,"name":"San Martín Lachila","state_code":"OAX","country_code":"MX"}},{"type":"Feature","geometry":{"type":"Point","coordinates":[-96.6949,16.86008]},"properties":{"id":74107,"name":"San Martín Tilcajete","state_code":"OAX","country_code":"MX"}},{"type":"Feature","geometry":{"type":"Point","coordinates":[-96.20777,17.16147]},"properties":{"id":74121,"name":"San Mateo Cajonos","state_code":"OAX","country_code":"MX"}},{"type":"Feature","geometry":{"type":"Point","coordinates":[-94.98218,16.21054]},"properties":{"id":74142,"name":"San Mateo del Mar","state_code":"OAX","country_code":"MX"}},{"type":"Feature","geometry":{"type":"Point","coordinates":[-97.27389,17.41609]},"properties":{"id":74125,"name":"San Mateo Etlatongo","state_code":"OAX","country_code":"MX"}},{"type":"Feature","geometry":{"type":"Point","coordinates":[-98.41662,17.65604]},"properties":{"id":74130,"name":"San Mateo Nejápam","state_code":"OAX","country_code":"MX"}},{"type":"Feature","geometry":{"type":"Point","coordinates":[-96.33449,16.00049]},"properties":{"id":74134,"name":"San Mateo Piñas","state_code":"OAX","country_code":"MX"}},{"type":"Feature","geometry":{"type":"Point","coordinates":[-97.35066,17.00456]},"properties":{"id":74135,"name":"San Mateo Sindihui","state_code":"OAX","country_code":"MX"}},{"type":"Feature","geometry":{"type":"Point","coordinates":[-96.86417,18.14157]},"properties":{"id":74141,"name":"San Mateo Yoloxochitlán","state_code":"OAX","country_code":"MX"}},{"type":"Feature","geometry":{"type":"Point","coordinates":[-96.15284,17.25267]},"properties":{"id":74148,"name":"San Melchor Betaza","state_code":"OAX","country_code":"MX"}},{"type":"Feature","geometry":{"type":"Point","coordinates":[-96.60866,17.43684]},"properties":{"id":74153,"name":"San Miguel Abejones","state_code":"OAX","country_code":"MX"}},{"type":"Feature","geometry":{"type":"Point","coordinates":[-97.48392,17.309]},"properties":{"id":74154,"name":"San Miguel Achiutla","state_code":"OAX","country_code":"MX"}},{"type":"Feature","geometry":{"type":"Point","coordinates":[-96.69154,17.41136]},"properties":{"id":74160,"name":"San Miguel Aloápam","state_code":"OAX","country_code":"MX"}},{"type":"Feature","geometry":{"type":"Point","coordinates":[-94.74811,16.71424]},"properties":{"id":74171,"name":"San Miguel Chimalapa","state_code":"OAX","country_code":"MX"}},{"type":"Feature","geometry":{"type":"Point","coordinates":[-96.69458,16.19701]},"properties":{"id":74173,"name":"San Miguel Coatlán","state_code":"OAX","country_code":"MX"}},{"type":"Feature","geometry":{"type":"Point","coordinates":[-96.17499,15.92169]},"properties":{"id":74237,"name":"San Miguel del Puerto","state_code":"OAX","country_code":"MX"}},{"type":"Feature","geometry":{"type":"Point","coordinates":[-96.41727,17.02083]},"properties":{"id":74238,"name":"San Miguel del Valle","state_code":"OAX","country_code":"MX"}},{"type":"Feature","geometry":{"type":"Point","coordinates":[-96.73897,16.58053]},"properties":{"id":74175,"name":"San Miguel Ejutla","state_code":"OAX","country_code":"MX"}},{"type":"Feature","geometry":{"type":"Point","coordinates":[-97.61547,17.06466]},"properties":{"id":74240,"name":"San Miguel el Grande","state_code":"OAX","country_code":"MX"}},{"type":"Feature","geometry":{"type":"Point","coordinates":[-97.6216,17.04669]},"properties":{"id":74241,"name":"San Miguel el Grande Villa Juárez","state_code":"OAX","country_code":"MX"}},{"type":"Feature","geometry":{"type":"Point","coordinates":[-96.40417,15.78639]},"properties":{"id":74180,"name":"San Miguel Figueroa","state_code":"OAX","country_code":"MX"}},{"type":"Feature","geometry":{"type":"Point","coordinates":[-96.95726,16.77719]},"properties":{"id":74188,"name":"San Miguel Mixtepec","state_code":"OAX","country_code":"MX"}},{"type":"Feature","geometry":{"type":"Point","coordinates":[-97.7925,17.53111]},"properties":{"id":74189,"name":"San Miguel Monteverde","state_code":"OAX","country_code":"MX"}},{"type":"Feature","geometry":{"type":"Point","coordinates":[-97.3771,16.26012]},"properties":{"id":74193,"name":"San Miguel Panixtlahuaca","state_code":"OAX","country_code":"MX"}},{"type":"Feature","geometry":{"type":"Point","coordinates":[-97.01119,16.93903]},"properties":{"id":74195,"name":"San Miguel Peras","state_code":"OAX","country_code":"MX"}},{"type":"Feature","geometry":{"type":"Point","coordinates":[-95.76045,16.9738]},"properties":{"id":74196,"name":"San Miguel Quetzaltepec","state_code":"OAX","country_code":"MX"}},{"type":"Feature","geometry":{"type":"Point","coordinates":[-96.46299,16.07765]},"properties":{"id":74197,"name":"San Miguel Suchixtepec","state_code":"OAX","country_code":"MX"}},{"type":"Feature","geometry":{"type":"Point","coordinates":[-97.26845,17.39454]},"properties":{"id":74198,"name":"San Miguel Tecomatlán","state_code":"OAX","country_code":"MX"}},{"type":"Feature","geometry":{"type":"Point","coordinates":[-95.59532,16.26659]},"properties":{"id":74203,"name":"San Miguel Tenango","state_code":"OAX","country_code":"MX"}},{"type":"Feature","geometry":{"type":"Point","coordinates":[-97.90127,16.39789]},"properties":{"id":74207,"name":"San Miguel Tetepelcingo","state_code":"OAX","country_code":"MX"}},{"type":"Feature","geometry":{"type":"Point","coordinates":[-96.58165,16.78218]},"properties":{"id":74210,"name":"San Miguel Tilquiapam","state_code":"OAX","country_code":"MX"}},{"type":"Feature","geometry":{"type":"Point","coordinates":[-98.06301,16.41547]},"properties":{"id":74211,"name":"San Miguel Tlacamama","state_code":"OAX","country_code":"MX"}},{"type":"Feature","geometry":{"type":"Point","coordinates":[-98.00547,17.45621]},"properties":{"id":74212,"name":"San Miguel Tlacotepec","state_code":"OAX","country_code":"MX"}},{"type":"Feature","geometry":{"type":"Point","coordinates":[-96.74133,16.4201]},"properties":{"id":74251,"name":"San Nicolás","state_code":"OAX","country_code":"MX"}},{"type":"Feature","geometry":{"type":"Point","coordinates":[-96.77892,16.84335]},"properties":{"id":74260,"name":"San Nicolás Quialana","state_code":"OAX","country_code":"MX"}},{"type":"Feature","geometry":{"type":"Point","coordinates":[-96.78379,16.22429]},"properties":{"id":74286,"name":"San Pablo Coatlán","state_code":"OAX","country_code":"MX"}},{"type":"Feature","geometry":{"type":"Point","coordinates":[-96.89103,16.9812]},"properties":{"id":74287,"name":"San Pablo Cuatro Venados","state_code":"OAX","country_code":"MX"}},{"type":"Feature","geometry":{"type":"Point","coordinates":[-96.74812,17.14397]},"properties":{"id":74288,"name":"San Pablo Etla","state_code":"OAX","country_code":"MX"}},{"type":"Feature","geometry":{"type":"Point","coordinates":[-96.44025,16.80324]},"properties":{"id":74289,"name":"San Pablo Güilá","state_code":"OAX","country_code":"MX"}},{"type":"Feature","geometry":{"type":"Point","coordinates":[-96.88661,17.27708]},"properties":{"id":74292,"name":"San Pablo Huitzo","state_code":"OAX","country_code":"MX"}},{"type":"Feature","geometry":{"type":"Point","coordinates":[-96.78128,16.81948]},"properties":{"id":74293,"name":"San Pablo Huixtepec","state_code":"OAX","country_code":"MX"}},{"type":"Feature","geometry":{"type":"Point","coordinates":[-96.55212,17.53348]},"properties":{"id":74296,"name":"San Pablo Macuiltianguis","state_code":"OAX","country_code":"MX"}},{"type":"Feature","geometry":{"type":"Point","coordinates":[-96.3599,16.92283]},"properties":{"id":74303,"name":"San Pablo Villa de Mitla","state_code":"OAX","country_code":"MX"}},{"type":"Feature","geometry":{"type":"Point","coordinates":[-98.09175,16.65388]},"properties":{"id":74311,"name":"San Pedro Amuzgos","state_code":"OAX","country_code":"MX"}},{"type":"Feature","geometry":{"type":"Point","coordinates":[-96.72509,16.73657]},"properties":{"id":74313,"name":"San Pedro Apóstol","state_code":"OAX","country_code":"MX"}},{"type":"Feature","geometry":{"type":"Point","coordinates":[-97.98585,16.49005]},"properties":{"id":74319,"name":"San Pedro Atoyac","state_code":"OAX","country_code":"MX"}},{"type":"Feature","geometry":{"type":"Point","coordinates":[-95.15649,16.49134]},"properties":{"id":74328,"name":"San Pedro Comitancillo","state_code":"OAX","country_code":"MX"}},{"type":"Feature","geometry":{"type":"Point","coordinates":[-97.13802,17.49933]},"properties":{"id":74329,"name":"San Pedro Coxcaltepec Cántaros","state_code":"OAX","country_code":"MX"}},{"type":"Feature","geometry":{"type":"Point","coordinates":[-96.47591,16.01077]},"properties":{"id":74415,"name":"San Pedro el Alto","state_code":"OAX","country_code":"MX"}},{"type":"Feature","geometry":{"type":"Point","coordinates":[-95.66735,16.02697]},"properties":{"id":74338,"name":"San Pedro Huamelula","state_code":"OAX","country_code":"MX"}},{"type":"Feature","geometry":{"type":"Point","coordinates":[-95.15094,16.24607]},"properties":{"id":74340,"name":"San Pedro Huilotepec","state_code":"OAX","country_code":"MX"}},{"type":"Feature","geometry":{"type":"Point","coordinates":[-96.50953,18.14575]},"properties":{"id":74344,"name":"San Pedro Ixcatlán","state_code":"OAX","country_code":"MX"}},{"type":"Feature","geometry":{"type":"Point","coordinates":[-96.81841,17.0636]},"properties":{"id":74345,"name":"San Pedro Ixtlahuaca","state_code":"OAX","country_code":"MX"}},{"type":"Feature","geometry":{"type":"Point","coordinates":[-98.01425,16.45179]},"properties":{"id":74346,"name":"San Pedro Jicayán","state_code":"OAX","country_code":"MX"}},{"type":"Feature","geometry":{"type":"Point","coordinates":[-97.08954,16.3453]},"properties":{"id":74347,"name":"San Pedro Juchaltengo","state_code":"OAX","country_code":"MX"}},{"type":"Feature","geometry":{"type":"Point","coordinates":[-96.71118,16.74317]},"properties":{"id":74352,"name":"San Pedro Martir","state_code":"OAX","country_code":"MX"}},{"type":"Feature","geometry":{"type":"Point","coordinates":[-96.24451,16.41516]},"properties":{"id":74359,"name":"San Pedro Mártir Quiechapa","state_code":"OAX","country_code":"MX"}},{"type":"Feature","geometry":{"type":"Point","coordinates":[-97.611,17.43245]},"properties":{"id":74360,"name":"San Pedro Mártir Yucuxaco","state_code":"OAX","country_code":"MX"}},{"type":"Feature","geometry":{"type":"Point","coordinates":[-96.28406,16.2706]},"properties":{"id":74354,"name":"San Pedro Mixtepec","state_code":"OAX","country_code":"MX"}},{"type":"Feature","geometry":{"type":"Point","coordinates":[-96.91166,18.18638]},"properties":{"id":74363,"name":"San Pedro Ocopetatillo","state_code":"OAX","country_code":"MX"}},{"type":"Feature","geometry":{"type":"Point","coordinates":[-95.84563,16.95501]},"properties":{"id":74364,"name":"San Pedro Ocotepec","state_code":"OAX","country_code":"MX"}},{"type":"Feature","geometry":{"type":"Point","coordinates":[-96.22556,17.67861]},"properties":{"id":74365,"name":"San Pedro Ozumacín","state_code":"OAX","country_code":"MX"}},{"type":"Feature","geometry":{"type":"Point","coordinates":[-96.46601,15.74587]},"properties":{"id":74368,"name":"San Pedro Pochutla","state_code":"OAX","country_code":"MX"}},{"type":"Feature","geometry":{"type":"Point","coordinates":[-96.03085,16.78295]},"properties":{"id":74369,"name":"San Pedro Quiatoni","state_code":"OAX","country_code":"MX"}},{"type":"Feature","geometry":{"type":"Point","coordinates":[-96.66274,17.82803]},"properties":{"id":74371,"name":"San Pedro Sochiápam","state_code":"OAX","country_code":"MX"}},{"type":"Feature","geometry":{"type":"Point","coordinates":[-94.19313,16.37107]},"properties":{"id":74372,"name":"San Pedro Tapanatepec","state_code":"OAX","country_code":"MX"}},{"type":"Feature","geometry":{"type":"Point","coordinates":[-96.53687,16.63858]},"properties":{"id":74374,"name":"San Pedro Taviche","state_code":"OAX","country_code":"MX"}},{"type":"Feature","geometry":{"type":"Point","coordinates":[-96.70599,17.97773]},"properties":{"id":74382,"name":"San Pedro Teutila","state_code":"OAX","country_code":"MX"}},{"type":"Feature","geometry":{"type":"Point","coordinates":[-97.37239,17.34122]},"properties":{"id":74383,"name":"San Pedro Tidaá","state_code":"OAX","country_code":"MX"}},{"type":"Feature","geometry":{"type":"Point","coordinates":[-97.34403,17.43633]},"properties":{"id":74391,"name":"San Pedro Topiltepec","state_code":"OAX","country_code":"MX"}},{"type":"Feature","geometry":{"type":"Point","coordinates":[-96.30755,16.66915]},"properties":{"id":74393,"name":"San Pedro Totolápam","state_code":"OAX","country_code":"MX"}},{"type":"Feature","geometry":{"type":"Point","coordinates":[-98.03472,16.53972]},"properties":{"id":74394,"name":"San Pedro Tulixtlahuaca","state_code":"OAX","country_code":"MX"}},{"type":"Feature","geometry":{"type":"Point","coordinates":[-97.48836,17.50179]},"properties":{"id":74418,"name":"San Pedro y San Pablo Teposcolula","state_code":"OAX","country_code":"MX"}},{"type":"Feature","geometry":{"type":"Point","coordinates":[-97.71816,18.06106]},"properties":{"id":74419,"name":"San Pedro y San Pablo Tequistepec","state_code":"OAX","country_code":"MX"}},{"type":"Feature","geometry":{"type":"Point","coordinates":[-96.55235,17.58907]},"properties":{"id":74401,"name":"San Pedro Yólox","state_code":"OAX","country_code":"MX"}},{"type":"Feature","geometry":{"type":"Point","coordinates":[-96.75699,16.97164]},"properties":{"id":74438,"name":"San Raymundo Jalpam","state_code":"OAX","country_code":"MX"}},{"type":"Feature","geometry":{"type":"Point","coordinates":[-96.46342,15.78682]},"properties":{"id":74439,"name":"San Roque","state_code":"OAX","country_code":"MX"}},{"type":"Feature","geometry":{"type":"Point","coordinates":[-96.58701,16.99432]},"properties":{"id":74458,"name":"San Sebastián Abasolo","state_code":"OAX","country_code":"MX"}},{"type":"Feature","geometry":{"type":"Point","coordinates":[-96.82645,16.20212]},"properties":{"id":74462,"name":"San Sebastián Coatlán","state_code":"OAX","country_code":"MX"}},{"type":"Feature","geometry":{"type":"Point","coordinates":[-98.02194,17.67778]},"properties":{"id":74479,"name":"San Sebastián del Monte","state_code":"OAX","country_code":"MX"}},{"type":"Feature","geometry":{"type":"Point","coordinates":[-96.78343,17.16437]},"properties":{"id":74463,"name":"San Sebastián Etla","state_code":"OAX","country_code":"MX"}},{"type":"Feature","geometry":{"type":"Point","coordinates":[-98.14478,16.54548]},"properties":{"id":74464,"name":"San Sebastián Ixcapa","state_code":"OAX","country_code":"MX"}},{"type":"Feature","geometry":{"type":"Point","coordinates":[-97.6837,17.51657]},"properties":{"id":74465,"name":"San Sebastián Nicananduta","state_code":"OAX","country_code":"MX"}},{"type":"Feature","geometry":{"type":"Point","coordinates":[-97.77793,16.9431]},"properties":{"id":74466,"name":"San Sebastián Nopalera","state_code":"OAX","country_code":"MX"}},{"type":"Feature","geometry":{"type":"Point","coordinates":[-96.46535,16.1838]},"properties":{"id":74467,"name":"San Sebastián Río Hondo","state_code":"OAX","country_code":"MX"}},{"type":"Feature","geometry":{"type":"Point","coordinates":[-98.03167,17.34721]},"properties":{"id":74468,"name":"San Sebastián Tecomaxtlahuaca","state_code":"OAX","country_code":"MX"}},{"type":"Feature","geometry":{"type":"Point","coordinates":[-96.61427,16.95192]},"properties":{"id":74452,"name":"San Sebastian Teitipac","state_code":"OAX","country_code":"MX"}},{"type":"Feature","geometry":{"type":"Point","coordinates":[-96.68158,17.04755]},"properties":{"id":74472,"name":"San Sebastián Tutla","state_code":"OAX","country_code":"MX"}},{"type":"Feature","geometry":{"type":"Point","coordinates":[-96.71927,16.40659]},"properties":{"id":74484,"name":"San Simón Almolongas","state_code":"OAX","country_code":"MX"}},{"type":"Feature","geometry":{"type":"Point","coordinates":[-96.8439,16.38852]},"properties":{"id":74498,"name":"San Vicente Coatlán","state_code":"OAX","country_code":"MX"}},{"type":"Feature","geometry":{"type":"Point","coordinates":[-97.01864,16.70502]},"properties":{"id":74501,"name":"San Vicente Lachixío","state_code":"OAX","country_code":"MX"}},{"type":"Feature","geometry":{"type":"Point","coordinates":[-97.44319,17.45648]},"properties":{"id":74502,"name":"San Vicente Nuñu","state_code":"OAX","country_code":"MX"}},{"type":"Feature","geometry":{"type":"Point","coordinates":[-98.06041,16.78527]},"properties":{"id":74504,"name":"San Vicente Piñas","state_code":"OAX","country_code":"MX"}},{"type":"Feature","geometry":{"type":"Point","coordinates":[-95.08509,17.05455]},"properties":{"id":74519,"name":"Santa Ana","state_code":"OAX","country_code":"MX"}},{"type":"Feature","geometry":{"type":"Point","coordinates":[-96.47112,16.99488]},"properties":{"id":74556,"name":"Santa Ana del Valle","state_code":"OAX","country_code":"MX"}},{"type":"Feature","geometry":{"type":"Point","coordinates":[-96.83688,16.7434]},"properties":{"id":74547,"name":"Santa Ana Tlapacoyan","state_code":"OAX","country_code":"MX"}},{"type":"Feature","geometry":{"type":"Point","coordinates":[-96.72948,16.83706]},"properties":{"id":74550,"name":"Santa Ana Zegache","state_code":"OAX","country_code":"MX"}},{"type":"Feature","geometry":{"type":"Point","coordinates":[-96.26694,16.31972]},"properties":{"id":74571,"name":"Santa Catalina Quierí","state_code":"OAX","country_code":"MX"}},{"type":"Feature","geometry":{"type":"Point","coordinates":[-96.64236,16.30616]},"properties":{"id":74582,"name":"Santa Catarina Cuixtla","state_code":"OAX","country_code":"MX"}},{"type":"Feature","geometry":{"type":"Point","coordinates":[-97.29161,16.23819]},"properties":{"id":74583,"name":"Santa Catarina Juquila","state_code":"OAX","country_code":"MX"}},{"type":"Feature","geometry":{"type":"Point","coordinates":[-96.71942,16.06327]},"properties":{"id":74584,"name":"Santa Catarina Loxicha","state_code":"OAX","country_code":"MX"}},{"type":"Feature","geometry":{"type":"Point","coordinates":[-97.83707,16.33591]},"properties":{"id":74585,"name":"Santa Catarina Mechoacán","state_code":"OAX","country_code":"MX"}},{"type":"Feature","geometry":{"type":"Point","coordinates":[-96.61536,16.77969]},"properties":{"id":74586,"name":"Santa Catarina Minas","state_code":"OAX","country_code":"MX"}},{"type":"Feature","geometry":{"type":"Point","coordinates":[-96.74067,16.88255]},"properties":{"id":74587,"name":"Santa Catarina Quiané","state_code":"OAX","country_code":"MX"}},{"type":"Feature","geometry":{"type":"Point","coordinates":[-96.51778,16.27917]},"properties":{"id":74588,"name":"Santa Catarina Roatina","state_code":"OAX","country_code":"MX"}},{"type":"Feature","geometry":{"type":"Point","coordinates":[-97.55822,17.34715]},"properties":{"id":74589,"name":"Santa Catarina Tayata","state_code":"OAX","country_code":"MX"}},{"type":"Feature","geometry":{"type":"Point","coordinates":[-96.61558,16.88383]},"properties":{"id":74595,"name":"Santa Cecilia Jalieza","state_code":"OAX","country_code":"MX"}},{"type":"Feature","geometry":{"type":"Point","coordinates":[-96.87503,18.16369]},"properties":{"id":74614,"name":"Santa Cruz Acatepec","state_code":"OAX","country_code":"MX"}},{"type":"Feature","geometry":{"type":"Point","coordinates":[-96.68333,17.05833]},"properties":{"id":74616,"name":"Santa Cruz Amilpas","state_code":"OAX","country_code":"MX"}},{"type":"Feature","geometry":{"type":"Point","coordinates":[-98.22378,17.58096]},"properties":{"id":74647,"name":"Santa Cruz de Bravo","state_code":"OAX","country_code":"MX"}},{"type":"Feature","geometry":{"type":"Point","coordinates":[-96.83541,18.15045]},"properties":{"id":74649,"name":"Santa Cruz de Juárez","state_code":"OAX","country_code":"MX"}},{"type":"Feature","geometry":{"type":"Point","coordinates":[-96.85561,17.22784]},"properties":{"id":74627,"name":"Santa Cruz Lachixolana","state_code":"OAX","country_code":"MX"}},{"type":"Feature","geometry":{"type":"Point","coordinates":[-96.88072,16.79283]},"properties":{"id":74630,"name":"Santa Cruz Mixtepec","state_code":"OAX","country_code":"MX"}},{"type":"Feature","geometry":{"type":"Point","coordinates":[-97.72382,17.17109]},"properties":{"id":74631,"name":"Santa Cruz Nundaco","state_code":"OAX","country_code":"MX"}},{"type":"Feature","geometry":{"type":"Point","coordinates":[-96.30246,16.07041]},"properties":{"id":74633,"name":"Santa Cruz Ozolotepec","state_code":"OAX","country_code":"MX"}},{"type":"Feature","geometry":{"type":"Point","coordinates":[-96.58444,16.95667]},"properties":{"id":74634,"name":"Santa Cruz Papalutla","state_code":"OAX","country_code":"MX"}},{"type":"Feature","geometry":{"type":"Point","coordinates":[-98.15297,17.82898]},"properties":{"id":74639,"name":"Santa Cruz Tacache de Mina","state_code":"OAX","country_code":"MX"}},{"type":"Feature","geometry":{"type":"Point","coordinates":[-97.56843,17.35718]},"properties":{"id":74640,"name":"Santa Cruz Tayata","state_code":"OAX","country_code":"MX"}},{"type":"Feature","geometry":{"type":"Point","coordinates":[-96.67369,16.32321]},"properties":{"id":74644,"name":"Santa Cruz Xitla","state_code":"OAX","country_code":"MX"}},{"type":"Feature","geometry":{"type":"Point","coordinates":[-96.73518,17.02958]},"properties":{"id":74645,"name":"Santa Cruz Xoxocotlán","state_code":"OAX","country_code":"MX"}},{"type":"Feature","geometry":{"type":"Point","coordinates":[-96.31611,17.76611]},"properties":{"id":74661,"name":"Santa Fe y la Mar","state_code":"OAX","country_code":"MX"}},{"type":"Feature","geometry":{"type":"Point","coordinates":[-96.80024,16.7858]},"properties":{"id":74666,"name":"Santa Gertrudis","state_code":"OAX","country_code":"MX"}},{"type":"Feature","geometry":{"type":"Point","coordinates":[-97.1512,17.26946]},"properties":{"id":74670,"name":"Santa Inés de Zaragoza","state_code":"OAX","country_code":"MX"}},{"type":"Feature","geometry":{"type":"Point","coordinates":[-96.86238,16.92387]},"properties":{"id":74671,"name":"Santa Inés del Monte","state_code":"OAX","country_code":"MX"}},{"type":"Feature","geometry":{"type":"Point","coordinates":[-96.75486,16.80444]},"properties":{"id":74669,"name":"Santa Inés Yatzeche","state_code":"OAX","country_code":"MX"}},{"type":"Feature","geometry":{"type":"Point","coordinates":[-96.61404,16.1886]},"properties":{"id":74685,"name":"Santa Lucía","state_code":"OAX","country_code":"MX"}},{"type":"Feature","geometry":{"type":"Point","coordinates":[-96.68069,17.06667]},"properties":{"id":74691,"name":"Santa Lucía del Camino","state_code":"OAX","country_code":"MX"}},{"type":"Feature","geometry":{"type":"Point","coordinates":[-96.66514,16.72986]},"properties":{"id":74688,"name":"Santa Lucía Ocotlán","state_code":"OAX","country_code":"MX"}},{"type":"Feature","geometry":{"type":"Point","coordinates":[-97.20872,16.14256]},"properties":{"id":74690,"name":"Santa Lucía Teotepec","state_code":"OAX","country_code":"MX"}},{"type":"Feature","geometry":{"type":"Point","coordinates":[-97.47389,17.80819]},"properties":{"id":74692,"name":"Santa Magdalena Jicotlán","state_code":"OAX","country_code":"MX"}},{"type":"Feature","geometry":{"type":"Point","coordinates":[-95.66944,16.93817]},"properties":{"id":74693,"name":"Santa Margarita Huitepec","state_code":"OAX","country_code":"MX"}},{"type":"Feature","geometry":{"type":"Point","coordinates":[-97.51261,16.14841]},"properties":{"id":74705,"name":"Santa María Acatepec","state_code":"OAX","country_code":"MX"}},{"type":"Feature","geometry":{"type":"Point","coordinates":[-95.85423,17.09259]},"properties":{"id":74710,"name":"Santa María Alotepec","state_code":"OAX","country_code":"MX"}},{"type":"Feature","geometry":{"type":"Point","coordinates":[-97.08524,17.62226]},"properties":{"id":74713,"name":"Santa María Apazco","state_code":"OAX","country_code":"MX"}},{"type":"Feature","geometry":{"type":"Point","coordinates":[-96.78495,17.09835]},"properties":{"id":74719,"name":"Santa María Atzompa","state_code":"OAX","country_code":"MX"}},{"type":"Feature","geometry":{"type":"Point","coordinates":[-97.692,17.89688]},"properties":{"id":74722,"name":"Santa María Camotlán","state_code":"OAX","country_code":"MX"}},{"type":"Feature","geometry":{"type":"Point","coordinates":[-97.28422,17.5257]},"properties":{"id":74724,"name":"Santa María Chachoápam","state_code":"OAX","country_code":"MX"}},{"type":"Feature","geometry":{"type":"Point","coordinates":[-97.9667,16.175]},"properties":{"id":74725,"name":"Santa María Chico Ometepec","state_code":"OAX","country_code":"MX"}},{"type":"Feature","geometry":{"type":"Point","coordinates":[-97.68333,17.51667]},"properties":{"id":74726,"name":"Santa María Chilapa de Díaz","state_code":"OAX","country_code":"MX"}},{"type":"Feature","geometry":{"type":"Point","coordinates":[-94.68333,16.90639]},"properties":{"id":74727,"name":"Santa María Chimalapa","state_code":"OAX","country_code":"MX"}},{"type":"Feature","geometry":{"type":"Point","coordinates":[-96.93951,15.89737]},"properties":{"id":74730,"name":"Santa María Colotepec","state_code":"OAX","country_code":"MX"}},{"type":"Feature","geometry":{"type":"Point","coordinates":[-98.28549,16.45151]},"properties":{"id":74731,"name":"Santa María Cortijo","state_code":"OAX","country_code":"MX"}},{"type":"Feature","geometry":{"type":"Point","coordinates":[-96.70513,16.96663]},"properties":{"id":74732,"name":"Santa María Coyotepec","state_code":"OAX","country_code":"MX"}},{"type":"Feature","geometry":{"type":"Point","coordinates":[-97.60247,17.34848]},"properties":{"id":74817,"name":"Santa María del Rosario","state_code":"OAX","country_code":"MX"}},{"type":"Feature","geometry":{"type":"Point","coordinates":[-96.63573,17.04712]},"properties":{"id":74819,"name":"Santa María del Tule","state_code":"OAX","country_code":"MX"}},{"type":"Feature","geometry":{"type":"Point","coordinates":[-95.87997,16.28498]},"properties":{"id":74734,"name":"Santa María Ecatepec","state_code":"OAX","country_code":"MX"}},{"type":"Feature","geometry":{"type":"Point","coordinates":[-96.60946,17.00151]},"properties":{"id":74737,"name":"Santa María Guelacé","state_code":"OAX","country_code":"MX"}},{"type":"Feature","geometry":{"type":"Point","coordinates":[-95.3544,16.73862]},"properties":{"id":74738,"name":"Santa María Guenagati","state_code":"OAX","country_code":"MX"}},{"type":"Feature","geometry":{"type":"Point","coordinates":[-95.70382,15.99245]},"properties":{"id":74739,"name":"Santa María Huamelula","state_code":"OAX","country_code":"MX"}},{"type":"Feature","geometry":{"type":"Point","coordinates":[-96.32063,15.83267]},"properties":{"id":74740,"name":"Santa María Huatulco","state_code":"OAX","country_code":"MX"}},{"type":"Feature","geometry":{"type":"Point","coordinates":[-97.91293,16.30359]},"properties":{"id":74741,"name":"Santa María Huazolotitlán","state_code":"OAX","country_code":"MX"}},{"type":"Feature","geometry":{"type":"Point","coordinates":[-98.03154,16.63944]},"properties":{"id":74746,"name":"Santa María Ipalapa","state_code":"OAX","country_code":"MX"}},{"type":"Feature","geometry":{"type":"Point","coordinates":[-96.21174,17.86068]},"properties":{"id":74749,"name":"Santa María Jacatepec","state_code":"OAX","country_code":"MX"}},{"type":"Feature","geometry":{"type":"Point","coordinates":[-95.44454,16.44027]},"properties":{"id":74751,"name":"Santa María Jalapa del Marqués","state_code":"OAX","country_code":"MX"}},{"type":"Feature","geometry":{"type":"Point","coordinates":[-98.04333,16.37917]},"properties":{"id":74752,"name":"Santa María Jicaltepec","state_code":"OAX","country_code":"MX"}},{"type":"Feature","geometry":{"type":"Point","coordinates":[-96.81917,18.10722]},"properties":{"id":74821,"name":"Santa María la Asunción","state_code":"OAX","country_code":"MX"}},{"type":"Feature","geometry":{"type":"Point","coordinates":[-97.01889,16.72694]},"properties":{"id":74753,"name":"Santa María Lachixío","state_code":"OAX","country_code":"MX"}},{"type":"Feature","geometry":{"type":"Point","coordinates":[-95.27798,16.39111]},"properties":{"id":74760,"name":"Santa María Mixtequilla","state_code":"OAX","country_code":"MX"}},{"type":"Feature","geometry":{"type":"Point","coordinates":[-97.32925,17.64714]},"properties":{"id":74763,"name":"Santa María Nativitas","state_code":"OAX","country_code":"MX"}},{"type":"Feature","geometry":{"type":"Point","coordinates":[-97.50586,17.40832]},"properties":{"id":74764,"name":"Santa María Nduayaco","state_code":"OAX","country_code":"MX"}},{"type":"Feature","geometry":{"type":"Point","coordinates":[-96.79727,17.78452]},"properties":{"id":74771,"name":"Santa María Pápalo","state_code":"OAX","country_code":"MX"}},{"type":"Feature","geometry":{"type":"Point","coordinates":[-95.11913,16.8206]},"properties":{"id":74768,"name":"Santa María Petapa","state_code":"OAX","country_code":"MX"}},{"type":"Feature","geometry":{"type":"Point","coordinates":[-95.62333,17.26861]},"properties":{"id":74770,"name":"Santa María Puxmetacán","state_code":"OAX","country_code":"MX"}},{"type":"Feature","geometry":{"type":"Point","coordinates":[-96.04156,16.28978]},"properties":{"id":74773,"name":"Santa María Quiegolani","state_code":"OAX","country_code":"MX"}},{"type":"Feature","geometry":{"type":"Point","coordinates":[-97.01297,16.56615]},"properties":{"id":74775,"name":"Santa María Sola","state_code":"OAX","country_code":"MX"}},{"type":"Feature","geometry":{"type":"Point","coordinates":[-96.16137,17.38036]},"properties":{"id":74779,"name":"Santa María Temaxcalapa","state_code":"OAX","country_code":"MX"}},{"type":"Feature","geometry":{"type":"Point","coordinates":[-97.1971,16.16552]},"properties":{"id":74780,"name":"Santa María Temaxcaltepec","state_code":"OAX","country_code":"MX"}},{"type":"Feature","geometry":{"type":"Point","coordinates":[-96.95488,18.16655]},"properties":{"id":74781,"name":"Santa María Teopoxco","state_code":"OAX","country_code":"MX"}},{"type":"Feature","geometry":{"type":"Point","coordinates":[-96.00883,16.99663]},"properties":{"id":74782,"name":"Santa María Tepantlali","state_code":"OAX","country_code":"MX"}},{"type":"Feature","geometry":{"type":"Point","coordinates":[-97.17036,16.0627]},"properties":{"id":74785,"name":"Santa María Tiltepec","state_code":"OAX","country_code":"MX"}},{"type":"Feature","geometry":{"type":"Point","coordinates":[-96.73402,17.93618]},"properties":{"id":74786,"name":"Santa María Tlalixtac","state_code":"OAX","country_code":"MX"}},{"type":"Feature","geometry":{"type":"Point","coordinates":[-96.54704,15.74805]},"properties":{"id":74788,"name":"Santa María Tonameca","state_code":"OAX","country_code":"MX"}},{"type":"Feature","geometry":{"type":"Point","coordinates":[-96.64514,16.50421]},"properties":{"id":74791,"name":"Santa María Velato","state_code":"OAX","country_code":"MX"}},{"type":"Feature","geometry":{"type":"Point","coordinates":[-96.07364,15.94825]},"properties":{"id":74792,"name":"Santa María Xadani","state_code":"OAX","country_code":"MX"}},{"type":"Feature","geometry":{"type":"Point","coordinates":[-96.43062,17.23531]},"properties":{"id":74795,"name":"Santa María Yavesía","state_code":"OAX","country_code":"MX"}},{"type":"Feature","geometry":{"type":"Point","coordinates":[-97.48014,16.88134]},"properties":{"id":74796,"name":"Santa María Yolotepec","state_code":"OAX","country_code":"MX"}},{"type":"Feature","geometry":{"type":"Point","coordinates":[-97.76951,17.01873]},"properties":{"id":74797,"name":"Santa María Yucuhiti","state_code":"OAX","country_code":"MX"}},{"type":"Feature","geometry":{"type":"Point","coordinates":[-97.91698,17.23754]},"properties":{"id":74798,"name":"Santa María Yucunicoco","state_code":"OAX","country_code":"MX"}},{"type":"Feature","geometry":{"type":"Point","coordinates":[-97.99028,16.76369]},"properties":{"id":74799,"name":"Santa María Zacatepec","state_code":"OAX","country_code":"MX"}},{"type":"Feature","geometry":{"type":"Point","coordinates":[-97.33785,16.65531]},"properties":{"id":74801,"name":"Santa María Zaniza","state_code":"OAX","country_code":"MX"}},{"type":"Feature","geometry":{"type":"Point","coordinates":[-95.85239,16.12781]},"properties":{"id":74802,"name":"Santa María Zapotitlán","state_code":"OAX","country_code":"MX"}},{"type":"Feature","geometry":{"type":"Point","coordinates":[-96.35325,16.55886]},"properties":{"id":74804,"name":"Santa María Zoquitlán","state_code":"OAX","country_code":"MX"}},{"type":"Feature","geometry":{"type":"Point","coordinates":[-96.77451,16.64948]},"properties":{"id":74700,"name":"Santa Martha Chichihualtepec","state_code":"OAX","country_code":"MX"}},{"type":"Feature","geometry":{"type":"Point","coordinates":[-95.09944,16.31655]},"properties":{"id":74835,"name":"Santa Rosa","state_code":"OAX","country_code":"MX"}},{"type":"Feature","geometry":{"type":"Point","coordinates":[-98.01694,17.30306]},"properties":{"id":74842,"name":"Santa Rosa Caxtlahuaca","state_code":"OAX","country_code":"MX"}},{"type":"Feature","geometry":{"type":"Point","coordinates":[-97.62333,16.07111]},"properties":{"id":74851,"name":"Santa Rosa de Lima","state_code":"OAX","country_code":"MX"}},{"type":"Feature","geometry":{"type":"Point","coordinates":[-97.49674,16.64263]},"properties":{"id":74876,"name":"Santiago Amoltepec","state_code":"OAX","country_code":"MX"}},{"type":"Feature","geometry":{"type":"Point","coordinates":[-96.72046,16.80381]},"properties":{"id":74878,"name":"Santiago Apostol","state_code":"OAX","country_code":"MX"}},{"type":"Feature","geometry":{"type":"Point","coordinates":[-95.67571,15.98775]},"properties":{"id":74879,"name":"Santiago Astata","state_code":"OAX","country_code":"MX"}},{"type":"Feature","geometry":{"type":"Point","coordinates":[-97.95769,17.9331]},"properties":{"id":74881,"name":"Santiago Ayuquililla","state_code":"OAX","country_code":"MX"}},{"type":"Feature","geometry":{"type":"Point","coordinates":[-97.74139,17.73444]},"properties":{"id":74884,"name":"Santiago Cacaloxtepec","state_code":"OAX","country_code":"MX"}},{"type":"Feature","geometry":{"type":"Point","coordinates":[-97.67983,18.19012]},"properties":{"id":74888,"name":"Santiago Chazumba","state_code":"OAX","country_code":"MX"}},{"type":"Feature","geometry":{"type":"Point","coordinates":[-97.89528,17.90611]},"properties":{"id":74889,"name":"Santiago Chilixtlahuaca","state_code":"OAX","country_code":"MX"}},{"type":"Feature","geometry":{"type":"Point","coordinates":[-95.92219,17.36084]},"properties":{"id":74891,"name":"Santiago Choápam","state_code":"OAX","country_code":"MX"}},{"type":"Feature","geometry":{"type":"Point","coordinates":[-96.54873,17.56547]},"properties":{"id":74895,"name":"Santiago Comaltepec","state_code":"OAX","country_code":"MX"}},{"type":"Feature","geometry":{"type":"Point","coordinates":[-97.18586,16.06196]},"properties":{"id":74899,"name":"Santiago Cuixtla","state_code":"OAX","country_code":"MX"}},{"type":"Feature","geometry":{"type":"Point","coordinates":[-98.09111,17.44838]},"properties":{"id":74988,"name":"Santiago del Río","state_code":"OAX","country_code":"MX"}},{"type":"Feature","geometry":{"type":"Point","coordinates":[-96.78972,17.1525]},"properties":{"id":74900,"name":"Santiago Etla","state_code":"OAX","country_code":"MX"}},{"type":"Feature","geometry":{"type":"Point","coordinates":[-97.73266,17.82783]},"properties":{"id":74901,"name":"Santiago Huajolotitlán","state_code":"OAX","country_code":"MX"}},{"type":"Feature","geometry":{"type":"Point","coordinates":[-97.07277,17.45179]},"properties":{"id":74902,"name":"Santiago Huauclilla","state_code":"OAX","country_code":"MX"}},{"type":"Feature","geometry":{"type":"Point","coordinates":[-97.0861,16.97383]},"properties":{"id":74903,"name":"Santiago Huaxolotipac","state_code":"OAX","country_code":"MX"}},{"type":"Feature","geometry":{"type":"Point","coordinates":[-97.43215,17.88057]},"properties":{"id":74905,"name":"Santiago Ihuitlán Plumas","state_code":"OAX","country_code":"MX"}},{"type":"Feature","geometry":{"type":"Point","coordinates":[-95.62282,16.9354]},"properties":{"id":74906,"name":"Santiago Ixcuintepec","state_code":"OAX","country_code":"MX"}},{"type":"Feature","geometry":{"type":"Point","coordinates":[-94.90583,16.68833]},"properties":{"id":74908,"name":"Santiago Ixtaltepec","state_code":"OAX","country_code":"MX"}},{"type":"Feature","geometry":{"type":"Point","coordinates":[-97.65285,16.56649]},"properties":{"id":74909,"name":"Santiago Ixtayutla","state_code":"OAX","country_code":"MX"}},{"type":"Feature","geometry":{"type":"Point","coordinates":[-98.01018,16.47884]},"properties":{"id":74911,"name":"Santiago Jicayán","state_code":"OAX","country_code":"MX"}},{"type":"Feature","geometry":{"type":"Point","coordinates":[-97.4376,16.12837]},"properties":{"id":74912,"name":"Santiago Jocotepec","state_code":"OAX","country_code":"MX"}},{"type":"Feature","geometry":{"type":"Point","coordinates":[-98.01147,17.33462]},"properties":{"id":74913,"name":"Santiago Juxtlahuaca","state_code":"OAX","country_code":"MX"}},{"type":"Feature","geometry":{"type":"Point","coordinates":[-95.53067,16.68706]},"properties":{"id":74914,"name":"Santiago Lachiguiri","state_code":"OAX","country_code":"MX"}},{"type":"Feature","geometry":{"type":"Point","coordinates":[-96.24893,17.41786]},"properties":{"id":74915,"name":"Santiago Lalopa","state_code":"OAX","country_code":"MX"}},{"type":"Feature","geometry":{"type":"Point","coordinates":[-95.20707,16.58418]},"properties":{"id":74916,"name":"Santiago Laollaga","state_code":"OAX","country_code":"MX"}},{"type":"Feature","geometry":{"type":"Point","coordinates":[-96.31099,17.21842]},"properties":{"id":74917,"name":"Santiago Laxopa","state_code":"OAX","country_code":"MX"}},{"type":"Feature","geometry":{"type":"Point","coordinates":[-98.28972,16.48833]},"properties":{"id":74918,"name":"Santiago Llano Grande","state_code":"OAX","country_code":"MX"}},{"type":"Feature","geometry":{"type":"Point","coordinates":[-95.6075,17.01639]},"properties":{"id":74919,"name":"Santiago Malacatepec","state_code":"OAX","country_code":"MX"}},{"type":"Feature","geometry":{"type":"Point","coordinates":[-96.38261,16.8647]},"properties":{"id":74922,"name":"Santiago Matatlán","state_code":"OAX","country_code":"MX"}},{"type":"Feature","geometry":{"type":"Point","coordinates":[-97.69006,17.98461]},"properties":{"id":74925,"name":"Santiago Miltepec","state_code":"OAX","country_code":"MX"}},{"type":"Feature","geometry":{"type":"Point","coordinates":[-97.37411,17.41983]},"properties":{"id":74927,"name":"Santiago Nejapilla","state_code":"OAX","country_code":"MX"}},{"type":"Feature","geometry":{"type":"Point","coordinates":[-94.59337,16.52438]},"properties":{"id":74928,"name":"Santiago Niltepec","state_code":"OAX","country_code":"MX"}},{"type":"Feature","geometry":{"type":"Point","coordinates":[-97.66988,17.34392]},"properties":{"id":74929,"name":"Santiago Nundiche","state_code":"OAX","country_code":"MX"}},{"type":"Feature","geometry":{"type":"Point","coordinates":[-97.75,17.00937]},"properties":{"id":74931,"name":"Santiago Nuyoó","state_code":"OAX","country_code":"MX"}},{"type":"Feature","geometry":{"type":"Point","coordinates":[-95.71616,16.86297]},"properties":{"id":74938,"name":"Santiago Quiavicuzas","state_code":"OAX","country_code":"MX"}},{"type":"Feature","geometry":{"type":"Point","coordinates":[-96.87825,17.25316]},"properties":{"id":74940,"name":"Santiago Suchilquitongo","state_code":"OAX","country_code":"MX"}},{"type":"Feature","geometry":{"type":"Point","coordinates":[-97.00467,17.32489]},"properties":{"id":74944,"name":"Santiago Tenango","state_code":"OAX","country_code":"MX"}},{"type":"Feature","geometry":{"type":"Point","coordinates":[-98.44684,16.34065]},"properties":{"id":74948,"name":"Santiago Tepextla","state_code":"OAX","country_code":"MX"}},{"type":"Feature","geometry":{"type":"Point","coordinates":[-97.74794,16.32172]},"properties":{"id":74951,"name":"Santiago Tetepec","state_code":"OAX","country_code":"MX"}},{"type":"Feature","geometry":{"type":"Point","coordinates":[-96.97358,18.21438]},"properties":{"id":74952,"name":"Santiago Texcalcingo","state_code":"OAX","country_code":"MX"}},{"type":"Feature","geometry":{"type":"Point","coordinates":[-97.25884,16.69264]},"properties":{"id":74953,"name":"Santiago Textitlán","state_code":"OAX","country_code":"MX"}},{"type":"Feature","geometry":{"type":"Point","coordinates":[-97.33879,17.28464]},"properties":{"id":74957,"name":"Santiago Tilantongo","state_code":"OAX","country_code":"MX"}},{"type":"Feature","geometry":{"type":"Point","coordinates":[-97.3204,17.46497]},"properties":{"id":74959,"name":"Santiago Tillo","state_code":"OAX","country_code":"MX"}},{"type":"Feature","geometry":{"type":"Point","coordinates":[-96.22462,16.01009]},"properties":{"id":74971,"name":"Santiago Xanica","state_code":"OAX","country_code":"MX"}},{"type":"Feature","geometry":{"type":"Point","coordinates":[-97.26953,16.22628]},"properties":{"id":74972,"name":"Santiago Yaitepec","state_code":"OAX","country_code":"MX"}},{"type":"Feature","geometry":{"type":"Point","coordinates":[-96.78786,16.4613]},"properties":{"id":74976,"name":"Santiago Yogana","state_code":"OAX","country_code":"MX"}},{"type":"Feature","geometry":{"type":"Point","coordinates":[-97.56981,17.47237]},"properties":{"id":74977,"name":"Santiago Yolomécatl","state_code":"OAX","country_code":"MX"}},{"type":"Feature","geometry":{"type":"Point","coordinates":[-97.57607,16.87601]},"properties":{"id":74978,"name":"Santiago Yosondúa","state_code":"OAX","country_code":"MX"}},{"type":"Feature","geometry":{"type":"Point","coordinates":[-95.91455,17.16005]},"properties":{"id":74979,"name":"Santiago Zacatepec","state_code":"OAX","country_code":"MX"}},{"type":"Feature","geometry":{"type":"Point","coordinates":[-96.24167,17.22]},"properties":{"id":74981,"name":"Santiago Zoochila","state_code":"OAX","country_code":"MX"}},{"type":"Feature","geometry":{"type":"Point","coordinates":[-96.19076,17.07257]},"properties":{"id":74996,"name":"Santo Domingo Albarradas","state_code":"OAX","country_code":"MX"}},{"type":"Feature","geometry":{"type":"Point","coordinates":[-98.37778,16.33194]},"properties":{"id":74997,"name":"Santo Domingo Armenta","state_code":"OAX","country_code":"MX"}},{"type":"Feature","geometry":{"type":"Point","coordinates":[-95.16331,16.59135]},"properties":{"id":75000,"name":"Santo Domingo Chihuitán","state_code":"OAX","country_code":"MX"}},{"type":"Feature","geometry":{"type":"Point","coordinates":[-96.66695,15.83397]},"properties":{"id":75018,"name":"Santo Domingo de Morelos","state_code":"OAX","country_code":"MX"}},{"type":"Feature","geometry":{"type":"Point","coordinates":[-96.62919,16.86848]},"properties":{"id":75002,"name":"Santo Domingo Jalieza","state_code":"OAX","country_code":"MX"}},{"type":"Feature","geometry":{"type":"Point","coordinates":[-96.32044,16.17103]},"properties":{"id":75005,"name":"Santo Domingo Ozolotepec","state_code":"OAX","country_code":"MX"}},{"type":"Feature","geometry":{"type":"Point","coordinates":[-95.14072,16.81869]},"properties":{"id":75006,"name":"Santo Domingo Petapa","state_code":"OAX","country_code":"MX"}},{"type":"Feature","geometry":{"type":"Point","coordinates":[-96.11506,17.33782]},"properties":{"id":75007,"name":"Santo Domingo Roayaga","state_code":"OAX","country_code":"MX"}},{"type":"Feature","geometry":{"type":"Point","coordinates":[-95.24104,16.32463]},"properties":{"id":75009,"name":"Santo Domingo Tehuantepec","state_code":"OAX","country_code":"MX"}},{"type":"Feature","geometry":{"type":"Point","coordinates":[-96.05823,16.95584]},"properties":{"id":75010,"name":"Santo Domingo Tepuxtepec","state_code":"OAX","country_code":"MX"}},{"type":"Feature","geometry":{"type":"Point","coordinates":[-97.34581,17.40778]},"properties":{"id":75011,"name":"Santo Domingo Tlatayapam","state_code":"OAX","country_code":"MX"}},{"type":"Feature","geometry":{"type":"Point","coordinates":[-96.6228,17.06117]},"properties":{"id":75012,"name":"Santo Domingo Tomaltepec","state_code":"OAX","country_code":"MX"}},{"type":"Feature","geometry":{"type":"Point","coordinates":[-97.96556,17.67352]},"properties":{"id":75013,"name":"Santo Domingo Tonalá","state_code":"OAX","country_code":"MX"}},{"type":"Feature","geometry":{"type":"Point","coordinates":[-97.35332,17.53283]},"properties":{"id":75014,"name":"Santo Domingo Yanhuitlán","state_code":"OAX","country_code":"MX"}},{"type":"Feature","geometry":{"type":"Point","coordinates":[-97.68289,17.61694]},"properties":{"id":75015,"name":"Santo Domingo Yodohino","state_code":"OAX","country_code":"MX"}},{"type":"Feature","geometry":{"type":"Point","coordinates":[-94.34754,16.48307]},"properties":{"id":75016,"name":"Santo Domingo Zanatepec","state_code":"OAX","country_code":"MX"}},{"type":"Feature","geometry":{"type":"Point","coordinates":[-96.51389,18.04194]},"properties":{"id":75024,"name":"Santo Tomás","state_code":"OAX","country_code":"MX"}},{"type":"Feature","geometry":{"type":"Point","coordinates":[-96.67063,16.84469]},"properties":{"id":75029,"name":"Santo Tomás Jalieza","state_code":"OAX","country_code":"MX"}},{"type":"Feature","geometry":{"type":"Point","coordinates":[-96.87083,17.17222]},"properties":{"id":75030,"name":"Santo Tomás Mazaltepec","state_code":"OAX","country_code":"MX"}},{"type":"Feature","geometry":{"type":"Point","coordinates":[-97.77344,17.12204]},"properties":{"id":75031,"name":"Santo Tomás Ocotepec","state_code":"OAX","country_code":"MX"}},{"type":"Feature","geometry":{"type":"Point","coordinates":[-96.58193,16.27064]},"properties":{"id":75032,"name":"Santo Tomás Tamazulapam","state_code":"OAX","country_code":"MX"}},{"type":"Feature","geometry":{"type":"Point","coordinates":[-97.14435,16.10694]},"properties":{"id":75035,"name":"Santos Reyes Nopala","state_code":"OAX","country_code":"MX"}},{"type":"Feature","geometry":{"type":"Point","coordinates":[-96.86157,17.80532]},"properties":{"id":75036,"name":"Santos Reyes Pápalo","state_code":"OAX","country_code":"MX"}},{"type":"Feature","geometry":{"type":"Point","coordinates":[-97.93845,17.43782]},"properties":{"id":75037,"name":"Santos Reyes Tepejillo","state_code":"OAX","country_code":"MX"}},{"type":"Feature","geometry":{"type":"Point","coordinates":[-98.00172,17.774]},"properties":{"id":75038,"name":"Santos Reyes Yucuná","state_code":"OAX","country_code":"MX"}},{"type":"Feature","geometry":{"type":"Point","coordinates":[-96.14694,15.76611]},"properties":{"id":75054,"name":"Sector H Tres","state_code":"OAX","country_code":"MX"}},{"type":"Feature","geometry":{"type":"Point","coordinates":[-98.13966,17.50297]},"properties":{"id":75078,"name":"Silacayoápam","state_code":"OAX","country_code":"MX"}},{"type":"Feature","geometry":{"type":"Point","coordinates":[-96.53215,16.35139]},"properties":{"id":75102,"name":"Sitio de Xitlapehua","state_code":"OAX","country_code":"MX"}},{"type":"Feature","geometry":{"type":"Point","coordinates":[-96.82212,17.16556]},"properties":{"id":75112,"name":"Soledad Etla","state_code":"OAX","country_code":"MX"}},{"type":"Feature","geometry":{"type":"Point","coordinates":[-96.00266,16.66229]},"properties":{"id":75115,"name":"Soledad Salinas","state_code":"OAX","country_code":"MX"}},{"type":"Feature","geometry":{"type":"Point","coordinates":[-98.22084,17.6702]},"properties":{"id":75177,"name":"Tamazola","state_code":"OAX","country_code":"MX"}},{"type":"Feature","geometry":{"type":"Point","coordinates":[-96.06528,17.055]},"properties":{"id":75183,"name":"Tamazulápam del Espíritu Santo","state_code":"OAX","country_code":"MX"}},{"type":"Feature","geometry":{"type":"Point","coordinates":[-97.57315,17.6771]},"properties":{"id":75182,"name":"Tamazulapam Villa del Progreso","state_code":"OAX","country_code":"MX"}},{"type":"Feature","geometry":{"type":"Point","coordinates":[-96.30111,17.37616]},"properties":{"id":75207,"name":"Tanetze de Zaragoza","state_code":"OAX","country_code":"MX"}},{"type":"Feature","geometry":{"type":"Point","coordinates":[-96.75514,16.5686]},"properties":{"id":75213,"name":"Taniche","state_code":"OAX","country_code":"MX"}},{"type":"Feature","geometry":{"type":"Point","coordinates":[-95.72476,15.96659]},"properties":{"id":75224,"name":"Tapanalá","state_code":"OAX","country_code":"MX"}},{"type":"Feature","geometry":{"type":"Point","coordinates":[-95.64088,17.55113]},"properties":{"id":75238,"name":"Tatahuicapá","state_code":"OAX","country_code":"MX"}},{"type":"Feature","geometry":{"type":"Point","coordinates":[-97.54615,16.30549]},"properties":{"id":75239,"name":"Tataltepec de Valdés","state_code":"OAX","country_code":"MX"}},{"type":"Feature","geometry":{"type":"Point","coordinates":[-97.02263,17.95577]},"properties":{"id":75283,"name":"Tecomavaca","state_code":"OAX","country_code":"MX"}},{"type":"Feature","geometry":{"type":"Point","coordinates":[-96.40165,18.24285]},"properties":{"id":75329,"name":"Temascal","state_code":"OAX","country_code":"MX"}},{"type":"Feature","geometry":{"type":"Point","coordinates":[-96.61528,17.3527]},"properties":{"id":75374,"name":"Teococuilco de Marcos Pérez","state_code":"OAX","country_code":"MX"}},{"type":"Feature","geometry":{"type":"Point","coordinates":[-97.22493,16.59032]},"properties":{"id":75376,"name":"Teojomulco","state_code":"OAX","country_code":"MX"}},{"type":"Feature","geometry":{"type":"Point","coordinates":[-97.07056,18.13179]},"properties":{"id":75384,"name":"Teotitlán","state_code":"OAX","country_code":"MX"}},{"type":"Feature","geometry":{"type":"Point","coordinates":[-96.51926,17.02975]},"properties":{"id":75385,"name":"Teotitlán del Valle","state_code":"OAX","country_code":"MX"}},{"type":"Feature","geometry":{"type":"Point","coordinates":[-97.49184,16.29236]},"properties":{"id":75412,"name":"Tepenixtlahuaca","state_code":"OAX","country_code":"MX"}},{"type":"Feature","geometry":{"type":"Point","coordinates":[-98.39188,17.66601]},"properties":{"id":75427,"name":"Tepetlapa","state_code":"OAX","country_code":"MX"}},{"type":"Feature","geometry":{"type":"Point","coordinates":[-96.4588,18.50887]},"properties":{"id":75477,"name":"Tetela","state_code":"OAX","country_code":"MX"}},{"type":"Feature","geometry":{"type":"Point","coordinates":[-97.06625,17.71259]},"properties":{"id":75514,"name":"Texcatitlán","state_code":"OAX","country_code":"MX"}},{"type":"Feature","geometry":{"type":"Point","coordinates":[-97.19907,16.5851]},"properties":{"id":75519,"name":"Texmelucan","state_code":"OAX","country_code":"MX"}},{"type":"Feature","geometry":{"type":"Point","coordinates":[-97.81068,17.65388]},"properties":{"id":75526,"name":"Tezoatlán de Segura y Luna","state_code":"OAX","country_code":"MX"}},{"type":"Feature","geometry":{"type":"Point","coordinates":[-98.34312,17.6222]},"properties":{"id":75601,"name":"Tlachichilco","state_code":"OAX","country_code":"MX"}},{"type":"Feature","geometry":{"type":"Point","coordinates":[-96.58647,17.85985]},"properties":{"id":75605,"name":"Tlacoatzintepec","state_code":"OAX","country_code":"MX"}},{"type":"Feature","geometry":{"type":"Point","coordinates":[-96.4759,16.95471]},"properties":{"id":75609,"name":"Tlacolula de Matamoros","state_code":"OAX","country_code":"MX"}},{"type":"Feature","geometry":{"type":"Point","coordinates":[-96.06279,17.09746]},"properties":{"id":75633,"name":"Tlahuitoltepec","state_code":"OAX","country_code":"MX"}},{"type":"Feature","geometry":{"type":"Point","coordinates":[-96.6471,17.07112]},"properties":{"id":75640,"name":"Tlalixtac de Cabrera","state_code":"OAX","country_code":"MX"}},{"type":"Feature","geometry":{"type":"Point","coordinates":[-96.02786,17.25679]},"properties":{"id":75757,"name":"Totontepec Villa de Morelos","state_code":"OAX","country_code":"MX"}},{"type":"Feature","geometry":{"type":"Point","coordinates":[-97.05869,18.10125]},"properties":{"id":75760,"name":"Toxpalan","state_code":"OAX","country_code":"MX"}},{"type":"Feature","geometry":{"type":"Point","coordinates":[-96.75025,17.13059]},"properties":{"id":75783,"name":"Trinidad de Viguera","state_code":"OAX","country_code":"MX"}},{"type":"Feature","geometry":{"type":"Point","coordinates":[-96.76384,16.92135]},"properties":{"id":75782,"name":"Trinidad Zaachila","state_code":"OAX","country_code":"MX"}},{"type":"Feature","geometry":{"type":"Point","coordinates":[-96.12535,18.0883]},"properties":{"id":75823,"name":"Tuxtepec","state_code":"OAX","country_code":"MX"}},{"type":"Feature","geometry":{"type":"Point","coordinates":[-94.82952,16.4723]},"properties":{"id":75884,"name":"Unión Hidalgo","state_code":"OAX","country_code":"MX"}},{"type":"Feature","geometry":{"type":"Point","coordinates":[-96.82435,16.76588]},"properties":{"id":75906,"name":"Valdeflores","state_code":"OAX","country_code":"MX"}},{"type":"Feature","geometry":{"type":"Point","coordinates":[-96.97852,17.7813]},"properties":{"id":75911,"name":"Valerio Trujano","state_code":"OAX","country_code":"MX"}},{"type":"Feature","geometry":{"type":"Point","coordinates":[-96.30174,17.77579]},"properties":{"id":75917,"name":"Valle Nacional","state_code":"OAX","country_code":"MX"}},{"type":"Feature","geometry":{"type":"Point","coordinates":[-96.21694,17.80972]},"properties":{"id":75941,"name":"Vega del Sol","state_code":"OAX","country_code":"MX"}},{"type":"Feature","geometry":{"type":"Point","coordinates":[-96.52915,18.51443]},"properties":{"id":75970,"name":"Vicente Camalote","state_code":"OAX","country_code":"MX"}},{"type":"Feature","geometry":{"type":"Point","coordinates":[-96.70139,16.93306]},"properties":{"id":75978,"name":"Vicente Guerrero","state_code":"OAX","country_code":"MX"}},{"type":"Feature","geometry":{"type":"Point","coordinates":[-97.57057,17.03247]},"properties":{"id":75994,"name":"Villa Chalcatongo de Hidalgo","state_code":"OAX","country_code":"MX"}},{"type":"Feature","geometry":{"type":"Point","coordinates":[-96.7989,17.20615]},"properties":{"id":76064,"name":"Villa de Etla","state_code":"OAX","country_code":"MX"}},{"type":"Feature","geometry":{"type":"Point","coordinates":[-97.57366,17.693]},"properties":{"id":76068,"name":"Villa de Tamazulápam del Progreso","state_code":"OAX","country_code":"MX"}},{"type":"Feature","geometry":{"type":"Point","coordinates":[-97.53109,16.04794]},"properties":{"id":76069,"name":"Villa de Tututepec de Melchor Ocampo","state_code":"OAX","country_code":"MX"}},{"type":"Feature","geometry":{"type":"Point","coordinates":[-96.74938,16.95098]},"properties":{"id":76070,"name":"Villa de Zaachila","state_code":"OAX","country_code":"MX"}},{"type":"Feature","geometry":{"type":"Point","coordinates":[-96.43231,16.99578]},"properties":{"id":75999,"name":"Villa Díaz Ordaz","state_code":"OAX","country_code":"MX"}},{"type":"Feature","geometry":{"type":"Point","coordinates":[-96.17831,17.18409]},"properties":{"id":76009,"name":"Villa Hidalgo","state_code":"OAX","country_code":"MX"}},{"type":"Feature","geometry":{"type":"Point","coordinates":[-96.9781,16.51844]},"properties":{"id":76044,"name":"Villa Sola de Vega","state_code":"OAX","country_code":"MX"}},{"type":"Feature","geometry":{"type":"Point","coordinates":[-96.24722,17.36489]},"properties":{"id":76045,"name":"Villa Talea de Castro","state_code":"OAX","country_code":"MX"}},{"type":"Feature","geometry":{"type":"Point","coordinates":[-97.47083,17.6625]},"properties":{"id":76047,"name":"Villa Tejúpam de la Unión","state_code":"OAX","country_code":"MX"}},{"type":"Feature","geometry":{"type":"Point","coordinates":[-97.75694,17.79639]},"properties":{"id":76095,"name":"Vista Hermosa","state_code":"OAX","country_code":"MX"}},{"type":"Feature","geometry":{"type":"Point","coordinates":[-96.32779,16.9042]},"properties":{"id":76109,"name":"Xaaga","state_code":"OAX","country_code":"MX"}},{"type":"Feature","geometry":{"type":"Point","coordinates":[-96.26753,17.15436]},"properties":{"id":76111,"name":"Xagacía","state_code":"OAX","country_code":"MX"}},{"type":"Feature","geometry":{"type":"Point","coordinates":[-96.84848,18.09443]},"properties":{"id":76181,"name":"Xochitonalco","state_code":"OAX","country_code":"MX"}},{"type":"Feature","geometry":{"type":"Point","coordinates":[-96.2296,17.14495]},"properties":{"id":76208,"name":"Yaganiza","state_code":"OAX","country_code":"MX"}},{"type":"Feature","geometry":{"type":"Point","coordinates":[-96.26233,17.23969]},"properties":{"id":76212,"name":"Yalina","state_code":"OAX","country_code":"MX"}},{"type":"Feature","geometry":{"type":"Point","coordinates":[-96.22137,17.22588]},"properties":{"id":76219,"name":"Yatzachi","state_code":"OAX","country_code":"MX"}},{"type":"Feature","geometry":{"type":"Point","coordinates":[-96.47191,16.72595]},"properties":{"id":76225,"name":"Yaxe","state_code":"OAX","country_code":"MX"}},{"type":"Feature","geometry":{"type":"Point","coordinates":[-97.99124,17.66559]},"properties":{"id":76235,"name":"Yetla de Juárez","state_code":"OAX","country_code":"MX"}},{"type":"Feature","geometry":{"type":"Point","coordinates":[-97.26965,17.51073]},"properties":{"id":76247,"name":"Yucuita","state_code":"OAX","country_code":"MX"}},{"type":"Feature","geometry":{"type":"Point","coordinates":[-97.29795,17.0402]},"properties":{"id":76251,"name":"Yutanduchi de Guerrero","state_code":"OAX","country_code":"MX"}},{"type":"Feature","geometry":{"type":"Point","coordinates":[-95.20312,16.93982]},"properties":{"id":76269,"name":"Zacatal","state_code":"OAX","country_code":"MX"}},{"type":"Feature","geometry":{"type":"Point","coordinates":[-98.38958,17.75621]},"properties":{"id":76308,"name":"Zapotitlán Lagunas","state_code":"OAX","country_code":"MX"}},{"type":"Feature","geometry":{"type":"Point","coordinates":[-97.81849,17.88965]},"properties":{"id":76309,"name":"Zapotitlán Palmas","state_code":"OAX","country_code":"MX"}},{"type":"Feature","geometry":{"type":"Point","coordinates":[-97.79322,16.66923]},"properties":{"id":76316,"name":"Zaragoza","state_code":"OAX","country_code":"MX"}},{"type":"Feature","geometry":{"type":"Point","coordinates":[-95.03738,17.01419]},"properties":{"id":76324,"name":"Zarzal","state_code":"OAX","country_code":"MX"}},{"type":"Feature","geometry":{"type":"Point","coordinates":[-96.78435,16.86939]},"properties":{"id":76338,"name":"Zimatlán de Álvarez","state_code":"OAX","country_code":"MX"}},{"type":"Feature","geometry":{"type":"Point","coordinates":[-98.00276,16.63818]},"properties":{"id":76357,"name":"Zocoteaca de León","state_code":"OAX","country_code":"MX"}},{"type":"Feature","geometry":{"type":"Point","coordinates":[-96.58917,18.5325]},"properties":{"id":76360,"name":"Zona Urbana Ejidal","state_code":"OAX","country_code":"MX"}}]}