{"type":"FeatureCollection","features":[{"type":"Feature","geometry":{"type":"Point","coordinates":[-98.16028,18.96889]},"properties":{"id":68006,"name":"18 de Marzo","state_code":"PUE","country_code":"MX"}},{"type":"Feature","geometry":{"type":"Point","coordinates":[-97.95231,19.11154]},"properties":{"id":68027,"name":"Acajete","state_code":"PUE","country_code":"MX"}},{"type":"Feature","geometry":{"type":"Point","coordinates":[-97.2271,20.11324]},"properties":{"id":68042,"name":"Acateno","state_code":"PUE","country_code":"MX"}},{"type":"Feature","geometry":{"type":"Point","coordinates":[-97.03651,18.37236]},"properties":{"id":68044,"name":"Acatepec","state_code":"PUE","country_code":"MX"}},{"type":"Feature","geometry":{"type":"Point","coordinates":[-98.07685,18.22374]},"properties":{"id":68049,"name":"Acatlán","state_code":"PUE","country_code":"MX"}},{"type":"Feature","geometry":{"type":"Point","coordinates":[-98.04864,18.2025]},"properties":{"id":68051,"name":"Acatlán de Osorio","state_code":"PUE","country_code":"MX"}},{"type":"Feature","geometry":{"type":"Point","coordinates":[-97.78363,18.98196]},"properties":{"id":68053,"name":"Acatzingo","state_code":"PUE","country_code":"MX"}},{"type":"Feature","geometry":{"type":"Point","coordinates":[-98.54018,18.01714]},"properties":{"id":68056,"name":"Acaxtlahuacán de Albino Zertuche","state_code":"PUE","country_code":"MX"}},{"type":"Feature","geometry":{"type":"Point","coordinates":[-98.71366,18.76388]},"properties":{"id":68069,"name":"Acteopan","state_code":"PUE","country_code":"MX"}},{"type":"Feature","geometry":{"type":"Point","coordinates":[-97.90252,18.93689]},"properties":{"id":68070,"name":"Actipan","state_code":"PUE","country_code":"MX"}},{"type":"Feature","geometry":{"type":"Point","coordinates":[-97.79904,18.96003]},"properties":{"id":68071,"name":"Actipan de Morelos","state_code":"PUE","country_code":"MX"}},{"type":"Feature","geometry":{"type":"Point","coordinates":[-97.56444,19.7625]},"properties":{"id":68074,"name":"Acuaco","state_code":"PUE","country_code":"MX"}},{"type":"Feature","geometry":{"type":"Point","coordinates":[-98.38501,19.03742]},"properties":{"id":68076,"name":"Acuexcomac","state_code":"PUE","country_code":"MX"}},{"type":"Feature","geometry":{"type":"Point","coordinates":[-98.0075,20.13722]},"properties":{"id":68137,"name":"Ahuacatlán","state_code":"PUE","country_code":"MX"}},{"type":"Feature","geometry":{"type":"Point","coordinates":[-98.0185,18.41269]},"properties":{"id":68143,"name":"Ahuatempan","state_code":"PUE","country_code":"MX"}},{"type":"Feature","geometry":{"type":"Point","coordinates":[-97.91764,18.85831]},"properties":{"id":68145,"name":"Ahuatepec","state_code":"PUE","country_code":"MX"}},{"type":"Feature","geometry":{"type":"Point","coordinates":[-97.43457,19.04087]},"properties":{"id":68147,"name":"Ahuatepec de Camino","state_code":"PUE","country_code":"MX"}},{"type":"Feature","geometry":{"type":"Point","coordinates":[-98.27791,18.5793]},"properties":{"id":68149,"name":"Ahuatlán","state_code":"PUE","country_code":"MX"}},{"type":"Feature","geometry":{"type":"Point","coordinates":[-97.89561,20.25325]},"properties":{"id":68150,"name":"Ahuaxintitla","state_code":"PUE","country_code":"MX"}},{"type":"Feature","geometry":{"type":"Point","coordinates":[-98.16332,20.04535]},"properties":{"id":68151,"name":"Ahuazotepec","state_code":"PUE","country_code":"MX"}},{"type":"Feature","geometry":{"type":"Point","coordinates":[-98.21949,18.21272]},"properties":{"id":68153,"name":"Ahuehuetitla","state_code":"PUE","country_code":"MX"}},{"type":"Feature","geometry":{"type":"Point","coordinates":[-97.25867,18.37908]},"properties":{"id":68164,"name":"Ajalpan","state_code":"PUE","country_code":"MX"}},{"type":"Feature","geometry":{"type":"Point","coordinates":[-97.43858,19.19619]},"properties":{"id":76393,"name":"Álamos Tepetitlán","state_code":"PUE","country_code":"MX"}},{"type":"Feature","geometry":{"type":"Point","coordinates":[-98.55511,18.01275]},"properties":{"id":68176,"name":"Albino Zertuche","state_code":"PUE","country_code":"MX"}},{"type":"Feature","geometry":{"type":"Point","coordinates":[-97.16594,18.56795]},"properties":{"id":68201,"name":"Alhuaca","state_code":"PUE","country_code":"MX"}},{"type":"Feature","geometry":{"type":"Point","coordinates":[-97.52973,19.09933]},"properties":{"id":68204,"name":"Aljojuca","state_code":"PUE","country_code":"MX"}},{"type":"Feature","geometry":{"type":"Point","coordinates":[-97.59711,19.53879]},"properties":{"id":68206,"name":"Allende","state_code":"PUE","country_code":"MX"}},{"type":"Feature","geometry":{"type":"Point","coordinates":[-98.23597,19.14286]},"properties":{"id":68210,"name":"Almecatla","state_code":"PUE","country_code":"MX"}},{"type":"Feature","geometry":{"type":"Point","coordinates":[-97.96353,18.47627]},"properties":{"id":68213,"name":"Almolonga","state_code":"PUE","country_code":"MX"}},{"type":"Feature","geometry":{"type":"Point","coordinates":[-97.29966,18.37035]},"properties":{"id":68226,"name":"Altepexi","state_code":"PUE","country_code":"MX"}},{"type":"Feature","geometry":{"type":"Point","coordinates":[-97.90219,19.02781]},"properties":{"id":76398,"name":"Álvaro Obregón","state_code":"PUE","country_code":"MX"}},{"type":"Feature","geometry":{"type":"Point","coordinates":[-98.0764,18.17631]},"properties":{"id":68242,"name":"Amatitlán de Azueta","state_code":"PUE","country_code":"MX"}},{"type":"Feature","geometry":{"type":"Point","coordinates":[-97.82571,20.56344]},"properties":{"id":68254,"name":"Ameluca","state_code":"PUE","country_code":"MX"}},{"type":"Feature","geometry":{"type":"Point","coordinates":[-97.79918,20.04778]},"properties":{"id":68256,"name":"Amixtlán","state_code":"PUE","country_code":"MX"}},{"type":"Feature","geometry":{"type":"Point","coordinates":[-98.04154,19.05019]},"properties":{"id":68257,"name":"Amozoc","state_code":"PUE","country_code":"MX"}},{"type":"Feature","geometry":{"type":"Point","coordinates":[-98.045,19.04611]},"properties":{"id":68258,"name":"Amozoc de Mota","state_code":"PUE","country_code":"MX"}},{"type":"Feature","geometry":{"type":"Point","coordinates":[-98.50028,19.26444]},"properties":{"id":68268,"name":"Analco de Ponciano Arriaga (Santa Cruz Analco)","state_code":"PUE","country_code":"MX"}},{"type":"Feature","geometry":{"type":"Point","coordinates":[-97.94028,19.06833]},"properties":{"id":68290,"name":"Apango de Zaragoza","state_code":"PUE","country_code":"MX"}},{"type":"Feature","geometry":{"type":"Point","coordinates":[-97.19104,19.3582]},"properties":{"id":68292,"name":"Apantéopan","state_code":"PUE","country_code":"MX"}},{"type":"Feature","geometry":{"type":"Point","coordinates":[-97.84665,20.40356]},"properties":{"id":68293,"name":"Apapantilla","state_code":"PUE","country_code":"MX"}},{"type":"Feature","geometry":{"type":"Point","coordinates":[-97.4444,19.79911]},"properties":{"id":68298,"name":"Apatauyan","state_code":"PUE","country_code":"MX"}},{"type":"Feature","geometry":{"type":"Point","coordinates":[-97.93526,19.77957]},"properties":{"id":68327,"name":"Aquixtla","state_code":"PUE","country_code":"MX"}},{"type":"Feature","geometry":{"type":"Point","coordinates":[-98.15848,18.97412]},"properties":{"id":68377,"name":"Artículo Primero Constitucional","state_code":"PUE","country_code":"MX"}},{"type":"Feature","geometry":{"type":"Point","coordinates":[-97.56008,19.84374]},"properties":{"id":68389,"name":"Atalpan","state_code":"PUE","country_code":"MX"}},{"type":"Feature","geometry":{"type":"Point","coordinates":[-97.36698,19.6987]},"properties":{"id":68394,"name":"Atecax","state_code":"PUE","country_code":"MX"}},{"type":"Feature","geometry":{"type":"Point","coordinates":[-97.45855,19.83945]},"properties":{"id":68396,"name":"Atempan","state_code":"PUE","country_code":"MX"}},{"type":"Feature","geometry":{"type":"Point","coordinates":[-98.60542,18.51347]},"properties":{"id":68398,"name":"Atencingo","state_code":"PUE","country_code":"MX"}},{"type":"Feature","geometry":{"type":"Point","coordinates":[-97.6877,18.36391]},"properties":{"id":68402,"name":"Atexcal","state_code":"PUE","country_code":"MX"}},{"type":"Feature","geometry":{"type":"Point","coordinates":[-98.12469,20.27527]},"properties":{"id":68408,"name":"Atla","state_code":"PUE","country_code":"MX"}},{"type":"Feature","geometry":{"type":"Point","coordinates":[-97.62423,20.01214]},"properties":{"id":68420,"name":"Atlequizayan","state_code":"PUE","country_code":"MX"}},{"type":"Feature","geometry":{"type":"Point","coordinates":[-98.43613,18.90815]},"properties":{"id":68422,"name":"Atlixco","state_code":"PUE","country_code":"MX"}},{"type":"Feature","geometry":{"type":"Point","coordinates":[-97.35361,19.855]},"properties":{"id":68426,"name":"Atoluca","state_code":"PUE","country_code":"MX"}},{"type":"Feature","geometry":{"type":"Point","coordinates":[-97.9139,18.81925]},"properties":{"id":68435,"name":"Atoyatempan","state_code":"PUE","country_code":"MX"}},{"type":"Feature","geometry":{"type":"Point","coordinates":[-98.55306,18.54639]},"properties":{"id":68438,"name":"Atzala","state_code":"PUE","country_code":"MX"}},{"type":"Feature","geometry":{"type":"Point","coordinates":[-97.44417,19.82472]},"properties":{"id":68440,"name":"Atzalán","state_code":"PUE","country_code":"MX"}},{"type":"Feature","geometry":{"type":"Point","coordinates":[-97.96861,19.97972]},"properties":{"id":68441,"name":"Atzingo (La Cumbre)","state_code":"PUE","country_code":"MX"}},{"type":"Feature","geometry":{"type":"Point","coordinates":[-97.3244,18.89915]},"properties":{"id":68442,"name":"Atzitzintla","state_code":"PUE","country_code":"MX"}},{"type":"Feature","geometry":{"type":"Point","coordinates":[-98.38935,18.18938]},"properties":{"id":68455,"name":"Axutla","state_code":"PUE","country_code":"MX"}},{"type":"Feature","geometry":{"type":"Point","coordinates":[-97.20739,18.23045]},"properties":{"id":68456,"name":"Axuxco","state_code":"PUE","country_code":"MX"}},{"type":"Feature","geometry":{"type":"Point","coordinates":[-98.37266,18.67004]},"properties":{"id":68464,"name":"Ayotla","state_code":"PUE","country_code":"MX"}},{"type":"Feature","geometry":{"type":"Point","coordinates":[-97.40961,20.09589]},"properties":{"id":68465,"name":"Ayotoxco de Guerrero","state_code":"PUE","country_code":"MX"}},{"type":"Feature","geometry":{"type":"Point","coordinates":[-98.50537,18.54503]},"properties":{"id":68470,"name":"Ayutla","state_code":"PUE","country_code":"MX"}},{"type":"Feature","geometry":{"type":"Point","coordinates":[-97.39815,18.64552]},"properties":{"id":68476,"name":"Azumbilla","state_code":"PUE","country_code":"MX"}},{"type":"Feature","geometry":{"type":"Point","coordinates":[-98.29,19.08861]},"properties":{"id":68546,"name":"Barrio de Nuevo León","state_code":"PUE","country_code":"MX"}},{"type":"Feature","geometry":{"type":"Point","coordinates":[-97.54389,18.87639]},"properties":{"id":68581,"name":"Bellavista de Victoria (San José Bellavista)","state_code":"PUE","country_code":"MX"}},{"type":"Feature","geometry":{"type":"Point","coordinates":[-97.79108,19.81654]},"properties":{"id":68592,"name":"Benito Juárez","state_code":"PUE","country_code":"MX"}},{"type":"Feature","geometry":{"type":"Point","coordinates":[-98.1329,20.09426]},"properties":{"id":68608,"name":"Beristain","state_code":"PUE","country_code":"MX"}},{"type":"Feature","geometry":{"type":"Point","coordinates":[-97.74434,20.12235]},"properties":{"id":68615,"name":"Bienvenido","state_code":"PUE","country_code":"MX"}},{"type":"Feature","geometry":{"type":"Point","coordinates":[-97.45373,20.12767]},"properties":{"id":68662,"name":"Buena Vista","state_code":"PUE","country_code":"MX"}},{"type":"Feature","geometry":{"type":"Point","coordinates":[-97.82778,18.945]},"properties":{"id":68683,"name":"Buenavista de Juárez","state_code":"PUE","country_code":"MX"}},{"type":"Feature","geometry":{"type":"Point","coordinates":[-98.17632,18.91967]},"properties":{"id":68677,"name":"Buenavista Tetela","state_code":"PUE","country_code":"MX"}},{"type":"Feature","geometry":{"type":"Point","coordinates":[-97.74833,20.15333]},"properties":{"id":68690,"name":"Buenos Aires","state_code":"PUE","country_code":"MX"}},{"type":"Feature","geometry":{"type":"Point","coordinates":[-98.48614,18.78747]},"properties":{"id":68712,"name":"Cacaloxúchitl","state_code":"PUE","country_code":"MX"}},{"type":"Feature","geometry":{"type":"Point","coordinates":[-97.42306,19.84778]},"properties":{"id":68724,"name":"Cala Norte","state_code":"PUE","country_code":"MX"}},{"type":"Feature","geometry":{"type":"Point","coordinates":[-97.42111,19.83278]},"properties":{"id":68725,"name":"Cala Sur","state_code":"PUE","country_code":"MX"}},{"type":"Feature","geometry":{"type":"Point","coordinates":[-97.16376,18.29519]},"properties":{"id":68739,"name":"Calipan","state_code":"PUE","country_code":"MX"}},{"type":"Feature","geometry":{"type":"Point","coordinates":[-98.63414,18.63501]},"properties":{"id":68743,"name":"Calmeca","state_code":"PUE","country_code":"MX"}},{"type":"Feature","geometry":{"type":"Point","coordinates":[-97.99528,19.65556]},"properties":{"id":68746,"name":"Calpanería Atezquilla","state_code":"PUE","country_code":"MX"}},{"type":"Feature","geometry":{"type":"Point","coordinates":[-97.75853,20.03805]},"properties":{"id":68765,"name":"Camocuautla","state_code":"PUE","country_code":"MX"}},{"type":"Feature","geometry":{"type":"Point","coordinates":[-98.06825,20.0472]},"properties":{"id":68766,"name":"Camotepec","state_code":"PUE","country_code":"MX"}},{"type":"Feature","geometry":{"type":"Point","coordinates":[-97.70083,19.04194]},"properties":{"id":68791,"name":"Candelaria Portezuelo","state_code":"PUE","country_code":"MX"}},{"type":"Feature","geometry":{"type":"Point","coordinates":[-97.81194,19.03639]},"properties":{"id":68828,"name":"Carmen Serdán","state_code":"PUE","country_code":"MX"}},{"type":"Feature","geometry":{"type":"Point","coordinates":[-98.11889,19.04222]},"properties":{"id":68846,"name":"Casa Blanca","state_code":"PUE","country_code":"MX"}},{"type":"Feature","geometry":{"type":"Point","coordinates":[-97.60688,20.06359]},"properties":{"id":68868,"name":"Caxhuacán","state_code":"PUE","country_code":"MX"}},{"type":"Feature","geometry":{"type":"Point","coordinates":[-98.33698,18.97183]},"properties":{"id":68958,"name":"Chalchihuapan","state_code":"PUE","country_code":"MX"}},{"type":"Feature","geometry":{"type":"Point","coordinates":[-97.40474,18.62586]},"properties":{"id":68986,"name":"Chapulco","state_code":"PUE","country_code":"MX"}},{"type":"Feature","geometry":{"type":"Point","coordinates":[-98.60339,18.30149]},"properties":{"id":69014,"name":"Chiautla de Tapia","state_code":"PUE","country_code":"MX"}},{"type":"Feature","geometry":{"type":"Point","coordinates":[-97.94556,20.1425]},"properties":{"id":69016,"name":"Chicahuaxtla","state_code":"PUE","country_code":"MX"}},{"type":"Feature","geometry":{"type":"Point","coordinates":[-97.04694,18.40056]},"properties":{"id":69022,"name":"Chichicapa","state_code":"PUE","country_code":"MX"}},{"type":"Feature","geometry":{"type":"Point","coordinates":[-97.39394,19.39073]},"properties":{"id":69025,"name":"Chichicuautla","state_code":"PUE","country_code":"MX"}},{"type":"Feature","geometry":{"type":"Point","coordinates":[-97.06691,19.20073]},"properties":{"id":69032,"name":"Chichiquila","state_code":"PUE","country_code":"MX"}},{"type":"Feature","geometry":{"type":"Point","coordinates":[-97.93896,20.09517]},"properties":{"id":69042,"name":"Chiconcuautla","state_code":"PUE","country_code":"MX"}},{"type":"Feature","geometry":{"type":"Point","coordinates":[-97.83063,20.24402]},"properties":{"id":69045,"name":"Chicontla","state_code":"PUE","country_code":"MX"}},{"type":"Feature","geometry":{"type":"Point","coordinates":[-98.57889,18.52028]},"properties":{"id":69052,"name":"Chietla","state_code":"PUE","country_code":"MX"}},{"type":"Feature","geometry":{"type":"Point","coordinates":[-98.07203,18.64634]},"properties":{"id":69053,"name":"Chigmecatitlán","state_code":"PUE","country_code":"MX"}},{"type":"Feature","geometry":{"type":"Point","coordinates":[-98.03171,19.83866]},"properties":{"id":69054,"name":"Chignahuapan","state_code":"PUE","country_code":"MX"}},{"type":"Feature","geometry":{"type":"Point","coordinates":[-97.87478,17.96747]},"properties":{"id":69059,"name":"Chila","state_code":"PUE","country_code":"MX"}},{"type":"Feature","geometry":{"type":"Point","coordinates":[-98.20937,20.28113]},"properties":{"id":69060,"name":"Chila de Juárez","state_code":"PUE","country_code":"MX"}},{"type":"Feature","geometry":{"type":"Point","coordinates":[-98.48574,18.10975]},"properties":{"id":69061,"name":"Chila de la Sal","state_code":"PUE","country_code":"MX"}},{"type":"Feature","geometry":{"type":"Point","coordinates":[-97.19916,19.26916]},"properties":{"id":69068,"name":"Chilchotla","state_code":"PUE","country_code":"MX"}},{"type":"Feature","geometry":{"type":"Point","coordinates":[-98.27627,18.23423]},"properties":{"id":69084,"name":"Chinantla","state_code":"PUE","country_code":"MX"}},{"type":"Feature","geometry":{"type":"Point","coordinates":[-97.38859,19.81996]},"properties":{"id":69085,"name":"Chinautla","state_code":"PUE","country_code":"MX"}},{"type":"Feature","geometry":{"type":"Point","coordinates":[-97.68861,20.06111]},"properties":{"id":69088,"name":"Chipahuatlán","state_code":"PUE","country_code":"MX"}},{"type":"Feature","geometry":{"type":"Point","coordinates":[-98.33056,19.00611]},"properties":{"id":69089,"name":"Chipilo de Francisco Javier Mina","state_code":"PUE","country_code":"MX"}},{"type":"Feature","geometry":{"type":"Point","coordinates":[-98.30352,19.06406]},"properties":{"id":69103,"name":"Cholula","state_code":"PUE","country_code":"MX"}},{"type":"Feature","geometry":{"type":"Point","coordinates":[-97.63,20.13167]},"properties":{"id":69135,"name":"Cinco de Mayo","state_code":"PUE","country_code":"MX"}},{"type":"Feature","geometry":{"type":"Point","coordinates":[-98.60389,18.3]},"properties":{"id":69187,"name":"Ciudad de Chiautla de Tapia","state_code":"PUE","country_code":"MX"}},{"type":"Feature","geometry":{"type":"Point","coordinates":[-97.52111,20.01861]},"properties":{"id":69188,"name":"Ciudad de Cuetzalan","state_code":"PUE","country_code":"MX"}},{"type":"Feature","geometry":{"type":"Point","coordinates":[-97.49528,19.85278]},"properties":{"id":69192,"name":"Ciudad de Tlatlauquitepec","state_code":"PUE","country_code":"MX"}},{"type":"Feature","geometry":{"type":"Point","coordinates":[-97.44643,18.98856]},"properties":{"id":69181,"name":"Ciudad Serdán","state_code":"PUE","country_code":"MX"}},{"type":"Feature","geometry":{"type":"Point","coordinates":[-97.41028,19.80556]},"properties":{"id":69217,"name":"Coahuixco","state_code":"PUE","country_code":"MX"}},{"type":"Feature","geometry":{"type":"Point","coordinates":[-97.73069,20.06236]},"properties":{"id":69226,"name":"Coatepec","state_code":"PUE","country_code":"MX"}},{"type":"Feature","geometry":{"type":"Point","coordinates":[-98.17267,18.61199]},"properties":{"id":69232,"name":"Coatzingo","state_code":"PUE","country_code":"MX"}},{"type":"Feature","geometry":{"type":"Point","coordinates":[-98.72085,18.78268]},"properties":{"id":69252,"name":"Cohuecán","state_code":"PUE","country_code":"MX"}},{"type":"Feature","geometry":{"type":"Point","coordinates":[-98.54444,18.92972]},"properties":{"id":69276,"name":"Colonia Agrícola de Ocotepec (Colonia San José)","state_code":"PUE","country_code":"MX"}},{"type":"Feature","geometry":{"type":"Point","coordinates":[-97.7975,19.22944]},"properties":{"id":69344,"name":"Colonia Obrera","state_code":"PUE","country_code":"MX"}},{"type":"Feature","geometry":{"type":"Point","coordinates":[-98.48078,18.50905]},"properties":{"id":69413,"name":"Colucan","state_code":"PUE","country_code":"MX"}},{"type":"Feature","geometry":{"type":"Point","coordinates":[-97.59938,19.85893]},"properties":{"id":69420,"name":"Comaltepec","state_code":"PUE","country_code":"MX"}},{"type":"Feature","geometry":{"type":"Point","coordinates":[-98.06139,19.09444]},"properties":{"id":69433,"name":"Concepción Capulac (La Ex-Hacienda)","state_code":"PUE","country_code":"MX"}},{"type":"Feature","geometry":{"type":"Point","coordinates":[-97.98475,18.86722]},"properties":{"id":69436,"name":"Concepción Cuautla","state_code":"PUE","country_code":"MX"}},{"type":"Feature","geometry":{"type":"Point","coordinates":[-98.08294,20.273]},"properties":{"id":69473,"name":"Copila","state_code":"PUE","country_code":"MX"}},{"type":"Feature","geometry":{"type":"Point","coordinates":[-98.30594,19.1209]},"properties":{"id":69480,"name":"Coronango","state_code":"PUE","country_code":"MX"}},{"type":"Feature","geometry":{"type":"Point","coordinates":[-97.73607,20.45642]},"properties":{"id":69481,"name":"Coronel Tito Hernández","state_code":"PUE","country_code":"MX"}},{"type":"Feature","geometry":{"type":"Point","coordinates":[-97.15078,18.26709]},"properties":{"id":69511,"name":"Coxcatlán","state_code":"PUE","country_code":"MX"}},{"type":"Feature","geometry":{"type":"Point","coordinates":[-97.02991,18.45104]},"properties":{"id":69512,"name":"Coxolico","state_code":"PUE","country_code":"MX"}},{"type":"Feature","geometry":{"type":"Point","coordinates":[-96.99336,18.28206]},"properties":{"id":69519,"name":"Coyomeapan","state_code":"PUE","country_code":"MX"}},{"type":"Feature","geometry":{"type":"Point","coordinates":[-97.82703,18.41656]},"properties":{"id":69522,"name":"Coyotepec","state_code":"PUE","country_code":"MX"}},{"type":"Feature","geometry":{"type":"Point","coordinates":[-97.51116,18.81758]},"properties":{"id":69549,"name":"Cuacnopalan","state_code":"PUE","country_code":"MX"}},{"type":"Feature","geometry":{"type":"Point","coordinates":[-98.0315,20.17205]},"properties":{"id":69550,"name":"Cuacuila","state_code":"PUE","country_code":"MX"}},{"type":"Feature","geometry":{"type":"Point","coordinates":[-98.32788,19.10917]},"properties":{"id":69559,"name":"Cuanalá","state_code":"PUE","country_code":"MX"}},{"type":"Feature","geometry":{"type":"Point","coordinates":[-97.82382,18.91544]},"properties":{"id":69562,"name":"Cuapiaxtla de Madero","state_code":"PUE","country_code":"MX"}},{"type":"Feature","geometry":{"type":"Point","coordinates":[-97.12901,18.4913]},"properties":{"id":69569,"name":"Cuatro Caminos","state_code":"PUE","country_code":"MX"}},{"type":"Feature","geometry":{"type":"Point","coordinates":[-97.48722,20.025]},"properties":{"id":69573,"name":"Cuauhtamazaco","state_code":"PUE","country_code":"MX"}},{"type":"Feature","geometry":{"type":"Point","coordinates":[-97.33833,19.22306]},"properties":{"id":69584,"name":"Cuauhtémoc","state_code":"PUE","country_code":"MX"}},{"type":"Feature","geometry":{"type":"Point","coordinates":[-97.79097,19.91612]},"properties":{"id":69586,"name":"Cuautempan","state_code":"PUE","country_code":"MX"}},{"type":"Feature","geometry":{"type":"Point","coordinates":[-98.01566,18.95463]},"properties":{"id":69589,"name":"Cuautinchán","state_code":"PUE","country_code":"MX"}},{"type":"Feature","geometry":{"type":"Point","coordinates":[-98.27319,19.08995]},"properties":{"id":69593,"name":"Cuautlancingo","state_code":"PUE","country_code":"MX"}},{"type":"Feature","geometry":{"type":"Point","coordinates":[-97.79806,20.06841]},"properties":{"id":69595,"name":"Cuautotola","state_code":"PUE","country_code":"MX"}},{"type":"Feature","geometry":{"type":"Point","coordinates":[-97.12091,18.43299]},"properties":{"id":69596,"name":"Cuautotolapan (San José)","state_code":"PUE","country_code":"MX"}},{"type":"Feature","geometry":{"type":"Point","coordinates":[-97.34583,19.80806]},"properties":{"id":69598,"name":"Cuaxoxpan","state_code":"PUE","country_code":"MX"}},{"type":"Feature","geometry":{"type":"Point","coordinates":[-97.03556,18.46211]},"properties":{"id":69599,"name":"Cuaxuxpa","state_code":"PUE","country_code":"MX"}},{"type":"Feature","geometry":{"type":"Point","coordinates":[-98.19193,18.44416]},"properties":{"id":69600,"name":"Cuayuca de Andrade","state_code":"PUE","country_code":"MX"}},{"type":"Feature","geometry":{"type":"Point","coordinates":[-97.46753,18.84536]},"properties":{"id":69618,"name":"Cuesta Blanca","state_code":"PUE","country_code":"MX"}},{"type":"Feature","geometry":{"type":"Point","coordinates":[-97.52277,20.01766]},"properties":{"id":69622,"name":"Cuetzalan","state_code":"PUE","country_code":"MX"}},{"type":"Feature","geometry":{"type":"Point","coordinates":[-97.49268,20.03857]},"properties":{"id":69623,"name":"Cuetzalan del Progreso","state_code":"PUE","country_code":"MX"}},{"type":"Feature","geometry":{"type":"Point","coordinates":[-98.55842,18.6272]},"properties":{"id":69624,"name":"Cuexpala","state_code":"PUE","country_code":"MX"}},{"type":"Feature","geometry":{"type":"Point","coordinates":[-97.62024,19.60192]},"properties":{"id":69652,"name":"Cuyoaco","state_code":"PUE","country_code":"MX"}},{"type":"Feature","geometry":{"type":"Point","coordinates":[-97.86062,18.75697]},"properties":{"id":69705,"name":"Dolores Hidalgo","state_code":"PUE","country_code":"MX"}},{"type":"Feature","geometry":{"type":"Point","coordinates":[-98.45678,19.13998]},"properties":{"id":69708,"name":"Domingo Arenas","state_code":"PUE","country_code":"MX"}},{"type":"Feature","geometry":{"type":"Point","coordinates":[-98.26889,18.94944]},"properties":{"id":69862,"name":"El Capulo (La Quebradora)","state_code":"PUE","country_code":"MX"}},{"type":"Feature","geometry":{"type":"Point","coordinates":[-97.20111,19.24167]},"properties":{"id":69874,"name":"El Carmen","state_code":"PUE","country_code":"MX"}},{"type":"Feature","geometry":{"type":"Point","coordinates":[-97.46025,20.22228]},"properties":{"id":69897,"name":"El Chacal","state_code":"PUE","country_code":"MX"}},{"type":"Feature","geometry":{"type":"Point","coordinates":[-98.42556,18.93194]},"properties":{"id":69953,"name":"El Encanto del Cerril","state_code":"PUE","country_code":"MX"}},{"type":"Feature","geometry":{"type":"Point","coordinates":[-97.56064,19.43077]},"properties":{"id":69973,"name":"El Fuerte de la Unión","state_code":"PUE","country_code":"MX"}},{"type":"Feature","geometry":{"type":"Point","coordinates":[-97.77194,19.55694]},"properties":{"id":70041,"name":"El Mirador","state_code":"PUE","country_code":"MX"}},{"type":"Feature","geometry":{"type":"Point","coordinates":[-97.58028,19.81333]},"properties":{"id":70047,"name":"El Molino","state_code":"PUE","country_code":"MX"}},{"type":"Feature","geometry":{"type":"Point","coordinates":[-97.05306,19.13972]},"properties":{"id":70080,"name":"El Palmar","state_code":"PUE","country_code":"MX"}},{"type":"Feature","geometry":{"type":"Point","coordinates":[-97.36472,20.01917]},"properties":{"id":70132,"name":"El Progreso","state_code":"PUE","country_code":"MX"}},{"type":"Feature","geometry":{"type":"Point","coordinates":[-97.89444,19.15556]},"properties":{"id":70162,"name":"El Rincón Citlaltépetl","state_code":"PUE","country_code":"MX"}},{"type":"Feature","geometry":{"type":"Point","coordinates":[-97.48289,18.96421]},"properties":{"id":70251,"name":"El Veladero","state_code":"PUE","country_code":"MX"}},{"type":"Feature","geometry":{"type":"Point","coordinates":[-96.92271,18.50883]},"properties":{"id":70273,"name":"Eloxochitlán","state_code":"PUE","country_code":"MX"}},{"type":"Feature","geometry":{"type":"Point","coordinates":[-97.39203,19.17333]},"properties":{"id":70275,"name":"Emancipación Quetzalapa","state_code":"PUE","country_code":"MX"}},{"type":"Feature","geometry":{"type":"Point","coordinates":[-97.65278,19.71278]},"properties":{"id":70295,"name":"Emilio Carranza (Santa Cruz)","state_code":"PUE","country_code":"MX"}},{"type":"Feature","geometry":{"type":"Point","coordinates":[-97.51027,19.30751]},"properties":{"id":70296,"name":"Emilio Portes Gil","state_code":"PUE","country_code":"MX"}},{"type":"Feature","geometry":{"type":"Point","coordinates":[-97.37641,18.85853]},"properties":{"id":70327,"name":"Esperanza","state_code":"PUE","country_code":"MX"}},{"type":"Feature","geometry":{"type":"Point","coordinates":[-97.22648,19.24985]},"properties":{"id":70466,"name":"Francisco I. Madero","state_code":"PUE","country_code":"MX"}},{"type":"Feature","geometry":{"type":"Point","coordinates":[-97.46384,18.49306]},"properties":{"id":70471,"name":"Francisco Ignacio Madero","state_code":"PUE","country_code":"MX"}},{"type":"Feature","geometry":{"type":"Point","coordinates":[-98.31389,18.96417]},"properties":{"id":70476,"name":"Francisco Sarabia","state_code":"PUE","country_code":"MX"}},{"type":"Feature","geometry":{"type":"Point","coordinates":[-97.76336,18.84446]},"properties":{"id":70482,"name":"Francisco Villa","state_code":"PUE","country_code":"MX"}},{"type":"Feature","geometry":{"type":"Point","coordinates":[-97.81882,20.72614]},"properties":{"id":70483,"name":"Francisco Z. Mena","state_code":"PUE","country_code":"MX"}},{"type":"Feature","geometry":{"type":"Point","coordinates":[-98.1525,18.999]},"properties":{"id":70506,"name":"Galaxia la Calera","state_code":"PUE","country_code":"MX"}},{"type":"Feature","geometry":{"type":"Point","coordinates":[-97.68282,19.00786]},"properties":{"id":70531,"name":"General Felipe Ángeles","state_code":"PUE","country_code":"MX"}},{"type":"Feature","geometry":{"type":"Point","coordinates":[-97.88546,20.37365]},"properties":{"id":70548,"name":"Gilberto Camacho","state_code":"PUE","country_code":"MX"}},{"type":"Feature","geometry":{"type":"Point","coordinates":[-97.48694,19.7725]},"properties":{"id":70647,"name":"Gómez Poniente","state_code":"PUE","country_code":"MX"}},{"type":"Feature","geometry":{"type":"Point","coordinates":[-97.27023,19.34268]},"properties":{"id":70556,"name":"González Ortega","state_code":"PUE","country_code":"MX"}},{"type":"Feature","geometry":{"type":"Point","coordinates":[-97.80307,19.22796]},"properties":{"id":70559,"name":"Grajales","state_code":"PUE","country_code":"MX"}},{"type":"Feature","geometry":{"type":"Point","coordinates":[-98.14673,18.06521]},"properties":{"id":70576,"name":"Guadalupe","state_code":"PUE","country_code":"MX"}},{"type":"Feature","geometry":{"type":"Point","coordinates":[-97.85833,18.96611]},"properties":{"id":70579,"name":"Guadalupe Calderón","state_code":"PUE","country_code":"MX"}},{"type":"Feature","geometry":{"type":"Point","coordinates":[-97.58759,18.89374]},"properties":{"id":70581,"name":"Guadalupe Enríquez","state_code":"PUE","country_code":"MX"}},{"type":"Feature","geometry":{"type":"Point","coordinates":[-97.38744,19.18789]},"properties":{"id":70586,"name":"Guadalupe Libertad","state_code":"PUE","country_code":"MX"}},{"type":"Feature","geometry":{"type":"Point","coordinates":[-97.80417,19.02556]},"properties":{"id":70588,"name":"Guadalupe Morelos","state_code":"PUE","country_code":"MX"}},{"type":"Feature","geometry":{"type":"Point","coordinates":[-98.12079,18.0914]},"properties":{"id":70589,"name":"Guadalupe Santa Ana","state_code":"PUE","country_code":"MX"}},{"type":"Feature","geometry":{"type":"Point","coordinates":[-97.42752,19.53096]},"properties":{"id":70590,"name":"Guadalupe Sarabia","state_code":"PUE","country_code":"MX"}},{"type":"Feature","geometry":{"type":"Point","coordinates":[-97.3429,19.2911]},"properties":{"id":70598,"name":"Guadalupe Victoria","state_code":"PUE","country_code":"MX"}},{"type":"Feature","geometry":{"type":"Point","coordinates":[-98.5375,19.35833]},"properties":{"id":70607,"name":"Guadalupe Zaragoza","state_code":"PUE","country_code":"MX"}},{"type":"Feature","geometry":{"type":"Point","coordinates":[-98.10222,18.25667]},"properties":{"id":70668,"name":"Hermenegildo Galeana","state_code":"PUE","country_code":"MX"}},{"type":"Feature","geometry":{"type":"Point","coordinates":[-98.2309,20.25454]},"properties":{"id":70706,"name":"Honey","state_code":"PUE","country_code":"MX"}},{"type":"Feature","geometry":{"type":"Point","coordinates":[-98.96796,18.28175]},"properties":{"id":70715,"name":"Huachinantla","state_code":"PUE","country_code":"MX"}},{"type":"Feature","geometry":{"type":"Point","coordinates":[-97.63717,19.91627]},"properties":{"id":70717,"name":"Huahuaxtla","state_code":"PUE","country_code":"MX"}},{"type":"Feature","geometry":{"type":"Point","coordinates":[-97.93737,18.5124]},"properties":{"id":70722,"name":"Huajoyuca","state_code":"PUE","country_code":"MX"}},{"type":"Feature","geometry":{"type":"Point","coordinates":[-98.5446,18.77116]},"properties":{"id":70738,"name":"Huaquechula","state_code":"PUE","country_code":"MX"}},{"type":"Feature","geometry":{"type":"Point","coordinates":[-98.03819,18.69189]},"properties":{"id":70742,"name":"Huatlatlauca","state_code":"PUE","country_code":"MX"}},{"type":"Feature","geometry":{"type":"Point","coordinates":[-98.05491,20.17376]},"properties":{"id":70744,"name":"Huauchinango","state_code":"PUE","country_code":"MX"}},{"type":"Feature","geometry":{"type":"Point","coordinates":[-96.84088,18.1315]},"properties":{"id":70747,"name":"Huautla de Jiménez","state_code":"PUE","country_code":"MX"}},{"type":"Feature","geometry":{"type":"Point","coordinates":[-97.07696,19.23401]},"properties":{"id":70748,"name":"Huaxcaleca","state_code":"PUE","country_code":"MX"}},{"type":"Feature","geometry":{"type":"Point","coordinates":[-97.62507,20.10391]},"properties":{"id":70758,"name":"Huehuetla","state_code":"PUE","country_code":"MX"}},{"type":"Feature","geometry":{"type":"Point","coordinates":[-98.69002,18.37347]},"properties":{"id":70759,"name":"Huehuetlan el Chico","state_code":"PUE","country_code":"MX"}},{"type":"Feature","geometry":{"type":"Point","coordinates":[-98.1577,18.74693]},"properties":{"id":70760,"name":"Huehuetlán el Grande","state_code":"PUE","country_code":"MX"}},{"type":"Feature","geometry":{"type":"Point","coordinates":[-97.92149,18.46971]},"properties":{"id":70764,"name":"Huejonapan","state_code":"PUE","country_code":"MX"}},{"type":"Feature","geometry":{"type":"Point","coordinates":[-98.40824,19.15892]},"properties":{"id":70766,"name":"Huejotzingo","state_code":"PUE","country_code":"MX"}},{"type":"Feature","geometry":{"type":"Point","coordinates":[-97.41023,19.91856]},"properties":{"id":70775,"name":"Hueyapan","state_code":"PUE","country_code":"MX"}},{"type":"Feature","geometry":{"type":"Point","coordinates":[-97.86575,18.89148]},"properties":{"id":70780,"name":"Hueyotlipan","state_code":"PUE","country_code":"MX"}},{"type":"Feature","geometry":{"type":"Point","coordinates":[-97.28848,19.94029]},"properties":{"id":70783,"name":"Hueytamalco","state_code":"PUE","country_code":"MX"}},{"type":"Feature","geometry":{"type":"Point","coordinates":[-97.69694,20.02707]},"properties":{"id":70785,"name":"Hueytlalpan","state_code":"PUE","country_code":"MX"}},{"type":"Feature","geometry":{"type":"Point","coordinates":[-98.08185,20.21232]},"properties":{"id":70790,"name":"Huilacapixtla","state_code":"PUE","country_code":"MX"}},{"type":"Feature","geometry":{"type":"Point","coordinates":[-97.74207,20.60669]},"properties":{"id":70807,"name":"Huitzilac","state_code":"PUE","country_code":"MX"}},{"type":"Feature","geometry":{"type":"Point","coordinates":[-97.69441,19.9675]},"properties":{"id":70808,"name":"Huitzilan","state_code":"PUE","country_code":"MX"}},{"type":"Feature","geometry":{"type":"Point","coordinates":[-97.85963,18.76693]},"properties":{"id":70811,"name":"Huitziltepec","state_code":"PUE","country_code":"MX"}},{"type":"Feature","geometry":{"type":"Point","coordinates":[-96.94056,18.45639]},"properties":{"id":70813,"name":"Huitzmaloc","state_code":"PUE","country_code":"MX"}},{"type":"Feature","geometry":{"type":"Point","coordinates":[-97.77166,18.92073]},"properties":{"id":70816,"name":"Huixcolotla","state_code":"PUE","country_code":"MX"}},{"type":"Feature","geometry":{"type":"Point","coordinates":[-98.10069,20.24253]},"properties":{"id":70834,"name":"Icxotitla","state_code":"PUE","country_code":"MX"}},{"type":"Feature","geometry":{"type":"Point","coordinates":[-97.63448,20.01055]},"properties":{"id":70839,"name":"Ignacio Allende (Concepción)","state_code":"PUE","country_code":"MX"}},{"type":"Feature","geometry":{"type":"Point","coordinates":[-98.58306,19.36722]},"properties":{"id":70843,"name":"Ignacio Manuel Altamirano","state_code":"PUE","country_code":"MX"}},{"type":"Feature","geometry":{"type":"Point","coordinates":[-97.19944,19.27889]},"properties":{"id":70856,"name":"Ignacio Zaragoza","state_code":"PUE","country_code":"MX"}},{"type":"Feature","geometry":{"type":"Point","coordinates":[-97.43776,19.41656]},"properties":{"id":70896,"name":"Itzoteno","state_code":"PUE","country_code":"MX"}},{"type":"Feature","geometry":{"type":"Point","coordinates":[-98.7177,18.03036]},"properties":{"id":70898,"name":"Ixcamilpa de Guerrero","state_code":"PUE","country_code":"MX"}},{"type":"Feature","geometry":{"type":"Point","coordinates":[-97.84214,18.47131]},"properties":{"id":70901,"name":"Ixcaquixtla","state_code":"PUE","country_code":"MX"}},{"type":"Feature","geometry":{"type":"Point","coordinates":[-97.81539,19.62352]},"properties":{"id":70921,"name":"Ixtacamaxtitlán","state_code":"PUE","country_code":"MX"}},{"type":"Feature","geometry":{"type":"Point","coordinates":[-97.33556,19.84389]},"properties":{"id":70925,"name":"Ixtahuiata (La Legua)","state_code":"PUE","country_code":"MX"}},{"type":"Feature","geometry":{"type":"Point","coordinates":[-97.64262,20.03936]},"properties":{"id":70935,"name":"Ixtepec","state_code":"PUE","country_code":"MX"}},{"type":"Feature","geometry":{"type":"Point","coordinates":[-97.34454,19.81419]},"properties":{"id":70936,"name":"Ixticpan","state_code":"PUE","country_code":"MX"}},{"type":"Feature","geometry":{"type":"Point","coordinates":[-97.33496,19.82309]},"properties":{"id":70938,"name":"Ixtlahuaca","state_code":"PUE","country_code":"MX"}},{"type":"Feature","geometry":{"type":"Point","coordinates":[-98.01444,19.83889]},"properties":{"id":70939,"name":"Ixtlahuaca Barrio","state_code":"PUE","country_code":"MX"}},{"type":"Feature","geometry":{"type":"Point","coordinates":[-97.81762,19.90553]},"properties":{"id":70947,"name":"Ixtolco de Morelos","state_code":"PUE","country_code":"MX"}},{"type":"Feature","geometry":{"type":"Point","coordinates":[-98.46152,18.60157]},"properties":{"id":70953,"name":"Izúcar de Matamoros","state_code":"PUE","country_code":"MX"}},{"type":"Feature","geometry":{"type":"Point","coordinates":[-97.8561,20.44324]},"properties":{"id":70980,"name":"Jalpan","state_code":"PUE","country_code":"MX"}},{"type":"Feature","geometry":{"type":"Point","coordinates":[-97.81787,20.61968]},"properties":{"id":70991,"name":"Jaltocan","state_code":"PUE","country_code":"MX"}},{"type":"Feature","geometry":{"type":"Point","coordinates":[-97.62306,18.87667]},"properties":{"id":71034,"name":"Jesús Nazareno","state_code":"PUE","country_code":"MX"}},{"type":"Feature","geometry":{"type":"Point","coordinates":[-97.97345,19.96596]},"properties":{"id":71043,"name":"Jicolapa","state_code":"PUE","country_code":"MX"}},{"type":"Feature","geometry":{"type":"Point","coordinates":[-97.9025,20.0325]},"properties":{"id":71047,"name":"Jilotzingo","state_code":"PUE","country_code":"MX"}},{"type":"Feature","geometry":{"type":"Point","coordinates":[-98.84489,18.32495]},"properties":{"id":71070,"name":"Jolalpan","state_code":"PUE","country_code":"MX"}},{"type":"Feature","geometry":{"type":"Point","coordinates":[-97.5753,20.03032]},"properties":{"id":71080,"name":"Jonotla","state_code":"PUE","country_code":"MX"}},{"type":"Feature","geometry":{"type":"Point","coordinates":[-97.69285,20.16353]},"properties":{"id":71082,"name":"Jopala","state_code":"PUE","country_code":"MX"}},{"type":"Feature","geometry":{"type":"Point","coordinates":[-97.46809,19.14147]},"properties":{"id":71099,"name":"José María Morelos","state_code":"PUE","country_code":"MX"}},{"type":"Feature","geometry":{"type":"Point","coordinates":[-98.34091,19.12101]},"properties":{"id":71115,"name":"Juan C. Bonilla","state_code":"PUE","country_code":"MX"}},{"type":"Feature","geometry":{"type":"Point","coordinates":[-97.80884,19.22118]},"properties":{"id":71128,"name":"Juan de la Granja","state_code":"PUE","country_code":"MX"}},{"type":"Feature","geometry":{"type":"Point","coordinates":[-97.99083,20.2198]},"properties":{"id":71119,"name":"Juan Galindo","state_code":"PUE","country_code":"MX"}},{"type":"Feature","geometry":{"type":"Point","coordinates":[-97.74829,18.52411]},"properties":{"id":71125,"name":"Juan N. Méndez","state_code":"PUE","country_code":"MX"}},{"type":"Feature","geometry":{"type":"Point","coordinates":[-98.525,19.36056]},"properties":{"id":71147,"name":"Juárez Coronaco","state_code":"PUE","country_code":"MX"}},{"type":"Feature","geometry":{"type":"Point","coordinates":[-97.734,19.49898]},"properties":{"id":71205,"name":"La Cañada","state_code":"PUE","country_code":"MX"}},{"type":"Feature","geometry":{"type":"Point","coordinates":[-97.7228,18.9708]},"properties":{"id":71223,"name":"La Compañia","state_code":"PUE","country_code":"MX"}},{"type":"Feature","geometry":{"type":"Point","coordinates":[-98.45528,18.66778]},"properties":{"id":71298,"name":"La Galarza","state_code":"PUE","country_code":"MX"}},{"type":"Feature","geometry":{"type":"Point","coordinates":[-97.28246,19.39561]},"properties":{"id":71301,"name":"La Gloria","state_code":"PUE","country_code":"MX"}},{"type":"Feature","geometry":{"type":"Point","coordinates":[-97.73667,18.79944]},"properties":{"id":71346,"name":"La Laguna","state_code":"PUE","country_code":"MX"}},{"type":"Feature","geometry":{"type":"Point","coordinates":[-97.60722,19.75583]},"properties":{"id":71357,"name":"La Libertad","state_code":"PUE","country_code":"MX"}},{"type":"Feature","geometry":{"type":"Point","coordinates":[-98.27534,20.25698]},"properties":{"id":71380,"name":"La Magdalena","state_code":"PUE","country_code":"MX"}},{"type":"Feature","geometry":{"type":"Point","coordinates":[-97.94131,19.04922]},"properties":{"id":71384,"name":"La Magdalena Tetela Morelos","state_code":"PUE","country_code":"MX"}},{"type":"Feature","geometry":{"type":"Point","coordinates":[-98.58944,18.91083]},"properties":{"id":71386,"name":"La Magdalena Yancuitlalpan","state_code":"PUE","country_code":"MX"}},{"type":"Feature","geometry":{"type":"Point","coordinates":[-97.85358,20.61181]},"properties":{"id":71416,"name":"La Pahua","state_code":"PUE","country_code":"MX"}},{"type":"Feature","geometry":{"type":"Point","coordinates":[-97.57301,18.82974]},"properties":{"id":71469,"name":"La Purísima","state_code":"PUE","country_code":"MX"}},{"type":"Feature","geometry":{"type":"Point","coordinates":[-98.13013,19.10279]},"properties":{"id":71476,"name":"La Resurrección","state_code":"PUE","country_code":"MX"}},{"type":"Feature","geometry":{"type":"Point","coordinates":[-97.76417,18.81]},"properties":{"id":71493,"name":"La Soledad","state_code":"PUE","country_code":"MX"}},{"type":"Feature","geometry":{"type":"Point","coordinates":[-98.26389,19.09]},"properties":{"id":71512,"name":"La Trinidad Chautenco","state_code":"PUE","country_code":"MX"}},{"type":"Feature","geometry":{"type":"Point","coordinates":[-98.0325,18.89417]},"properties":{"id":71515,"name":"La Trinidad Tianguismanalco","state_code":"PUE","country_code":"MX"}},{"type":"Feature","geometry":{"type":"Point","coordinates":[-97.87135,20.26181]},"properties":{"id":71520,"name":"La Unión","state_code":"PUE","country_code":"MX"}},{"type":"Feature","geometry":{"type":"Point","coordinates":[-97.71056,19.60806]},"properties":{"id":71524,"name":"La Unión Ejido Mexcaltepec","state_code":"PUE","country_code":"MX"}},{"type":"Feature","geometry":{"type":"Point","coordinates":[-97.65343,20.12862]},"properties":{"id":71541,"name":"Lacapan Camallagne","state_code":"PUE","country_code":"MX"}},{"type":"Feature","geometry":{"type":"Point","coordinates":[-97.29748,19.30684]},"properties":{"id":71545,"name":"Lafragua","state_code":"PUE","country_code":"MX"}},{"type":"Feature","geometry":{"type":"Point","coordinates":[-97.97667,20.19611]},"properties":{"id":71589,"name":"Las Colonias de Hidalgo","state_code":"PUE","country_code":"MX"}},{"type":"Feature","geometry":{"type":"Point","coordinates":[-98.07332,19.99831]},"properties":{"id":71607,"name":"Las Lajas","state_code":"PUE","country_code":"MX"}},{"type":"Feature","geometry":{"type":"Point","coordinates":[-97.61227,19.8239]},"properties":{"id":71611,"name":"Las Lomas","state_code":"PUE","country_code":"MX"}},{"type":"Feature","geometry":{"type":"Point","coordinates":[-98.04611,18.18361]},"properties":{"id":71626,"name":"Las Nieves","state_code":"PUE","country_code":"MX"}},{"type":"Feature","geometry":{"type":"Point","coordinates":[-97.40056,19.14306]},"properties":{"id":71894,"name":"Lázaro Cárdenas","state_code":"PUE","country_code":"MX"}},{"type":"Feature","geometry":{"type":"Point","coordinates":[-97.64306,20.09861]},"properties":{"id":71658,"name":"Leacaman","state_code":"PUE","country_code":"MX"}},{"type":"Feature","geometry":{"type":"Point","coordinates":[-97.76728,19.13452]},"properties":{"id":71672,"name":"Libertad Álvaro Obregón","state_code":"PUE","country_code":"MX"}},{"type":"Feature","geometry":{"type":"Point","coordinates":[-97.68737,19.46574]},"properties":{"id":71674,"name":"Libres","state_code":"PUE","country_code":"MX"}},{"type":"Feature","geometry":{"type":"Point","coordinates":[-97.63026,20.09119]},"properties":{"id":71682,"name":"Lipuntahuaca","state_code":"PUE","country_code":"MX"}},{"type":"Feature","geometry":{"type":"Point","coordinates":[-98.02712,19.79716]},"properties":{"id":71709,"name":"Loma Alta","state_code":"PUE","country_code":"MX"}},{"type":"Feature","geometry":{"type":"Point","coordinates":[-96.86778,18.51333]},"properties":{"id":71717,"name":"Loma Bonita","state_code":"PUE","country_code":"MX"}},{"type":"Feature","geometry":{"type":"Point","coordinates":[-97.71722,18.91444]},"properties":{"id":71747,"name":"Lomas de Romero","state_code":"PUE","country_code":"MX"}},{"type":"Feature","geometry":{"type":"Point","coordinates":[-97.73,18.92444]},"properties":{"id":71754,"name":"Lomas de Santa Cruz","state_code":"PUE","country_code":"MX"}},{"type":"Feature","geometry":{"type":"Point","coordinates":[-98.16712,18.88995]},"properties":{"id":71872,"name":"Los Ángeles Tetela","state_code":"PUE","country_code":"MX"}},{"type":"Feature","geometry":{"type":"Point","coordinates":[-97.59424,19.87237]},"properties":{"id":71794,"name":"Los Cristales (Talican)","state_code":"PUE","country_code":"MX"}},{"type":"Feature","geometry":{"type":"Point","coordinates":[-98.39833,19.17917]},"properties":{"id":71800,"name":"Los Encinos","state_code":"PUE","country_code":"MX"}},{"type":"Feature","geometry":{"type":"Point","coordinates":[-97.39417,18.80333]},"properties":{"id":71803,"name":"Los Garcías","state_code":"PUE","country_code":"MX"}},{"type":"Feature","geometry":{"type":"Point","coordinates":[-97.82541,18.96457]},"properties":{"id":71851,"name":"Los Reyes de Juárez","state_code":"PUE","country_code":"MX"}},{"type":"Feature","geometry":{"type":"Point","coordinates":[-98.3525,19.0325]},"properties":{"id":71850,"name":"Los Reyes Tlanechicolpan","state_code":"PUE","country_code":"MX"}},{"type":"Feature","geometry":{"type":"Point","coordinates":[-97.48472,18.54972]},"properties":{"id":71924,"name":"Magdalena Cuayucatepec","state_code":"PUE","country_code":"MX"}},{"type":"Feature","geometry":{"type":"Point","coordinates":[-97.11064,20.17316]},"properties":{"id":71953,"name":"Manantiales","state_code":"PUE","country_code":"MX"}},{"type":"Feature","geometry":{"type":"Point","coordinates":[-97.39194,19.06778]},"properties":{"id":71960,"name":"Manuel Edgardo Ávalos (San Isidro)","state_code":"PUE","country_code":"MX"}},{"type":"Feature","geometry":{"type":"Point","coordinates":[-98.05375,19.76196]},"properties":{"id":72021,"name":"Matlahuacales Aquiles Serdán","state_code":"PUE","country_code":"MX"}},{"type":"Feature","geometry":{"type":"Point","coordinates":[-98.4882,18.55953]},"properties":{"id":72022,"name":"Matzaco","state_code":"PUE","country_code":"MX"}},{"type":"Feature","geometry":{"type":"Point","coordinates":[-97.82825,19.26298]},"properties":{"id":72259,"name":"Máximo Serdán","state_code":"PUE","country_code":"MX"}},{"type":"Feature","geometry":{"type":"Point","coordinates":[-97.7028,19.11912]},"properties":{"id":72040,"name":"Mazapiltepec","state_code":"PUE","country_code":"MX"}},{"type":"Feature","geometry":{"type":"Point","coordinates":[-97.41891,20.01695]},"properties":{"id":72042,"name":"Mazatepec","state_code":"PUE","country_code":"MX"}},{"type":"Feature","geometry":{"type":"Point","coordinates":[-97.85643,20.52684]},"properties":{"id":72053,"name":"Mecapalapa","state_code":"PUE","country_code":"MX"}},{"type":"Feature","geometry":{"type":"Point","coordinates":[-97.85194,20.73556]},"properties":{"id":72093,"name":"Metlaltoyuca","state_code":"PUE","country_code":"MX"}},{"type":"Feature","geometry":{"type":"Point","coordinates":[-97.39154,19.86657]},"properties":{"id":72098,"name":"Mexcalcuautla","state_code":"PUE","country_code":"MX"}},{"type":"Feature","geometry":{"type":"Point","coordinates":[-97.43953,18.54983]},"properties":{"id":72115,"name":"Miahuatlán","state_code":"PUE","country_code":"MX"}},{"type":"Feature","geometry":{"type":"Point","coordinates":[-98.05127,19.85241]},"properties":{"id":72118,"name":"Michac","state_code":"PUE","country_code":"MX"}},{"type":"Feature","geometry":{"type":"Point","coordinates":[-97.28209,19.75764]},"properties":{"id":72129,"name":"Miguel Hidalgo","state_code":"PUE","country_code":"MX"}},{"type":"Feature","geometry":{"type":"Point","coordinates":[-97.82917,18.95222]},"properties":{"id":72134,"name":"Miguel Negrete","state_code":"PUE","country_code":"MX"}},{"type":"Feature","geometry":{"type":"Point","coordinates":[-97.53854,19.3413]},"properties":{"id":72156,"name":"Miravalles","state_code":"PUE","country_code":"MX"}},{"type":"Feature","geometry":{"type":"Point","coordinates":[-97.89786,18.91153]},"properties":{"id":72168,"name":"Mixtla","state_code":"PUE","country_code":"MX"}},{"type":"Feature","geometry":{"type":"Point","coordinates":[-97.5775,19.75472]},"properties":{"id":72232,"name":"Morelos","state_code":"PUE","country_code":"MX"}},{"type":"Feature","geometry":{"type":"Point","coordinates":[-97.42068,18.73549]},"properties":{"id":72234,"name":"Morelos Cañada","state_code":"PUE","country_code":"MX"}},{"type":"Feature","geometry":{"type":"Point","coordinates":[-98.40486,19.24811]},"properties":{"id":72249,"name":"Moyotzingo","state_code":"PUE","country_code":"MX"}},{"type":"Feature","geometry":{"type":"Point","coordinates":[-97.67584,20.00366]},"properties":{"id":72274,"name":"Nanacatlán","state_code":"PUE","country_code":"MX"}},{"type":"Feature","geometry":{"type":"Point","coordinates":[-98.10881,20.23131]},"properties":{"id":72291,"name":"Naupan","state_code":"PUE","country_code":"MX"}},{"type":"Feature","geometry":{"type":"Point","coordinates":[-97.60314,19.95952]},"properties":{"id":72293,"name":"Nauzontla","state_code":"PUE","country_code":"MX"}},{"type":"Feature","geometry":{"type":"Point","coordinates":[-98.4272,19.0499]},"properties":{"id":72302,"name":"Nealtican","state_code":"PUE","country_code":"MX"}},{"type":"Feature","geometry":{"type":"Point","coordinates":[-98.01188,20.21271]},"properties":{"id":72303,"name":"Necaxa","state_code":"PUE","country_code":"MX"}},{"type":"Feature","geometry":{"type":"Point","coordinates":[-97.29827,18.46092]},"properties":{"id":72304,"name":"Necoxcalco","state_code":"PUE","country_code":"MX"}},{"type":"Feature","geometry":{"type":"Point","coordinates":[-97.35999,18.39811]},"properties":{"id":72305,"name":"Necoxtla","state_code":"PUE","country_code":"MX"}},{"type":"Feature","geometry":{"type":"Point","coordinates":[-97.04222,19.14389]},"properties":{"id":72310,"name":"Nenehuaca","state_code":"PUE","country_code":"MX"}},{"type":"Feature","geometry":{"type":"Point","coordinates":[-97.42333,19.88389]},"properties":{"id":72315,"name":"Nexpan","state_code":"PUE","country_code":"MX"}},{"type":"Feature","geometry":{"type":"Point","coordinates":[-97.55417,19.82722]},"properties":{"id":72316,"name":"Nexticapan","state_code":"PUE","country_code":"MX"}},{"type":"Feature","geometry":{"type":"Point","coordinates":[-97.3323,18.61983]},"properties":{"id":72325,"name":"Nicolás Bravo","state_code":"PUE","country_code":"MX"}},{"type":"Feature","geometry":{"type":"Point","coordinates":[-97.82391,19.20114]},"properties":{"id":72349,"name":"Nopalucan","state_code":"PUE","country_code":"MX"}},{"type":"Feature","geometry":{"type":"Point","coordinates":[-97.61757,19.45492]},"properties":{"id":72397,"name":"Nuevo México","state_code":"PUE","country_code":"MX"}},{"type":"Feature","geometry":{"type":"Point","coordinates":[-98.00657,20.21049]},"properties":{"id":72400,"name":"Nuevo Necaxa","state_code":"PUE","country_code":"MX"}},{"type":"Feature","geometry":{"type":"Point","coordinates":[-97.65078,19.55519]},"properties":{"id":72453,"name":"Ocotepec","state_code":"PUE","country_code":"MX"}},{"type":"Feature","geometry":{"type":"Point","coordinates":[-97.09667,18.32389]},"properties":{"id":72457,"name":"Ocotlamanic","state_code":"PUE","country_code":"MX"}},{"type":"Feature","geometry":{"type":"Point","coordinates":[-97.53664,19.79752]},"properties":{"id":72459,"name":"Ocotlán de Betancourt","state_code":"PUE","country_code":"MX"}},{"type":"Feature","geometry":{"type":"Point","coordinates":[-97.66917,18.79111]},"properties":{"id":72461,"name":"Ocotlán de Venustiano Carranza","state_code":"PUE","country_code":"MX"}},{"type":"Feature","geometry":{"type":"Point","coordinates":[-97.68427,20.10196]},"properties":{"id":72502,"name":"Olintla","state_code":"PUE","country_code":"MX"}},{"type":"Feature","geometry":{"type":"Point","coordinates":[-97.8535,18.85439]},"properties":{"id":72505,"name":"Ometepec","state_code":"PUE","country_code":"MX"}},{"type":"Feature","geometry":{"type":"Point","coordinates":[-97.62051,19.37614]},"properties":{"id":72519,"name":"Oriental","state_code":"PUE","country_code":"MX"}},{"type":"Feature","geometry":{"type":"Point","coordinates":[-97.53376,19.69736]},"properties":{"id":72556,"name":"Oyameles de Hidalgo","state_code":"PUE","country_code":"MX"}},{"type":"Feature","geometry":{"type":"Point","coordinates":[-97.6144,20.04657]},"properties":{"id":72557,"name":"Ozelonacaxtla","state_code":"PUE","country_code":"MX"}},{"type":"Feature","geometry":{"type":"Point","coordinates":[-98.14997,20.278]},"properties":{"id":72576,"name":"Pahuatlán de Valle","state_code":"PUE","country_code":"MX"}},{"type":"Feature","geometry":{"type":"Point","coordinates":[-97.54704,18.83573]},"properties":{"id":72591,"name":"Palmar de Bravo","state_code":"PUE","country_code":"MX"}},{"type":"Feature","geometry":{"type":"Point","coordinates":[-97.63833,18.90135]},"properties":{"id":72593,"name":"Palmarito Tochapan","state_code":"PUE","country_code":"MX"}},{"type":"Feature","geometry":{"type":"Point","coordinates":[-97.87453,20.55146]},"properties":{"id":72627,"name":"Pantepec","state_code":"PUE","country_code":"MX"}},{"type":"Feature","geometry":{"type":"Point","coordinates":[-97.95535,20.42429]},"properties":{"id":72632,"name":"Papaloctipan","state_code":"PUE","country_code":"MX"}},{"type":"Feature","geometry":{"type":"Point","coordinates":[-97.99167,20.1775]},"properties":{"id":72638,"name":"Papatlazolco","state_code":"PUE","country_code":"MX"}},{"type":"Feature","geometry":{"type":"Point","coordinates":[-97.25153,18.91993]},"properties":{"id":72679,"name":"Paso Carretas","state_code":"PUE","country_code":"MX"}},{"type":"Feature","geometry":{"type":"Point","coordinates":[-97.35769,19.14385]},"properties":{"id":72682,"name":"Paso Nacional","state_code":"PUE","country_code":"MX"}},{"type":"Feature","geometry":{"type":"Point","coordinates":[-97.85295,20.24821]},"properties":{"id":72707,"name":"Patla","state_code":"PUE","country_code":"MX"}},{"type":"Feature","geometry":{"type":"Point","coordinates":[-97.63098,18.6067]},"properties":{"id":72735,"name":"Pericotepec","state_code":"PUE","country_code":"MX"}},{"type":"Feature","geometry":{"type":"Point","coordinates":[-97.9175,18.08463]},"properties":{"id":72745,"name":"Petlalcingo","state_code":"PUE","country_code":"MX"}},{"type":"Feature","geometry":{"type":"Point","coordinates":[-97.48529,19.84664]},"properties":{"id":72747,"name":"Pezmatlán","state_code":"PUE","country_code":"MX"}},{"type":"Feature","geometry":{"type":"Point","coordinates":[-98.21988,18.08403]},"properties":{"id":72756,"name":"Piaxtla","state_code":"PUE","country_code":"MX"}},{"type":"Feature","geometry":{"type":"Point","coordinates":[-97.85408,20.00295]},"properties":{"id":72834,"name":"Pochálcatl","state_code":"PUE","country_code":"MX"}},{"type":"Feature","geometry":{"type":"Point","coordinates":[-98.09778,19.08167]},"properties":{"id":72903,"name":"Primero de Mayo","state_code":"PUE","country_code":"MX"}},{"type":"Feature","geometry":{"type":"Point","coordinates":[-97.67722,19.48833]},"properties":{"id":72912,"name":"Progreso","state_code":"PUE","country_code":"MX"}},{"type":"Feature","geometry":{"type":"Point","coordinates":[-97.75556,18.96167]},"properties":{"id":72919,"name":"Progreso de Juárez","state_code":"PUE","country_code":"MX"}},{"type":"Feature","geometry":{"type":"Point","coordinates":[-98.20346,19.03793]},"properties":{"id":72925,"name":"Puebla","state_code":"PUE","country_code":"MX"}},{"type":"Feature","geometry":{"type":"Point","coordinates":[-97.61557,20.15593]},"properties":{"id":73003,"name":"Putlunichuchut (Vista Hermosa)","state_code":"PUE","country_code":"MX"}},{"type":"Feature","geometry":{"type":"Point","coordinates":[-97.91855,20.16632]},"properties":{"id":73015,"name":"Quamila","state_code":"PUE","country_code":"MX"}},{"type":"Feature","geometry":{"type":"Point","coordinates":[-97.65858,18.95471]},"properties":{"id":73017,"name":"Quecholac","state_code":"PUE","country_code":"MX"}},{"type":"Feature","geometry":{"type":"Point","coordinates":[-97.34783,19.37273]},"properties":{"id":73018,"name":"Quechulac","state_code":"PUE","country_code":"MX"}},{"type":"Feature","geometry":{"type":"Point","coordinates":[-97.18315,19.25413]},"properties":{"id":73044,"name":"Rafael J. García","state_code":"PUE","country_code":"MX"}},{"type":"Feature","geometry":{"type":"Point","coordinates":[-97.665,18.74667]},"properties":{"id":73059,"name":"Rancho Chico","state_code":"PUE","country_code":"MX"}},{"type":"Feature","geometry":{"type":"Point","coordinates":[-97.22472,18.58139]},"properties":{"id":73066,"name":"Rancho Nuevo","state_code":"PUE","country_code":"MX"}},{"type":"Feature","geometry":{"type":"Point","coordinates":[-97.61961,20.19224]},"properties":{"id":73107,"name":"Ricardo Flores Magón","state_code":"PUE","country_code":"MX"}},{"type":"Feature","geometry":{"type":"Point","coordinates":[-97.16056,19.19444]},"properties":{"id":73136,"name":"Rincón de los Reyes","state_code":"PUE","country_code":"MX"}},{"type":"Feature","geometry":{"type":"Point","coordinates":[-97.29661,19.29644]},"properties":{"id":73223,"name":"Saltillo","state_code":"PUE","country_code":"MX"}},{"type":"Feature","geometry":{"type":"Point","coordinates":[-97.36686,19.87527]},"properties":{"id":73236,"name":"San Acateno","state_code":"PUE","country_code":"MX"}},{"type":"Feature","geometry":{"type":"Point","coordinates":[-98.51384,19.20174]},"properties":{"id":73242,"name":"San Agustín Atzompa","state_code":"PUE","country_code":"MX"}},{"type":"Feature","geometry":{"type":"Point","coordinates":[-98.39694,18.91778]},"properties":{"id":73249,"name":"San Agustín Huixaxtla","state_code":"PUE","country_code":"MX"}},{"type":"Feature","geometry":{"type":"Point","coordinates":[-97.99158,19.0563]},"properties":{"id":73254,"name":"San Agustín Tlaxco","state_code":"PUE","country_code":"MX"}},{"type":"Feature","geometry":{"type":"Point","coordinates":[-97.33889,19.79]},"properties":{"id":73267,"name":"San Andrés","state_code":"PUE","country_code":"MX"}},{"type":"Feature","geometry":{"type":"Point","coordinates":[-98.25278,18.90417]},"properties":{"id":73270,"name":"San Andrés Azumiatla","state_code":"PUE","country_code":"MX"}},{"type":"Feature","geometry":{"type":"Point","coordinates":[-97.58711,18.58364]},"properties":{"id":73271,"name":"San Andrés Cacaloapan","state_code":"PUE","country_code":"MX"}},{"type":"Feature","geometry":{"type":"Point","coordinates":[-98.46188,19.10356]},"properties":{"id":73272,"name":"San Andrés Calpan","state_code":"PUE","country_code":"MX"}},{"type":"Feature","geometry":{"type":"Point","coordinates":[-98.29526,19.05144]},"properties":{"id":73274,"name":"San Andrés Cholula","state_code":"PUE","country_code":"MX"}},{"type":"Feature","geometry":{"type":"Point","coordinates":[-98.53628,19.256]},"properties":{"id":73283,"name":"San Andrés Hueyacatitla","state_code":"PUE","country_code":"MX"}},{"type":"Feature","geometry":{"type":"Point","coordinates":[-97.61782,19.52563]},"properties":{"id":73291,"name":"San Andrés Payuca","state_code":"PUE","country_code":"MX"}},{"type":"Feature","geometry":{"type":"Point","coordinates":[-97.72694,19.67333]},"properties":{"id":73301,"name":"San Andrés Yahuitlalpan","state_code":"PUE","country_code":"MX"}},{"type":"Feature","geometry":{"type":"Point","coordinates":[-97.35694,19.75611]},"properties":{"id":73318,"name":"San Antonio","state_code":"PUE","country_code":"MX"}},{"type":"Feature","geometry":{"type":"Point","coordinates":[-98.71083,18.87722]},"properties":{"id":73320,"name":"San Antonio Alpanocan","state_code":"PUE","country_code":"MX"}},{"type":"Feature","geometry":{"type":"Point","coordinates":[-98.46584,19.37466]},"properties":{"id":73322,"name":"San Antonio Atotonilco","state_code":"PUE","country_code":"MX"}},{"type":"Feature","geometry":{"type":"Point","coordinates":[-97.29412,18.51604]},"properties":{"id":73328,"name":"San Antonio Cañada","state_code":"PUE","country_code":"MX"}},{"type":"Feature","geometry":{"type":"Point","coordinates":[-97.98964,18.79379]},"properties":{"id":73337,"name":"San Antonio Juárez","state_code":"PUE","country_code":"MX"}},{"type":"Feature","geometry":{"type":"Point","coordinates":[-97.76278,18.79611]},"properties":{"id":73390,"name":"San Antonio la Portilla","state_code":"PUE","country_code":"MX"}},{"type":"Feature","geometry":{"type":"Point","coordinates":[-98.08194,19.75528]},"properties":{"id":73338,"name":"San Antonio Matlahuacales","state_code":"PUE","country_code":"MX"}},{"type":"Feature","geometry":{"type":"Point","coordinates":[-98.30472,19.15333]},"properties":{"id":73339,"name":"San Antonio Mihuacán","state_code":"PUE","country_code":"MX"}},{"type":"Feature","geometry":{"type":"Point","coordinates":[-97.94621,20.24703]},"properties":{"id":73342,"name":"San Antonio Ocopetlatlán","state_code":"PUE","country_code":"MX"}},{"type":"Feature","geometry":{"type":"Point","coordinates":[-97.71361,18.99889]},"properties":{"id":73344,"name":"San Antonio Portezuelo","state_code":"PUE","country_code":"MX"}},{"type":"Feature","geometry":{"type":"Point","coordinates":[-97.40738,18.78414]},"properties":{"id":73348,"name":"San Antonio Soledad","state_code":"PUE","country_code":"MX"}},{"type":"Feature","geometry":{"type":"Point","coordinates":[-97.77806,18.85222]},"properties":{"id":73351,"name":"San Antonio Tecolco","state_code":"PUE","country_code":"MX"}},{"type":"Feature","geometry":{"type":"Point","coordinates":[-97.93024,19.06271]},"properties":{"id":73356,"name":"San Antonio Tlacamilco","state_code":"PUE","country_code":"MX"}},{"type":"Feature","geometry":{"type":"Point","coordinates":[-98.49996,19.17339]},"properties":{"id":73358,"name":"San Antonio Tlatenco","state_code":"PUE","country_code":"MX"}},{"type":"Feature","geometry":{"type":"Point","coordinates":[-97.63697,19.40989]},"properties":{"id":73360,"name":"San Antonio Virreyes","state_code":"PUE","country_code":"MX"}},{"type":"Feature","geometry":{"type":"Point","coordinates":[-98.48111,18.98694]},"properties":{"id":73393,"name":"San Baltazar Atlimeyaya","state_code":"PUE","country_code":"MX"}},{"type":"Feature","geometry":{"type":"Point","coordinates":[-97.61912,18.91765]},"properties":{"id":73417,"name":"San Bartolomé","state_code":"PUE","country_code":"MX"}},{"type":"Feature","geometry":{"type":"Point","coordinates":[-97.93056,19.02528]},"properties":{"id":73424,"name":"San Bartolomé Hueyapan","state_code":"PUE","country_code":"MX"}},{"type":"Feature","geometry":{"type":"Point","coordinates":[-98.33083,18.99722]},"properties":{"id":73432,"name":"San Bernabé Temoxtitla","state_code":"PUE","country_code":"MX"}},{"type":"Feature","geometry":{"type":"Point","coordinates":[-97.26566,18.60374]},"properties":{"id":73435,"name":"San Bernardino Lagunas","state_code":"PUE","country_code":"MX"}},{"type":"Feature","geometry":{"type":"Point","coordinates":[-98.27698,19.02867]},"properties":{"id":73436,"name":"San Bernardino Tlaxcalancingo","state_code":"PUE","country_code":"MX"}},{"type":"Feature","geometry":{"type":"Point","coordinates":[-97.92616,18.90204]},"properties":{"id":73449,"name":"San Buenaventura","state_code":"PUE","country_code":"MX"}},{"type":"Feature","geometry":{"type":"Point","coordinates":[-98.46056,19.24778]},"properties":{"id":73454,"name":"San Buenaventura Tecaltzingo","state_code":"PUE","country_code":"MX"}},{"type":"Feature","geometry":{"type":"Point","coordinates":[-97.69035,19.43882]},"properties":{"id":73457,"name":"San Carlos","state_code":"PUE","country_code":"MX"}},{"type":"Feature","geometry":{"type":"Point","coordinates":[-97.81028,19.02194]},"properties":{"id":73478,"name":"San Cristóbal Hidalgo","state_code":"PUE","country_code":"MX"}},{"type":"Feature","geometry":{"type":"Point","coordinates":[-97.83194,18.99528]},"properties":{"id":73484,"name":"San Cristóbal los Nava","state_code":"PUE","country_code":"MX"}},{"type":"Feature","geometry":{"type":"Point","coordinates":[-97.9075,20.06639]},"properties":{"id":73482,"name":"San Cristóbal Xochimilpa","state_code":"PUE","country_code":"MX"}},{"type":"Feature","geometry":{"type":"Point","coordinates":[-97.36111,19.85667]},"properties":{"id":73490,"name":"San Diego","state_code":"PUE","country_code":"MX"}},{"type":"Feature","geometry":{"type":"Point","coordinates":[-98.51667,18.73083]},"properties":{"id":73498,"name":"San Diego el Organal","state_code":"PUE","country_code":"MX"}},{"type":"Feature","geometry":{"type":"Point","coordinates":[-98.31631,18.79205]},"properties":{"id":73500,"name":"San Diego la Mesa Tochimiltzingo","state_code":"PUE","country_code":"MX"}},{"type":"Feature","geometry":{"type":"Point","coordinates":[-98.55898,19.46792]},"properties":{"id":73516,"name":"San Felipe Hidalgo","state_code":"PUE","country_code":"MX"}},{"type":"Feature","geometry":{"type":"Point","coordinates":[-97.90786,18.40152]},"properties":{"id":73519,"name":"San Felipe Otlaltepec","state_code":"PUE","country_code":"MX"}},{"type":"Feature","geometry":{"type":"Point","coordinates":[-98.39908,18.89888]},"properties":{"id":73622,"name":"San Félix Hidalgo","state_code":"PUE","country_code":"MX"}},{"type":"Feature","geometry":{"type":"Point","coordinates":[-98.55028,18.62028]},"properties":{"id":73623,"name":"San Félix Rijo","state_code":"PUE","country_code":"MX"}},{"type":"Feature","geometry":{"type":"Point","coordinates":[-97.32806,19.77722]},"properties":{"id":73544,"name":"San Francisco","state_code":"PUE","country_code":"MX"}},{"type":"Feature","geometry":{"type":"Point","coordinates":[-98.36562,19.06835]},"properties":{"id":73559,"name":"San Francisco Cuapa","state_code":"PUE","country_code":"MX"}},{"type":"Feature","geometry":{"type":"Point","coordinates":[-97.41491,18.9969]},"properties":{"id":73560,"name":"San Francisco Cuautlancingo","state_code":"PUE","country_code":"MX"}},{"type":"Feature","geometry":{"type":"Point","coordinates":[-97.43028,19.06889]},"properties":{"id":73566,"name":"San Francisco Independencia (Santa María Aserradero)","state_code":"PUE","country_code":"MX"}},{"type":"Feature","geometry":{"type":"Point","coordinates":[-98.28345,19.13411]},"properties":{"id":73582,"name":"San Francisco Ocotlán","state_code":"PUE","country_code":"MX"}},{"type":"Feature","geometry":{"type":"Point","coordinates":[-98.43833,19.24861]},"properties":{"id":73598,"name":"San Francisco Tepeyecac","state_code":"PUE","country_code":"MX"}},{"type":"Feature","geometry":{"type":"Point","coordinates":[-98.47722,19.36972]},"properties":{"id":73603,"name":"San Francisco Tláloc","state_code":"PUE","country_code":"MX"}},{"type":"Feature","geometry":{"type":"Point","coordinates":[-97.59611,19.88028]},"properties":{"id":73607,"name":"San Francisco Zacapexpan","state_code":"PUE","country_code":"MX"}},{"type":"Feature","geometry":{"type":"Point","coordinates":[-97.34697,18.32596]},"properties":{"id":73627,"name":"San Gabriel Chilac","state_code":"PUE","country_code":"MX"}},{"type":"Feature","geometry":{"type":"Point","coordinates":[-97.70324,18.75727]},"properties":{"id":73630,"name":"San Gabriel Tetzoyocán","state_code":"PUE","country_code":"MX"}},{"type":"Feature","geometry":{"type":"Point","coordinates":[-98.34822,19.02349]},"properties":{"id":73642,"name":"San Gregorio Atzompa","state_code":"PUE","country_code":"MX"}},{"type":"Feature","geometry":{"type":"Point","coordinates":[-98.49194,19.26444]},"properties":{"id":73643,"name":"San Gregorio Aztotoacan","state_code":"PUE","country_code":"MX"}},{"type":"Feature","geometry":{"type":"Point","coordinates":[-97.87322,18.94069]},"properties":{"id":73645,"name":"San Hipólito","state_code":"PUE","country_code":"MX"}},{"type":"Feature","geometry":{"type":"Point","coordinates":[-97.38361,19.79639]},"properties":{"id":73670,"name":"San Isidro","state_code":"PUE","country_code":"MX"}},{"type":"Feature","geometry":{"type":"Point","coordinates":[-98.38306,18.88083]},"properties":{"id":73679,"name":"San Isidro Huilotepec","state_code":"PUE","country_code":"MX"}},{"type":"Feature","geometry":{"type":"Point","coordinates":[-97.57528,18.85667]},"properties":{"id":73682,"name":"San Isidro Monterrosas","state_code":"PUE","country_code":"MX"}},{"type":"Feature","geometry":{"type":"Point","coordinates":[-97.40028,18.50556]},"properties":{"id":73684,"name":"San Isidro Vista Hermosa","state_code":"PUE","country_code":"MX"}},{"type":"Feature","geometry":{"type":"Point","coordinates":[-98.01056,18.94111]},"properties":{"id":73702,"name":"San Jerónimo Almoloya","state_code":"PUE","country_code":"MX"}},{"type":"Feature","geometry":{"type":"Point","coordinates":[-97.26278,18.27833]},"properties":{"id":73704,"name":"San Jerónimo Axochitlán","state_code":"PUE","country_code":"MX"}},{"type":"Feature","geometry":{"type":"Point","coordinates":[-97.86639,20.00389]},"properties":{"id":73707,"name":"San Jerónimo Coaltepec","state_code":"PUE","country_code":"MX"}},{"type":"Feature","geometry":{"type":"Point","coordinates":[-98.51706,18.89438]},"properties":{"id":73709,"name":"San Jerónimo Coyula","state_code":"PUE","country_code":"MX"}},{"type":"Feature","geometry":{"type":"Point","coordinates":[-97.96359,19.03127]},"properties":{"id":73712,"name":"San Jerónimo Ocotitla","state_code":"PUE","country_code":"MX"}},{"type":"Feature","geometry":{"type":"Point","coordinates":[-97.91288,18.22034]},"properties":{"id":73721,"name":"San Jerónimo Xayacatlán","state_code":"PUE","country_code":"MX"}},{"type":"Feature","geometry":{"type":"Point","coordinates":[-97.33389,19.80306]},"properties":{"id":73739,"name":"San José","state_code":"PUE","country_code":"MX"}},{"type":"Feature","geometry":{"type":"Point","coordinates":[-97.20997,20.13067]},"properties":{"id":73740,"name":"San José Acateno","state_code":"PUE","country_code":"MX"}},{"type":"Feature","geometry":{"type":"Point","coordinates":[-97.38992,19.43433]},"properties":{"id":73741,"name":"San José Alchichica","state_code":"PUE","country_code":"MX"}},{"type":"Feature","geometry":{"type":"Point","coordinates":[-97.26833,18.40528]},"properties":{"id":73749,"name":"San José Buena Vista","state_code":"PUE","country_code":"MX"}},{"type":"Feature","geometry":{"type":"Point","coordinates":[-97.57911,18.65951]},"properties":{"id":73750,"name":"San José Buenavista","state_code":"PUE","country_code":"MX"}},{"type":"Feature","geometry":{"type":"Point","coordinates":[-97.91167,18.99472]},"properties":{"id":73753,"name":"San José Carpinteros","state_code":"PUE","country_code":"MX"}},{"type":"Feature","geometry":{"type":"Point","coordinates":[-97.76642,19.24105]},"properties":{"id":73757,"name":"San José Chiapa","state_code":"PUE","country_code":"MX"}},{"type":"Feature","geometry":{"type":"Point","coordinates":[-97.31398,18.85466]},"properties":{"id":73763,"name":"San José Cuyachapa","state_code":"PUE","country_code":"MX"}},{"type":"Feature","geometry":{"type":"Point","coordinates":[-97.84729,18.64342]},"properties":{"id":73815,"name":"San José de Gracia","state_code":"PUE","country_code":"MX"}},{"type":"Feature","geometry":{"type":"Point","coordinates":[-97.4594,18.71599]},"properties":{"id":73770,"name":"San José Ixtapa","state_code":"PUE","country_code":"MX"}},{"type":"Feature","geometry":{"type":"Point","coordinates":[-97.21472,19.26111]},"properties":{"id":73773,"name":"San José Manzanitos","state_code":"PUE","country_code":"MX"}},{"type":"Feature","geometry":{"type":"Point","coordinates":[-97.43806,18.49611]},"properties":{"id":73775,"name":"San José Monte Chiquito","state_code":"PUE","country_code":"MX"}},{"type":"Feature","geometry":{"type":"Point","coordinates":[-97.72833,19.23306]},"properties":{"id":73778,"name":"San José Ozumba","state_code":"PUE","country_code":"MX"}},{"type":"Feature","geometry":{"type":"Point","coordinates":[-97.10137,18.16361]},"properties":{"id":73793,"name":"San José Tilapa","state_code":"PUE","country_code":"MX"}},{"type":"Feature","geometry":{"type":"Point","coordinates":[-97.62538,18.70763]},"properties":{"id":73795,"name":"San José Tlacuitlapan","state_code":"PUE","country_code":"MX"}},{"type":"Feature","geometry":{"type":"Point","coordinates":[-98.65909,18.83469]},"properties":{"id":73864,"name":"San Juan Amecac","state_code":"PUE","country_code":"MX"}},{"type":"Feature","geometry":{"type":"Point","coordinates":[-97.54074,19.0867]},"properties":{"id":73865,"name":"San Juan Atenco","state_code":"PUE","country_code":"MX"}},{"type":"Feature","geometry":{"type":"Point","coordinates":[-97.38614,18.29862]},"properties":{"id":73868,"name":"San Juan Atzingo","state_code":"PUE","country_code":"MX"}},{"type":"Feature","geometry":{"type":"Point","coordinates":[-98.00738,18.73899]},"properties":{"id":73869,"name":"San Juan Atzompa","state_code":"PUE","country_code":"MX"}},{"type":"Feature","geometry":{"type":"Point","coordinates":[-98.55833,18.57722]},"properties":{"id":73882,"name":"San Juan Colón","state_code":"PUE","country_code":"MX"}},{"type":"Feature","geometry":{"type":"Point","coordinates":[-98.59764,19.38845]},"properties":{"id":73886,"name":"San Juan Cuauhtémoc","state_code":"PUE","country_code":"MX"}},{"type":"Feature","geometry":{"type":"Point","coordinates":[-96.95673,18.24416]},"properties":{"id":73887,"name":"San Juan Cuautla","state_code":"PUE","country_code":"MX"}},{"type":"Feature","geometry":{"type":"Point","coordinates":[-98.3725,18.64272]},"properties":{"id":73891,"name":"San Juan Epatlán","state_code":"PUE","country_code":"MX"}},{"type":"Feature","geometry":{"type":"Point","coordinates":[-98.44941,18.78904]},"properties":{"id":73897,"name":"San Juan Huiluco","state_code":"PUE","country_code":"MX"}},{"type":"Feature","geometry":{"type":"Point","coordinates":[-97.83103,18.46067]},"properties":{"id":73899,"name":"San Juan Ixcaquixtla","state_code":"PUE","country_code":"MX"}},{"type":"Feature","geometry":{"type":"Point","coordinates":[-98.44194,19.14917]},"properties":{"id":73915,"name":"San Juan Pancoac","state_code":"PUE","country_code":"MX"}},{"type":"Feature","geometry":{"type":"Point","coordinates":[-98.43962,18.57153]},"properties":{"id":73921,"name":"San Juan Raboso","state_code":"PUE","country_code":"MX"}},{"type":"Feature","geometry":{"type":"Point","coordinates":[-97.55082,19.93605]},"properties":{"id":73927,"name":"San Juan Tahitic","state_code":"PUE","country_code":"MX"}},{"type":"Feature","geometry":{"type":"Point","coordinates":[-98.40472,18.89917]},"properties":{"id":73930,"name":"San Juan Tejaluca","state_code":"PUE","country_code":"MX"}},{"type":"Feature","geometry":{"type":"Point","coordinates":[-98.54124,18.85519]},"properties":{"id":73931,"name":"San Juan Tejupa","state_code":"PUE","country_code":"MX"}},{"type":"Feature","geometry":{"type":"Point","coordinates":[-97.98847,19.11709]},"properties":{"id":73935,"name":"San Juan Tepulco","state_code":"PUE","country_code":"MX"}},{"type":"Feature","geometry":{"type":"Point","coordinates":[-98.50481,19.2155]},"properties":{"id":73936,"name":"San Juan Tetla","state_code":"PUE","country_code":"MX"}},{"type":"Feature","geometry":{"type":"Point","coordinates":[-97.36389,19.84472]},"properties":{"id":73938,"name":"San Juan Tezongo","state_code":"PUE","country_code":"MX"}},{"type":"Feature","geometry":{"type":"Point","coordinates":[-98.45166,19.25942]},"properties":{"id":73946,"name":"San Juan Tuxco","state_code":"PUE","country_code":"MX"}},{"type":"Feature","geometry":{"type":"Point","coordinates":[-97.32578,19.79563]},"properties":{"id":73949,"name":"San Juan Xiutetelco","state_code":"PUE","country_code":"MX"}},{"type":"Feature","geometry":{"type":"Point","coordinates":[-97.9363,20.35054]},"properties":{"id":73993,"name":"San Lorenzo","state_code":"PUE","country_code":"MX"}},{"type":"Feature","geometry":{"type":"Point","coordinates":[-98.46747,19.20432]},"properties":{"id":74000,"name":"San Lorenzo Chiautzingo","state_code":"PUE","country_code":"MX"}},{"type":"Feature","geometry":{"type":"Point","coordinates":[-97.85333,19.05444]},"properties":{"id":74005,"name":"San Lorenzo Joya de Rodríguez","state_code":"PUE","country_code":"MX"}},{"type":"Feature","geometry":{"type":"Point","coordinates":[-97.97361,20.13028]},"properties":{"id":74016,"name":"San Lorenzo Tlaxipehuala","state_code":"PUE","country_code":"MX"}},{"type":"Feature","geometry":{"type":"Point","coordinates":[-98.48201,19.10378]},"properties":{"id":74026,"name":"San Lucas Atzala","state_code":"PUE","country_code":"MX"}},{"type":"Feature","geometry":{"type":"Point","coordinates":[-98.47833,19.30583]},"properties":{"id":74040,"name":"San Lucas el Grande","state_code":"PUE","country_code":"MX"}},{"type":"Feature","geometry":{"type":"Point","coordinates":[-97.71824,18.67724]},"properties":{"id":74041,"name":"San Lucas el Viejo","state_code":"PUE","country_code":"MX"}},{"type":"Feature","geometry":{"type":"Point","coordinates":[-97.93386,18.93624]},"properties":{"id":74044,"name":"San Luis Ajajalpan","state_code":"PUE","country_code":"MX"}},{"type":"Feature","geometry":{"type":"Point","coordinates":[-98.43716,19.19818]},"properties":{"id":74050,"name":"San Luis Coyotzingo","state_code":"PUE","country_code":"MX"}},{"type":"Feature","geometry":{"type":"Point","coordinates":[-98.33749,19.03924]},"properties":{"id":74056,"name":"San Luis Tehuiloyocan","state_code":"PUE","country_code":"MX"}},{"type":"Feature","geometry":{"type":"Point","coordinates":[-97.87194,20.02528]},"properties":{"id":74070,"name":"San Marcos Eloxochitlán","state_code":"PUE","country_code":"MX"}},{"type":"Feature","geometry":{"type":"Point","coordinates":[-97.60354,18.67388]},"properties":{"id":74075,"name":"San Marcos Tlacoyalco","state_code":"PUE","country_code":"MX"}},{"type":"Feature","geometry":{"type":"Point","coordinates":[-97.34028,19.7825]},"properties":{"id":74087,"name":"San Martín","state_code":"PUE","country_code":"MX"}},{"type":"Feature","geometry":{"type":"Point","coordinates":[-97.81887,18.88487]},"properties":{"id":74091,"name":"San Martín Caltenco","state_code":"PUE","country_code":"MX"}},{"type":"Feature","geometry":{"type":"Point","coordinates":[-97.54741,18.73221]},"properties":{"id":74096,"name":"San Martín Esperilla","state_code":"PUE","country_code":"MX"}},{"type":"Feature","geometry":{"type":"Point","coordinates":[-96.81611,18.45278]},"properties":{"id":74100,"name":"San Martín Mazateopan","state_code":"PUE","country_code":"MX"}},{"type":"Feature","geometry":{"type":"Point","coordinates":[-97.39201,19.01245]},"properties":{"id":74102,"name":"San Martín Ojo de Agua","state_code":"PUE","country_code":"MX"}},{"type":"Feature","geometry":{"type":"Point","coordinates":[-98.42831,19.26929]},"properties":{"id":74106,"name":"San Martín Texmelucan","state_code":"PUE","country_code":"MX"}},{"type":"Feature","geometry":{"type":"Point","coordinates":[-98.43885,19.28431]},"properties":{"id":74083,"name":"San Martin Texmelucan de Labastida","state_code":"PUE","country_code":"MX"}},{"type":"Feature","geometry":{"type":"Point","coordinates":[-98.39694,18.9775]},"properties":{"id":74108,"name":"San Martín Tlamapa","state_code":"PUE","country_code":"MX"}},{"type":"Feature","geometry":{"type":"Point","coordinates":[-98.45889,18.96667]},"properties":{"id":74109,"name":"San Martín Tlapala","state_code":"PUE","country_code":"MX"}},{"type":"Feature","geometry":{"type":"Point","coordinates":[-98.39466,19.27898]},"properties":{"id":74120,"name":"San Mateo Ayecac","state_code":"PUE","country_code":"MX"}},{"type":"Feature","geometry":{"type":"Point","coordinates":[-98.41528,19.195]},"properties":{"id":74123,"name":"San Mateo Capultitlán","state_code":"PUE","country_code":"MX"}},{"type":"Feature","geometry":{"type":"Point","coordinates":[-98.51566,19.09994]},"properties":{"id":74132,"name":"San Mateo Ozolco","state_code":"PUE","country_code":"MX"}},{"type":"Feature","geometry":{"type":"Point","coordinates":[-97.86167,18.99139]},"properties":{"id":74133,"name":"San Mateo Parra","state_code":"PUE","country_code":"MX"}},{"type":"Feature","geometry":{"type":"Point","coordinates":[-97.76054,19.09868]},"properties":{"id":74136,"name":"San Mateo Soltepec","state_code":"PUE","country_code":"MX"}},{"type":"Feature","geometry":{"type":"Point","coordinates":[-98.48167,19.25127]},"properties":{"id":74145,"name":"San Matías Atzala","state_code":"PUE","country_code":"MX"}},{"type":"Feature","geometry":{"type":"Point","coordinates":[-98.49863,19.32536]},"properties":{"id":74144,"name":"San Matias Tlalancaleca","state_code":"PUE","country_code":"MX"}},{"type":"Feature","geometry":{"type":"Point","coordinates":[-98.55056,18.82222]},"properties":{"id":74156,"name":"San Miguel Aguacomulican","state_code":"PUE","country_code":"MX"}},{"type":"Feature","geometry":{"type":"Point","coordinates":[-98.33933,19.18087]},"properties":{"id":74163,"name":"San Miguel Analco","state_code":"PUE","country_code":"MX"}},{"type":"Feature","geometry":{"type":"Point","coordinates":[-98.19482,18.79243]},"properties":{"id":74166,"name":"San Miguel Atlapulco","state_code":"PUE","country_code":"MX"}},{"type":"Feature","geometry":{"type":"Point","coordinates":[-98.10306,19.15194]},"properties":{"id":74169,"name":"San Miguel Canoa","state_code":"PUE","country_code":"MX"}},{"type":"Feature","geometry":{"type":"Point","coordinates":[-98.33352,19.24123]},"properties":{"id":74235,"name":"San Miguel del Milagro","state_code":"PUE","country_code":"MX"}},{"type":"Feature","geometry":{"type":"Point","coordinates":[-97.66667,19.98972]},"properties":{"id":74236,"name":"San Miguel del Progreso","state_code":"PUE","country_code":"MX"}},{"type":"Feature","geometry":{"type":"Point","coordinates":[-98.06667,19.095]},"properties":{"id":74179,"name":"San Miguel Espejo","state_code":"PUE","country_code":"MX"}},{"type":"Feature","geometry":{"type":"Point","coordinates":[-97.77483,18.00082]},"properties":{"id":74182,"name":"San Miguel Ixitlán","state_code":"PUE","country_code":"MX"}},{"type":"Feature","geometry":{"type":"Point","coordinates":[-97.45245,19.0666]},"properties":{"id":74190,"name":"San Miguel Ocotenco","state_code":"PUE","country_code":"MX"}},{"type":"Feature","geometry":{"type":"Point","coordinates":[-98.39,19.06278]},"properties":{"id":74194,"name":"San Miguel Papaxtla","state_code":"PUE","country_code":"MX"}},{"type":"Feature","geometry":{"type":"Point","coordinates":[-97.54714,19.12118]},"properties":{"id":74202,"name":"San Miguel Tecuitlapa","state_code":"PUE","country_code":"MX"}},{"type":"Feature","geometry":{"type":"Point","coordinates":[-97.93474,19.90877]},"properties":{"id":74204,"name":"San Miguel Tenango","state_code":"PUE","country_code":"MX"}},{"type":"Feature","geometry":{"type":"Point","coordinates":[-97.59769,19.70973]},"properties":{"id":74205,"name":"San Miguel Tenextatiloyan","state_code":"PUE","country_code":"MX"}},{"type":"Feature","geometry":{"type":"Point","coordinates":[-98.53083,19.29389]},"properties":{"id":74208,"name":"San Miguel Tianguistenco","state_code":"PUE","country_code":"MX"}},{"type":"Feature","geometry":{"type":"Point","coordinates":[-98.44083,19.15861]},"properties":{"id":74209,"name":"San Miguel Tianguizolco","state_code":"PUE","country_code":"MX"}},{"type":"Feature","geometry":{"type":"Point","coordinates":[-98.30758,19.16763]},"properties":{"id":74223,"name":"San Miguel Xoxtla","state_code":"PUE","country_code":"MX"}},{"type":"Feature","geometry":{"type":"Point","coordinates":[-97.35359,19.08433]},"properties":{"id":74226,"name":"San Miguel Zoapan","state_code":"PUE","country_code":"MX"}},{"type":"Feature","geometry":{"type":"Point","coordinates":[-97.65478,18.7543]},"properties":{"id":74227,"name":"San Miguel Zozutla","state_code":"PUE","country_code":"MX"}},{"type":"Feature","geometry":{"type":"Point","coordinates":[-97.55131,19.16488]},"properties":{"id":74245,"name":"San Nicolas Buenos Aires","state_code":"PUE","country_code":"MX"}},{"type":"Feature","geometry":{"type":"Point","coordinates":[-98.48601,19.07139]},"properties":{"id":74274,"name":"San Nicolás de los Ranchos","state_code":"PUE","country_code":"MX"}},{"type":"Feature","geometry":{"type":"Point","coordinates":[-98.50371,18.55078]},"properties":{"id":74267,"name":"San Nicolás Tolentino","state_code":"PUE","country_code":"MX"}},{"type":"Feature","geometry":{"type":"Point","coordinates":[-98.48833,19.19917]},"properties":{"id":74268,"name":"San Nicolás Zecalacoayan","state_code":"PUE","country_code":"MX"}},{"type":"Feature","geometry":{"type":"Point","coordinates":[-97.86528,18.92417]},"properties":{"id":74269,"name":"San Nicolás Zoyapetlayoca","state_code":"PUE","country_code":"MX"}},{"type":"Feature","geometry":{"type":"Point","coordinates":[-98.16201,20.30071]},"properties":{"id":74278,"name":"San Pablito","state_code":"PUE","country_code":"MX"}},{"type":"Feature","geometry":{"type":"Point","coordinates":[-98.35889,18.98139]},"properties":{"id":74280,"name":"San Pablo Ahuatempa","state_code":"PUE","country_code":"MX"}},{"type":"Feature","geometry":{"type":"Point","coordinates":[-98.12565,18.14237]},"properties":{"id":74281,"name":"San Pablo Anicano","state_code":"PUE","country_code":"MX"}},{"type":"Feature","geometry":{"type":"Point","coordinates":[-97.70972,18.99556]},"properties":{"id":74305,"name":"San Pablo de las Tunas","state_code":"PUE","country_code":"MX"}},{"type":"Feature","geometry":{"type":"Point","coordinates":[-97.9675,19.91083]},"properties":{"id":74317,"name":"San Pedro Atmatla","state_code":"PUE","country_code":"MX"}},{"type":"Feature","geometry":{"type":"Point","coordinates":[-98.55139,18.94722]},"properties":{"id":74320,"name":"San Pedro Benito Juárez","state_code":"PUE","country_code":"MX"}},{"type":"Feature","geometry":{"type":"Point","coordinates":[-98.36011,19.07395]},"properties":{"id":74327,"name":"San Pedro Cholula","state_code":"PUE","country_code":"MX"}},{"type":"Feature","geometry":{"type":"Point","coordinates":[-98.18316,18.48214]},"properties":{"id":74331,"name":"San Pedro Cuayuca","state_code":"PUE","country_code":"MX"}},{"type":"Feature","geometry":{"type":"Point","coordinates":[-97.93449,20.27466]},"properties":{"id":74343,"name":"San Pedro Itztla","state_code":"PUE","country_code":"MX"}},{"type":"Feature","geometry":{"type":"Point","coordinates":[-97.83806,19.06528]},"properties":{"id":74416,"name":"San Pedro la Joya","state_code":"PUE","country_code":"MX"}},{"type":"Feature","geometry":{"type":"Point","coordinates":[-98.55472,19.36972]},"properties":{"id":74353,"name":"San Pedro Matamoros","state_code":"PUE","country_code":"MX"}},{"type":"Feature","geometry":{"type":"Point","coordinates":[-97.91443,20.41186]},"properties":{"id":74366,"name":"San Pedro Petlacotla","state_code":"PUE","country_code":"MX"}},{"type":"Feature","geometry":{"type":"Point","coordinates":[-97.51198,18.92553]},"properties":{"id":74377,"name":"San Pedro Temamatla","state_code":"PUE","country_code":"MX"}},{"type":"Feature","geometry":{"type":"Point","coordinates":[-97.32306,18.25972]},"properties":{"id":74381,"name":"San Pedro Tetitlán","state_code":"PUE","country_code":"MX"}},{"type":"Feature","geometry":{"type":"Point","coordinates":[-97.80213,20.2312]},"properties":{"id":74388,"name":"San Pedro Tlaolantongo","state_code":"PUE","country_code":"MX"}},{"type":"Feature","geometry":{"type":"Point","coordinates":[-98.48333,19.0775]},"properties":{"id":74399,"name":"San Pedro Yancuitlalpan","state_code":"PUE","country_code":"MX"}},{"type":"Feature","geometry":{"type":"Point","coordinates":[-98.06492,18.07881]},"properties":{"id":74400,"name":"San Pedro Yeloixtlahuaca","state_code":"PUE","country_code":"MX"}},{"type":"Feature","geometry":{"type":"Point","coordinates":[-98.15611,18.94278]},"properties":{"id":74402,"name":"San Pedro Zacachimalpa","state_code":"PUE","country_code":"MX"}},{"type":"Feature","geometry":{"type":"Point","coordinates":[-98.55829,19.29193]},"properties":{"id":74431,"name":"San Rafael Ixtapalucan","state_code":"PUE","country_code":"MX"}},{"type":"Feature","geometry":{"type":"Point","coordinates":[-98.46806,19.29167]},"properties":{"id":74436,"name":"San Rafael Tlanalapan","state_code":"PUE","country_code":"MX"}},{"type":"Feature","geometry":{"type":"Point","coordinates":[-97.315,19.83139]},"properties":{"id":74445,"name":"San Salvador (Naranjillo)","state_code":"PUE","country_code":"MX"}},{"type":"Feature","geometry":{"type":"Point","coordinates":[-97.64167,19.13325]},"properties":{"id":74448,"name":"San Salvador El Seco","state_code":"PUE","country_code":"MX"}},{"type":"Feature","geometry":{"type":"Point","coordinates":[-98.51648,19.27002]},"properties":{"id":74451,"name":"San Salvador el Verde","state_code":"PUE","country_code":"MX"}},{"type":"Feature","geometry":{"type":"Point","coordinates":[-97.37061,19.85502]},"properties":{"id":74453,"name":"San Sebastián","state_code":"PUE","country_code":"MX"}},{"type":"Feature","geometry":{"type":"Point","coordinates":[-97.02683,18.43705]},"properties":{"id":74459,"name":"San Sebastián Alcomunga","state_code":"PUE","country_code":"MX"}},{"type":"Feature","geometry":{"type":"Point","coordinates":[-98.16083,19.10333]},"properties":{"id":74476,"name":"San Sebastián de Aparicio","state_code":"PUE","country_code":"MX"}},{"type":"Feature","geometry":{"type":"Point","coordinates":[-97.79021,19.03241]},"properties":{"id":74470,"name":"San Sebastián Teteles","state_code":"PUE","country_code":"MX"}},{"type":"Feature","geometry":{"type":"Point","coordinates":[-96.83309,18.36518]},"properties":{"id":74471,"name":"San Sebastián Tlacotepec","state_code":"PUE","country_code":"MX"}},{"type":"Feature","geometry":{"type":"Point","coordinates":[-97.71935,19.06085]},"properties":{"id":74473,"name":"San Sebastián Villanueva","state_code":"PUE","country_code":"MX"}},{"type":"Feature","geometry":{"type":"Point","coordinates":[-97.71197,18.96733]},"properties":{"id":74483,"name":"San Simón","state_code":"PUE","country_code":"MX"}},{"type":"Feature","geometry":{"type":"Point","coordinates":[-98.47584,19.26336]},"properties":{"id":74485,"name":"San Simón Atzitzintla","state_code":"PUE","country_code":"MX"}},{"type":"Feature","geometry":{"type":"Point","coordinates":[-98.0554,18.27984]},"properties":{"id":74496,"name":"San Vicente Boquerón","state_code":"PUE","country_code":"MX"}},{"type":"Feature","geometry":{"type":"Point","coordinates":[-97.82924,18.40439]},"properties":{"id":74499,"name":"San Vicente Coyotepec","state_code":"PUE","country_code":"MX"}},{"type":"Feature","geometry":{"type":"Point","coordinates":[-98.25417,19.09917]},"properties":{"id":74516,"name":"Sanctorum","state_code":"PUE","country_code":"MX"}},{"type":"Feature","geometry":{"type":"Point","coordinates":[-98.38306,18.95556]},"properties":{"id":74525,"name":"Santa Ana Acozautla","state_code":"PUE","country_code":"MX"}},{"type":"Feature","geometry":{"type":"Point","coordinates":[-97.89167,18.83109]},"properties":{"id":74532,"name":"Santa Ana Coapan","state_code":"PUE","country_code":"MX"}},{"type":"Feature","geometry":{"type":"Point","coordinates":[-98.43472,18.83667]},"properties":{"id":74533,"name":"Santa Ana Coatepec","state_code":"PUE","country_code":"MX"}},{"type":"Feature","geometry":{"type":"Point","coordinates":[-98.38307,18.61312]},"properties":{"id":74541,"name":"Santa Ana Necoxtla","state_code":"PUE","country_code":"MX"}},{"type":"Feature","geometry":{"type":"Point","coordinates":[-98.38207,19.21287]},"properties":{"id":74549,"name":"Santa Ana Xalmimilulco","state_code":"PUE","country_code":"MX"}},{"type":"Feature","geometry":{"type":"Point","coordinates":[-98.08083,18.61583]},"properties":{"id":74590,"name":"Santa Catarina Tlaltempan","state_code":"PUE","country_code":"MX"}},{"type":"Feature","geometry":{"type":"Point","coordinates":[-97.61472,18.99917]},"properties":{"id":74591,"name":"Santa Catarina Villanueva","state_code":"PUE","country_code":"MX"}},{"type":"Feature","geometry":{"type":"Point","coordinates":[-97.43395,19.19254]},"properties":{"id":74596,"name":"Santa Cecilia Tepetitlán","state_code":"PUE","country_code":"MX"}},{"type":"Feature","geometry":{"type":"Point","coordinates":[-98.3014,18.97616]},"properties":{"id":74597,"name":"Santa Clara","state_code":"PUE","country_code":"MX"}},{"type":"Feature","geometry":{"type":"Point","coordinates":[-97.88117,18.7689]},"properties":{"id":74601,"name":"Santa Clara Huitziltepec","state_code":"PUE","country_code":"MX"}},{"type":"Feature","geometry":{"type":"Point","coordinates":[-97.32611,18.40556]},"properties":{"id":74613,"name":"Santa Cruz Acapa","state_code":"PUE","country_code":"MX"}},{"type":"Feature","geometry":{"type":"Point","coordinates":[-97.94998,18.95169]},"properties":{"id":74615,"name":"Santa Cruz Ajajalpan","state_code":"PUE","country_code":"MX"}},{"type":"Feature","geometry":{"type":"Point","coordinates":[-98.65917,18.88917]},"properties":{"id":74622,"name":"Santa Cruz Cuautomatitla","state_code":"PUE","country_code":"MX"}},{"type":"Feature","geometry":{"type":"Point","coordinates":[-98.34801,19.33178]},"properties":{"id":74651,"name":"Santa Cruz el Porvenir","state_code":"PUE","country_code":"MX"}},{"type":"Feature","geometry":{"type":"Point","coordinates":[-97.87599,18.73318]},"properties":{"id":74625,"name":"Santa Cruz Huitziltepec","state_code":"PUE","country_code":"MX"}},{"type":"Feature","geometry":{"type":"Point","coordinates":[-98.6225,19.37222]},"properties":{"id":74632,"name":"Santa Cruz Otlatla","state_code":"PUE","country_code":"MX"}},{"type":"Feature","geometry":{"type":"Point","coordinates":[-97.2875,18.94306]},"properties":{"id":74642,"name":"Santa Cruz Texmalaquilla","state_code":"PUE","country_code":"MX"}},{"type":"Feature","geometry":{"type":"Point","coordinates":[-97.58083,19.87417]},"properties":{"id":74643,"name":"Santa Cruz Xaltetela","state_code":"PUE","country_code":"MX"}},{"type":"Feature","geometry":{"type":"Point","coordinates":[-98.34717,19.29385]},"properties":{"id":74667,"name":"Santa Inés Tecuexcomac","state_code":"PUE","country_code":"MX"}},{"type":"Feature","geometry":{"type":"Point","coordinates":[-97.38867,19.15473]},"properties":{"id":74668,"name":"Santa Inés Varela la Luz","state_code":"PUE","country_code":"MX"}},{"type":"Feature","geometry":{"type":"Point","coordinates":[-98.37944,18.99667]},"properties":{"id":74677,"name":"Santa Isabel Cholula","state_code":"PUE","country_code":"MX"}},{"type":"Feature","geometry":{"type":"Point","coordinates":[-98.35194,18.88361]},"properties":{"id":74687,"name":"Santa Lucía Cosamaloapan","state_code":"PUE","country_code":"MX"}},{"type":"Feature","geometry":{"type":"Point","coordinates":[-98.49684,19.13602]},"properties":{"id":74717,"name":"Santa María Atexcac","state_code":"PUE","country_code":"MX"}},{"type":"Feature","geometry":{"type":"Point","coordinates":[-97.59253,19.10924]},"properties":{"id":74695,"name":"Santa Maria Coatepec","state_code":"PUE","country_code":"MX"}},{"type":"Feature","geometry":{"type":"Point","coordinates":[-97.1999,18.54117]},"properties":{"id":74812,"name":"Santa María del Monte","state_code":"PUE","country_code":"MX"}},{"type":"Feature","geometry":{"type":"Point","coordinates":[-98.19597,18.90639]},"properties":{"id":74736,"name":"Santa María Guadalupe Tecola","state_code":"PUE","country_code":"MX"}},{"type":"Feature","geometry":{"type":"Point","coordinates":[-97.81094,19.18688]},"properties":{"id":74747,"name":"Santa María Ixtiyucán","state_code":"PUE","country_code":"MX"}},{"type":"Feature","geometry":{"type":"Point","coordinates":[-97.65809,18.59982]},"properties":{"id":74820,"name":"Santa María la Alta","state_code":"PUE","country_code":"MX"}},{"type":"Feature","geometry":{"type":"Point","coordinates":[-98.30218,18.94147]},"properties":{"id":74758,"name":"Santa María Malacatepec","state_code":"PUE","country_code":"MX"}},{"type":"Feature","geometry":{"type":"Point","coordinates":[-97.96664,19.05413]},"properties":{"id":74765,"name":"Santa María Nenetzintla","state_code":"PUE","country_code":"MX"}},{"type":"Feature","geometry":{"type":"Point","coordinates":[-98.49105,19.15085]},"properties":{"id":74766,"name":"Santa María Nepopualco","state_code":"PUE","country_code":"MX"}},{"type":"Feature","geometry":{"type":"Point","coordinates":[-97.47041,18.95369]},"properties":{"id":74777,"name":"Santa María Techachalco","state_code":"PUE","country_code":"MX"}},{"type":"Feature","geometry":{"type":"Point","coordinates":[-98.53778,19.29417]},"properties":{"id":74784,"name":"Santa María Texmelucan","state_code":"PUE","country_code":"MX"}},{"type":"Feature","geometry":{"type":"Point","coordinates":[-98.10361,19.08944]},"properties":{"id":74794,"name":"Santa María Xonacatepec","state_code":"PUE","country_code":"MX"}},{"type":"Feature","geometry":{"type":"Point","coordinates":[-98.36528,19.12333]},"properties":{"id":74800,"name":"Santa María Zacatepec","state_code":"PUE","country_code":"MX"}},{"type":"Feature","geometry":{"type":"Point","coordinates":[-98.32444,18.985]},"properties":{"id":74701,"name":"Santa Martha Hidalgo","state_code":"PUE","country_code":"MX"}},{"type":"Feature","geometry":{"type":"Point","coordinates":[-97.81689,20.3641]},"properties":{"id":74831,"name":"Santa Rita","state_code":"PUE","country_code":"MX"}},{"type":"Feature","geometry":{"type":"Point","coordinates":[-98.57688,19.33211]},"properties":{"id":74833,"name":"Santa Rita Tlahuapan","state_code":"PUE","country_code":"MX"}},{"type":"Feature","geometry":{"type":"Point","coordinates":[-97.78122,18.87704]},"properties":{"id":74836,"name":"Santa Rosa","state_code":"PUE","country_code":"MX"}},{"type":"Feature","geometry":{"type":"Point","coordinates":[-97.32361,19.81194]},"properties":{"id":74870,"name":"Santiago","state_code":"PUE","country_code":"MX"}},{"type":"Feature","geometry":{"type":"Point","coordinates":[-97.93375,18.99334]},"properties":{"id":74871,"name":"Santiago Acatlán","state_code":"PUE","country_code":"MX"}},{"type":"Feature","geometry":{"type":"Point","coordinates":[-97.81167,18.95694]},"properties":{"id":74873,"name":"Santiago Acozac","state_code":"PUE","country_code":"MX"}},{"type":"Feature","geometry":{"type":"Point","coordinates":[-97.70716,18.84511]},"properties":{"id":74875,"name":"Santiago Alseseca","state_code":"PUE","country_code":"MX"}},{"type":"Feature","geometry":{"type":"Point","coordinates":[-98.58167,18.82472]},"properties":{"id":74880,"name":"Santiago Atzitzihuacán","state_code":"PUE","country_code":"MX"}},{"type":"Feature","geometry":{"type":"Point","coordinates":[-98.53483,19.38318]},"properties":{"id":74894,"name":"Santiago Coltzingo","state_code":"PUE","country_code":"MX"}},{"type":"Feature","geometry":{"type":"Point","coordinates":[-98.26694,19.07361]},"properties":{"id":74926,"name":"Santiago Momoxpan","state_code":"PUE","country_code":"MX"}},{"type":"Feature","geometry":{"type":"Point","coordinates":[-97.6443,19.00335]},"properties":{"id":74943,"name":"Santiago Tenango","state_code":"PUE","country_code":"MX"}},{"type":"Feature","geometry":{"type":"Point","coordinates":[-97.47223,20.06092]},"properties":{"id":74973,"name":"Santiago Yancuictlalpan","state_code":"PUE","country_code":"MX"}},{"type":"Feature","geometry":{"type":"Point","coordinates":[-98.37306,18.90444]},"properties":{"id":74998,"name":"Santo Domingo Atoyatempan","state_code":"PUE","country_code":"MX"}},{"type":"Feature","geometry":{"type":"Point","coordinates":[-98.16438,18.7394]},"properties":{"id":75001,"name":"Santo Domingo Huehuetlán","state_code":"PUE","country_code":"MX"}},{"type":"Feature","geometry":{"type":"Point","coordinates":[-97.67611,18.67389]},"properties":{"id":75021,"name":"Santo Nombre","state_code":"PUE","country_code":"MX"}},{"type":"Feature","geometry":{"type":"Point","coordinates":[-98.15288,18.96573]},"properties":{"id":75026,"name":"Santo Tomás Chautla","state_code":"PUE","country_code":"MX"}},{"type":"Feature","geometry":{"type":"Point","coordinates":[-97.37917,19.78778]},"properties":{"id":75052,"name":"Sección 23","state_code":"PUE","country_code":"MX"}},{"type":"Feature","geometry":{"type":"Point","coordinates":[-98.48952,18.82808]},"properties":{"id":75113,"name":"Soledad Morelos","state_code":"PUE","country_code":"MX"}},{"type":"Feature","geometry":{"type":"Point","coordinates":[-97.70861,19.12111]},"properties":{"id":75120,"name":"Soltepec","state_code":"PUE","country_code":"MX"}},{"type":"Feature","geometry":{"type":"Point","coordinates":[-97.39611,19.80111]},"properties":{"id":75124,"name":"Sosa","state_code":"PUE","country_code":"MX"}},{"type":"Feature","geometry":{"type":"Point","coordinates":[-97.43111,19.8375]},"properties":{"id":75159,"name":"Tacopan","state_code":"PUE","country_code":"MX"}},{"type":"Feature","geometry":{"type":"Point","coordinates":[-97.42972,19.89056]},"properties":{"id":75200,"name":"Tanamacoyan","state_code":"PUE","country_code":"MX"}},{"type":"Feature","geometry":{"type":"Point","coordinates":[-97.46722,19.82056]},"properties":{"id":75212,"name":"Tanhuixco","state_code":"PUE","country_code":"MX"}},{"type":"Feature","geometry":{"type":"Point","coordinates":[-97.52694,19.82833]},"properties":{"id":75241,"name":"Tatauzoquico","state_code":"PUE","country_code":"MX"}},{"type":"Feature","geometry":{"type":"Point","coordinates":[-97.57306,19.86944]},"properties":{"id":75242,"name":"Tatoxcac","state_code":"PUE","country_code":"MX"}},{"type":"Feature","geometry":{"type":"Point","coordinates":[-98.50722,18.80444]},"properties":{"id":75254,"name":"Teacalco de Dorantes (San José Teacalco)","state_code":"PUE","country_code":"MX"}},{"type":"Feature","geometry":{"type":"Point","coordinates":[-97.97064,18.9006]},"properties":{"id":75260,"name":"Tecali","state_code":"PUE","country_code":"MX"}},{"type":"Feature","geometry":{"type":"Point","coordinates":[-97.73344,18.88352]},"properties":{"id":75263,"name":"Tecamachalco","state_code":"PUE","country_code":"MX"}},{"type":"Feature","geometry":{"type":"Point","coordinates":[-97.07868,18.32515]},"properties":{"id":75277,"name":"Tecoltepec","state_code":"PUE","country_code":"MX"}},{"type":"Feature","geometry":{"type":"Point","coordinates":[-98.3069,18.06956]},"properties":{"id":75281,"name":"Tecomatlán","state_code":"PUE","country_code":"MX"}},{"type":"Feature","geometry":{"type":"Point","coordinates":[-97.03944,18.47694]},"properties":{"id":75287,"name":"Tecpantzacoalco","state_code":"PUE","country_code":"MX"}},{"type":"Feature","geometry":{"type":"Point","coordinates":[-98.61895,18.88117]},"properties":{"id":75291,"name":"Tecuanipa","state_code":"PUE","country_code":"MX"}},{"type":"Feature","geometry":{"type":"Point","coordinates":[-98.39843,19.01316]},"properties":{"id":75292,"name":"Tecuanipan","state_code":"PUE","country_code":"MX"}},{"type":"Feature","geometry":{"type":"Point","coordinates":[-97.39735,18.46422]},"properties":{"id":75296,"name":"Tehuacán","state_code":"PUE","country_code":"MX"}},{"type":"Feature","geometry":{"type":"Point","coordinates":[-98.30763,18.36169]},"properties":{"id":75300,"name":"Tehuitzingo","state_code":"PUE","country_code":"MX"}},{"type":"Feature","geometry":{"type":"Point","coordinates":[-98.25046,18.63677]},"properties":{"id":75304,"name":"Tejaluca","state_code":"PUE","country_code":"MX"}},{"type":"Feature","geometry":{"type":"Point","coordinates":[-97.58021,18.37919]},"properties":{"id":75321,"name":"Teloxtoc","state_code":"PUE","country_code":"MX"}},{"type":"Feature","geometry":{"type":"Point","coordinates":[-97.15222,18.48417]},"properties":{"id":75322,"name":"Telpatlán","state_code":"PUE","country_code":"MX"}},{"type":"Feature","geometry":{"type":"Point","coordinates":[-97.55735,18.60439]},"properties":{"id":75325,"name":"Temalacayuca","state_code":"PUE","country_code":"MX"}},{"type":"Feature","geometry":{"type":"Point","coordinates":[-97.66714,19.6091]},"properties":{"id":75335,"name":"Temextla","state_code":"PUE","country_code":"MX"}},{"type":"Feature","geometry":{"type":"Point","coordinates":[-97.40264,20.18593]},"properties":{"id":75347,"name":"Tenampulco","state_code":"PUE","country_code":"MX"}},{"type":"Feature","geometry":{"type":"Point","coordinates":[-97.98806,20.20583]},"properties":{"id":75356,"name":"Tenango de las Flores","state_code":"PUE","country_code":"MX"}},{"type":"Feature","geometry":{"type":"Point","coordinates":[-97.52962,18.49217]},"properties":{"id":75379,"name":"Teontepec","state_code":"PUE","country_code":"MX"}},{"type":"Feature","geometry":{"type":"Point","coordinates":[-98.26341,18.71219]},"properties":{"id":75380,"name":"Teopantlán","state_code":"PUE","country_code":"MX"}},{"type":"Feature","geometry":{"type":"Point","coordinates":[-98.81346,18.46645]},"properties":{"id":75386,"name":"Teotlalco","state_code":"PUE","country_code":"MX"}},{"type":"Feature","geometry":{"type":"Point","coordinates":[-98.50077,19.23088]},"properties":{"id":75387,"name":"Teotlaltzingo","state_code":"PUE","country_code":"MX"}},{"type":"Feature","geometry":{"type":"Point","coordinates":[-97.5613,18.55686]},"properties":{"id":75395,"name":"Tepanco","state_code":"PUE","country_code":"MX"}},{"type":"Feature","geometry":{"type":"Point","coordinates":[-97.79651,20.00314]},"properties":{"id":75396,"name":"Tepango","state_code":"PUE","country_code":"MX"}},{"type":"Feature","geometry":{"type":"Point","coordinates":[-97.78366,20.00161]},"properties":{"id":75397,"name":"Tepango de Rodríguez","state_code":"PUE","country_code":"MX"}},{"type":"Feature","geometry":{"type":"Point","coordinates":[-98.52944,18.67036]},"properties":{"id":75398,"name":"Tepapayeca","state_code":"PUE","country_code":"MX"}},{"type":"Feature","geometry":{"type":"Point","coordinates":[-97.97338,19.08067]},"properties":{"id":75401,"name":"Tepatlaxco de Hidalgo","state_code":"PUE","country_code":"MX"}},{"type":"Feature","geometry":{"type":"Point","coordinates":[-97.69637,18.69967]},"properties":{"id":75402,"name":"Tepazolco","state_code":"PUE","country_code":"MX"}},{"type":"Feature","geometry":{"type":"Point","coordinates":[-97.8998,18.96688]},"properties":{"id":75403,"name":"Tepeaca","state_code":"PUE","country_code":"MX"}},{"type":"Feature","geometry":{"type":"Point","coordinates":[-98.44633,18.72468]},"properties":{"id":75413,"name":"Tepeojuma","state_code":"PUE","country_code":"MX"}},{"type":"Feature","geometry":{"type":"Point","coordinates":[-97.49722,19.79583]},"properties":{"id":75416,"name":"Tepeteno de Iturbide","state_code":"PUE","country_code":"MX"}},{"type":"Feature","geometry":{"type":"Point","coordinates":[-97.49361,20.08361]},"properties":{"id":75422,"name":"Tepetitán Reyeshogpan de Hidalgo","state_code":"PUE","country_code":"MX"}},{"type":"Feature","geometry":{"type":"Point","coordinates":[-97.69284,18.64104]},"properties":{"id":75424,"name":"Tepetlacolco","state_code":"PUE","country_code":"MX"}},{"type":"Feature","geometry":{"type":"Point","coordinates":[-97.33785,18.42185]},"properties":{"id":75433,"name":"Tepetzingo","state_code":"PUE","country_code":"MX"}},{"type":"Feature","geometry":{"type":"Point","coordinates":[-97.84725,19.95318]},"properties":{"id":75436,"name":"Tepetzintla","state_code":"PUE","country_code":"MX"}},{"type":"Feature","geometry":{"type":"Point","coordinates":[-97.11931,18.47159]},"properties":{"id":75437,"name":"Tepetzitzintla","state_code":"PUE","country_code":"MX"}},{"type":"Feature","geometry":{"type":"Point","coordinates":[-98.69064,18.6415]},"properties":{"id":75438,"name":"Tepexco","state_code":"PUE","country_code":"MX"}},{"type":"Feature","geometry":{"type":"Point","coordinates":[-97.92606,18.58108]},"properties":{"id":75439,"name":"Tepexi de Rodríguez","state_code":"PUE","country_code":"MX"}},{"type":"Feature","geometry":{"type":"Point","coordinates":[-97.4624,19.45781]},"properties":{"id":75442,"name":"Tepeyahualco","state_code":"PUE","country_code":"MX"}},{"type":"Feature","geometry":{"type":"Point","coordinates":[-97.86749,18.81098]},"properties":{"id":75443,"name":"Tepeyahualco de Cuauhtémoc","state_code":"PUE","country_code":"MX"}},{"type":"Feature","geometry":{"type":"Point","coordinates":[-97.49254,19.48867]},"properties":{"id":75445,"name":"Tepeyehualco de Hidalgo","state_code":"PUE","country_code":"MX"}},{"type":"Feature","geometry":{"type":"Point","coordinates":[-97.80691,19.8177]},"properties":{"id":75478,"name":"Tetela de Ocampo","state_code":"PUE","country_code":"MX"}},{"type":"Feature","geometry":{"type":"Point","coordinates":[-98.02667,18.23917]},"properties":{"id":75480,"name":"Tetelcingo","state_code":"PUE","country_code":"MX"}},{"type":"Feature","geometry":{"type":"Point","coordinates":[-97.45703,19.85748]},"properties":{"id":75482,"name":"Teteles de Avila Castillo","state_code":"PUE","country_code":"MX"}},{"type":"Feature","geometry":{"type":"Point","coordinates":[-97.44519,18.39716]},"properties":{"id":75503,"name":"Texcala","state_code":"PUE","country_code":"MX"}},{"type":"Feature","geometry":{"type":"Point","coordinates":[-97.98876,18.0649]},"properties":{"id":75504,"name":"Texcalapa de Juárez","state_code":"PUE","country_code":"MX"}},{"type":"Feature","geometry":{"type":"Point","coordinates":[-97.59028,19.77778]},"properties":{"id":75521,"name":"Texocoyohuac","state_code":"PUE","country_code":"MX"}},{"type":"Feature","geometry":{"type":"Point","coordinates":[-97.4625,19.81167]},"properties":{"id":75524,"name":"Tezhuatepec","state_code":"PUE","country_code":"MX"}},{"type":"Feature","geometry":{"type":"Point","coordinates":[-97.35992,19.8173]},"properties":{"id":75525,"name":"Teziutlan","state_code":"PUE","country_code":"MX"}},{"type":"Feature","geometry":{"type":"Point","coordinates":[-98.49134,18.74803]},"properties":{"id":75528,"name":"Tezonteopan de Bonilla","state_code":"PUE","country_code":"MX"}},{"type":"Feature","geometry":{"type":"Point","coordinates":[-98.44861,18.97624]},"properties":{"id":75535,"name":"Tianguismanalco","state_code":"PUE","country_code":"MX"}},{"type":"Feature","geometry":{"type":"Point","coordinates":[-97.95667,20.24333]},"properties":{"id":75553,"name":"Tierra Negra","state_code":"PUE","country_code":"MX"}},{"type":"Feature","geometry":{"type":"Point","coordinates":[-98.54575,18.60495]},"properties":{"id":75566,"name":"Tilapa","state_code":"PUE","country_code":"MX"}},{"type":"Feature","geometry":{"type":"Point","coordinates":[-97.9164,19.0759]},"properties":{"id":75597,"name":"Tlacamilco","state_code":"PUE","country_code":"MX"}},{"type":"Feature","geometry":{"type":"Point","coordinates":[-97.41915,19.11485]},"properties":{"id":75602,"name":"Tlachichuca","state_code":"PUE","country_code":"MX"}},{"type":"Feature","geometry":{"type":"Point","coordinates":[-97.65602,18.68193]},"properties":{"id":75615,"name":"Tlacotepec","state_code":"PUE","country_code":"MX"}},{"type":"Feature","geometry":{"type":"Point","coordinates":[-97.84917,20.06028]},"properties":{"id":75618,"name":"Tlacotepec (San Mateo)","state_code":"PUE","country_code":"MX"}},{"type":"Feature","geometry":{"type":"Point","coordinates":[-97.63459,18.66151]},"properties":{"id":75619,"name":"Tlacotepec de Benito Juárez","state_code":"PUE","country_code":"MX"}},{"type":"Feature","geometry":{"type":"Point","coordinates":[-98.48472,19.27194]},"properties":{"id":75620,"name":"Tlacotepec de José Manzo","state_code":"PUE","country_code":"MX"}},{"type":"Feature","geometry":{"type":"Point","coordinates":[-97.98624,20.38033]},"properties":{"id":75625,"name":"Tlacuilotepec","state_code":"PUE","country_code":"MX"}},{"type":"Feature","geometry":{"type":"Point","coordinates":[-98.57345,19.36494]},"properties":{"id":75629,"name":"Tlahuapan","state_code":"PUE","country_code":"MX"}},{"type":"Feature","geometry":{"type":"Point","coordinates":[-97.73818,18.91217]},"properties":{"id":75634,"name":"Tlaixpan","state_code":"PUE","country_code":"MX"}},{"type":"Feature","geometry":{"type":"Point","coordinates":[-98.34072,19.17165]},"properties":{"id":75653,"name":"Tlaltenango","state_code":"PUE","country_code":"MX"}},{"type":"Feature","geometry":{"type":"Point","coordinates":[-97.87723,20.14531]},"properties":{"id":75656,"name":"Tlaltepango","state_code":"PUE","country_code":"MX"}},{"type":"Feature","geometry":{"type":"Point","coordinates":[-97.6964,19.67457]},"properties":{"id":75662,"name":"Tlamanca","state_code":"PUE","country_code":"MX"}},{"type":"Feature","geometry":{"type":"Point","coordinates":[-97.81489,19.95597]},"properties":{"id":75663,"name":"Tlamanca de Hernández","state_code":"PUE","country_code":"MX"}},{"type":"Feature","geometry":{"type":"Point","coordinates":[-97.80313,20.14689]},"properties":{"id":75665,"name":"Tlamaya Grande","state_code":"PUE","country_code":"MX"}},{"type":"Feature","geometry":{"type":"Point","coordinates":[-97.27604,19.25084]},"properties":{"id":75669,"name":"Tlanalapan","state_code":"PUE","country_code":"MX"}},{"type":"Feature","geometry":{"type":"Point","coordinates":[-98.7,18.43333]},"properties":{"id":75671,"name":"Tlancualpican","state_code":"PUE","country_code":"MX"}},{"type":"Feature","geometry":{"type":"Point","coordinates":[-97.88701,18.8631]},"properties":{"id":75672,"name":"Tlanepantla","state_code":"PUE","country_code":"MX"}},{"type":"Feature","geometry":{"type":"Point","coordinates":[-97.92306,20.13861]},"properties":{"id":75674,"name":"Tlaola","state_code":"PUE","country_code":"MX"}},{"type":"Feature","geometry":{"type":"Point","coordinates":[-97.83347,20.13512]},"properties":{"id":75676,"name":"Tlapacoya","state_code":"PUE","country_code":"MX"}},{"type":"Feature","geometry":{"type":"Point","coordinates":[-98.53561,18.69585]},"properties":{"id":75680,"name":"Tlapanalá","state_code":"PUE","country_code":"MX"}},{"type":"Feature","geometry":{"type":"Point","coordinates":[-97.93526,19.94484]},"properties":{"id":75684,"name":"Tlatempa","state_code":"PUE","country_code":"MX"}},{"type":"Feature","geometry":{"type":"Point","coordinates":[-97.49718,19.84765]},"properties":{"id":75688,"name":"Tlatlauquitepec","state_code":"PUE","country_code":"MX"}},{"type":"Feature","geometry":{"type":"Point","coordinates":[-97.87199,20.31397]},"properties":{"id":75694,"name":"Tlaxcalantongo","state_code":"PUE","country_code":"MX"}},{"type":"Feature","geometry":{"type":"Point","coordinates":[-98.02917,20.42345]},"properties":{"id":75697,"name":"Tlaxco","state_code":"PUE","country_code":"MX"}},{"type":"Feature","geometry":{"type":"Point","coordinates":[-97.96249,20.05788]},"properties":{"id":75699,"name":"Tlaxco (Santiago Tlaxco)","state_code":"PUE","country_code":"MX"}},{"type":"Feature","geometry":{"type":"Point","coordinates":[-98.12036,20.22589]},"properties":{"id":75704,"name":"Tlaxpanaloya","state_code":"PUE","country_code":"MX"}},{"type":"Feature","geometry":{"type":"Point","coordinates":[-97.82661,20.03301]},"properties":{"id":75706,"name":"Tlayehualancingo","state_code":"PUE","country_code":"MX"}},{"type":"Feature","geometry":{"type":"Point","coordinates":[-96.99972,18.27389]},"properties":{"id":75710,"name":"Tlixco","state_code":"PUE","country_code":"MX"}},{"type":"Feature","geometry":{"type":"Point","coordinates":[-98.57154,18.89062]},"properties":{"id":75713,"name":"Tochimilco","state_code":"PUE","country_code":"MX"}},{"type":"Feature","geometry":{"type":"Point","coordinates":[-97.82282,18.83928]},"properties":{"id":75714,"name":"Tochtepec","state_code":"PUE","country_code":"MX"}},{"type":"Feature","geometry":{"type":"Point","coordinates":[-97.32161,19.75635]},"properties":{"id":75725,"name":"Tomaquilapa","state_code":"PUE","country_code":"MX"}},{"type":"Feature","geometry":{"type":"Point","coordinates":[-97.97346,19.89399]},"properties":{"id":75726,"name":"Tomatlán","state_code":"PUE","country_code":"MX"}},{"type":"Feature","geometry":{"type":"Point","coordinates":[-97.83944,19.98111]},"properties":{"id":75736,"name":"Tonalixco","state_code":"PUE","country_code":"MX"}},{"type":"Feature","geometry":{"type":"Point","coordinates":[-98.34706,18.65255]},"properties":{"id":75754,"name":"Totoltepec","state_code":"PUE","country_code":"MX"}},{"type":"Feature","geometry":{"type":"Point","coordinates":[-97.85511,18.2256]},"properties":{"id":75755,"name":"Totoltepec de Guerrero","state_code":"PUE","country_code":"MX"}},{"type":"Feature","geometry":{"type":"Point","coordinates":[-97.94748,20.06632]},"properties":{"id":75761,"name":"Toxtla","state_code":"PUE","country_code":"MX"}},{"type":"Feature","geometry":{"type":"Point","coordinates":[-97.09697,19.25138]},"properties":{"id":75762,"name":"Tozihuic","state_code":"PUE","country_code":"MX"}},{"type":"Feature","geometry":{"type":"Point","coordinates":[-98.48361,18.805]},"properties":{"id":75785,"name":"Tronconal","state_code":"PUE","country_code":"MX"}},{"type":"Feature","geometry":{"type":"Point","coordinates":[-97.90935,18.53857]},"properties":{"id":75789,"name":"Tula","state_code":"PUE","country_code":"MX"}},{"type":"Feature","geometry":{"type":"Point","coordinates":[-98.40925,17.99891]},"properties":{"id":75796,"name":"Tulcingo","state_code":"PUE","country_code":"MX"}},{"type":"Feature","geometry":{"type":"Point","coordinates":[-98.44074,18.0437]},"properties":{"id":75797,"name":"Tulcingo de Valle","state_code":"PUE","country_code":"MX"}},{"type":"Feature","geometry":{"type":"Point","coordinates":[-97.14,18.46944]},"properties":{"id":75799,"name":"Tulimanca","state_code":"PUE","country_code":"MX"}},{"type":"Feature","geometry":{"type":"Point","coordinates":[-97.65526,20.00037]},"properties":{"id":75826,"name":"Tuxtla","state_code":"PUE","country_code":"MX"}},{"type":"Feature","geometry":{"type":"Point","coordinates":[-97.5752,20.06572]},"properties":{"id":75828,"name":"Tuzamapan","state_code":"PUE","country_code":"MX"}},{"type":"Feature","geometry":{"type":"Point","coordinates":[-97.66693,18.9011]},"properties":{"id":75832,"name":"Tuzuapan","state_code":"PUE","country_code":"MX"}},{"type":"Feature","geometry":{"type":"Point","coordinates":[-98.0484,18.84071]},"properties":{"id":75837,"name":"Tzicatlacoyan","state_code":"PUE","country_code":"MX"}},{"type":"Feature","geometry":{"type":"Point","coordinates":[-98.75574,18.45073]},"properties":{"id":75839,"name":"Tzicatlán","state_code":"PUE","country_code":"MX"}},{"type":"Feature","geometry":{"type":"Point","coordinates":[-97.54047,20.02944]},"properties":{"id":75841,"name":"Tzinacapan","state_code":"PUE","country_code":"MX"}},{"type":"Feature","geometry":{"type":"Point","coordinates":[-97.81068,19.24126]},"properties":{"id":75869,"name":"Unidad Grajales INFONAVIT","state_code":"PUE","country_code":"MX"}},{"type":"Feature","geometry":{"type":"Point","coordinates":[-98.09944,20.11893]},"properties":{"id":75953,"name":"Venta Grande","state_code":"PUE","country_code":"MX"}},{"type":"Feature","geometry":{"type":"Point","coordinates":[-97.66806,20.50667]},"properties":{"id":75958,"name":"Venustiano Carranza","state_code":"PUE","country_code":"MX"}},{"type":"Feature","geometry":{"type":"Point","coordinates":[-97.65417,20.12322]},"properties":{"id":75979,"name":"Vicente Guerrero","state_code":"PUE","country_code":"MX"}},{"type":"Feature","geometry":{"type":"Point","coordinates":[-97.87989,20.38593]},"properties":{"id":75992,"name":"Villa Avila Camacho","state_code":"PUE","country_code":"MX"}},{"type":"Feature","geometry":{"type":"Point","coordinates":[-98.09719,19.77839]},"properties":{"id":75998,"name":"Villa Cuauhtémoc","state_code":"PUE","country_code":"MX"}},{"type":"Feature","geometry":{"type":"Point","coordinates":[-98.37827,19.32659]},"properties":{"id":76034,"name":"Villa Mariano Matamoros","state_code":"PUE","country_code":"MX"}},{"type":"Feature","geometry":{"type":"Point","coordinates":[-97.14703,19.18866]},"properties":{"id":76110,"name":"Xacaxomulco","state_code":"PUE","country_code":"MX"}},{"type":"Feature","geometry":{"type":"Point","coordinates":[-97.59047,19.90403]},"properties":{"id":76112,"name":"Xalacapan de Lucke","state_code":"PUE","country_code":"MX"}},{"type":"Feature","geometry":{"type":"Point","coordinates":[-98.5162,19.0817]},"properties":{"id":76118,"name":"Xalitzintla","state_code":"PUE","country_code":"MX"}},{"type":"Feature","geometry":{"type":"Point","coordinates":[-97.60825,18.88163]},"properties":{"id":76122,"name":"Xaltepec","state_code":"PUE","country_code":"MX"}},{"type":"Feature","geometry":{"type":"Point","coordinates":[-97.97208,20.17546]},"properties":{"id":76123,"name":"Xaltepuxtla","state_code":"PUE","country_code":"MX"}},{"type":"Feature","geometry":{"type":"Point","coordinates":[-97.59556,19.84301]},"properties":{"id":76125,"name":"Xalticpac","state_code":"PUE","country_code":"MX"}},{"type":"Feature","geometry":{"type":"Point","coordinates":[-97.97524,18.23712]},"properties":{"id":76129,"name":"Xayacatlán de Bravo","state_code":"PUE","country_code":"MX"}},{"type":"Feature","geometry":{"type":"Point","coordinates":[-97.90889,20.31813]},"properties":{"id":76139,"name":"Xicotepec","state_code":"PUE","country_code":"MX"}},{"type":"Feature","geometry":{"type":"Point","coordinates":[-97.96111,20.27605]},"properties":{"id":76140,"name":"Xicotepec de Juárez","state_code":"PUE","country_code":"MX"}},{"type":"Feature","geometry":{"type":"Point","coordinates":[-98.59359,18.0811]},"properties":{"id":76141,"name":"Xicotlán","state_code":"PUE","country_code":"MX"}},{"type":"Feature","geometry":{"type":"Point","coordinates":[-98.02341,20.13948]},"properties":{"id":76145,"name":"Xilocuautla","state_code":"PUE","country_code":"MX"}},{"type":"Feature","geometry":{"type":"Point","coordinates":[-97.49083,20.04583]},"properties":{"id":76146,"name":"Xiloxochico de Rafael Ávila Camacho","state_code":"PUE","country_code":"MX"}},{"type":"Feature","geometry":{"type":"Point","coordinates":[-97.01743,18.30344]},"properties":{"id":76149,"name":"Xitlama","state_code":"PUE","country_code":"MX"}},{"type":"Feature","geometry":{"type":"Point","coordinates":[-97.34252,19.75755]},"properties":{"id":76150,"name":"Xiutetelco","state_code":"PUE","country_code":"MX"}},{"type":"Feature","geometry":{"type":"Point","coordinates":[-97.65947,19.8211]},"properties":{"id":76156,"name":"Xochiapulco","state_code":"PUE","country_code":"MX"}},{"type":"Feature","geometry":{"type":"Point","coordinates":[-97.88912,20.05377]},"properties":{"id":76161,"name":"Xochicuautla","state_code":"PUE","country_code":"MX"}},{"type":"Feature","geometry":{"type":"Point","coordinates":[-98.3254,18.65272]},"properties":{"id":76164,"name":"Xochiltepec","state_code":"PUE","country_code":"MX"}},{"type":"Feature","geometry":{"type":"Point","coordinates":[-97.72583,18.84167]},"properties":{"id":76168,"name":"Xochimilco","state_code":"PUE","country_code":"MX"}},{"type":"Feature","geometry":{"type":"Point","coordinates":[-97.89765,20.19482]},"properties":{"id":76169,"name":"Xochinanacatlán","state_code":"PUE","country_code":"MX"}},{"type":"Feature","geometry":{"type":"Point","coordinates":[-98.87611,18.22833]},"properties":{"id":76173,"name":"Xochitepec","state_code":"PUE","country_code":"MX"}},{"type":"Feature","geometry":{"type":"Point","coordinates":[-97.64375,19.95002]},"properties":{"id":76180,"name":"Xochitlán de Vicente Suárez","state_code":"PUE","country_code":"MX"}},{"type":"Feature","geometry":{"type":"Point","coordinates":[-97.77609,18.70395]},"properties":{"id":76175,"name":"Xochitlan Todos Santos","state_code":"PUE","country_code":"MX"}},{"type":"Feature","geometry":{"type":"Point","coordinates":[-97.86361,19.94139]},"properties":{"id":76176,"name":"Xochitlaxco (San Baltazar)","state_code":"PUE","country_code":"MX"}},{"type":"Feature","geometry":{"type":"Point","coordinates":[-97.17093,19.36758]},"properties":{"id":76184,"name":"Xocotepéc","state_code":"PUE","country_code":"MX"}},{"type":"Feature","geometry":{"type":"Point","coordinates":[-97.36944,19.83111]},"properties":{"id":76190,"name":"Xoloateno","state_code":"PUE","country_code":"MX"}},{"type":"Feature","geometry":{"type":"Point","coordinates":[-98.13325,20.25801]},"properties":{"id":76192,"name":"Xolotla","state_code":"PUE","country_code":"MX"}},{"type":"Feature","geometry":{"type":"Point","coordinates":[-97.61056,20.12833]},"properties":{"id":76196,"name":"Xonalpu","state_code":"PUE","country_code":"MX"}},{"type":"Feature","geometry":{"type":"Point","coordinates":[-97.51627,19.78873]},"properties":{"id":76197,"name":"Xonocuautla","state_code":"PUE","country_code":"MX"}},{"type":"Feature","geometry":{"type":"Point","coordinates":[-97.94056,20.0075]},"properties":{"id":76203,"name":"Xoxonacatla","state_code":"PUE","country_code":"MX"}},{"type":"Feature","geometry":{"type":"Point","coordinates":[-98.45705,18.5265]},"properties":{"id":76205,"name":"Xuchapa","state_code":"PUE","country_code":"MX"}},{"type":"Feature","geometry":{"type":"Point","coordinates":[-97.46587,19.87076]},"properties":{"id":76216,"name":"Yaonahuac","state_code":"PUE","country_code":"MX"}},{"type":"Feature","geometry":{"type":"Point","coordinates":[-97.6616,18.79518]},"properties":{"id":76231,"name":"Yehualtepec","state_code":"PUE","country_code":"MX"}},{"type":"Feature","geometry":{"type":"Point","coordinates":[-97.38028,19.82667]},"properties":{"id":76243,"name":"Yopi","state_code":"PUE","country_code":"MX"}},{"type":"Feature","geometry":{"type":"Point","coordinates":[-97.84762,18.88099]},"properties":{"id":76261,"name":"Zacaola","state_code":"PUE","country_code":"MX"}},{"type":"Feature","geometry":{"type":"Point","coordinates":[-98.04505,18.5781]},"properties":{"id":76262,"name":"Zacapala","state_code":"PUE","country_code":"MX"}},{"type":"Feature","geometry":{"type":"Point","coordinates":[-98.35109,19.05441]},"properties":{"id":76264,"name":"Zacapechpan","state_code":"PUE","country_code":"MX"}},{"type":"Feature","geometry":{"type":"Point","coordinates":[-97.58899,19.87271]},"properties":{"id":76265,"name":"Zacapoaxtla","state_code":"PUE","country_code":"MX"}},{"type":"Feature","geometry":{"type":"Point","coordinates":[-97.5328,19.26631]},"properties":{"id":76275,"name":"Zacatepec","state_code":"PUE","country_code":"MX"}},{"type":"Feature","geometry":{"type":"Point","coordinates":[-97.96125,19.9355]},"properties":{"id":76277,"name":"Zacatlán","state_code":"PUE","country_code":"MX"}},{"type":"Feature","geometry":{"type":"Point","coordinates":[-97.8675,18.98333]},"properties":{"id":76291,"name":"Zahuatlán de Morelos (San José)","state_code":"PUE","country_code":"MX"}},{"type":"Feature","geometry":{"type":"Point","coordinates":[-97.71385,20.00209]},"properties":{"id":76307,"name":"Zapotitlán","state_code":"PUE","country_code":"MX"}},{"type":"Feature","geometry":{"type":"Point","coordinates":[-97.55506,19.77097]},"properties":{"id":76315,"name":"Zaragoza","state_code":"PUE","country_code":"MX"}},{"type":"Feature","geometry":{"type":"Point","coordinates":[-97.65952,19.72013]},"properties":{"id":76325,"name":"Zautla","state_code":"PUE","country_code":"MX"}},{"type":"Feature","geometry":{"type":"Point","coordinates":[-97.9985,20.0867]},"properties":{"id":76327,"name":"Zempoala","state_code":"PUE","country_code":"MX"}},{"type":"Feature","geometry":{"type":"Point","coordinates":[-97.81998,20.28699]},"properties":{"id":76334,"name":"Zihuateutla","state_code":"PUE","country_code":"MX"}},{"type":"Feature","geometry":{"type":"Point","coordinates":[-97.24621,18.33516]},"properties":{"id":76341,"name":"Zinacatepec","state_code":"PUE","country_code":"MX"}},{"type":"Feature","geometry":{"type":"Point","coordinates":[-97.62028,19.93444]},"properties":{"id":76355,"name":"Zoatecpan","state_code":"PUE","country_code":"MX"}},{"type":"Feature","geometry":{"type":"Point","coordinates":[-98.52722,18.57611]},"properties":{"id":76359,"name":"Zolonquiapa","state_code":"PUE","country_code":"MX"}},{"type":"Feature","geometry":{"type":"Point","coordinates":[-97.72751,19.9793]},"properties":{"id":76363,"name":"Zongozotla","state_code":"PUE","country_code":"MX"}},{"type":"Feature","geometry":{"type":"Point","coordinates":[-97.59691,20.00735]},"properties":{"id":76368,"name":"Zoquiapan","state_code":"PUE","country_code":"MX"}},{"type":"Feature","geometry":{"type":"Point","coordinates":[-97.59606,20.00898]},"properties":{"id":76369,"name":"Zoquiopan","state_code":"PUE","country_code":"MX"}},{"type":"Feature","geometry":{"type":"Point","coordinates":[-96.98165,18.377]},"properties":{"id":76373,"name":"Zoquitlán","state_code":"PUE","country_code":"MX"}},{"type":"Feature","geometry":{"type":"Point","coordinates":[-97.81831,19.82343]},"properties":{"id":76377,"name":"Zoyatitla","state_code":"PUE","country_code":"MX"}},{"type":"Feature","geometry":{"type":"Point","coordinates":[-97.69389,19.92778]},"properties":{"id":76380,"name":"Zoyotla","state_code":"PUE","country_code":"MX"}},{"type":"Feature","geometry":{"type":"Point","coordinates":[-97.56934,20.10396]},"properties":{"id":76381,"name":"Zozocolco de Guerrero","state_code":"PUE","country_code":"MX"}}]}