{"type":"FeatureCollection","features":[{"type":"Feature","geometry":{"type":"Point","coordinates":[-95.54556,17.78306]},"properties":{"id":68017,"name":"Abasolo del Valle","state_code":"VER","country_code":"MX"}},{"type":"Feature","geometry":{"type":"Point","coordinates":[-95.21444,18.28222]},"properties":{"id":68021,"name":"Abrevadero","state_code":"VER","country_code":"MX"}},{"type":"Feature","geometry":{"type":"Point","coordinates":[-97.03333,19.56815]},"properties":{"id":68028,"name":"Acajete","state_code":"VER","country_code":"MX"}},{"type":"Feature","geometry":{"type":"Point","coordinates":[-97.21833,18.74944]},"properties":{"id":68046,"name":"Acatla","state_code":"VER","country_code":"MX"}},{"type":"Feature","geometry":{"type":"Point","coordinates":[-96.84367,19.69648]},"properties":{"id":68050,"name":"Acatlán","state_code":"VER","country_code":"MX"}},{"type":"Feature","geometry":{"type":"Point","coordinates":[-94.91386,17.94979]},"properties":{"id":68058,"name":"Acayucan","state_code":"VER","country_code":"MX"}},{"type":"Feature","geometry":{"type":"Point","coordinates":[-96.58978,19.21284]},"properties":{"id":68059,"name":"Acazónica","state_code":"VER","country_code":"MX"}},{"type":"Feature","geometry":{"type":"Point","coordinates":[-95.13395,17.73652]},"properties":{"id":68061,"name":"Achotal de Moreno","state_code":"VER","country_code":"MX"}},{"type":"Feature","geometry":{"type":"Point","coordinates":[-97.38469,20.68206]},"properties":{"id":68065,"name":"Acontitla","state_code":"VER","country_code":"MX"}},{"type":"Feature","geometry":{"type":"Point","coordinates":[-96.61668,19.50427]},"properties":{"id":68072,"name":"Actopan","state_code":"VER","country_code":"MX"}},{"type":"Feature","geometry":{"type":"Point","coordinates":[-95.77427,18.50563]},"properties":{"id":68081,"name":"Acula","state_code":"VER","country_code":"MX"}},{"type":"Feature","geometry":{"type":"Point","coordinates":[-97.30367,18.71894]},"properties":{"id":68083,"name":"Acultzingo","state_code":"VER","country_code":"MX"}},{"type":"Feature","geometry":{"type":"Point","coordinates":[-97.23806,19.72472]},"properties":{"id":68093,"name":"Adolfo Moreno","state_code":"VER","country_code":"MX"}},{"type":"Feature","geometry":{"type":"Point","coordinates":[-97.30585,20.59585]},"properties":{"id":68095,"name":"Adolfo Ruíz Cortines","state_code":"VER","country_code":"MX"}},{"type":"Feature","geometry":{"type":"Point","coordinates":[-97.19833,18.81361]},"properties":{"id":68100,"name":"Agrícola Lázaro Cárdenas","state_code":"VER","country_code":"MX"}},{"type":"Feature","geometry":{"type":"Point","coordinates":[-94.14527,18.13909]},"properties":{"id":68110,"name":"Agua Dulce","state_code":"VER","country_code":"MX"}},{"type":"Feature","geometry":{"type":"Point","coordinates":[-95.015,17.81083]},"properties":{"id":68128,"name":"Aguilera","state_code":"VER","country_code":"MX"}},{"type":"Feature","geometry":{"type":"Point","coordinates":[-97.2978,19.78351]},"properties":{"id":68139,"name":"Ahuacatán","state_code":"VER","country_code":"MX"}},{"type":"Feature","geometry":{"type":"Point","coordinates":[-98.15055,21.00245]},"properties":{"id":68144,"name":"Ahuateno","state_code":"VER","country_code":"MX"}},{"type":"Feature","geometry":{"type":"Point","coordinates":[-97.25984,19.71974]},"properties":{"id":68159,"name":"Ahueyahualco","state_code":"VER","country_code":"MX"}},{"type":"Feature","geometry":{"type":"Point","coordinates":[-97.67554,20.91154]},"properties":{"id":76390,"name":"Álamo","state_code":"VER","country_code":"MX"}},{"type":"Feature","geometry":{"type":"Point","coordinates":[-97.70592,20.98922]},"properties":{"id":76391,"name":"Álamo Temapache","state_code":"VER","country_code":"MX"}},{"type":"Feature","geometry":{"type":"Point","coordinates":[-96.87109,19.44851]},"properties":{"id":68177,"name":"Alborada","state_code":"VER","country_code":"MX"}},{"type":"Feature","geometry":{"type":"Point","coordinates":[-94.39289,18.15514]},"properties":{"id":68205,"name":"Allende","state_code":"VER","country_code":"MX"}},{"type":"Feature","geometry":{"type":"Point","coordinates":[-94.9175,17.8075]},"properties":{"id":68209,"name":"Almagres","state_code":"VER","country_code":"MX"}},{"type":"Feature","geometry":{"type":"Point","coordinates":[-97.12174,19.10155]},"properties":{"id":68217,"name":"Alpatláhuac","state_code":"VER","country_code":"MX"}},{"type":"Feature","geometry":{"type":"Point","coordinates":[-97.44194,20.95361]},"properties":{"id":68227,"name":"Alto Lucero","state_code":"VER","country_code":"MX"}},{"type":"Feature","geometry":{"type":"Point","coordinates":[-97.24514,19.76613]},"properties":{"id":68228,"name":"Altotonga","state_code":"VER","country_code":"MX"}},{"type":"Feature","geometry":{"type":"Point","coordinates":[-95.76181,18.77143]},"properties":{"id":68230,"name":"Alvarado","state_code":"VER","country_code":"MX"}},{"type":"Feature","geometry":{"type":"Point","coordinates":[-95.68388,18.43371]},"properties":{"id":68241,"name":"Amatitlán","state_code":"VER","country_code":"MX"}},{"type":"Feature","geometry":{"type":"Point","coordinates":[-97.75704,21.33519]},"properties":{"id":68243,"name":"Amatlán","state_code":"VER","country_code":"MX"}},{"type":"Feature","geometry":{"type":"Point","coordinates":[-96.91595,18.84658]},"properties":{"id":68246,"name":"Amatlán de los Reyes","state_code":"VER","country_code":"MX"}},{"type":"Feature","geometry":{"type":"Point","coordinates":[-97.85506,22.20275]},"properties":{"id":68267,"name":"Anahuac","state_code":"VER","country_code":"MX"}},{"type":"Feature","geometry":{"type":"Point","coordinates":[-95.39724,18.60798]},"properties":{"id":68273,"name":"Angel R. Cabada","state_code":"VER","country_code":"MX"}},{"type":"Feature","geometry":{"type":"Point","coordinates":[-95.99272,19.05962]},"properties":{"id":68281,"name":"Antón Lizardo","state_code":"VER","country_code":"MX"}},{"type":"Feature","geometry":{"type":"Point","coordinates":[-98.15873,22.15046]},"properties":{"id":68279,"name":"Antonio J Bermúdez","state_code":"VER","country_code":"MX"}},{"type":"Feature","geometry":{"type":"Point","coordinates":[-96.65058,19.33175]},"properties":{"id":68304,"name":"Apazapan","state_code":"VER","country_code":"MX"}},{"type":"Feature","geometry":{"type":"Point","coordinates":[-97.32319,18.78958]},"properties":{"id":68316,"name":"Aquila","state_code":"VER","country_code":"MX"}},{"type":"Feature","geometry":{"type":"Point","coordinates":[-98.14794,21.87206]},"properties":{"id":68319,"name":"Aquiles Serdán","state_code":"VER","country_code":"MX"}},{"type":"Feature","geometry":{"type":"Point","coordinates":[-96.21444,19.20722]},"properties":{"id":68335,"name":"Arboledas","state_code":"VER","country_code":"MX"}},{"type":"Feature","geometry":{"type":"Point","coordinates":[-95.83601,18.81631]},"properties":{"id":68337,"name":"Arbolillo","state_code":"VER","country_code":"MX"}},{"type":"Feature","geometry":{"type":"Point","coordinates":[-95.7697,17.78951]},"properties":{"id":68347,"name":"Arenal Santa Ana","state_code":"VER","country_code":"MX"}},{"type":"Feature","geometry":{"type":"Point","coordinates":[-97.41528,20.53667]},"properties":{"id":68370,"name":"Arroyo del Maíz Uno","state_code":"VER","country_code":"MX"}},{"type":"Feature","geometry":{"type":"Point","coordinates":[-97.0652,20.14554]},"properties":{"id":68371,"name":"Arroyo del Potrero","state_code":"VER","country_code":"MX"}},{"type":"Feature","geometry":{"type":"Point","coordinates":[-96.87372,20.02317]},"properties":{"id":68360,"name":"Arroyo Hondo","state_code":"VER","country_code":"MX"}},{"type":"Feature","geometry":{"type":"Point","coordinates":[-95.41333,18.48667]},"properties":{"id":68364,"name":"Arroyo San Isidro","state_code":"VER","country_code":"MX"}},{"type":"Feature","geometry":{"type":"Point","coordinates":[-97.10376,18.569]},"properties":{"id":68381,"name":"Astacinga","state_code":"VER","country_code":"MX"}},{"type":"Feature","geometry":{"type":"Point","coordinates":[-97.11553,18.68308]},"properties":{"id":68412,"name":"Atlahuilco","state_code":"VER","country_code":"MX"}},{"type":"Feature","geometry":{"type":"Point","coordinates":[-96.80203,18.93182]},"properties":{"id":68433,"name":"Atoyac","state_code":"VER","country_code":"MX"}},{"type":"Feature","geometry":{"type":"Point","coordinates":[-97.08307,18.90724]},"properties":{"id":68436,"name":"Atzacan","state_code":"VER","country_code":"MX"}},{"type":"Feature","geometry":{"type":"Point","coordinates":[-97.24195,19.78864]},"properties":{"id":68439,"name":"Atzalan","state_code":"VER","country_code":"MX"}},{"type":"Feature","geometry":{"type":"Point","coordinates":[-95.29985,18.37175]},"properties":{"id":68452,"name":"Axochío","state_code":"VER","country_code":"MX"}},{"type":"Feature","geometry":{"type":"Point","coordinates":[-97.14853,19.38613]},"properties":{"id":68458,"name":"Ayahualulco","state_code":"VER","country_code":"MX"}},{"type":"Feature","geometry":{"type":"Point","coordinates":[-98.30264,20.64885]},"properties":{"id":68466,"name":"Ayotuxtla","state_code":"VER","country_code":"MX"}},{"type":"Feature","geometry":{"type":"Point","coordinates":[-97.39361,20.99083]},"properties":{"id":68511,"name":"Banderas","state_code":"VER","country_code":"MX"}},{"type":"Feature","geometry":{"type":"Point","coordinates":[-96.93727,19.58893]},"properties":{"id":68514,"name":"Banderilla","state_code":"VER","country_code":"MX"}},{"type":"Feature","geometry":{"type":"Point","coordinates":[-96.34159,19.40643]},"properties":{"id":68516,"name":"Bara de Chachalacas","state_code":"VER","country_code":"MX"}},{"type":"Feature","geometry":{"type":"Point","coordinates":[-97.2032,20.72307]},"properties":{"id":68518,"name":"Barra de Cazones","state_code":"VER","country_code":"MX"}},{"type":"Feature","geometry":{"type":"Point","coordinates":[-94.58691,18.06918]},"properties":{"id":68520,"name":"Barrancas","state_code":"VER","country_code":"MX"}},{"type":"Feature","geometry":{"type":"Point","coordinates":[-97.12389,19.64333]},"properties":{"id":68550,"name":"Barrio de San Miguel","state_code":"VER","country_code":"MX"}},{"type":"Feature","geometry":{"type":"Point","coordinates":[-96.86648,19.43329]},"properties":{"id":68575,"name":"Bella Esperanza","state_code":"VER","country_code":"MX"}},{"type":"Feature","geometry":{"type":"Point","coordinates":[-98.20594,20.88635]},"properties":{"id":68594,"name":"Benito Juárez","state_code":"VER","country_code":"MX"}},{"type":"Feature","geometry":{"type":"Point","coordinates":[-96.68819,19.58117]},"properties":{"id":68617,"name":"Blanca Espuma","state_code":"VER","country_code":"MX"}},{"type":"Feature","geometry":{"type":"Point","coordinates":[-96.8327,19.15451]},"properties":{"id":68621,"name":"Boca del Monte","state_code":"VER","country_code":"MX"}},{"type":"Feature","geometry":{"type":"Point","coordinates":[-96.10405,19.10464]},"properties":{"id":68622,"name":"Boca del Rio","state_code":"VER","country_code":"MX"}},{"type":"Feature","geometry":{"type":"Point","coordinates":[-96.85667,19.04278]},"properties":{"id":68659,"name":"Buena Vista","state_code":"VER","country_code":"MX"}},{"type":"Feature","geometry":{"type":"Point","coordinates":[-95.24879,18.46463]},"properties":{"id":68685,"name":"Buenos Aires","state_code":"VER","country_code":"MX"}},{"type":"Feature","geometry":{"type":"Point","coordinates":[-97.60139,20.84028]},"properties":{"id":68691,"name":"Buenos Aires (San Isidro)","state_code":"VER","country_code":"MX"}},{"type":"Feature","geometry":{"type":"Point","coordinates":[-96.38278,19.37167]},"properties":{"id":68703,"name":"Cabezas","state_code":"VER","country_code":"MX"}},{"type":"Feature","geometry":{"type":"Point","coordinates":[-96.84192,18.83098]},"properties":{"id":68706,"name":"Cacahuatal","state_code":"VER","country_code":"MX"}},{"type":"Feature","geometry":{"type":"Point","coordinates":[-97.14201,19.13698]},"properties":{"id":68728,"name":"Calcahualco","state_code":"VER","country_code":"MX"}},{"type":"Feature","geometry":{"type":"Point","coordinates":[-95.17737,18.42883]},"properties":{"id":68734,"name":"Calería","state_code":"VER","country_code":"MX"}},{"type":"Feature","geometry":{"type":"Point","coordinates":[-97.55103,20.44155]},"properties":{"id":68735,"name":"Calichar Palma Sola","state_code":"VER","country_code":"MX"}},{"type":"Feature","geometry":{"type":"Point","coordinates":[-94.45524,18.10121]},"properties":{"id":68755,"name":"Calzadas","state_code":"VER","country_code":"MX"}},{"type":"Feature","geometry":{"type":"Point","coordinates":[-96.56807,19.0081]},"properties":{"id":68760,"name":"Camarón de Tejeda","state_code":"VER","country_code":"MX"}},{"type":"Feature","geometry":{"type":"Point","coordinates":[-97.16016,18.78246]},"properties":{"id":68763,"name":"Camerino Z. Mendoza","state_code":"VER","country_code":"MX"}},{"type":"Feature","geometry":{"type":"Point","coordinates":[-97.02802,18.83639]},"properties":{"id":68776,"name":"Campo Chico","state_code":"VER","country_code":"MX"}},{"type":"Feature","geometry":{"type":"Point","coordinates":[-94.98611,18.0675]},"properties":{"id":68780,"name":"Campo de Águila","state_code":"VER","country_code":"MX"}},{"type":"Feature","geometry":{"type":"Point","coordinates":[-97.01265,18.82296]},"properties":{"id":68777,"name":"Campo Grande","state_code":"VER","country_code":"MX"}},{"type":"Feature","geometry":{"type":"Point","coordinates":[-97.02722,18.80639]},"properties":{"id":68807,"name":"Capoluca","state_code":"VER","country_code":"MX"}},{"type":"Feature","geometry":{"type":"Point","coordinates":[-97.30593,20.64538]},"properties":{"id":68823,"name":"Caristay","state_code":"VER","country_code":"MX"}},{"type":"Feature","geometry":{"type":"Point","coordinates":[-95.75444,18.37477]},"properties":{"id":68824,"name":"Carlos A. Carrillo","state_code":"VER","country_code":"MX"}},{"type":"Feature","geometry":{"type":"Point","coordinates":[-96.5823,18.81314]},"properties":{"id":68840,"name":"Carrillo Puerto","state_code":"VER","country_code":"MX"}},{"type":"Feature","geometry":{"type":"Point","coordinates":[-97.25676,20.59552]},"properties":{"id":68841,"name":"Carrizal","state_code":"VER","country_code":"MX"}},{"type":"Feature","geometry":{"type":"Point","coordinates":[-96.80114,20.25532]},"properties":{"id":68857,"name":"Casitas","state_code":"VER","country_code":"MX"}},{"type":"Feature","geometry":{"type":"Point","coordinates":[-97.6303,20.74927]},"properties":{"id":68860,"name":"Castillo de Teayo","state_code":"VER","country_code":"MX"}},{"type":"Feature","geometry":{"type":"Point","coordinates":[-95.11398,18.42131]},"properties":{"id":68863,"name":"Catemaco","state_code":"VER","country_code":"MX"}},{"type":"Feature","geometry":{"type":"Point","coordinates":[-96.77456,18.43103]},"properties":{"id":68867,"name":"Caxapa","state_code":"VER","country_code":"MX"}},{"type":"Feature","geometry":{"type":"Point","coordinates":[-97.30994,20.70423]},"properties":{"id":68872,"name":"Cazones de Herrera","state_code":"VER","country_code":"MX"}},{"type":"Feature","geometry":{"type":"Point","coordinates":[-97.22526,18.8148]},"properties":{"id":68886,"name":"Cecilio Terán","state_code":"VER","country_code":"MX"}},{"type":"Feature","geometry":{"type":"Point","coordinates":[-96.89583,20.17694]},"properties":{"id":68894,"name":"Cementeras del Pital","state_code":"VER","country_code":"MX"}},{"type":"Feature","geometry":{"type":"Point","coordinates":[-97.22028,19.625]},"properties":{"id":68901,"name":"Centro de Readaptación Social","state_code":"VER","country_code":"MX"}},{"type":"Feature","geometry":{"type":"Point","coordinates":[-96.60931,19.13329]},"properties":{"id":68914,"name":"Cerritos","state_code":"VER","country_code":"MX"}},{"type":"Feature","geometry":{"type":"Point","coordinates":[-97.74088,21.192]},"properties":{"id":68922,"name":"Cerro Azul","state_code":"VER","country_code":"MX"}},{"type":"Feature","geometry":{"type":"Point","coordinates":[-96.64835,19.56951]},"properties":{"id":68925,"name":"Cerro Gordo","state_code":"VER","country_code":"MX"}},{"type":"Feature","geometry":{"type":"Point","coordinates":[-97.68194,20.23861]},"properties":{"id":68929,"name":"Cerro Grande","state_code":"VER","country_code":"MX"}},{"type":"Feature","geometry":{"type":"Point","coordinates":[-96.37856,19.23543]},"properties":{"id":68930,"name":"Cerro Guzmán","state_code":"VER","country_code":"MX"}},{"type":"Feature","geometry":{"type":"Point","coordinates":[-95.19972,18.41083]},"properties":{"id":68940,"name":"Cerro las Iguanas","state_code":"VER","country_code":"MX"}},{"type":"Feature","geometry":{"type":"Point","coordinates":[-94.7028,18.0786]},"properties":{"id":68945,"name":"Chacalapa","state_code":"VER","country_code":"MX"}},{"type":"Feature","geometry":{"type":"Point","coordinates":[-95.84167,18.30528]},"properties":{"id":68947,"name":"Chacaltianguis","state_code":"VER","country_code":"MX"}},{"type":"Feature","geometry":{"type":"Point","coordinates":[-98.37526,21.20799]},"properties":{"id":68964,"name":"Chalma","state_code":"VER","country_code":"MX"}},{"type":"Feature","geometry":{"type":"Point","coordinates":[-98.2478,21.13704]},"properties":{"id":68984,"name":"Chapopote Chico","state_code":"VER","country_code":"MX"}},{"type":"Feature","geometry":{"type":"Point","coordinates":[-97.68274,20.93167]},"properties":{"id":68985,"name":"Chapopote Núñez","state_code":"VER","country_code":"MX"}},{"type":"Feature","geometry":{"type":"Point","coordinates":[-96.79458,19.42551]},"properties":{"id":69001,"name":"Chavarrillo","state_code":"VER","country_code":"MX"}},{"type":"Feature","geometry":{"type":"Point","coordinates":[-96.83054,19.13016]},"properties":{"id":69003,"name":"Chavaxtla","state_code":"VER","country_code":"MX"}},{"type":"Feature","geometry":{"type":"Point","coordinates":[-96.46861,19.34306]},"properties":{"id":69024,"name":"Chichicaxtle","state_code":"VER","country_code":"MX"}},{"type":"Feature","geometry":{"type":"Point","coordinates":[-97.10806,18.90139]},"properties":{"id":69035,"name":"Chicola","state_code":"VER","country_code":"MX"}},{"type":"Feature","geometry":{"type":"Point","coordinates":[-98.45426,21.24326]},"properties":{"id":69039,"name":"Chiconamel","state_code":"VER","country_code":"MX"}},{"type":"Feature","geometry":{"type":"Point","coordinates":[-96.81851,19.74208]},"properties":{"id":69043,"name":"Chiconquiaco","state_code":"VER","country_code":"MX"}},{"type":"Feature","geometry":{"type":"Point","coordinates":[-98.17239,20.97214]},"properties":{"id":69044,"name":"Chicontepec","state_code":"VER","country_code":"MX"}},{"type":"Feature","geometry":{"type":"Point","coordinates":[-97.66163,20.38272]},"properties":{"id":69046,"name":"Chicualoque","state_code":"VER","country_code":"MX"}},{"type":"Feature","geometry":{"type":"Point","coordinates":[-96.67224,19.52785]},"properties":{"id":69047,"name":"Chicuasen","state_code":"VER","country_code":"MX"}},{"type":"Feature","geometry":{"type":"Point","coordinates":[-97.15417,18.98861]},"properties":{"id":69063,"name":"Chilapa","state_code":"VER","country_code":"MX"}},{"type":"Feature","geometry":{"type":"Point","coordinates":[-96.8666,19.57708]},"properties":{"id":69074,"name":"Chiltoyac","state_code":"VER","country_code":"MX"}},{"type":"Feature","geometry":{"type":"Point","coordinates":[-94.67945,18.02195]},"properties":{"id":69082,"name":"Chinameca","state_code":"VER","country_code":"MX"}},{"type":"Feature","geometry":{"type":"Point","coordinates":[-97.73484,21.35959]},"properties":{"id":69083,"name":"Chinampa de Gorostiza","state_code":"VER","country_code":"MX"}},{"type":"Feature","geometry":{"type":"Point","coordinates":[-97.03291,19.01214]},"properties":{"id":69097,"name":"Chocamán","state_code":"VER","country_code":"MX"}},{"type":"Feature","geometry":{"type":"Point","coordinates":[-95.39347,18.57523]},"properties":{"id":69104,"name":"Chonegal","state_code":"VER","country_code":"MX"}},{"type":"Feature","geometry":{"type":"Point","coordinates":[-97.97877,21.39198]},"properties":{"id":69107,"name":"Chontla","state_code":"VER","country_code":"MX"}},{"type":"Feature","geometry":{"type":"Point","coordinates":[-97.59402,20.20574]},"properties":{"id":69115,"name":"Chumatlán","state_code":"VER","country_code":"MX"}},{"type":"Feature","geometry":{"type":"Point","coordinates":[-95.18156,18.34803]},"properties":{"id":69120,"name":"Chuniapan de Arriba","state_code":"VER","country_code":"MX"}},{"type":"Feature","geometry":{"type":"Point","coordinates":[-97.87861,21.32912]},"properties":{"id":69140,"name":"Citlaltépec","state_code":"VER","country_code":"MX"}},{"type":"Feature","geometry":{"type":"Point","coordinates":[-97.89201,21.34351]},"properties":{"id":69141,"name":"Citlaltépetl","state_code":"VER","country_code":"MX"}},{"type":"Feature","geometry":{"type":"Point","coordinates":[-97.83472,22.18439]},"properties":{"id":69152,"name":"Ciudad Cuauhtémoc","state_code":"VER","country_code":"MX"}},{"type":"Feature","geometry":{"type":"Point","coordinates":[-97.1787,18.80645]},"properties":{"id":69170,"name":"Ciudad Mendoza","state_code":"VER","country_code":"MX"}},{"type":"Feature","geometry":{"type":"Point","coordinates":[-96.94043,19.65163]},"properties":{"id":69206,"name":"Coacoatzintla","state_code":"VER","country_code":"MX"}},{"type":"Feature","geometry":{"type":"Point","coordinates":[-94.66711,17.93656]},"properties":{"id":69207,"name":"Coacotla","state_code":"VER","country_code":"MX"}},{"type":"Feature","geometry":{"type":"Point","coordinates":[-97.70022,20.27543]},"properties":{"id":69216,"name":"Coahuitlán","state_code":"VER","country_code":"MX"}},{"type":"Feature","geometry":{"type":"Point","coordinates":[-96.96148,19.45229]},"properties":{"id":69224,"name":"Coatepec","state_code":"VER","country_code":"MX"}},{"type":"Feature","geometry":{"type":"Point","coordinates":[-94.4447,18.14905]},"properties":{"id":69231,"name":"Coatzacoalcos","state_code":"VER","country_code":"MX"}},{"type":"Feature","geometry":{"type":"Point","coordinates":[-97.46823,20.48699]},"properties":{"id":69233,"name":"Coatzintla","state_code":"VER","country_code":"MX"}},{"type":"Feature","geometry":{"type":"Point","coordinates":[-96.91697,18.78521]},"properties":{"id":69246,"name":"Coetzala","state_code":"VER","country_code":"MX"}},{"type":"Feature","geometry":{"type":"Point","coordinates":[-98.09697,20.81642]},"properties":{"id":69256,"name":"Colatlán","state_code":"VER","country_code":"MX"}},{"type":"Feature","geometry":{"type":"Point","coordinates":[-96.72713,19.92323]},"properties":{"id":69261,"name":"Colipa","state_code":"VER","country_code":"MX"}},{"type":"Feature","geometry":{"type":"Point","coordinates":[-96.16139,18.25694]},"properties":{"id":69272,"name":"Colonia Adolfo Ruiz Cortines (Colonia Obrera)","state_code":"VER","country_code":"MX"}},{"type":"Feature","geometry":{"type":"Point","coordinates":[-96.21444,19.21417]},"properties":{"id":69287,"name":"Colonia Chalchihuecan","state_code":"VER","country_code":"MX"}},{"type":"Feature","geometry":{"type":"Point","coordinates":[-96.21639,19.21889]},"properties":{"id":69390,"name":"Colonia el Renacimiento","state_code":"VER","country_code":"MX"}},{"type":"Feature","geometry":{"type":"Point","coordinates":[-97.69306,21.36167]},"properties":{"id":69397,"name":"Colonia las Flores","state_code":"VER","country_code":"MX"}},{"type":"Feature","geometry":{"type":"Point","coordinates":[-94.9025,17.96306]},"properties":{"id":69320,"name":"Colonia Lealtad","state_code":"VER","country_code":"MX"}},{"type":"Feature","geometry":{"type":"Point","coordinates":[-97.21262,19.67734]},"properties":{"id":69321,"name":"Colonia Libertad","state_code":"VER","country_code":"MX"}},{"type":"Feature","geometry":{"type":"Point","coordinates":[-96.85939,19.11495]},"properties":{"id":69327,"name":"Colonia Manuel González","state_code":"VER","country_code":"MX"}},{"type":"Feature","geometry":{"type":"Point","coordinates":[-96.87817,19.50191]},"properties":{"id":69369,"name":"Colonia Santa Bárbara","state_code":"VER","country_code":"MX"}},{"type":"Feature","geometry":{"type":"Point","coordinates":[-96.97842,19.42862]},"properties":{"id":69407,"name":"Colonia Úrsulo Galván","state_code":"VER","country_code":"MX"}},{"type":"Feature","geometry":{"type":"Point","coordinates":[-97.05139,20.04583]},"properties":{"id":69408,"name":"Colonias Pedernales","state_code":"VER","country_code":"MX"}},{"type":"Feature","geometry":{"type":"Point","coordinates":[-96.97833,18.88472]},"properties":{"id":69410,"name":"Colorines","state_code":"VER","country_code":"MX"}},{"type":"Feature","geometry":{"type":"Point","coordinates":[-96.71374,19.13889]},"properties":{"id":69423,"name":"Comapa","state_code":"VER","country_code":"MX"}},{"type":"Feature","geometry":{"type":"Point","coordinates":[-94.88552,18.06126]},"properties":{"id":69424,"name":"Comején","state_code":"VER","country_code":"MX"}},{"type":"Feature","geometry":{"type":"Point","coordinates":[-95.17415,18.40684]},"properties":{"id":69426,"name":"Comoapan","state_code":"VER","country_code":"MX"}},{"type":"Feature","geometry":{"type":"Point","coordinates":[-97.38183,20.43047]},"properties":{"id":69454,"name":"Congregación el Tajín","state_code":"VER","country_code":"MX"}},{"type":"Feature","geometry":{"type":"Point","coordinates":[-94.97056,17.9375]},"properties":{"id":69451,"name":"Congregación Hidalgo","state_code":"VER","country_code":"MX"}},{"type":"Feature","geometry":{"type":"Point","coordinates":[-96.92559,18.8842]},"properties":{"id":69661,"name":"Córdoba","state_code":"VER","country_code":"MX"}},{"type":"Feature","geometry":{"type":"Point","coordinates":[-96.97889,18.90861]},"properties":{"id":69662,"name":"Córdoba (Santa Leticia)","state_code":"VER","country_code":"MX"}},{"type":"Feature","geometry":{"type":"Point","coordinates":[-98.55444,21.54627]},"properties":{"id":69483,"name":"Corozal","state_code":"VER","country_code":"MX"}},{"type":"Feature","geometry":{"type":"Point","coordinates":[-95.11542,18.11461]},"properties":{"id":69485,"name":"Corral Nuevo","state_code":"VER","country_code":"MX"}},{"type":"Feature","geometry":{"type":"Point","coordinates":[-97.52582,20.48273]},"properties":{"id":69492,"name":"Corralillos","state_code":"VER","country_code":"MX"}},{"type":"Feature","geometry":{"type":"Point","coordinates":[-95.79857,18.36759]},"properties":{"id":69497,"name":"Cosamaloapan","state_code":"VER","country_code":"MX"}},{"type":"Feature","geometry":{"type":"Point","coordinates":[-95.95967,18.30163]},"properties":{"id":69498,"name":"Cosamaloapan de Carpio","state_code":"VER","country_code":"MX"}},{"type":"Feature","geometry":{"type":"Point","coordinates":[-96.9903,19.33196]},"properties":{"id":69499,"name":"Cosautlán","state_code":"VER","country_code":"MX"}},{"type":"Feature","geometry":{"type":"Point","coordinates":[-96.97719,19.32878]},"properties":{"id":69500,"name":"Cosautlán de Carvajal","state_code":"VER","country_code":"MX"}},{"type":"Feature","geometry":{"type":"Point","coordinates":[-97.04685,19.07275]},"properties":{"id":69502,"name":"Coscomatepec de Bravo","state_code":"VER","country_code":"MX"}},{"type":"Feature","geometry":{"type":"Point","coordinates":[-96.68524,18.60055]},"properties":{"id":69503,"name":"Cosolapa","state_code":"VER","country_code":"MX"}},{"type":"Feature","geometry":{"type":"Point","coordinates":[-94.6359,17.99913]},"properties":{"id":69504,"name":"Cosoleacaque","state_code":"VER","country_code":"MX"}},{"type":"Feature","geometry":{"type":"Point","coordinates":[-96.3964,18.83555]},"properties":{"id":69508,"name":"Cotaxtla","state_code":"VER","country_code":"MX"}},{"type":"Feature","geometry":{"type":"Point","coordinates":[-97.58568,20.18398]},"properties":{"id":69513,"name":"Coxquihui","state_code":"VER","country_code":"MX"}},{"type":"Feature","geometry":{"type":"Point","coordinates":[-96.87039,19.22777]},"properties":{"id":69518,"name":"Coyolito","state_code":"VER","country_code":"MX"}},{"type":"Feature","geometry":{"type":"Point","coordinates":[-97.65824,20.2472]},"properties":{"id":69529,"name":"Coyutla","state_code":"VER","country_code":"MX"}},{"type":"Feature","geometry":{"type":"Point","coordinates":[-97.16691,19.63744]},"properties":{"id":69541,"name":"Cruz Blanca","state_code":"VER","country_code":"MX"}},{"type":"Feature","geometry":{"type":"Point","coordinates":[-95.01083,17.90833]},"properties":{"id":69547,"name":"Cruz del Milagro","state_code":"VER","country_code":"MX"}},{"type":"Feature","geometry":{"type":"Point","coordinates":[-97.10861,19.1375]},"properties":{"id":69545,"name":"Cruz Verde","state_code":"VER","country_code":"MX"}},{"type":"Feature","geometry":{"type":"Point","coordinates":[-97.31417,19.76472]},"properties":{"id":69574,"name":"Cuauhtamingo","state_code":"VER","country_code":"MX"}},{"type":"Feature","geometry":{"type":"Point","coordinates":[-97.02291,18.87747]},"properties":{"id":69594,"name":"Cuautlapán","state_code":"VER","country_code":"MX"}},{"type":"Feature","geometry":{"type":"Point","coordinates":[-97.66099,21.61568]},"properties":{"id":69604,"name":"Cucharas","state_code":"VER","country_code":"MX"}},{"type":"Feature","geometry":{"type":"Point","coordinates":[-95.23389,18.34667]},"properties":{"id":69617,"name":"Cuesta Amarilla","state_code":"VER","country_code":"MX"}},{"type":"Feature","geometry":{"type":"Point","coordinates":[-95.22111,18.29333]},"properties":{"id":69619,"name":"Cuesta de Laja","state_code":"VER","country_code":"MX"}},{"type":"Feature","geometry":{"type":"Point","coordinates":[-94.28,17.93889]},"properties":{"id":69626,"name":"Cuichapa","state_code":"VER","country_code":"MX"}},{"type":"Feature","geometry":{"type":"Point","coordinates":[-96.72281,18.81429]},"properties":{"id":69628,"name":"Cuitláhuac","state_code":"VER","country_code":"MX"}},{"type":"Feature","geometry":{"type":"Point","coordinates":[-97.17436,19.04569]},"properties":{"id":69630,"name":"Cuiyachapa","state_code":"VER","country_code":"MX"}},{"type":"Feature","geometry":{"type":"Point","coordinates":[-94.99806,17.94167]},"properties":{"id":69671,"name":"Dehesa","state_code":"VER","country_code":"MX"}},{"type":"Feature","geometry":{"type":"Point","coordinates":[-96.27333,19.2075]},"properties":{"id":69673,"name":"Delfino Victoria (Santa Fe)","state_code":"VER","country_code":"MX"}},{"type":"Feature","geometry":{"type":"Point","coordinates":[-97.55585,20.93477]},"properties":{"id":69698,"name":"Doctor Montes de Oca","state_code":"VER","country_code":"MX"}},{"type":"Feature","geometry":{"type":"Point","coordinates":[-95.70732,18.41087]},"properties":{"id":69717,"name":"Dos Bocas","state_code":"VER","country_code":"MX"}},{"type":"Feature","geometry":{"type":"Point","coordinates":[-96.79944,19.48417]},"properties":{"id":69720,"name":"Dos Ríos","state_code":"VER","country_code":"MX"}},{"type":"Feature","geometry":{"type":"Point","coordinates":[-96.22583,18.9038]},"properties":{"id":69757,"name":"Ejidal","state_code":"VER","country_code":"MX"}},{"type":"Feature","geometry":{"type":"Point","coordinates":[-96.78361,19.02861]},"properties":{"id":69816,"name":"Ejido la Piña (Maromilla)","state_code":"VER","country_code":"MX"}},{"type":"Feature","geometry":{"type":"Point","coordinates":[-94.97053,18.19808]},"properties":{"id":69825,"name":"El Aguacate","state_code":"VER","country_code":"MX"}},{"type":"Feature","geometry":{"type":"Point","coordinates":[-97.45632,20.63072]},"properties":{"id":70265,"name":"El Águila","state_code":"VER","country_code":"MX"}},{"type":"Feature","geometry":{"type":"Point","coordinates":[-97.65648,21.25559]},"properties":{"id":69829,"name":"El Anono","state_code":"VER","country_code":"MX"}},{"type":"Feature","geometry":{"type":"Point","coordinates":[-97.5925,20.26829]},"properties":{"id":69834,"name":"El Arenal","state_code":"VER","country_code":"MX"}},{"type":"Feature","geometry":{"type":"Point","coordinates":[-95.28053,18.07418]},"properties":{"id":69846,"name":"El Blanco","state_code":"VER","country_code":"MX"}},{"type":"Feature","geometry":{"type":"Point","coordinates":[-96.86425,19.54661]},"properties":{"id":69886,"name":"El Castillo","state_code":"VER","country_code":"MX"}},{"type":"Feature","geometry":{"type":"Point","coordinates":[-96.83642,19.4657]},"properties":{"id":69900,"name":"El Chico","state_code":"VER","country_code":"MX"}},{"type":"Feature","geometry":{"type":"Point","coordinates":[-97.34389,20.40167]},"properties":{"id":69903,"name":"El Chote","state_code":"VER","country_code":"MX"}},{"type":"Feature","geometry":{"type":"Point","coordinates":[-96.08442,18.71765]},"properties":{"id":69908,"name":"El Cocuite","state_code":"VER","country_code":"MX"}},{"type":"Feature","geometry":{"type":"Point","coordinates":[-97.15383,19.5314]},"properties":{"id":69917,"name":"El Conejo","state_code":"VER","country_code":"MX"}},{"type":"Feature","geometry":{"type":"Point","coordinates":[-95.7351,18.45226]},"properties":{"id":69927,"name":"El Corte","state_code":"VER","country_code":"MX"}},{"type":"Feature","geometry":{"type":"Point","coordinates":[-97.19791,19.5145]},"properties":{"id":69955,"name":"El Escobillo","state_code":"VER","country_code":"MX"}},{"type":"Feature","geometry":{"type":"Point","coordinates":[-96.8725,19.62444]},"properties":{"id":69961,"name":"El Espinal","state_code":"VER","country_code":"MX"}},{"type":"Feature","geometry":{"type":"Point","coordinates":[-96.39361,19.2775]},"properties":{"id":69981,"name":"El Hatito","state_code":"VER","country_code":"MX"}},{"type":"Feature","geometry":{"type":"Point","coordinates":[-98.45186,21.76708]},"properties":{"id":69983,"name":"El Higo","state_code":"VER","country_code":"MX"}},{"type":"Feature","geometry":{"type":"Point","coordinates":[-96.74528,19.74082]},"properties":{"id":69994,"name":"El Huérfano","state_code":"VER","country_code":"MX"}},{"type":"Feature","geometry":{"type":"Point","coordinates":[-95.17917,18.3875]},"properties":{"id":69989,"name":"El Huidero","state_code":"VER","country_code":"MX"}},{"type":"Feature","geometry":{"type":"Point","coordinates":[-97.94169,21.17568]},"properties":{"id":69993,"name":"El Humo","state_code":"VER","country_code":"MX"}},{"type":"Feature","geometry":{"type":"Point","coordinates":[-97.16461,20.01405]},"properties":{"id":70006,"name":"El Jobo","state_code":"VER","country_code":"MX"}},{"type":"Feature","geometry":{"type":"Point","coordinates":[-94.98946,17.74412]},"properties":{"id":70008,"name":"El Juile","state_code":"VER","country_code":"MX"}},{"type":"Feature","geometry":{"type":"Point","coordinates":[-95.329,18.27409]},"properties":{"id":70010,"name":"El Laurel","state_code":"VER","country_code":"MX"}},{"type":"Feature","geometry":{"type":"Point","coordinates":[-96.81622,19.48897]},"properties":{"id":70011,"name":"El Lencero","state_code":"VER","country_code":"MX"}},{"type":"Feature","geometry":{"type":"Point","coordinates":[-98.22,21.31278]},"properties":{"id":70019,"name":"El Lindero","state_code":"VER","country_code":"MX"}},{"type":"Feature","geometry":{"type":"Point","coordinates":[-96.73434,18.83295]},"properties":{"id":70028,"name":"El Maguey","state_code":"VER","country_code":"MX"}},{"type":"Feature","geometry":{"type":"Point","coordinates":[-97.94387,21.01168]},"properties":{"id":70038,"name":"El Mirador","state_code":"VER","country_code":"MX"}},{"type":"Feature","geometry":{"type":"Point","coordinates":[-98.29885,21.91602]},"properties":{"id":70043,"name":"El Molino","state_code":"VER","country_code":"MX"}},{"type":"Feature","geometry":{"type":"Point","coordinates":[-97.41111,20.54222]},"properties":{"id":70048,"name":"El Mollejon","state_code":"VER","country_code":"MX"}},{"type":"Feature","geometry":{"type":"Point","coordinates":[-94.60666,17.99785]},"properties":{"id":70056,"name":"El Naranjito","state_code":"VER","country_code":"MX"}},{"type":"Feature","geometry":{"type":"Point","coordinates":[-95.75722,17.76472]},"properties":{"id":70062,"name":"El Nigromante","state_code":"VER","country_code":"MX"}},{"type":"Feature","geometry":{"type":"Point","coordinates":[-96.6656,18.8033]},"properties":{"id":70079,"name":"El Palmar","state_code":"VER","country_code":"MX"}},{"type":"Feature","geometry":{"type":"Point","coordinates":[-97.63554,20.28918]},"properties":{"id":70085,"name":"El Panorama","state_code":"VER","country_code":"MX"}},{"type":"Feature","geometry":{"type":"Point","coordinates":[-95.14271,17.51592]},"properties":{"id":70088,"name":"El Paraíso","state_code":"VER","country_code":"MX"}},{"type":"Feature","geometry":{"type":"Point","coordinates":[-96.355,19.42889]},"properties":{"id":70092,"name":"El Paraíso (La Charca)","state_code":"VER","country_code":"MX"}},{"type":"Feature","geometry":{"type":"Point","coordinates":[-96.89805,20.15695]},"properties":{"id":70108,"name":"El Pital","state_code":"VER","country_code":"MX"}},{"type":"Feature","geometry":{"type":"Point","coordinates":[-96.92583,18.92083]},"properties":{"id":70117,"name":"El Porvenir","state_code":"VER","country_code":"MX"}},{"type":"Feature","geometry":{"type":"Point","coordinates":[-97.25499,18.67822]},"properties":{"id":70125,"name":"El Potrero","state_code":"VER","country_code":"MX"}},{"type":"Feature","geometry":{"type":"Point","coordinates":[-97.01444,20.11417]},"properties":{"id":70134,"name":"El Progreso","state_code":"VER","country_code":"MX"}},{"type":"Feature","geometry":{"type":"Point","coordinates":[-96.96946,18.88639]},"properties":{"id":70137,"name":"El Pueblito","state_code":"VER","country_code":"MX"}},{"type":"Feature","geometry":{"type":"Point","coordinates":[-96.92417,19.59389]},"properties":{"id":70138,"name":"El Pueblito (Garbanzal)","state_code":"VER","country_code":"MX"}},{"type":"Feature","geometry":{"type":"Point","coordinates":[-97.21213,20.38921]},"properties":{"id":70157,"name":"El Remolino","state_code":"VER","country_code":"MX"}},{"type":"Feature","geometry":{"type":"Point","coordinates":[-95.20285,18.38954]},"properties":{"id":70193,"name":"El Salto de Eyipantla","state_code":"VER","country_code":"MX"}},{"type":"Feature","geometry":{"type":"Point","coordinates":[-96.16097,19.07433]},"properties":{"id":70213,"name":"El Tejar","state_code":"VER","country_code":"MX"}},{"type":"Feature","geometry":{"type":"Point","coordinates":[-96.79907,19.53709]},"properties":{"id":70222,"name":"El Terrero","state_code":"VER","country_code":"MX"}},{"type":"Feature","geometry":{"type":"Point","coordinates":[-97.22002,19.42136]},"properties":{"id":70236,"name":"El Triunfo","state_code":"VER","country_code":"MX"}},{"type":"Feature","geometry":{"type":"Point","coordinates":[-94.95373,18.2475]},"properties":{"id":70243,"name":"El Tulín","state_code":"VER","country_code":"MX"}},{"type":"Feature","geometry":{"type":"Point","coordinates":[-97.24885,20.64294]},"properties":{"id":70258,"name":"El Volador","state_code":"VER","country_code":"MX"}},{"type":"Feature","geometry":{"type":"Point","coordinates":[-97.99907,20.662]},"properties":{"id":70262,"name":"El Zapote Bravo","state_code":"VER","country_code":"MX"}},{"type":"Feature","geometry":{"type":"Point","coordinates":[-97.03768,19.1882]},"properties":{"id":70271,"name":"Elotepec","state_code":"VER","country_code":"MX"}},{"type":"Feature","geometry":{"type":"Point","coordinates":[-96.76584,19.45766]},"properties":{"id":70290,"name":"Emiliano Zapata","state_code":"VER","country_code":"MX"}},{"type":"Feature","geometry":{"type":"Point","coordinates":[-97.55114,20.27515]},"properties":{"id":70306,"name":"Entabladero","state_code":"VER","country_code":"MX"}},{"type":"Feature","geometry":{"type":"Point","coordinates":[-97.42336,20.4984]},"properties":{"id":70320,"name":"Escolín de Olarte","state_code":"VER","country_code":"MX"}},{"type":"Feature","geometry":{"type":"Point","coordinates":[-97.48927,20.26997]},"properties":{"id":70330,"name":"Espinal","state_code":"VER","country_code":"MX"}},{"type":"Feature","geometry":{"type":"Point","coordinates":[-95.76611,18.115]},"properties":{"id":70342,"name":"Estación Dobladero","state_code":"VER","country_code":"MX"}},{"type":"Feature","geometry":{"type":"Point","coordinates":[-95.2175,17.80889]},"properties":{"id":70345,"name":"Estación Juanita","state_code":"VER","country_code":"MX"}},{"type":"Feature","geometry":{"type":"Point","coordinates":[-96.85819,19.46081]},"properties":{"id":70365,"name":"Estanzuela","state_code":"VER","country_code":"MX"}},{"type":"Feature","geometry":{"type":"Point","coordinates":[-97.45082,21.2537]},"properties":{"id":70369,"name":"Estero de Milpas","state_code":"VER","country_code":"MX"}},{"type":"Feature","geometry":{"type":"Point","coordinates":[-97.65878,20.88953]},"properties":{"id":70370,"name":"Estero del Ídolo","state_code":"VER","country_code":"MX"}},{"type":"Feature","geometry":{"type":"Point","coordinates":[-96.82437,18.84855]},"properties":{"id":70389,"name":"Ex-hacienda la Concepción","state_code":"VER","country_code":"MX"}},{"type":"Feature","geometry":{"type":"Point","coordinates":[-97.12251,19.13876]},"properties":{"id":70390,"name":"Excola","state_code":"VER","country_code":"MX"}},{"type":"Feature","geometry":{"type":"Point","coordinates":[-96.95164,20.13578]},"properties":{"id":70396,"name":"Felipe Carrillo Puerto","state_code":"VER","country_code":"MX"}},{"type":"Feature","geometry":{"type":"Point","coordinates":[-97.70392,20.20004]},"properties":{"id":70402,"name":"Filomeno Mata","state_code":"VER","country_code":"MX"}},{"type":"Feature","geometry":{"type":"Point","coordinates":[-97,18.90806]},"properties":{"id":70410,"name":"Fortín de las Flores","state_code":"VER","country_code":"MX"}},{"type":"Feature","geometry":{"type":"Point","coordinates":[-96.15667,19.09417]},"properties":{"id":70411,"name":"Fraccionamiento Arboledas San Ramón","state_code":"VER","country_code":"MX"}},{"type":"Feature","geometry":{"type":"Point","coordinates":[-94.5525,18.15056]},"properties":{"id":70413,"name":"Fraccionamiento Ciudad Olmeca","state_code":"VER","country_code":"MX"}},{"type":"Feature","geometry":{"type":"Point","coordinates":[-96.21639,19.20833]},"properties":{"id":70418,"name":"Fraccionamiento Costa Dorada","state_code":"VER","country_code":"MX"}},{"type":"Feature","geometry":{"type":"Point","coordinates":[-96.22639,19.21722]},"properties":{"id":70422,"name":"Fraccionamiento Geovillas los Pinos","state_code":"VER","country_code":"MX"}},{"type":"Feature","geometry":{"type":"Point","coordinates":[-97.42833,20.58667]},"properties":{"id":70450,"name":"Fraccionamiento la Florida","state_code":"VER","country_code":"MX"}},{"type":"Feature","geometry":{"type":"Point","coordinates":[-96.88639,19.49611]},"properties":{"id":70455,"name":"Fraccionamiento las Fuentes","state_code":"VER","country_code":"MX"}},{"type":"Feature","geometry":{"type":"Point","coordinates":[-96.97528,18.92389]},"properties":{"id":70458,"name":"Fraccionamiento los Álamos","state_code":"VER","country_code":"MX"}},{"type":"Feature","geometry":{"type":"Point","coordinates":[-94.63917,17.97778]},"properties":{"id":70457,"name":"Fraccionamiento los Prados","state_code":"VER","country_code":"MX"}},{"type":"Feature","geometry":{"type":"Point","coordinates":[-94.895,17.97194]},"properties":{"id":70442,"name":"Fraccionamiento Santa Cruz","state_code":"VER","country_code":"MX"}},{"type":"Feature","geometry":{"type":"Point","coordinates":[-97.12222,18.86889]},"properties":{"id":70444,"name":"Fraccionamiento Valle Dorado","state_code":"VER","country_code":"MX"}},{"type":"Feature","geometry":{"type":"Point","coordinates":[-96.99111,18.91583]},"properties":{"id":70447,"name":"Fraccionamiento Villas de la Llave","state_code":"VER","country_code":"MX"}},{"type":"Feature","geometry":{"type":"Point","coordinates":[-97.27067,19.52718]},"properties":{"id":70465,"name":"Francisco I. Madero","state_code":"VER","country_code":"MX"}},{"type":"Feature","geometry":{"type":"Point","coordinates":[-96.97694,18.88056]},"properties":{"id":70487,"name":"Fredepo","state_code":"VER","country_code":"MX"}},{"type":"Feature","geometry":{"type":"Point","coordinates":[-96.09162,18.17922]},"properties":{"id":70500,"name":"Gabino Barreda","state_code":"VER","country_code":"MX"}},{"type":"Feature","geometry":{"type":"Point","coordinates":[-96.79361,18.84028]},"properties":{"id":70525,"name":"General Alatriste (San Joaquín)","state_code":"VER","country_code":"MX"}},{"type":"Feature","geometry":{"type":"Point","coordinates":[-96.81806,18.82167]},"properties":{"id":70536,"name":"General Juan José Baz (San José del Corral)","state_code":"VER","country_code":"MX"}},{"type":"Feature","geometry":{"type":"Point","coordinates":[-96.79239,18.89346]},"properties":{"id":70542,"name":"General Miguel Alemán","state_code":"VER","country_code":"MX"}},{"type":"Feature","geometry":{"type":"Point","coordinates":[-96.92444,18.8156]},"properties":{"id":70570,"name":"Guadalupe","state_code":"VER","country_code":"MX"}},{"type":"Feature","geometry":{"type":"Point","coordinates":[-96.96056,19.55472]},"properties":{"id":70603,"name":"Guadalupe Victoria","state_code":"VER","country_code":"MX"}},{"type":"Feature","geometry":{"type":"Point","coordinates":[-98.48306,22.38306]},"properties":{"id":70624,"name":"Guayalejo","state_code":"VER","country_code":"MX"}},{"type":"Feature","geometry":{"type":"Point","coordinates":[-94.27658,18.16077]},"properties":{"id":70634,"name":"Guillermo Prieto","state_code":"VER","country_code":"MX"}},{"type":"Feature","geometry":{"type":"Point","coordinates":[-97.08588,20.45347]},"properties":{"id":70642,"name":"Gutiérrez Zamora","state_code":"VER","country_code":"MX"}},{"type":"Feature","geometry":{"type":"Point","coordinates":[-96.18139,19.13361]},"properties":{"id":70654,"name":"Hacienda Sotavento","state_code":"VER","country_code":"MX"}},{"type":"Feature","geometry":{"type":"Point","coordinates":[-94.28849,17.25968]},"properties":{"id":70665,"name":"Helio García Alfaro","state_code":"VER","country_code":"MX"}},{"type":"Feature","geometry":{"type":"Point","coordinates":[-94.61129,17.25194]},"properties":{"id":70667,"name":"Hermanos Cedillo","state_code":"VER","country_code":"MX"}},{"type":"Feature","geometry":{"type":"Point","coordinates":[-94.61222,18.00611]},"properties":{"id":70671,"name":"Hermenegildo J. Aldana","state_code":"VER","country_code":"MX"}},{"type":"Feature","geometry":{"type":"Point","coordinates":[-97.62944,20.905]},"properties":{"id":70687,"name":"Hidalgo Amajac","state_code":"VER","country_code":"MX"}},{"type":"Feature","geometry":{"type":"Point","coordinates":[-94.64703,17.77051]},"properties":{"id":70690,"name":"Hidalgotitlán","state_code":"VER","country_code":"MX"}},{"type":"Feature","geometry":{"type":"Point","coordinates":[-96.42111,19.46083]},"properties":{"id":70711,"name":"Hornitos","state_code":"VER","country_code":"MX"}},{"type":"Feature","geometry":{"type":"Point","coordinates":[-96.9676,19.14876]},"properties":{"id":70743,"name":"Huatusco","state_code":"VER","country_code":"MX"}},{"type":"Feature","geometry":{"type":"Point","coordinates":[-95.27767,17.91844]},"properties":{"id":70751,"name":"Huayacanes","state_code":"VER","country_code":"MX"}},{"type":"Feature","geometry":{"type":"Point","coordinates":[-98.4808,20.53671]},"properties":{"id":70752,"name":"Huayacocotla","state_code":"VER","country_code":"MX"}},{"type":"Feature","geometry":{"type":"Point","coordinates":[-94.79306,18.15667]},"properties":{"id":70755,"name":"Huazuntlán","state_code":"VER","country_code":"MX"}},{"type":"Feature","geometry":{"type":"Point","coordinates":[-98.08872,20.76984]},"properties":{"id":70772,"name":"Huexotitla","state_code":"VER","country_code":"MX"}},{"type":"Feature","geometry":{"type":"Point","coordinates":[-95.14873,18.14479]},"properties":{"id":70776,"name":"Hueyapan de Ocampo","state_code":"VER","country_code":"MX"}},{"type":"Feature","geometry":{"type":"Point","coordinates":[-97.0268,20.32635]},"properties":{"id":70784,"name":"Hueytepec","state_code":"VER","country_code":"MX"}},{"type":"Feature","geometry":{"type":"Point","coordinates":[-97.31667,18.75]},"properties":{"id":70793,"name":"Huiloapan","state_code":"VER","country_code":"MX"}},{"type":"Feature","geometry":{"type":"Point","coordinates":[-97.15444,18.81722]},"properties":{"id":70794,"name":"Huiloapan de Cuauhtémoc","state_code":"VER","country_code":"MX"}},{"type":"Feature","geometry":{"type":"Point","coordinates":[-97.17033,18.71898]},"properties":{"id":70805,"name":"Huitzila","state_code":"VER","country_code":"MX"}},{"type":"Feature","geometry":{"type":"Point","coordinates":[-96.4975,18.66556]},"properties":{"id":70817,"name":"Huixcolotla","state_code":"VER","country_code":"MX"}},{"type":"Feature","geometry":{"type":"Point","coordinates":[-95.98696,18.7258]},"properties":{"id":70860,"name":"Ignacio de la Llave","state_code":"VER","country_code":"MX"}},{"type":"Feature","geometry":{"type":"Point","coordinates":[-97.225,19.71222]},"properties":{"id":70849,"name":"Ignacio Zaragoza","state_code":"VER","country_code":"MX"}},{"type":"Feature","geometry":{"type":"Point","coordinates":[-98.4432,20.78053]},"properties":{"id":70864,"name":"Ilamatlán","state_code":"VER","country_code":"MX"}},{"type":"Feature","geometry":{"type":"Point","coordinates":[-95.5532,18.06369]},"properties":{"id":70882,"name":"Isla","state_code":"VER","country_code":"MX"}},{"type":"Feature","geometry":{"type":"Point","coordinates":[-96.97052,19.02571]},"properties":{"id":70899,"name":"Ixcapantla","state_code":"VER","country_code":"MX"}},{"type":"Feature","geometry":{"type":"Point","coordinates":[-98.00689,21.23695]},"properties":{"id":70904,"name":"Ixcatepec","state_code":"VER","country_code":"MX"}},{"type":"Feature","geometry":{"type":"Point","coordinates":[-96.91889,19.07528]},"properties":{"id":70905,"name":"Ixcatla","state_code":"VER","country_code":"MX"}},{"type":"Feature","geometry":{"type":"Point","coordinates":[-97.11751,19.35526]},"properties":{"id":70909,"name":"Ixhuacán de los Reyes","state_code":"VER","country_code":"MX"}},{"type":"Feature","geometry":{"type":"Point","coordinates":[-94.87667,18.01333]},"properties":{"id":70910,"name":"Ixhuapan","state_code":"VER","country_code":"MX"}},{"type":"Feature","geometry":{"type":"Point","coordinates":[-98.01177,20.68879]},"properties":{"id":70913,"name":"Ixhuatlán de Madero","state_code":"VER","country_code":"MX"}},{"type":"Feature","geometry":{"type":"Point","coordinates":[-96.92694,19.04179]},"properties":{"id":70914,"name":"Ixhuatlán del Café","state_code":"VER","country_code":"MX"}},{"type":"Feature","geometry":{"type":"Point","coordinates":[-94.37794,18.01368]},"properties":{"id":70915,"name":"Ixhuatlán del Sureste","state_code":"VER","country_code":"MX"}},{"type":"Feature","geometry":{"type":"Point","coordinates":[-97.14899,18.89766]},"properties":{"id":70912,"name":"Ixhuatlancillo","state_code":"VER","country_code":"MX"}},{"type":"Feature","geometry":{"type":"Point","coordinates":[-96.96675,19.11837]},"properties":{"id":70920,"name":"Ixpila","state_code":"VER","country_code":"MX"}},{"type":"Feature","geometry":{"type":"Point","coordinates":[-96.74246,18.49001]},"properties":{"id":70922,"name":"Ixtacapa el Chico","state_code":"VER","country_code":"MX"}},{"type":"Feature","geometry":{"type":"Point","coordinates":[-97.06229,18.85364]},"properties":{"id":70924,"name":"Ixtaczoquitlán","state_code":"VER","country_code":"MX"}},{"type":"Feature","geometry":{"type":"Point","coordinates":[-96.85278,19.49556]},"properties":{"id":70958,"name":"Jacarandas","state_code":"VER","country_code":"MX"}},{"type":"Feature","geometry":{"type":"Point","coordinates":[-97.3083,19.80333]},"properties":{"id":70963,"name":"Jalacingo","state_code":"VER","country_code":"MX"}},{"type":"Feature","geometry":{"type":"Point","coordinates":[-97.08865,18.82642]},"properties":{"id":70967,"name":"Jalapilla","state_code":"VER","country_code":"MX"}},{"type":"Feature","geometry":{"type":"Point","coordinates":[-96.7625,19.33185]},"properties":{"id":70970,"name":"Jalcomulco","state_code":"VER","country_code":"MX"}},{"type":"Feature","geometry":{"type":"Point","coordinates":[-94.71396,17.96542]},"properties":{"id":71148,"name":"Jáltipan de Morelos","state_code":"VER","country_code":"MX"}},{"type":"Feature","geometry":{"type":"Point","coordinates":[-96.24143,19.04179]},"properties":{"id":70997,"name":"Jamapa","state_code":"VER","country_code":"MX"}},{"type":"Feature","geometry":{"type":"Point","coordinates":[-95.02637,17.43526]},"properties":{"id":71022,"name":"Jesús Carranza","state_code":"VER","country_code":"MX"}},{"type":"Feature","geometry":{"type":"Point","coordinates":[-96.95169,19.61184]},"properties":{"id":71044,"name":"Jilotepec","state_code":"VER","country_code":"MX"}},{"type":"Feature","geometry":{"type":"Point","coordinates":[-96.23318,18.63855]},"properties":{"id":71062,"name":"Joachín","state_code":"VER","country_code":"MX"}},{"type":"Feature","geometry":{"type":"Point","coordinates":[-96.36951,19.3681]},"properties":{"id":71088,"name":"José Cardel","state_code":"VER","country_code":"MX"}},{"type":"Feature","geometry":{"type":"Point","coordinates":[-94.61028,18.02526]},"properties":{"id":71091,"name":"José F. Gutiérrez","state_code":"VER","country_code":"MX"}},{"type":"Feature","geometry":{"type":"Point","coordinates":[-95.18675,18.15964]},"properties":{"id":71116,"name":"Juan Díaz Covarrubias","state_code":"VER","country_code":"MX"}},{"type":"Feature","geometry":{"type":"Point","coordinates":[-95.26033,18.33645]},"properties":{"id":71120,"name":"Juan Jacobo Torres [Bodega de Totontepec]","state_code":"VER","country_code":"MX"}},{"type":"Feature","geometry":{"type":"Point","coordinates":[-97.19667,19.72917]},"properties":{"id":71122,"name":"Juan Marcos (San José Buenavista)","state_code":"VER","country_code":"MX"}},{"type":"Feature","geometry":{"type":"Point","coordinates":[-95.40099,17.99283]},"properties":{"id":71126,"name":"Juan Rodríguez Clara","state_code":"VER","country_code":"MX"}},{"type":"Feature","geometry":{"type":"Point","coordinates":[-96.69463,19.83985]},"properties":{"id":71131,"name":"Juchique de Ferrer","state_code":"VER","country_code":"MX"}},{"type":"Feature","geometry":{"type":"Point","coordinates":[-96.31736,19.31619]},"properties":{"id":71175,"name":"La Antigua","state_code":"VER","country_code":"MX"}},{"type":"Feature","geometry":{"type":"Point","coordinates":[-97.77247,20.89631]},"properties":{"id":71193,"name":"La Camelia","state_code":"VER","country_code":"MX"}},{"type":"Feature","geometry":{"type":"Point","coordinates":[-96.24132,18.89442]},"properties":{"id":71201,"name":"La Capilla","state_code":"VER","country_code":"MX"}},{"type":"Feature","geometry":{"type":"Point","coordinates":[-95.05497,17.90786]},"properties":{"id":71213,"name":"La Cerquilla","state_code":"VER","country_code":"MX"}},{"type":"Feature","geometry":{"type":"Point","coordinates":[-97.62223,20.34387]},"properties":{"id":71221,"name":"La Colonia Guadalupe","state_code":"VER","country_code":"MX"}},{"type":"Feature","geometry":{"type":"Point","coordinates":[-96.90016,19.6062]},"properties":{"id":71229,"name":"La Concepción","state_code":"VER","country_code":"MX"}},{"type":"Feature","geometry":{"type":"Point","coordinates":[-97.16806,18.79028]},"properties":{"id":71254,"name":"La Cuesta","state_code":"VER","country_code":"MX"}},{"type":"Feature","geometry":{"type":"Point","coordinates":[-96.96079,20.10507]},"properties":{"id":71258,"name":"La Defensa","state_code":"VER","country_code":"MX"}},{"type":"Feature","geometry":{"type":"Point","coordinates":[-96.40211,19.42631]},"properties":{"id":71300,"name":"La Gloria","state_code":"VER","country_code":"MX"}},{"type":"Feature","geometry":{"type":"Point","coordinates":[-96.91925,20.37336]},"properties":{"id":71311,"name":"La Guadalupe","state_code":"VER","country_code":"MX"}},{"type":"Feature","geometry":{"type":"Point","coordinates":[-97.2495,20.53973]},"properties":{"id":71313,"name":"La Guásima","state_code":"VER","country_code":"MX"}},{"type":"Feature","geometry":{"type":"Point","coordinates":[-94.20249,17.21012]},"properties":{"id":71318,"name":"La Horqueta (Poblado Doce)","state_code":"VER","country_code":"MX"}},{"type":"Feature","geometry":{"type":"Point","coordinates":[-96.15,18.6]},"properties":{"id":71325,"name":"La Isla","state_code":"VER","country_code":"MX"}},{"type":"Feature","geometry":{"type":"Point","coordinates":[-97.50139,20.60806]},"properties":{"id":71326,"name":"La Isla (Kilómetro 10)","state_code":"VER","country_code":"MX"}},{"type":"Feature","geometry":{"type":"Point","coordinates":[-96.88208,20.12186]},"properties":{"id":71328,"name":"La Isla de Chapachapa","state_code":"VER","country_code":"MX"}},{"type":"Feature","geometry":{"type":"Point","coordinates":[-97.4995,20.60677]},"properties":{"id":71327,"name":"La Isla Km 10","state_code":"VER","country_code":"MX"}},{"type":"Feature","geometry":{"type":"Point","coordinates":[-97.02687,19.61099]},"properties":{"id":71329,"name":"La Joya","state_code":"VER","country_code":"MX"}},{"type":"Feature","geometry":{"type":"Point","coordinates":[-96.6572,18.49136]},"properties":{"id":71335,"name":"La Junta","state_code":"VER","country_code":"MX"}},{"type":"Feature","geometry":{"type":"Point","coordinates":[-96.93366,19.48214]},"properties":{"id":71344,"name":"La Laguna","state_code":"VER","country_code":"MX"}},{"type":"Feature","geometry":{"type":"Point","coordinates":[-96.07806,18.98334]},"properties":{"id":71347,"name":"La Laguna y Monte del Castillo","state_code":"VER","country_code":"MX"}},{"type":"Feature","geometry":{"type":"Point","coordinates":[-96.97314,20.05345]},"properties":{"id":71353,"name":"La Libertad","state_code":"VER","country_code":"MX"}},{"type":"Feature","geometry":{"type":"Point","coordinates":[-95.80833,17.69861]},"properties":{"id":71410,"name":"La Nueva Era","state_code":"VER","country_code":"MX"}},{"type":"Feature","geometry":{"type":"Point","coordinates":[-95.25806,18.65639]},"properties":{"id":71411,"name":"La Nueva Victoria","state_code":"VER","country_code":"MX"}},{"type":"Feature","geometry":{"type":"Point","coordinates":[-96.93598,19.45141]},"properties":{"id":71413,"name":"La Orduña","state_code":"VER","country_code":"MX"}},{"type":"Feature","geometry":{"type":"Point","coordinates":[-97.06718,20.17941]},"properties":{"id":71419,"name":"La Palma","state_code":"VER","country_code":"MX"}},{"type":"Feature","geometry":{"type":"Point","coordinates":[-97.14553,20.02041]},"properties":{"id":71428,"name":"La Palmilla","state_code":"VER","country_code":"MX"}},{"type":"Feature","geometry":{"type":"Point","coordinates":[-97.13362,18.92817]},"properties":{"id":71441,"name":"La Perla","state_code":"VER","country_code":"MX"}},{"type":"Feature","geometry":{"type":"Point","coordinates":[-96.77087,18.75304]},"properties":{"id":71464,"name":"La Providencia","state_code":"VER","country_code":"MX"}},{"type":"Feature","geometry":{"type":"Point","coordinates":[-96.63302,19.59664]},"properties":{"id":71473,"name":"La Reforma","state_code":"VER","country_code":"MX"}},{"type":"Feature","geometry":{"type":"Point","coordinates":[-97.07989,18.9338]},"properties":{"id":71488,"name":"La Sidra","state_code":"VER","country_code":"MX"}},{"type":"Feature","geometry":{"type":"Point","coordinates":[-96.7142,19.75076]},"properties":{"id":71497,"name":"La Sombra","state_code":"VER","country_code":"MX"}},{"type":"Feature","geometry":{"type":"Point","coordinates":[-96.46283,18.76082]},"properties":{"id":71503,"name":"La Tinaja","state_code":"VER","country_code":"MX"}},{"type":"Feature","geometry":{"type":"Point","coordinates":[-97.19361,19.45278]},"properties":{"id":71505,"name":"La Toma","state_code":"VER","country_code":"MX"}},{"type":"Feature","geometry":{"type":"Point","coordinates":[-97.66528,20.89222]},"properties":{"id":71523,"name":"La Unión","state_code":"VER","country_code":"MX"}},{"type":"Feature","geometry":{"type":"Point","coordinates":[-96.99995,20.14224]},"properties":{"id":71525,"name":"La Unión Paso Largo","state_code":"VER","country_code":"MX"}},{"type":"Feature","geometry":{"type":"Point","coordinates":[-95.12213,18.37486]},"properties":{"id":71532,"name":"La Victoria","state_code":"VER","country_code":"MX"}},{"type":"Feature","geometry":{"type":"Point","coordinates":[-97.3725,20.93694]},"properties":{"id":71535,"name":"La Victoria (La Peñita)","state_code":"VER","country_code":"MX"}},{"type":"Feature","geometry":{"type":"Point","coordinates":[-96.73306,18.54306]},"properties":{"id":71547,"name":"Laguna Chica (Pueblo Nuevo)","state_code":"VER","country_code":"MX"}},{"type":"Feature","geometry":{"type":"Point","coordinates":[-96.64386,19.80327]},"properties":{"id":71551,"name":"Laguna de Farfán","state_code":"VER","country_code":"MX"}},{"type":"Feature","geometry":{"type":"Point","coordinates":[-95.15181,18.34298]},"properties":{"id":71560,"name":"Laguneta","state_code":"VER","country_code":"MX"}},{"type":"Feature","geometry":{"type":"Point","coordinates":[-96.85009,19.73935]},"properties":{"id":71569,"name":"Landero y Coss","state_code":"VER","country_code":"MX"}},{"type":"Feature","geometry":{"type":"Point","coordinates":[-96.19778,19.15194]},"properties":{"id":71573,"name":"Las Amapolas","state_code":"VER","country_code":"MX"}},{"type":"Feature","geometry":{"type":"Point","coordinates":[-94.59542,18.18617]},"properties":{"id":71577,"name":"Las Barrillas","state_code":"VER","country_code":"MX"}},{"type":"Feature","geometry":{"type":"Point","coordinates":[-94.09646,17.91177]},"properties":{"id":71587,"name":"Las Choapas","state_code":"VER","country_code":"MX"}},{"type":"Feature","geometry":{"type":"Point","coordinates":[-96.62199,20.03693]},"properties":{"id":71602,"name":"Las Higueras","state_code":"VER","country_code":"MX"}},{"type":"Feature","geometry":{"type":"Point","coordinates":[-97.61528,20.26067]},"properties":{"id":71612,"name":"Las Lomas","state_code":"VER","country_code":"MX"}},{"type":"Feature","geometry":{"type":"Point","coordinates":[-94.70833,17.86611]},"properties":{"id":71614,"name":"Las Lomas de Tacamichapan","state_code":"VER","country_code":"MX"}},{"type":"Feature","geometry":{"type":"Point","coordinates":[-97.14699,19.70449]},"properties":{"id":71624,"name":"Las Minas","state_code":"VER","country_code":"MX"}},{"type":"Feature","geometry":{"type":"Point","coordinates":[-95.82265,18.12661]},"properties":{"id":71639,"name":"Las Sabanetas","state_code":"VER","country_code":"MX"}},{"type":"Feature","geometry":{"type":"Point","coordinates":[-97.88083,21.31806]},"properties":{"id":71640,"name":"Las Sabinas","state_code":"VER","country_code":"MX"}},{"type":"Feature","geometry":{"type":"Point","coordinates":[-96.86444,19.50444]},"properties":{"id":71645,"name":"Las Trancas","state_code":"VER","country_code":"MX"}},{"type":"Feature","geometry":{"type":"Point","coordinates":[-97.09821,19.63722]},"properties":{"id":71653,"name":"Las Vigas de Ramírez","state_code":"VER","country_code":"MX"}},{"type":"Feature","geometry":{"type":"Point","coordinates":[-97.59306,20.225]},"properties":{"id":71900,"name":"Lázaro Cárdenas (Santana)","state_code":"VER","country_code":"MX"}},{"type":"Feature","geometry":{"type":"Point","coordinates":[-95.51968,18.62936]},"properties":{"id":71662,"name":"Lerdo de Tejada","state_code":"VER","country_code":"MX"}},{"type":"Feature","geometry":{"type":"Point","coordinates":[-96.92336,19.3382]},"properties":{"id":71678,"name":"Limones","state_code":"VER","country_code":"MX"}},{"type":"Feature","geometry":{"type":"Point","coordinates":[-95.77597,18.08899]},"properties":{"id":71680,"name":"Lindavista","state_code":"VER","country_code":"MX"}},{"type":"Feature","geometry":{"type":"Point","coordinates":[-98.01364,20.78328]},"properties":{"id":71691,"name":"Llano de Enmedio","state_code":"VER","country_code":"MX"}},{"type":"Feature","geometry":{"type":"Point","coordinates":[-96.88002,19.37035]},"properties":{"id":71685,"name":"Llano Grande","state_code":"VER","country_code":"MX"}},{"type":"Feature","geometry":{"type":"Point","coordinates":[-96.67588,18.78309]},"properties":{"id":71711,"name":"Loma Angosta","state_code":"VER","country_code":"MX"}},{"type":"Feature","geometry":{"type":"Point","coordinates":[-96.39369,19.10556]},"properties":{"id":71736,"name":"Loma de los Carmona","state_code":"VER","country_code":"MX"}},{"type":"Feature","geometry":{"type":"Point","coordinates":[-94.97373,18.21896]},"properties":{"id":71732,"name":"Loma de Sogotegoyo","state_code":"VER","country_code":"MX"}},{"type":"Feature","geometry":{"type":"Point","coordinates":[-97.23083,18.9225]},"properties":{"id":71719,"name":"Loma Grande","state_code":"VER","country_code":"MX"}},{"type":"Feature","geometry":{"type":"Point","coordinates":[-94.52639,18.14806]},"properties":{"id":71745,"name":"Lomas de Barrillas","state_code":"VER","country_code":"MX"}},{"type":"Feature","geometry":{"type":"Point","coordinates":[-96.21056,19.19333]},"properties":{"id":71748,"name":"Lomas de Río Medio Cuatro","state_code":"VER","country_code":"MX"}},{"type":"Feature","geometry":{"type":"Point","coordinates":[-96.88899,19.50446]},"properties":{"id":71742,"name":"Lomas Verdes","state_code":"VER","country_code":"MX"}},{"type":"Feature","geometry":{"type":"Point","coordinates":[-97.75705,21.50976]},"properties":{"id":71768,"name":"Los Altos","state_code":"VER","country_code":"MX"}},{"type":"Feature","geometry":{"type":"Point","coordinates":[-94.61668,18.07884]},"properties":{"id":71787,"name":"Los Cerritos","state_code":"VER","country_code":"MX"}},{"type":"Feature","geometry":{"type":"Point","coordinates":[-96.51808,19.41173]},"properties":{"id":71873,"name":"Los Ídolos","state_code":"VER","country_code":"MX"}},{"type":"Feature","geometry":{"type":"Point","coordinates":[-95.38828,18.50058]},"properties":{"id":71810,"name":"Los Lirios","state_code":"VER","country_code":"MX"}},{"type":"Feature","geometry":{"type":"Point","coordinates":[-95.12222,18.24361]},"properties":{"id":71814,"name":"Los Mangos","state_code":"VER","country_code":"MX"}},{"type":"Feature","geometry":{"type":"Point","coordinates":[-97.21513,19.59565]},"properties":{"id":71818,"name":"Los Molinos","state_code":"VER","country_code":"MX"}},{"type":"Feature","geometry":{"type":"Point","coordinates":[-95.24167,18.33111]},"properties":{"id":71820,"name":"Los Naranjos","state_code":"VER","country_code":"MX"}},{"type":"Feature","geometry":{"type":"Point","coordinates":[-97.14848,19.56114]},"properties":{"id":71829,"name":"Los Pescados","state_code":"VER","country_code":"MX"}},{"type":"Feature","geometry":{"type":"Point","coordinates":[-95.24333,18.44389]},"properties":{"id":71833,"name":"Los Pinos","state_code":"VER","country_code":"MX"}},{"type":"Feature","geometry":{"type":"Point","coordinates":[-97.03851,18.67428]},"properties":{"id":71846,"name":"Los Reyes","state_code":"VER","country_code":"MX"}},{"type":"Feature","geometry":{"type":"Point","coordinates":[-96.11768,18.97305]},"properties":{"id":71854,"name":"Los Robles","state_code":"VER","country_code":"MX"}},{"type":"Feature","geometry":{"type":"Point","coordinates":[-95.34944,17.89056]},"properties":{"id":71864,"name":"Los Tigres (San Marcos)","state_code":"VER","country_code":"MX"}},{"type":"Feature","geometry":{"type":"Point","coordinates":[-96.21139,19.20194]},"properties":{"id":71865,"name":"Los Torrentes","state_code":"VER","country_code":"MX"}},{"type":"Feature","geometry":{"type":"Point","coordinates":[-97.69194,20.27417]},"properties":{"id":71904,"name":"Macedonio Alonso","state_code":"VER","country_code":"MX"}},{"type":"Feature","geometry":{"type":"Point","coordinates":[-96.75591,19.65866]},"properties":{"id":71919,"name":"Mafafas","state_code":"VER","country_code":"MX"}},{"type":"Feature","geometry":{"type":"Point","coordinates":[-97.04385,18.76066]},"properties":{"id":71920,"name":"Magdalena","state_code":"VER","country_code":"MX"}},{"type":"Feature","geometry":{"type":"Point","coordinates":[-96.9175,19.40948]},"properties":{"id":71939,"name":"Mahuixtlan","state_code":"VER","country_code":"MX"}},{"type":"Feature","geometry":{"type":"Point","coordinates":[-97.27538,18.81091]},"properties":{"id":71949,"name":"Maltrata","state_code":"VER","country_code":"MX"}},{"type":"Feature","geometry":{"type":"Point","coordinates":[-96.87124,18.85365]},"properties":{"id":71962,"name":"Manuel León","state_code":"VER","country_code":"MX"}},{"type":"Feature","geometry":{"type":"Point","coordinates":[-97.48329,20.44617]},"properties":{"id":71963,"name":"Manuel María Contreras","state_code":"VER","country_code":"MX"}},{"type":"Feature","geometry":{"type":"Point","coordinates":[-94.567,18.02979]},"properties":{"id":71976,"name":"Mapachapa","state_code":"VER","country_code":"MX"}},{"type":"Feature","geometry":{"type":"Point","coordinates":[-96.99544,20.12915]},"properties":{"id":72006,"name":"María de la Torre","state_code":"VER","country_code":"MX"}},{"type":"Feature","geometry":{"type":"Point","coordinates":[-97.13,18.91333]},"properties":{"id":71991,"name":"Mariano Escobedo","state_code":"VER","country_code":"MX"}},{"type":"Feature","geometry":{"type":"Point","coordinates":[-97.06078,20.07082]},"properties":{"id":72004,"name":"Martínez de la Torre","state_code":"VER","country_code":"MX"}},{"type":"Feature","geometry":{"type":"Point","coordinates":[-96.84136,19.23028]},"properties":{"id":72013,"name":"Mata de Indio","state_code":"VER","country_code":"MX"}},{"type":"Feature","geometry":{"type":"Point","coordinates":[-96.29587,19.13172]},"properties":{"id":72009,"name":"Mata Loma","state_code":"VER","country_code":"MX"}},{"type":"Feature","geometry":{"type":"Point","coordinates":[-96.71333,18.77746]},"properties":{"id":72010,"name":"Mata Naranjo","state_code":"VER","country_code":"MX"}},{"type":"Feature","geometry":{"type":"Point","coordinates":[-96.85426,19.21795]},"properties":{"id":72011,"name":"Mata Obscura","state_code":"VER","country_code":"MX"}},{"type":"Feature","geometry":{"type":"Point","coordinates":[-96.66288,18.72187]},"properties":{"id":72012,"name":"Mata Tenatito (Casco Hacienda)","state_code":"VER","country_code":"MX"}},{"type":"Feature","geometry":{"type":"Point","coordinates":[-95.16583,18.43472]},"properties":{"id":72014,"name":"Matacapan","state_code":"VER","country_code":"MX"}},{"type":"Feature","geometry":{"type":"Point","coordinates":[-95.33044,18.30744]},"properties":{"id":72051,"name":"Mazumiapam","state_code":"VER","country_code":"MX"}},{"type":"Feature","geometry":{"type":"Point","coordinates":[-97.65741,20.21349]},"properties":{"id":72056,"name":"Mecatlán","state_code":"VER","country_code":"MX"}},{"type":"Feature","geometry":{"type":"Point","coordinates":[-94.83794,18.22001]},"properties":{"id":72058,"name":"Mecayapan","state_code":"VER","country_code":"MX"}},{"type":"Feature","geometry":{"type":"Point","coordinates":[-96.15836,19.00418]},"properties":{"id":72061,"name":"Medellín","state_code":"VER","country_code":"MX"}},{"type":"Feature","geometry":{"type":"Point","coordinates":[-96.15781,19.05869]},"properties":{"id":72062,"name":"Medellín de Bravo","state_code":"VER","country_code":"MX"}},{"type":"Feature","geometry":{"type":"Point","coordinates":[-95.02857,17.66776]},"properties":{"id":72064,"name":"Medias Aguas","state_code":"VER","country_code":"MX"}},{"type":"Feature","geometry":{"type":"Point","coordinates":[-97.30667,19.83972]},"properties":{"id":72072,"name":"Melchor Ocampo","state_code":"VER","country_code":"MX"}},{"type":"Feature","geometry":{"type":"Point","coordinates":[-97.68855,20.79468]},"properties":{"id":72076,"name":"Mequetla","state_code":"VER","country_code":"MX"}},{"type":"Feature","geometry":{"type":"Point","coordinates":[-96.69948,19.56403]},"properties":{"id":72080,"name":"Mesa de Guadalupe","state_code":"VER","country_code":"MX"}},{"type":"Feature","geometry":{"type":"Point","coordinates":[-97.14306,18.9775]},"properties":{"id":72092,"name":"Metlac Hernández (Metlac Primero)","state_code":"VER","country_code":"MX"}},{"type":"Feature","geometry":{"type":"Point","coordinates":[-97.16472,18.69556]},"properties":{"id":72097,"name":"Mexcala","state_code":"VER","country_code":"MX"}},{"type":"Feature","geometry":{"type":"Point","coordinates":[-96.88062,19.73629]},"properties":{"id":72116,"name":"Miahuatlán","state_code":"VER","country_code":"MX"}},{"type":"Feature","geometry":{"type":"Point","coordinates":[-97.502,20.55316]},"properties":{"id":72131,"name":"Miguel Hidalgo","state_code":"VER","country_code":"MX"}},{"type":"Feature","geometry":{"type":"Point","coordinates":[-94.5569,18.00011]},"properties":{"id":72145,"name":"Minatitlán","state_code":"VER","country_code":"MX"}},{"type":"Feature","geometry":{"type":"Point","coordinates":[-94.72733,18.13873]},"properties":{"id":72150,"name":"Minzapan","state_code":"VER","country_code":"MX"}},{"type":"Feature","geometry":{"type":"Point","coordinates":[-96.85194,19.92992]},"properties":{"id":72157,"name":"Misantla","state_code":"VER","country_code":"MX"}},{"type":"Feature","geometry":{"type":"Point","coordinates":[-97.27839,19.70111]},"properties":{"id":72167,"name":"Mixquiapan","state_code":"VER","country_code":"MX"}},{"type":"Feature","geometry":{"type":"Point","coordinates":[-96.99293,18.59591]},"properties":{"id":72169,"name":"Mixtla de Altamirano","state_code":"VER","country_code":"MX"}},{"type":"Feature","geometry":{"type":"Point","coordinates":[-94.34714,17.98544]},"properties":{"id":72188,"name":"Moloacán","state_code":"VER","country_code":"MX"}},{"type":"Feature","geometry":{"type":"Point","coordinates":[-97.01684,18.96642]},"properties":{"id":72196,"name":"Monte Blanco","state_code":"VER","country_code":"MX"}},{"type":"Feature","geometry":{"type":"Point","coordinates":[-97.01833,18.93722]},"properties":{"id":72206,"name":"Monte Salas","state_code":"VER","country_code":"MX"}},{"type":"Feature","geometry":{"type":"Point","coordinates":[-96.69601,19.70304]},"properties":{"id":72208,"name":"Monte Verde Chivería","state_code":"VER","country_code":"MX"}},{"type":"Feature","geometry":{"type":"Point","coordinates":[-97.91213,22.22552]},"properties":{"id":72224,"name":"Moralillo","state_code":"VER","country_code":"MX"}},{"type":"Feature","geometry":{"type":"Point","coordinates":[-94.94981,18.17986]},"properties":{"id":72228,"name":"Morelos","state_code":"VER","country_code":"MX"}},{"type":"Feature","geometry":{"type":"Point","coordinates":[-96.72949,18.64252]},"properties":{"id":72243,"name":"Motzorongo","state_code":"VER","country_code":"MX"}},{"type":"Feature","geometry":{"type":"Point","coordinates":[-97.04559,18.91681]},"properties":{"id":72245,"name":"Moyoapan","state_code":"VER","country_code":"MX"}},{"type":"Feature","geometry":{"type":"Point","coordinates":[-96.47738,19.50437]},"properties":{"id":72250,"name":"Mozomboa","state_code":"VER","country_code":"MX"}},{"type":"Feature","geometry":{"type":"Point","coordinates":[-94.39024,18.08831]},"properties":{"id":72254,"name":"Mundo Nuevo","state_code":"VER","country_code":"MX"}},{"type":"Feature","geometry":{"type":"Point","coordinates":[-94.40756,18.07117]},"properties":{"id":72276,"name":"Nanchital de Lázaro Cárdenas del Río","state_code":"VER","country_code":"MX"}},{"type":"Feature","geometry":{"type":"Point","coordinates":[-96.85254,19.63666]},"properties":{"id":72278,"name":"Naolinco","state_code":"VER","country_code":"MX"}},{"type":"Feature","geometry":{"type":"Point","coordinates":[-96.8732,19.65474]},"properties":{"id":72279,"name":"Naolinco de Victoria","state_code":"VER","country_code":"MX"}},{"type":"Feature","geometry":{"type":"Point","coordinates":[-96.95972,18.79836]},"properties":{"id":72281,"name":"Naranjal","state_code":"VER","country_code":"MX"}},{"type":"Feature","geometry":{"type":"Point","coordinates":[-97.68656,21.35087]},"properties":{"id":72283,"name":"Naranjos","state_code":"VER","country_code":"MX"}},{"type":"Feature","geometry":{"type":"Point","coordinates":[-97.69131,21.31139]},"properties":{"id":72284,"name":"Naranjos Amatlán","state_code":"VER","country_code":"MX"}},{"type":"Feature","geometry":{"type":"Point","coordinates":[-96.77305,20.20795]},"properties":{"id":72292,"name":"Nautla","state_code":"VER","country_code":"MX"}},{"type":"Feature","geometry":{"type":"Point","coordinates":[-97.15361,18.77861]},"properties":{"id":72306,"name":"Necoxtla","state_code":"VER","country_code":"MX"}},{"type":"Feature","geometry":{"type":"Point","coordinates":[-96.33833,19.3525]},"properties":{"id":72318,"name":"Nicolás Blanco (San Pancho)","state_code":"VER","country_code":"MX"}},{"type":"Feature","geometry":{"type":"Point","coordinates":[-94.49884,17.43493]},"properties":{"id":72336,"name":"Niños Héroes","state_code":"VER","country_code":"MX"}},{"type":"Feature","geometry":{"type":"Point","coordinates":[-97.16311,18.82776]},"properties":{"id":72339,"name":"Nogales","state_code":"VER","country_code":"MX"}},{"type":"Feature","geometry":{"type":"Point","coordinates":[-95.33093,18.11211]},"properties":{"id":72346,"name":"Nopalapan","state_code":"VER","country_code":"MX"}},{"type":"Feature","geometry":{"type":"Point","coordinates":[-95.99921,18.27686]},"properties":{"id":72348,"name":"Nopaltepec","state_code":"VER","country_code":"MX"}},{"type":"Feature","geometry":{"type":"Point","coordinates":[-96.10806,18.19968]},"properties":{"id":72357,"name":"Novara","state_code":"VER","country_code":"MX"}},{"type":"Feature","geometry":{"type":"Point","coordinates":[-97.50756,20.6182]},"properties":{"id":72406,"name":"Nuevo Progreso","state_code":"VER","country_code":"MX"}},{"type":"Feature","geometry":{"type":"Point","coordinates":[-96.06138,18.38968]},"properties":{"id":72408,"name":"Nuevo San José Independencia","state_code":"VER","country_code":"MX"}},{"type":"Feature","geometry":{"type":"Point","coordinates":[-96.21917,19.20167]},"properties":{"id":72431,"name":"Oasis","state_code":"VER","country_code":"MX"}},{"type":"Feature","geometry":{"type":"Point","coordinates":[-95.28333,18.3992]},"properties":{"id":72445,"name":"Ocelota","state_code":"VER","country_code":"MX"}},{"type":"Feature","geometry":{"type":"Point","coordinates":[-94.86047,18.25771]},"properties":{"id":72451,"name":"Ocotal Chico","state_code":"VER","country_code":"MX"}},{"type":"Feature","geometry":{"type":"Point","coordinates":[-96.90832,19.04256]},"properties":{"id":72456,"name":"Ocotitlán","state_code":"VER","country_code":"MX"}},{"type":"Feature","geometry":{"type":"Point","coordinates":[-94.9104,18.25895]},"properties":{"id":72465,"name":"Ocozotepec","state_code":"VER","country_code":"MX"}},{"type":"Feature","geometry":{"type":"Point","coordinates":[-96.98686,19.25077]},"properties":{"id":72476,"name":"Ohuapan","state_code":"VER","country_code":"MX"}},{"type":"Feature","geometry":{"type":"Point","coordinates":[-95.26279,18.40204]},"properties":{"id":72478,"name":"Ohuilapam","state_code":"VER","country_code":"MX"}},{"type":"Feature","geometry":{"type":"Point","coordinates":[-97.52806,20.96944]},"properties":{"id":72480,"name":"Ojite Rancho Nuevo","state_code":"VER","country_code":"MX"}},{"type":"Feature","geometry":{"type":"Point","coordinates":[-94.89662,17.92972]},"properties":{"id":72503,"name":"Oluta","state_code":"VER","country_code":"MX"}},{"type":"Feature","geometry":{"type":"Point","coordinates":[-96.7852,18.74732]},"properties":{"id":72504,"name":"Omealca","state_code":"VER","country_code":"MX"}},{"type":"Feature","geometry":{"type":"Point","coordinates":[-97.29274,19.66078]},"properties":{"id":72526,"name":"Orilla del Monte","state_code":"VER","country_code":"MX"}},{"type":"Feature","geometry":{"type":"Point","coordinates":[-97.09957,18.85195]},"properties":{"id":72527,"name":"Orizaba","state_code":"VER","country_code":"MX"}},{"type":"Feature","geometry":{"type":"Point","coordinates":[-96.71576,19.521]},"properties":{"id":72536,"name":"Otates","state_code":"VER","country_code":"MX"}},{"type":"Feature","geometry":{"type":"Point","coordinates":[-96.0335,18.17706]},"properties":{"id":72538,"name":"Otatitlán","state_code":"VER","country_code":"MX"}},{"type":"Feature","geometry":{"type":"Point","coordinates":[-94.66615,18.00173]},"properties":{"id":72539,"name":"Oteapan","state_code":"VER","country_code":"MX"}},{"type":"Feature","geometry":{"type":"Point","coordinates":[-96.97667,19.55722]},"properties":{"id":72541,"name":"Otilpan","state_code":"VER","country_code":"MX"}},{"type":"Feature","geometry":{"type":"Point","coordinates":[-98.40043,22.04478]},"properties":{"id":72545,"name":"Oviedo","state_code":"VER","country_code":"MX"}},{"type":"Feature","geometry":{"type":"Point","coordinates":[-97.85049,21.6604]},"properties":{"id":72559,"name":"Ozuluama de Mascareñas","state_code":"VER","country_code":"MX"}},{"type":"Feature","geometry":{"type":"Point","coordinates":[-96.87842,19.47717]},"properties":{"id":72567,"name":"Pacho Nuevo","state_code":"VER","country_code":"MX"}},{"type":"Feature","geometry":{"type":"Point","coordinates":[-96.91659,19.48239]},"properties":{"id":72568,"name":"Pacho Viejo","state_code":"VER","country_code":"MX"}},{"type":"Feature","geometry":{"type":"Point","coordinates":[-97.05511,19.96139]},"properties":{"id":72574,"name":"Pahua Hueca","state_code":"VER","country_code":"MX"}},{"type":"Feature","geometry":{"type":"Point","coordinates":[-94.69172,18.26267]},"properties":{"id":72580,"name":"Pajapan","state_code":"VER","country_code":"MX"}},{"type":"Feature","geometry":{"type":"Point","coordinates":[-96.43225,19.77132]},"properties":{"id":72587,"name":"Palma Sola","state_code":"VER","country_code":"MX"}},{"type":"Feature","geometry":{"type":"Point","coordinates":[-96.7788,18.51511]},"properties":{"id":72589,"name":"Palmar Grande","state_code":"VER","country_code":"MX"}},{"type":"Feature","geometry":{"type":"Point","coordinates":[-96.43659,19.59001]},"properties":{"id":72594,"name":"Palmas de Abajo","state_code":"VER","country_code":"MX"}},{"type":"Feature","geometry":{"type":"Point","coordinates":[-96.77167,18.81525]},"properties":{"id":72599,"name":"Palmillas","state_code":"VER","country_code":"MX"}},{"type":"Feature","geometry":{"type":"Point","coordinates":[-97.11139,18.88278]},"properties":{"id":72602,"name":"Palmira","state_code":"VER","country_code":"MX"}},{"type":"Feature","geometry":{"type":"Point","coordinates":[-98.50017,20.4571]},"properties":{"id":72606,"name":"Palo Bendito","state_code":"VER","country_code":"MX"}},{"type":"Feature","geometry":{"type":"Point","coordinates":[-96.63675,19.39104]},"properties":{"id":72609,"name":"Palo Gacho","state_code":"VER","country_code":"MX"}},{"type":"Feature","geometry":{"type":"Point","coordinates":[-98.18498,22.05373]},"properties":{"id":73007,"name":"Pánuco","state_code":"VER","country_code":"MX"}},{"type":"Feature","geometry":{"type":"Point","coordinates":[-97.32494,20.44655]},"properties":{"id":72636,"name":"Papantla de Olarte","state_code":"VER","country_code":"MX"}},{"type":"Feature","geometry":{"type":"Point","coordinates":[-95.9361,18.25294]},"properties":{"id":72643,"name":"Paraiso Novillero","state_code":"VER","country_code":"MX"}},{"type":"Feature","geometry":{"type":"Point","coordinates":[-96.86066,18.87886]},"properties":{"id":72645,"name":"Paraje Nuevo","state_code":"VER","country_code":"MX"}},{"type":"Feature","geometry":{"type":"Point","coordinates":[-96.44037,19.2845]},"properties":{"id":72691,"name":"Paso de Ovejas","state_code":"VER","country_code":"MX"}},{"type":"Feature","geometry":{"type":"Point","coordinates":[-97.33346,20.27186]},"properties":{"id":72693,"name":"Paso de Valencia","state_code":"VER","country_code":"MX"}},{"type":"Feature","geometry":{"type":"Point","coordinates":[-97.27216,20.31619]},"properties":{"id":72696,"name":"Paso del Correo","state_code":"VER","country_code":"MX"}},{"type":"Feature","geometry":{"type":"Point","coordinates":[-96.72419,18.97098]},"properties":{"id":72697,"name":"Paso del Macho","state_code":"VER","country_code":"MX"}},{"type":"Feature","geometry":{"type":"Point","coordinates":[-96.13555,19.035]},"properties":{"id":72698,"name":"Paso del Toro","state_code":"VER","country_code":"MX"}},{"type":"Feature","geometry":{"type":"Point","coordinates":[-95.74861,18.76639]},"properties":{"id":72684,"name":"Paso Nacional","state_code":"VER","country_code":"MX"}},{"type":"Feature","geometry":{"type":"Point","coordinates":[-96.89327,18.86432]},"properties":{"id":72753,"name":"Peñuela","state_code":"VER","country_code":"MX"}},{"type":"Feature","geometry":{"type":"Point","coordinates":[-97.24235,19.56233]},"properties":{"id":72737,"name":"Perote","state_code":"VER","country_code":"MX"}},{"type":"Feature","geometry":{"type":"Point","coordinates":[-97.99627,22.2199]},"properties":{"id":72738,"name":"Perseverancia","state_code":"VER","country_code":"MX"}},{"type":"Feature","geometry":{"type":"Point","coordinates":[-96.96013,19.34654]},"properties":{"id":72767,"name":"Piedra Parada","state_code":"VER","country_code":"MX"}},{"type":"Feature","geometry":{"type":"Point","coordinates":[-97.19538,19.99115]},"properties":{"id":72768,"name":"Piedra Pinta","state_code":"VER","country_code":"MX"}},{"type":"Feature","geometry":{"type":"Point","coordinates":[-96.17178,18.77026]},"properties":{"id":72770,"name":"Piedras Negras","state_code":"VER","country_code":"MX"}},{"type":"Feature","geometry":{"type":"Point","coordinates":[-96.97861,19.58806]},"properties":{"id":72776,"name":"Piletas","state_code":"VER","country_code":"MX"}},{"type":"Feature","geometry":{"type":"Point","coordinates":[-97.92782,20.60941]},"properties":{"id":72786,"name":"Pisaflores","state_code":"VER","country_code":"MX"}},{"type":"Feature","geometry":{"type":"Point","coordinates":[-97.10888,19.89297]},"properties":{"id":72796,"name":"Plan de Arroyos","state_code":"VER","country_code":"MX"}},{"type":"Feature","geometry":{"type":"Point","coordinates":[-97.47129,20.54889]},"properties":{"id":72797,"name":"Plan de Ayala","state_code":"VER","country_code":"MX"}},{"type":"Feature","geometry":{"type":"Point","coordinates":[-98.46457,22.03638]},"properties":{"id":72802,"name":"Plan de Iguala","state_code":"VER","country_code":"MX"}},{"type":"Feature","geometry":{"type":"Point","coordinates":[-96.67594,19.75963]},"properties":{"id":72803,"name":"Plan de las Hayas","state_code":"VER","country_code":"MX"}},{"type":"Feature","geometry":{"type":"Point","coordinates":[-96.6525,19.40184]},"properties":{"id":72804,"name":"Plan del Río","state_code":"VER","country_code":"MX"}},{"type":"Feature","geometry":{"type":"Point","coordinates":[-98.37456,21.27182]},"properties":{"id":72808,"name":"Platón Sánchez","state_code":"VER","country_code":"MX"}},{"type":"Feature","geometry":{"type":"Point","coordinates":[-96.3228,19.42352]},"properties":{"id":72812,"name":"Playa de Chachalacas","state_code":"VER","country_code":"MX"}},{"type":"Feature","geometry":{"type":"Point","coordinates":[-96.09778,19.08306]},"properties":{"id":72813,"name":"Playa de la Libertad","state_code":"VER","country_code":"MX"}},{"type":"Feature","geometry":{"type":"Point","coordinates":[-95.81189,17.83107]},"properties":{"id":72811,"name":"Playa Vicente","state_code":"VER","country_code":"MX"}},{"type":"Feature","geometry":{"type":"Point","coordinates":[-94.45194,17.27722]},"properties":{"id":72820,"name":"Poblado 10","state_code":"VER","country_code":"MX"}},{"type":"Feature","geometry":{"type":"Point","coordinates":[-94.55152,17.27453]},"properties":{"id":72825,"name":"Poblado Cinco","state_code":"VER","country_code":"MX"}},{"type":"Feature","geometry":{"type":"Point","coordinates":[-96.03986,18.31895]},"properties":{"id":72826,"name":"Poblado Dos","state_code":"VER","country_code":"MX"}},{"type":"Feature","geometry":{"type":"Point","coordinates":[-96.09114,18.28929]},"properties":{"id":72829,"name":"Poblado Tres","state_code":"VER","country_code":"MX"}},{"type":"Feature","geometry":{"type":"Point","coordinates":[-97.25884,20.52799]},"properties":{"id":72840,"name":"Polutla","state_code":"VER","country_code":"MX"}},{"type":"Feature","geometry":{"type":"Point","coordinates":[-97.72814,21.0797]},"properties":{"id":72867,"name":"Potrero del Llano","state_code":"VER","country_code":"MX"}},{"type":"Feature","geometry":{"type":"Point","coordinates":[-96.84357,18.87733]},"properties":{"id":72865,"name":"Potrero Viejo","state_code":"VER","country_code":"MX"}},{"type":"Feature","geometry":{"type":"Point","coordinates":[-97.45946,20.53315]},"properties":{"id":72870,"name":"Poza Rica de Hidalgo","state_code":"VER","country_code":"MX"}},{"type":"Feature","geometry":{"type":"Point","coordinates":[-96.97209,19.06933]},"properties":{"id":72893,"name":"Presidio","state_code":"VER","country_code":"MX"}},{"type":"Feature","geometry":{"type":"Point","coordinates":[-96.77194,18.68056]},"properties":{"id":72894,"name":"Presidio (Plan de Libres)","state_code":"VER","country_code":"MX"}},{"type":"Feature","geometry":{"type":"Point","coordinates":[-97.8194,22.22524]},"properties":{"id":72899,"name":"Primero de Mayo","state_code":"VER","country_code":"MX"}},{"type":"Feature","geometry":{"type":"Point","coordinates":[-97.71163,20.2749]},"properties":{"id":72920,"name":"Progreso de Zaragoza","state_code":"VER","country_code":"MX"}},{"type":"Feature","geometry":{"type":"Point","coordinates":[-97.25523,20.25438]},"properties":{"id":72928,"name":"Pueblillo","state_code":"VER","country_code":"MX"}},{"type":"Feature","geometry":{"type":"Point","coordinates":[-97.91013,22.16081]},"properties":{"id":72952,"name":"Pueblo Viejo","state_code":"VER","country_code":"MX"}},{"type":"Feature","geometry":{"type":"Point","coordinates":[-97.19601,20.6055]},"properties":{"id":72957,"name":"Puente de Piedra","state_code":"VER","country_code":"MX"}},{"type":"Feature","geometry":{"type":"Point","coordinates":[-96.34828,19.20018]},"properties":{"id":72955,"name":"Puente Jula","state_code":"VER","country_code":"MX"}},{"type":"Feature","geometry":{"type":"Point","coordinates":[-94.51778,18.14778]},"properties":{"id":72970,"name":"Puerto Esmeralda","state_code":"VER","country_code":"MX"}},{"type":"Feature","geometry":{"type":"Point","coordinates":[-96.90693,20.18915]},"properties":{"id":72987,"name":"Puntilla Aldama","state_code":"VER","country_code":"MX"}},{"type":"Feature","geometry":{"type":"Point","coordinates":[-94.99574,18.0618]},"properties":{"id":73030,"name":"Quiamoloapan","state_code":"VER","country_code":"MX"}},{"type":"Feature","geometry":{"type":"Point","coordinates":[-97.07172,18.81014]},"properties":{"id":73043,"name":"Rafael Delgado","state_code":"VER","country_code":"MX"}},{"type":"Feature","geometry":{"type":"Point","coordinates":[-96.99023,19.59308]},"properties":{"id":73045,"name":"Rafael Lucio","state_code":"VER","country_code":"MX"}},{"type":"Feature","geometry":{"type":"Point","coordinates":[-97.63889,20.20722]},"properties":{"id":73057,"name":"Rancho Alegre","state_code":"VER","country_code":"MX"}},{"type":"Feature","geometry":{"type":"Point","coordinates":[-96.17281,19.06553]},"properties":{"id":73080,"name":"Rancho del Padre","state_code":"VER","country_code":"MX"}},{"type":"Feature","geometry":{"type":"Point","coordinates":[-97.20611,20.6725]},"properties":{"id":73065,"name":"Rancho Nuevo","state_code":"VER","country_code":"MX"}},{"type":"Feature","geometry":{"type":"Point","coordinates":[-96.78168,19.44451]},"properties":{"id":73073,"name":"Rancho Viejo","state_code":"VER","country_code":"MX"}},{"type":"Feature","geometry":{"type":"Point","coordinates":[-94.56611,18.11861]},"properties":{"id":73099,"name":"Residencial las Olas","state_code":"VER","country_code":"MX"}},{"type":"Feature","geometry":{"type":"Point","coordinates":[-97.41694,20.59806]},"properties":{"id":73098,"name":"Residencial Tajín","state_code":"VER","country_code":"MX"}},{"type":"Feature","geometry":{"type":"Point","coordinates":[-97.495,20.51444]},"properties":{"id":73109,"name":"Ricardo Flores Magón","state_code":"VER","country_code":"MX"}},{"type":"Feature","geometry":{"type":"Point","coordinates":[-96.5364,19.0059]},"properties":{"id":73122,"name":"Rincón de Barrabás","state_code":"VER","country_code":"MX"}},{"type":"Feature","geometry":{"type":"Point","coordinates":[-96.86861,18.75556]},"properties":{"id":73123,"name":"Rincón de Buena Vista","state_code":"VER","country_code":"MX"}},{"type":"Feature","geometry":{"type":"Point","coordinates":[-96.56581,19.35438]},"properties":{"id":73111,"name":"Rinconada","state_code":"VER","country_code":"MX"}},{"type":"Feature","geometry":{"type":"Point","coordinates":[-97.156,18.83036]},"properties":{"id":73167,"name":"Río Blanco","state_code":"VER","country_code":"MX"}},{"type":"Feature","geometry":{"type":"Point","coordinates":[-96.20889,19.20972]},"properties":{"id":73181,"name":"Río Medio [Granja]","state_code":"VER","country_code":"MX"}},{"type":"Feature","geometry":{"type":"Point","coordinates":[-96.41526,18.63198]},"properties":{"id":73150,"name":"Rodríguez Tejeda","state_code":"VER","country_code":"MX"}},{"type":"Feature","geometry":{"type":"Point","coordinates":[-97.53525,20.22223]},"properties":{"id":73189,"name":"Sabanas de Xalostoc","state_code":"VER","country_code":"MX"}},{"type":"Feature","geometry":{"type":"Point","coordinates":[-95.08082,18.22325]},"properties":{"id":73191,"name":"Sabaneta","state_code":"VER","country_code":"MX"}},{"type":"Feature","geometry":{"type":"Point","coordinates":[-97.54381,21.4238]},"properties":{"id":73207,"name":"Saladero","state_code":"VER","country_code":"MX"}},{"type":"Feature","geometry":{"type":"Point","coordinates":[-95.94299,18.89022]},"properties":{"id":73214,"name":"Salinas","state_code":"VER","country_code":"MX"}},{"type":"Feature","geometry":{"type":"Point","coordinates":[-95.53226,18.59119]},"properties":{"id":73222,"name":"Saltabarranca","state_code":"VER","country_code":"MX"}},{"type":"Feature","geometry":{"type":"Point","coordinates":[-94.85325,18.15893]},"properties":{"id":73224,"name":"Saltillo","state_code":"VER","country_code":"MX"}},{"type":"Feature","geometry":{"type":"Point","coordinates":[-96.87314,19.7858]},"properties":{"id":73228,"name":"Salvador Díaz Mirón","state_code":"VER","country_code":"MX"}},{"type":"Feature","geometry":{"type":"Point","coordinates":[-96.72085,18.51679]},"properties":{"id":73262,"name":"San Agustín del Palmar","state_code":"VER","country_code":"MX"}},{"type":"Feature","geometry":{"type":"Point","coordinates":[-97.08583,18.77389]},"properties":{"id":73295,"name":"San Andrés Tenejapan","state_code":"VER","country_code":"MX"}},{"type":"Feature","geometry":{"type":"Point","coordinates":[-95.21327,18.4487]},"properties":{"id":73300,"name":"San Andrés Tuxtla","state_code":"VER","country_code":"MX"}},{"type":"Feature","geometry":{"type":"Point","coordinates":[-97.165,19.34056]},"properties":{"id":73362,"name":"San Antonio Xoquitla","state_code":"VER","country_code":"MX"}},{"type":"Feature","geometry":{"type":"Point","coordinates":[-97.12392,18.82979]},"properties":{"id":73474,"name":"San Cristóbal","state_code":"VER","country_code":"MX"}},{"type":"Feature","geometry":{"type":"Point","coordinates":[-94.88483,18.269]},"properties":{"id":73536,"name":"San Fernando","state_code":"VER","country_code":"MX"}},{"type":"Feature","geometry":{"type":"Point","coordinates":[-98.00209,20.55254]},"properties":{"id":73538,"name":"San Francisco","state_code":"VER","country_code":"MX"}},{"type":"Feature","geometry":{"type":"Point","coordinates":[-96.74611,18.81444]},"properties":{"id":73548,"name":"San Francisco (Mata Clara)","state_code":"VER","country_code":"MX"}},{"type":"Feature","geometry":{"type":"Point","coordinates":[-96.59583,19.11083]},"properties":{"id":73580,"name":"San Francisco Nacaxtle","state_code":"VER","country_code":"MX"}},{"type":"Feature","geometry":{"type":"Point","coordinates":[-97.12583,18.89111]},"properties":{"id":73663,"name":"San Isidro","state_code":"VER","country_code":"MX"}},{"type":"Feature","geometry":{"type":"Point","coordinates":[-97.20556,18.92722]},"properties":{"id":73690,"name":"San Isidro el Berro","state_code":"VER","country_code":"MX"}},{"type":"Feature","geometry":{"type":"Point","coordinates":[-96.96583,18.94417]},"properties":{"id":73683,"name":"San Isidro Palotal","state_code":"VER","country_code":"MX"}},{"type":"Feature","geometry":{"type":"Point","coordinates":[-95.23806,18.46778]},"properties":{"id":73685,"name":"San Isidro Xoteapan (San Isidro Texcaltitán)","state_code":"VER","country_code":"MX"}},{"type":"Feature","geometry":{"type":"Point","coordinates":[-96.77722,18.77583]},"properties":{"id":73805,"name":"San José de Abajo","state_code":"VER","country_code":"MX"}},{"type":"Feature","geometry":{"type":"Point","coordinates":[-96.96361,18.91972]},"properties":{"id":73806,"name":"San José de Abajo [Unidad Habitacional]","state_code":"VER","country_code":"MX"}},{"type":"Feature","geometry":{"type":"Point","coordinates":[-96.95389,18.84722]},"properties":{"id":73826,"name":"San José de Tapia","state_code":"VER","country_code":"MX"}},{"type":"Feature","geometry":{"type":"Point","coordinates":[-96.945,18.75583]},"properties":{"id":73767,"name":"San José Independencia","state_code":"VER","country_code":"MX"}},{"type":"Feature","geometry":{"type":"Point","coordinates":[-96.99917,18.99333]},"properties":{"id":73776,"name":"San José Neria","state_code":"VER","country_code":"MX"}},{"type":"Feature","geometry":{"type":"Point","coordinates":[-97.23722,18.88778]},"properties":{"id":73783,"name":"San José Súchil","state_code":"VER","country_code":"MX"}},{"type":"Feature","geometry":{"type":"Point","coordinates":[-96.84306,19.01556]},"properties":{"id":73788,"name":"San José Tenejapa","state_code":"VER","country_code":"MX"}},{"type":"Feature","geometry":{"type":"Point","coordinates":[-95.44889,18.51778]},"properties":{"id":73972,"name":"San Juan de los Reyes (Luis Valenzuela)","state_code":"VER","country_code":"MX"}},{"type":"Feature","geometry":{"type":"Point","coordinates":[-95.13961,17.88615]},"properties":{"id":73892,"name":"San Juan Evangelista","state_code":"VER","country_code":"MX"}},{"type":"Feature","geometry":{"type":"Point","coordinates":[-95.15605,18.30946]},"properties":{"id":73924,"name":"San Juan Seco de Valencia","state_code":"VER","country_code":"MX"}},{"type":"Feature","geometry":{"type":"Point","coordinates":[-94.6518,18.26355]},"properties":{"id":73948,"name":"San Juan Volador","state_code":"VER","country_code":"MX"}},{"type":"Feature","geometry":{"type":"Point","coordinates":[-96.26717,19.2568]},"properties":{"id":73985,"name":"San Julián","state_code":"VER","country_code":"MX"}},{"type":"Feature","geometry":{"type":"Point","coordinates":[-97.58127,20.31288]},"properties":{"id":73987,"name":"San Leoncio Jamaya","state_code":"VER","country_code":"MX"}},{"type":"Feature","geometry":{"type":"Point","coordinates":[-94.76028,17.755]},"properties":{"id":74012,"name":"San Lorenzo Tenochtitlán","state_code":"VER","country_code":"MX"}},{"type":"Feature","geometry":{"type":"Point","coordinates":[-96.88537,19.68972]},"properties":{"id":74068,"name":"San Marcos Atesquilapan","state_code":"VER","country_code":"MX"}},{"type":"Feature","geometry":{"type":"Point","coordinates":[-96.96442,19.42377]},"properties":{"id":74079,"name":"San Marcos de León","state_code":"VER","country_code":"MX"}},{"type":"Feature","geometry":{"type":"Point","coordinates":[-97.48744,20.52896]},"properties":{"id":74186,"name":"San Miguel Mecatepec","state_code":"VER","country_code":"MX"}},{"type":"Feature","geometry":{"type":"Point","coordinates":[-97.22662,19.73981]},"properties":{"id":74214,"name":"San Miguel Tlalpoalán","state_code":"VER","country_code":"MX"}},{"type":"Feature","geometry":{"type":"Point","coordinates":[-98.43002,21.2241]},"properties":{"id":74330,"name":"San Pedro Coyutla","state_code":"VER","country_code":"MX"}},{"type":"Feature","geometry":{"type":"Point","coordinates":[-94.61033,17.9787]},"properties":{"id":74356,"name":"San Pedro Mártir","state_code":"VER","country_code":"MX"}},{"type":"Feature","geometry":{"type":"Point","coordinates":[-99.65237,19.06259]},"properties":{"id":74387,"name":"San Pedro Tlanixco","state_code":"VER","country_code":"MX"}},{"type":"Feature","geometry":{"type":"Point","coordinates":[-97.09833,20.05806]},"properties":{"id":74389,"name":"San Pedro Tlapacoyan","state_code":"VER","country_code":"MX"}},{"type":"Feature","geometry":{"type":"Point","coordinates":[-96.86737,20.18862]},"properties":{"id":74422,"name":"San Rafael","state_code":"VER","country_code":"MX"}},{"type":"Feature","geometry":{"type":"Point","coordinates":[-96.94394,18.94039]},"properties":{"id":74430,"name":"San Rafael Calería","state_code":"VER","country_code":"MX"}},{"type":"Feature","geometry":{"type":"Point","coordinates":[-96.88127,18.87608]},"properties":{"id":74432,"name":"San Rafael Río Seco","state_code":"VER","country_code":"MX"}},{"type":"Feature","geometry":{"type":"Point","coordinates":[-98.13271,21.21724]},"properties":{"id":74455,"name":"San Sebastián","state_code":"VER","country_code":"MX"}},{"type":"Feature","geometry":{"type":"Point","coordinates":[-95.20779,18.16353]},"properties":{"id":74570,"name":"Santa Catalina","state_code":"VER","country_code":"MX"}},{"type":"Feature","geometry":{"type":"Point","coordinates":[-97.52917,20.19222]},"properties":{"id":74675,"name":"Santa Isabel","state_code":"VER","country_code":"MX"}},{"type":"Feature","geometry":{"type":"Point","coordinates":[-97.02417,18.96917]},"properties":{"id":74689,"name":"Santa Lucía Potrerillo","state_code":"VER","country_code":"MX"}},{"type":"Feature","geometry":{"type":"Point","coordinates":[-96.71251,19.27278]},"properties":{"id":74776,"name":"Santa María Tatetla","state_code":"VER","country_code":"MX"}},{"type":"Feature","geometry":{"type":"Point","coordinates":[-96.26,19.16736]},"properties":{"id":74830,"name":"Santa Rita","state_code":"VER","country_code":"MX"}},{"type":"Feature","geometry":{"type":"Point","coordinates":[-96.46514,19.47078]},"properties":{"id":74834,"name":"Santa Rosa","state_code":"VER","country_code":"MX"}},{"type":"Feature","geometry":{"type":"Point","coordinates":[-95.16765,18.4619]},"properties":{"id":74841,"name":"Santa Rosa Abata","state_code":"VER","country_code":"MX"}},{"type":"Feature","geometry":{"type":"Point","coordinates":[-95.0871,18.23098]},"properties":{"id":74844,"name":"Santa Rosa Loma Larga","state_code":"VER","country_code":"MX"}},{"type":"Feature","geometry":{"type":"Point","coordinates":[-95.67276,17.69562]},"properties":{"id":74857,"name":"Santa Teresa","state_code":"VER","country_code":"MX"}},{"type":"Feature","geometry":{"type":"Point","coordinates":[-95.83037,18.44884]},"properties":{"id":74866,"name":"Santiago","state_code":"VER","country_code":"MX"}},{"type":"Feature","geometry":{"type":"Point","coordinates":[-97.40493,20.94512]},"properties":{"id":74986,"name":"Santiago de la Peña","state_code":"VER","country_code":"MX"}},{"type":"Feature","geometry":{"type":"Point","coordinates":[-95.65276,17.61585]},"properties":{"id":74939,"name":"Santiago Sochiapan","state_code":"VER","country_code":"MX"}},{"type":"Feature","geometry":{"type":"Point","coordinates":[-95.3006,18.46576]},"properties":{"id":74968,"name":"Santiago Tuxtla","state_code":"VER","country_code":"MX"}},{"type":"Feature","geometry":{"type":"Point","coordinates":[-98.19703,20.93518]},"properties":{"id":75042,"name":"Sasaltitla","state_code":"VER","country_code":"MX"}},{"type":"Feature","geometry":{"type":"Point","coordinates":[-94.95986,17.88191]},"properties":{"id":75047,"name":"Sayula de Alemán","state_code":"VER","country_code":"MX"}},{"type":"Feature","geometry":{"type":"Point","coordinates":[-97.24167,18.75028]},"properties":{"id":75074,"name":"Sierra de Agua","state_code":"VER","country_code":"MX"}},{"type":"Feature","geometry":{"type":"Point","coordinates":[-95.17833,18.43663]},"properties":{"id":75077,"name":"Sihuapan","state_code":"VER","country_code":"MX"}},{"type":"Feature","geometry":{"type":"Point","coordinates":[-95.29287,18.5348]},"properties":{"id":75094,"name":"Sinapan","state_code":"VER","country_code":"MX"}},{"type":"Feature","geometry":{"type":"Point","coordinates":[-96.93989,19.19292]},"properties":{"id":75106,"name":"Sochiapa","state_code":"VER","country_code":"MX"}},{"type":"Feature","geometry":{"type":"Point","coordinates":[-94.88097,17.96315]},"properties":{"id":75108,"name":"Soconusco","state_code":"VER","country_code":"MX"}},{"type":"Feature","geometry":{"type":"Point","coordinates":[-97.1504,18.75499]},"properties":{"id":75111,"name":"Soledad Atzompa","state_code":"VER","country_code":"MX"}},{"type":"Feature","geometry":{"type":"Point","coordinates":[-96.42142,19.04637]},"properties":{"id":75116,"name":"Soledad de Doblado","state_code":"VER","country_code":"MX"}},{"type":"Feature","geometry":{"type":"Point","coordinates":[-96.63531,19.11219]},"properties":{"id":75122,"name":"Sonora","state_code":"VER","country_code":"MX"}},{"type":"Feature","geometry":{"type":"Point","coordinates":[-95.03507,18.50289]},"properties":{"id":75123,"name":"Sontecomapan","state_code":"VER","country_code":"MX"}},{"type":"Feature","geometry":{"type":"Point","coordinates":[-94.87296,18.23391]},"properties":{"id":75125,"name":"Soteapan","state_code":"VER","country_code":"MX"}},{"type":"Feature","geometry":{"type":"Point","coordinates":[-95.28222,18.36889]},"properties":{"id":75131,"name":"Soyata","state_code":"VER","country_code":"MX"}},{"type":"Feature","geometry":{"type":"Point","coordinates":[-94.98806,17.38611]},"properties":{"id":75140,"name":"Suchilapan del Río","state_code":"VER","country_code":"MX"}},{"type":"Feature","geometry":{"type":"Point","coordinates":[-97.02152,18.90393]},"properties":{"id":75149,"name":"Sumidero","state_code":"VER","country_code":"MX"}},{"type":"Feature","geometry":{"type":"Point","coordinates":[-97.81188,21.33936]},"properties":{"id":75174,"name":"Tamalín","state_code":"VER","country_code":"MX"}},{"type":"Feature","geometry":{"type":"Point","coordinates":[-97.4462,21.27881]},"properties":{"id":75187,"name":"Tamiahua","state_code":"VER","country_code":"MX"}},{"type":"Feature","geometry":{"type":"Point","coordinates":[-97.80184,22.1124]},"properties":{"id":75192,"name":"Tampico Alto","state_code":"VER","country_code":"MX"}},{"type":"Feature","geometry":{"type":"Point","coordinates":[-97.79139,21.28622]},"properties":{"id":75204,"name":"Tancoco","state_code":"VER","country_code":"MX"}},{"type":"Feature","geometry":{"type":"Point","coordinates":[-97.83327,21.33228]},"properties":{"id":75218,"name":"Tantima","state_code":"VER","country_code":"MX"}},{"type":"Feature","geometry":{"type":"Point","coordinates":[-98.18453,21.39307]},"properties":{"id":75219,"name":"Tantoyuca","state_code":"VER","country_code":"MX"}},{"type":"Feature","geometry":{"type":"Point","coordinates":[-95.30631,18.5325]},"properties":{"id":75223,"name":"Tapalapan","state_code":"VER","country_code":"MX"}},{"type":"Feature","geometry":{"type":"Point","coordinates":[-94.76124,18.24621]},"properties":{"id":75237,"name":"Tatahuicapan","state_code":"VER","country_code":"MX"}},{"type":"Feature","geometry":{"type":"Point","coordinates":[-97.1116,19.6932]},"properties":{"id":75240,"name":"Tatatila","state_code":"VER","country_code":"MX"}},{"type":"Feature","geometry":{"type":"Point","coordinates":[-97.20222,18.78333]},"properties":{"id":75250,"name":"Taza de Agua Ojo Zarco","state_code":"VER","country_code":"MX"}},{"type":"Feature","geometry":{"type":"Point","coordinates":[-97.67966,20.74419]},"properties":{"id":75257,"name":"Teayo","state_code":"VER","country_code":"MX"}},{"type":"Feature","geometry":{"type":"Point","coordinates":[-96.98529,19.00379]},"properties":{"id":75262,"name":"Tecama","state_code":"VER","country_code":"MX"}},{"type":"Feature","geometry":{"type":"Point","coordinates":[-97.22516,18.76098]},"properties":{"id":75265,"name":"Tecamalucan","state_code":"VER","country_code":"MX"}},{"type":"Feature","geometry":{"type":"Point","coordinates":[-95.33969,18.57037]},"properties":{"id":75274,"name":"Tecolapan","state_code":"VER","country_code":"MX"}},{"type":"Feature","geometry":{"type":"Point","coordinates":[-97.01309,20.48049]},"properties":{"id":75279,"name":"Tecolutla","state_code":"VER","country_code":"MX"}},{"type":"Feature","geometry":{"type":"Point","coordinates":[-97.05438,18.51964]},"properties":{"id":75299,"name":"Tehuipango","state_code":"VER","country_code":"MX"}},{"type":"Feature","geometry":{"type":"Point","coordinates":[-97.64207,21.06611]},"properties":{"id":75328,"name":"Temapache","state_code":"VER","country_code":"MX"}},{"type":"Feature","geometry":{"type":"Point","coordinates":[-98.37907,21.56506]},"properties":{"id":75342,"name":"Tempoal","state_code":"VER","country_code":"MX"}},{"type":"Feature","geometry":{"type":"Point","coordinates":[-98.38829,21.51998]},"properties":{"id":75343,"name":"Tempoal de Sánchez","state_code":"VER","country_code":"MX"}},{"type":"Feature","geometry":{"type":"Point","coordinates":[-96.86858,19.24626]},"properties":{"id":75346,"name":"Tenampa","state_code":"VER","country_code":"MX"}},{"type":"Feature","geometry":{"type":"Point","coordinates":[-98.14433,20.77031]},"properties":{"id":75359,"name":"Tenantitla","state_code":"VER","country_code":"MX"}},{"type":"Feature","geometry":{"type":"Point","coordinates":[-96.39454,19.14105]},"properties":{"id":75360,"name":"Tenenexpan","state_code":"VER","country_code":"MX"}},{"type":"Feature","geometry":{"type":"Point","coordinates":[-97.14729,19.02116]},"properties":{"id":75367,"name":"Tenixtepec","state_code":"VER","country_code":"MX"}},{"type":"Feature","geometry":{"type":"Point","coordinates":[-96.91611,19.80917]},"properties":{"id":75369,"name":"Tenochtitlán","state_code":"VER","country_code":"MX"}},{"type":"Feature","geometry":{"type":"Point","coordinates":[-96.97371,19.3856]},"properties":{"id":75373,"name":"Teocelo","state_code":"VER","country_code":"MX"}},{"type":"Feature","geometry":{"type":"Point","coordinates":[-96.84481,19.06927]},"properties":{"id":75400,"name":"Tepatlaxco","state_code":"VER","country_code":"MX"}},{"type":"Feature","geometry":{"type":"Point","coordinates":[-96.79734,19.67318]},"properties":{"id":75429,"name":"Tepetlán","state_code":"VER","country_code":"MX"}},{"type":"Feature","geometry":{"type":"Point","coordinates":[-97.85236,21.1641]},"properties":{"id":75435,"name":"Tepetzintla","state_code":"VER","country_code":"MX"}},{"type":"Feature","geometry":{"type":"Point","coordinates":[-97.06991,18.72998]},"properties":{"id":75459,"name":"Tequila","state_code":"VER","country_code":"MX"}},{"type":"Feature","geometry":{"type":"Point","coordinates":[-95.65835,18.13749]},"properties":{"id":75471,"name":"Tesechoacan","state_code":"VER","country_code":"MX"}},{"type":"Feature","geometry":{"type":"Point","coordinates":[-97.14465,19.05141]},"properties":{"id":75484,"name":"Teteltzingo","state_code":"VER","country_code":"MX"}},{"type":"Feature","geometry":{"type":"Point","coordinates":[-97.06085,18.98709]},"properties":{"id":75492,"name":"Tetla","state_code":"VER","country_code":"MX"}},{"type":"Feature","geometry":{"type":"Point","coordinates":[-97.18444,18.69472]},"properties":{"id":75494,"name":"Tetlatzinga","state_code":"VER","country_code":"MX"}},{"type":"Feature","geometry":{"type":"Point","coordinates":[-97.06393,19.04044]},"properties":{"id":75495,"name":"Tetlaxco","state_code":"VER","country_code":"MX"}},{"type":"Feature","geometry":{"type":"Point","coordinates":[-98.26876,20.77329]},"properties":{"id":75496,"name":"Tetzacual","state_code":"VER","country_code":"MX"}},{"type":"Feature","geometry":{"type":"Point","coordinates":[-95.25614,18.42749]},"properties":{"id":75497,"name":"Texalpan de Abajo","state_code":"VER","country_code":"MX"}},{"type":"Feature","geometry":{"type":"Point","coordinates":[-95.24417,18.42944]},"properties":{"id":75498,"name":"Texalpan de Arriba","state_code":"VER","country_code":"MX"}},{"type":"Feature","geometry":{"type":"Point","coordinates":[-95.25333,18.44667]},"properties":{"id":75508,"name":"Texcaltitán Xoteapan (Texcaltitán)","state_code":"VER","country_code":"MX"}},{"type":"Feature","geometry":{"type":"Point","coordinates":[-98.36538,20.58505]},"properties":{"id":75513,"name":"Texcatepec","state_code":"VER","country_code":"MX"}},{"type":"Feature","geometry":{"type":"Point","coordinates":[-97.04025,18.62233]},"properties":{"id":75516,"name":"Texhuacán","state_code":"VER","country_code":"MX"}},{"type":"Feature","geometry":{"type":"Point","coordinates":[-97.00487,19.36598]},"properties":{"id":75517,"name":"Texin","state_code":"VER","country_code":"MX"}},{"type":"Feature","geometry":{"type":"Point","coordinates":[-94.81711,17.89476]},"properties":{"id":75518,"name":"Texistepec","state_code":"VER","country_code":"MX"}},{"type":"Feature","geometry":{"type":"Point","coordinates":[-97.24389,18.93972]},"properties":{"id":75520,"name":"Texmola","state_code":"VER","country_code":"MX"}},{"type":"Feature","geometry":{"type":"Point","coordinates":[-96.68417,18.60706]},"properties":{"id":75527,"name":"Tezonapa","state_code":"VER","country_code":"MX"}},{"type":"Feature","geometry":{"type":"Point","coordinates":[-97.46,20.875]},"properties":{"id":75547,"name":"Tierra Blanca","state_code":"VER","country_code":"MX"}},{"type":"Feature","geometry":{"type":"Point","coordinates":[-97.71681,20.99479]},"properties":{"id":75548,"name":"Tierra Blanca Booxter","state_code":"VER","country_code":"MX"}},{"type":"Feature","geometry":{"type":"Point","coordinates":[-96.36929,19.22544]},"properties":{"id":75550,"name":"Tierra Colorada","state_code":"VER","country_code":"MX"}},{"type":"Feature","geometry":{"type":"Point","coordinates":[-97.01644,19.93925]},"properties":{"id":75554,"name":"Tierra Nueva","state_code":"VER","country_code":"MX"}},{"type":"Feature","geometry":{"type":"Point","coordinates":[-97.53335,20.71449]},"properties":{"id":75560,"name":"Tihuatlan","state_code":"VER","country_code":"MX"}},{"type":"Feature","geometry":{"type":"Point","coordinates":[-95.32806,18.34917]},"properties":{"id":75567,"name":"Tilapan","state_code":"VER","country_code":"MX"}},{"type":"Feature","geometry":{"type":"Point","coordinates":[-96.4425,19.61806]},"properties":{"id":75575,"name":"Tinajitas","state_code":"VER","country_code":"MX"}},{"type":"Feature","geometry":{"type":"Point","coordinates":[-97.69083,20.82141]},"properties":{"id":75576,"name":"Tincontlán","state_code":"VER","country_code":"MX"}},{"type":"Feature","geometry":{"type":"Point","coordinates":[-98.199,20.62123]},"properties":{"id":75600,"name":"Tlachichilco","state_code":"VER","country_code":"MX"}},{"type":"Feature","geometry":{"type":"Point","coordinates":[-95.94682,18.23096]},"properties":{"id":75607,"name":"Tlacojalpan","state_code":"VER","country_code":"MX"}},{"type":"Feature","geometry":{"type":"Point","coordinates":[-97.9596,21.09177]},"properties":{"id":75608,"name":"Tlacolula","state_code":"VER","country_code":"MX"}},{"type":"Feature","geometry":{"type":"Point","coordinates":[-97.00194,19.66687]},"properties":{"id":75610,"name":"Tlacolulan","state_code":"VER","country_code":"MX"}},{"type":"Feature","geometry":{"type":"Point","coordinates":[-95.6589,18.61333]},"properties":{"id":75613,"name":"Tlacotalpan","state_code":"VER","country_code":"MX"}},{"type":"Feature","geometry":{"type":"Point","coordinates":[-96.83805,19.18946]},"properties":{"id":75621,"name":"Tlacotepec de Mejía","state_code":"VER","country_code":"MX"}},{"type":"Feature","geometry":{"type":"Point","coordinates":[-94.26306,17.97778]},"properties":{"id":75624,"name":"Tlacuilolapan","state_code":"VER","country_code":"MX"}},{"type":"Feature","geometry":{"type":"Point","coordinates":[-97.24642,19.44863]},"properties":{"id":75637,"name":"Tlalconteno","state_code":"VER","country_code":"MX"}},{"type":"Feature","geometry":{"type":"Point","coordinates":[-96.06056,18.80222]},"properties":{"id":75639,"name":"Tlalixcoyan","state_code":"VER","country_code":"MX"}},{"type":"Feature","geometry":{"type":"Point","coordinates":[-96.97534,19.56681]},"properties":{"id":75644,"name":"Tlalnelhuayocan","state_code":"VER","country_code":"MX"}},{"type":"Feature","geometry":{"type":"Point","coordinates":[-96.90105,19.31421]},"properties":{"id":75657,"name":"Tlaltetela","state_code":"VER","country_code":"MX"}},{"type":"Feature","geometry":{"type":"Point","coordinates":[-96.93685,19.09336]},"properties":{"id":75664,"name":"Tlamatoca","state_code":"VER","country_code":"MX"}},{"type":"Feature","geometry":{"type":"Point","coordinates":[-97.21141,19.96268]},"properties":{"id":75677,"name":"Tlapacoyan","state_code":"VER","country_code":"MX"}},{"type":"Feature","geometry":{"type":"Point","coordinates":[-96.91878,19.26165]},"properties":{"id":75678,"name":"Tlapala","state_code":"VER","country_code":"MX"}},{"type":"Feature","geometry":{"type":"Point","coordinates":[-97.14417,18.73389]},"properties":{"id":75687,"name":"Tlatilpa","state_code":"VER","country_code":"MX"}},{"type":"Feature","geometry":{"type":"Point","coordinates":[-97.14111,18.72861]},"properties":{"id":75692,"name":"Tlatzala","state_code":"VER","country_code":"MX"}},{"type":"Feature","geometry":{"type":"Point","coordinates":[-97.09867,18.8056]},"properties":{"id":75709,"name":"Tlilapan","state_code":"VER","country_code":"MX"}},{"type":"Feature","geometry":{"type":"Point","coordinates":[-97.01667,18.95]},"properties":{"id":75717,"name":"Tocuila","state_code":"VER","country_code":"MX"}},{"type":"Feature","geometry":{"type":"Point","coordinates":[-96.39472,19.26667]},"properties":{"id":75722,"name":"Tolome","state_code":"VER","country_code":"MX"}},{"type":"Feature","geometry":{"type":"Point","coordinates":[-97.00986,19.03102]},"properties":{"id":75727,"name":"Tomatlán","state_code":"VER","country_code":"MX"}},{"type":"Feature","geometry":{"type":"Point","coordinates":[-94.14174,18.20714]},"properties":{"id":75737,"name":"Tonalá","state_code":"VER","country_code":"MX"}},{"type":"Feature","geometry":{"type":"Point","coordinates":[-97.13271,19.42931]},"properties":{"id":75731,"name":"Tonalaco","state_code":"VER","country_code":"MX"}},{"type":"Feature","geometry":{"type":"Point","coordinates":[-95.22,18.46833]},"properties":{"id":75734,"name":"Tonalapan","state_code":"VER","country_code":"MX"}},{"type":"Feature","geometry":{"type":"Point","coordinates":[-97.05972,18.78194]},"properties":{"id":75735,"name":"Tonalixco","state_code":"VER","country_code":"MX"}},{"type":"Feature","geometry":{"type":"Point","coordinates":[-96.91959,19.71228]},"properties":{"id":75742,"name":"Tonayán","state_code":"VER","country_code":"MX"}},{"type":"Feature","geometry":{"type":"Point","coordinates":[-97.47636,20.558]},"properties":{"id":75751,"name":"Totolapa","state_code":"VER","country_code":"MX"}},{"type":"Feature","geometry":{"type":"Point","coordinates":[-96.96118,19.21169]},"properties":{"id":75759,"name":"Totutla","state_code":"VER","country_code":"MX"}},{"type":"Feature","geometry":{"type":"Point","coordinates":[-97.06087,19.10031]},"properties":{"id":75763,"name":"Tozongo","state_code":"VER","country_code":"MX"}},{"type":"Feature","geometry":{"type":"Point","coordinates":[-96.74111,19.54306]},"properties":{"id":75769,"name":"Trapiche del Rosario","state_code":"VER","country_code":"MX"}},{"type":"Feature","geometry":{"type":"Point","coordinates":[-96.94556,18.84306]},"properties":{"id":75768,"name":"Trapiche Viejo","state_code":"VER","country_code":"MX"}},{"type":"Feature","geometry":{"type":"Point","coordinates":[-96.13569,18.23915]},"properties":{"id":75778,"name":"Tres Valles","state_code":"VER","country_code":"MX"}},{"type":"Feature","geometry":{"type":"Point","coordinates":[-95.4371,18.46827]},"properties":{"id":75779,"name":"Tres Zapotes","state_code":"VER","country_code":"MX"}},{"type":"Feature","geometry":{"type":"Point","coordinates":[-96.86324,19.56404]},"properties":{"id":75784,"name":"Tronconal","state_code":"VER","country_code":"MX"}},{"type":"Feature","geometry":{"type":"Point","coordinates":[-95.37679,18.58672]},"properties":{"id":75788,"name":"Tula","state_code":"VER","country_code":"MX"}},{"type":"Feature","geometry":{"type":"Point","coordinates":[-95.22619,18.31434]},"properties":{"id":75795,"name":"Tulapam","state_code":"VER","country_code":"MX"}},{"type":"Feature","geometry":{"type":"Point","coordinates":[-97.40805,20.95777]},"properties":{"id":75857,"name":"Túxpam de Rodríguez Cano","state_code":"VER","country_code":"MX"}},{"type":"Feature","geometry":{"type":"Point","coordinates":[-97.42603,20.94633]},"properties":{"id":75821,"name":"Tuxpan","state_code":"VER","country_code":"MX"}},{"type":"Feature","geometry":{"type":"Point","coordinates":[-97.01283,18.78229]},"properties":{"id":75822,"name":"Tuxpanguillo","state_code":"VER","country_code":"MX"}},{"type":"Feature","geometry":{"type":"Point","coordinates":[-95.88014,18.1879]},"properties":{"id":75824,"name":"Tuxtilla","state_code":"VER","country_code":"MX"}},{"type":"Feature","geometry":{"type":"Point","coordinates":[-96.8636,19.40253]},"properties":{"id":75829,"name":"Tuzamapan","state_code":"VER","country_code":"MX"}},{"type":"Feature","geometry":{"type":"Point","coordinates":[-98.23604,20.67396]},"properties":{"id":75838,"name":"Tzicatlán","state_code":"VER","country_code":"MX"}},{"type":"Feature","geometry":{"type":"Point","coordinates":[-97.11917,18.87278]},"properties":{"id":75888,"name":"Unión y Progreso","state_code":"VER","country_code":"MX"}},{"type":"Feature","geometry":{"type":"Point","coordinates":[-96.3609,19.40531]},"properties":{"id":76408,"name":"Úrsulo Galván","state_code":"VER","country_code":"MX"}},{"type":"Feature","geometry":{"type":"Point","coordinates":[-94.42594,17.27501]},"properties":{"id":75903,"name":"Uxpanapa","state_code":"VER","country_code":"MX"}},{"type":"Feature","geometry":{"type":"Point","coordinates":[-96.21648,19.16347]},"properties":{"id":75909,"name":"Valente Diaz","state_code":"VER","country_code":"MX"}},{"type":"Feature","geometry":{"type":"Point","coordinates":[-96.32046,19.22774]},"properties":{"id":75938,"name":"Vargas","state_code":"VER","country_code":"MX"}},{"type":"Feature","geometry":{"type":"Point","coordinates":[-96.64751,20.02823]},"properties":{"id":75939,"name":"Vega de Alatorre","state_code":"VER","country_code":"MX"}},{"type":"Feature","geometry":{"type":"Point","coordinates":[-97.83273,20.94476]},"properties":{"id":75942,"name":"Vegas de la Soledad y Soledad Dos","state_code":"VER","country_code":"MX"}},{"type":"Feature","geometry":{"type":"Point","coordinates":[-96.95472,18.865]},"properties":{"id":75945,"name":"Veinte de Noviembre","state_code":"VER","country_code":"MX"}},{"type":"Feature","geometry":{"type":"Point","coordinates":[-97.27222,19.725]},"properties":{"id":75949,"name":"Veintiuno de Agosto","state_code":"VER","country_code":"MX"}},{"type":"Feature","geometry":{"type":"Point","coordinates":[-94.75417,17.64194]},"properties":{"id":75964,"name":"Venustiano Carranza (Peña Blanca)","state_code":"VER","country_code":"MX"}},{"type":"Feature","geometry":{"type":"Point","coordinates":[-96.1429,19.18095]},"properties":{"id":75965,"name":"Veracruz","state_code":"VER","country_code":"MX"}},{"type":"Feature","geometry":{"type":"Point","coordinates":[-94.7194,17.49594]},"properties":{"id":75974,"name":"Vicente Guerrero","state_code":"VER","country_code":"MX"}},{"type":"Feature","geometry":{"type":"Point","coordinates":[-97.34973,20.57695]},"properties":{"id":75981,"name":"Vicente Herrera","state_code":"VER","country_code":"MX"}},{"type":"Feature","geometry":{"type":"Point","coordinates":[-97.22333,19.64861]},"properties":{"id":75989,"name":"Villa Aldama","state_code":"VER","country_code":"MX"}},{"type":"Feature","geometry":{"type":"Point","coordinates":[-95.71225,18.07418]},"properties":{"id":75993,"name":"Villa Azueta","state_code":"VER","country_code":"MX"}},{"type":"Feature","geometry":{"type":"Point","coordinates":[-97.43361,20.57639]},"properties":{"id":76071,"name":"Villa de las Flores","state_code":"VER","country_code":"MX"}},{"type":"Feature","geometry":{"type":"Point","coordinates":[-96.65776,19.36353]},"properties":{"id":76000,"name":"Villa Emiliano Zapata","state_code":"VER","country_code":"MX"}},{"type":"Feature","geometry":{"type":"Point","coordinates":[-96.61162,19.9702]},"properties":{"id":76001,"name":"Villa Emilio Carranza","state_code":"VER","country_code":"MX"}},{"type":"Feature","geometry":{"type":"Point","coordinates":[-97.05214,20.05523]},"properties":{"id":76017,"name":"Villa Independencia","state_code":"VER","country_code":"MX"}},{"type":"Feature","geometry":{"type":"Point","coordinates":[-97.70024,20.46193]},"properties":{"id":76028,"name":"Villa Lázaro Cárdenas","state_code":"VER","country_code":"MX"}},{"type":"Feature","geometry":{"type":"Point","coordinates":[-96.98246,18.85438]},"properties":{"id":76050,"name":"Villa Unión","state_code":"VER","country_code":"MX"}},{"type":"Feature","geometry":{"type":"Point","coordinates":[-96.40773,19.44422]},"properties":{"id":76059,"name":"Villa Zempoala","state_code":"VER","country_code":"MX"}},{"type":"Feature","geometry":{"type":"Point","coordinates":[-95.06083,17.92361]},"properties":{"id":76094,"name":"Vista Hermosa","state_code":"VER","country_code":"MX"}},{"type":"Feature","geometry":{"type":"Point","coordinates":[-96.91589,19.53124]},"properties":{"id":76113,"name":"Xalapa de Enríquez","state_code":"VER","country_code":"MX"}},{"type":"Feature","geometry":{"type":"Point","coordinates":[-97.04111,19.04972]},"properties":{"id":76115,"name":"Xalatlaco","state_code":"VER","country_code":"MX"}},{"type":"Feature","geometry":{"type":"Point","coordinates":[-97.00819,19.42178]},"properties":{"id":76137,"name":"Xico","state_code":"VER","country_code":"MX"}},{"type":"Feature","geometry":{"type":"Point","coordinates":[-97.22965,19.76055]},"properties":{"id":76152,"name":"Xoampolco","state_code":"VER","country_code":"MX"}},{"type":"Feature","geometry":{"type":"Point","coordinates":[-98.06967,20.86302]},"properties":{"id":76167,"name":"Xochimilco","state_code":"VER","country_code":"MX"}},{"type":"Feature","geometry":{"type":"Point","coordinates":[-98.35118,20.80917]},"properties":{"id":76182,"name":"Xococapa","state_code":"VER","country_code":"MX"}},{"type":"Feature","geometry":{"type":"Point","coordinates":[-97.10092,19.01511]},"properties":{"id":76185,"name":"Xocotla","state_code":"VER","country_code":"MX"}},{"type":"Feature","geometry":{"type":"Point","coordinates":[-97.07944,18.50472]},"properties":{"id":76198,"name":"Xopilapa","state_code":"VER","country_code":"MX"}},{"type":"Feature","geometry":{"type":"Point","coordinates":[-95.26645,18.4347]},"properties":{"id":76199,"name":"Xoteapan","state_code":"VER","country_code":"MX"}},{"type":"Feature","geometry":{"type":"Point","coordinates":[-97.15244,18.64658]},"properties":{"id":76200,"name":"Xoxocotla","state_code":"VER","country_code":"MX"}},{"type":"Feature","geometry":{"type":"Point","coordinates":[-96.79837,18.83288]},"properties":{"id":76215,"name":"Yanga","state_code":"VER","country_code":"MX"}},{"type":"Feature","geometry":{"type":"Point","coordinates":[-96.77836,19.86614]},"properties":{"id":76230,"name":"Yecuatla","state_code":"VER","country_code":"MX"}},{"type":"Feature","geometry":{"type":"Point","coordinates":[-97.72155,21.24762]},"properties":{"id":76256,"name":"Zacamixtle","state_code":"VER","country_code":"MX"}},{"type":"Feature","geometry":{"type":"Point","coordinates":[-97.52416,20.49735]},"properties":{"id":76270,"name":"Zacate Colorado","state_code":"VER","country_code":"MX"}},{"type":"Feature","geometry":{"type":"Point","coordinates":[-95.97111,18.68333]},"properties":{"id":76271,"name":"Zacate Colorado Segundo (Fraternidad)","state_code":"VER","country_code":"MX"}},{"type":"Feature","geometry":{"type":"Point","coordinates":[-97.13437,19.00528]},"properties":{"id":76276,"name":"Zacatla","state_code":"VER","country_code":"MX"}},{"type":"Feature","geometry":{"type":"Point","coordinates":[-98.33931,20.49929]},"properties":{"id":76287,"name":"Zacualpan","state_code":"VER","country_code":"MX"}},{"type":"Feature","geometry":{"type":"Point","coordinates":[-95.48361,18.58101]},"properties":{"id":76293,"name":"Zamora","state_code":"VER","country_code":"MX"}},{"type":"Feature","geometry":{"type":"Point","coordinates":[-96.99297,18.84018]},"properties":{"id":76298,"name":"Zapoapan","state_code":"VER","country_code":"MX"}},{"type":"Feature","geometry":{"type":"Point","coordinates":[-95.18452,18.23778]},"properties":{"id":76299,"name":"Zapoapan de Amapan","state_code":"VER","country_code":"MX"}},{"type":"Feature","geometry":{"type":"Point","coordinates":[-95.09725,18.33395]},"properties":{"id":76300,"name":"Zapoapan de Cabañas","state_code":"VER","country_code":"MX"}},{"type":"Feature","geometry":{"type":"Point","coordinates":[-94.64361,17.94871]},"properties":{"id":76320,"name":"Zaragoza","state_code":"VER","country_code":"MX"}},{"type":"Feature","geometry":{"type":"Point","coordinates":[-96.75442,19.07237]},"properties":{"id":76329,"name":"Zentla","state_code":"VER","country_code":"MX"}},{"type":"Feature","geometry":{"type":"Point","coordinates":[-96.99707,18.66673]},"properties":{"id":76362,"name":"Zongolica","state_code":"VER","country_code":"MX"}},{"type":"Feature","geometry":{"type":"Point","coordinates":[-98.29972,20.74173]},"properties":{"id":76364,"name":"Zontecomatlán de López y Fuentes","state_code":"VER","country_code":"MX"}},{"type":"Feature","geometry":{"type":"Point","coordinates":[-97.57567,20.14048]},"properties":{"id":76382,"name":"Zozocolco de Hidalgo","state_code":"VER","country_code":"MX"}}]}