{"type":"FeatureCollection","features":[{"type":"Feature","geometry":{"type":"Point","coordinates":[-122.07857,37.90472]},"properties":{"id":110992,"name":"Acalanes Ridge","state_code":"CA","country_code":"US"}},{"type":"Feature","geometry":{"type":"Point","coordinates":[-118.19674,34.46999]},"properties":{"id":111001,"name":"Acton","state_code":"CA","country_code":"US"}},{"type":"Feature","geometry":{"type":"Point","coordinates":[-117.40922,34.58277]},"properties":{"id":111043,"name":"Adelanto","state_code":"CA","country_code":"US"}},{"type":"Feature","geometry":{"type":"Point","coordinates":[-118.73787,34.14306]},"properties":{"id":111056,"name":"Agoura","state_code":"CA","country_code":"US"}},{"type":"Feature","geometry":{"type":"Point","coordinates":[-118.77453,34.13639]},"properties":{"id":111057,"name":"Agoura Hills","state_code":"CA","country_code":"US"}},{"type":"Feature","geometry":{"type":"Point","coordinates":[-118.32563,34.49638]},"properties":{"id":111058,"name":"Agua Dulce","state_code":"CA","country_code":"US"}},{"type":"Feature","geometry":{"type":"Point","coordinates":[-116.86502,33.44281]},"properties":{"id":111061,"name":"Aguanga","state_code":"CA","country_code":"US"}},{"type":"Feature","geometry":{"type":"Point","coordinates":[-119.72627,37.3655]},"properties":{"id":111064,"name":"Ahwahnee","state_code":"CA","country_code":"US"}},{"type":"Feature","geometry":{"type":"Point","coordinates":[-122.24164,37.76521]},"properties":{"id":111088,"name":"Alameda","state_code":"CA","country_code":"US"}},{"type":"Feature","geometry":{"type":"Point","coordinates":[-122.03218,37.8502]},"properties":{"id":111093,"name":"Alamo","state_code":"CA","country_code":"US"}},{"type":"Feature","geometry":{"type":"Point","coordinates":[-122.29775,37.88687]},"properties":{"id":111110,"name":"Albany","state_code":"CA","country_code":"US"}},{"type":"Feature","geometry":{"type":"Point","coordinates":[-118.12701,34.09529]},"properties":{"id":111169,"name":"Alhambra","state_code":"CA","country_code":"US"}},{"type":"Feature","geometry":{"type":"Point","coordinates":[-117.72712,33.56504]},"properties":{"id":111175,"name":"Aliso Viejo","state_code":"CA","country_code":"US"}},{"type":"Feature","geometry":{"type":"Point","coordinates":[-121.94302,38.44463]},"properties":{"id":111196,"name":"Allendale","state_code":"CA","country_code":"US"}},{"type":"Feature","geometry":{"type":"Point","coordinates":[-118.33091,33.88946]},"properties":{"id":111215,"name":"Alondra Park","state_code":"CA","country_code":"US"}},{"type":"Feature","geometry":{"type":"Point","coordinates":[-119.48734,35.88773]},"properties":{"id":111217,"name":"Alpaugh","state_code":"CA","country_code":"US"}},{"type":"Feature","geometry":{"type":"Point","coordinates":[-116.76641,32.83505]},"properties":{"id":111223,"name":"Alpine","state_code":"CA","country_code":"US"}},{"type":"Feature","geometry":{"type":"Point","coordinates":[-118.5539,35.73126]},"properties":{"id":111230,"name":"Alta Sierra","state_code":"CA","country_code":"US"}},{"type":"Feature","geometry":{"type":"Point","coordinates":[-118.13118,34.18973]},"properties":{"id":111231,"name":"Altadena","state_code":"CA","country_code":"US"}},{"type":"Feature","geometry":{"type":"Point","coordinates":[-120.54349,41.48714]},"properties":{"id":111251,"name":"Alturas","state_code":"CA","country_code":"US"}},{"type":"Feature","geometry":{"type":"Point","coordinates":[-121.82718,37.36605]},"properties":{"id":111254,"name":"Alum Rock","state_code":"CA","country_code":"US"}},{"type":"Feature","geometry":{"type":"Point","coordinates":[-122.2608,38.17492]},"properties":{"id":111271,"name":"American Canyon","state_code":"CA","country_code":"US"}},{"type":"Feature","geometry":{"type":"Point","coordinates":[-121.77912,36.96356]},"properties":{"id":111280,"name":"Amesti","state_code":"CA","country_code":"US"}},{"type":"Feature","geometry":{"type":"Point","coordinates":[-117.9145,33.83529]},"properties":{"id":111299,"name":"Anaheim","state_code":"CA","country_code":"US"}},{"type":"Feature","geometry":{"type":"Point","coordinates":[-122.29778,40.44821]},"properties":{"id":111314,"name":"Anderson","state_code":"CA","country_code":"US"}},{"type":"Feature","geometry":{"type":"Point","coordinates":[-120.53965,38.06826]},"properties":{"id":111337,"name":"Angels Camp","state_code":"CA","country_code":"US"}},{"type":"Feature","geometry":{"type":"Point","coordinates":[-122.44998,38.57574]},"properties":{"id":111343,"name":"Angwin","state_code":"CA","country_code":"US"}},{"type":"Feature","geometry":{"type":"Point","coordinates":[-121.32995,38.70824]},"properties":{"id":111364,"name":"Antelope","state_code":"CA","country_code":"US"}},{"type":"Feature","geometry":{"type":"Point","coordinates":[-121.80579,38.00492]},"properties":{"id":111373,"name":"Antioch","state_code":"CA","country_code":"US"}},{"type":"Feature","geometry":{"type":"Point","coordinates":[-116.67363,33.55503]},"properties":{"id":111378,"name":"Anza","state_code":"CA","country_code":"US"}},{"type":"Feature","geometry":{"type":"Point","coordinates":[-117.18588,34.50083]},"properties":{"id":111394,"name":"Apple Valley","state_code":"CA","country_code":"US"}},{"type":"Feature","geometry":{"type":"Point","coordinates":[-121.8994,36.97717]},"properties":{"id":111403,"name":"Aptos","state_code":"CA","country_code":"US"}},{"type":"Feature","geometry":{"type":"Point","coordinates":[-121.83404,36.96064]},"properties":{"id":111404,"name":"Aptos Hills-Larkin Valley","state_code":"CA","country_code":"US"}},{"type":"Feature","geometry":{"type":"Point","coordinates":[-122.05775,39.0174]},"properties":{"id":111416,"name":"Arbuckle","state_code":"CA","country_code":"US"}},{"type":"Feature","geometry":{"type":"Point","coordinates":[-118.03534,34.13973]},"properties":{"id":111425,"name":"Arcadia","state_code":"CA","country_code":"US"}},{"type":"Feature","geometry":{"type":"Point","coordinates":[-124.08284,40.86652]},"properties":{"id":111426,"name":"Arcata","state_code":"CA","country_code":"US"}},{"type":"Feature","geometry":{"type":"Point","coordinates":[-121.37854,38.6025]},"properties":{"id":111440,"name":"Arden-Arcade","state_code":"CA","country_code":"US"}},{"type":"Feature","geometry":{"type":"Point","coordinates":[-119.70846,36.31578]},"properties":{"id":111477,"name":"Armona","state_code":"CA","country_code":"US"}},{"type":"Feature","geometry":{"type":"Point","coordinates":[-120.35103,38.25547]},"properties":{"id":111488,"name":"Arnold","state_code":"CA","country_code":"US"}},{"type":"Feature","geometry":{"type":"Point","coordinates":[-121.643,36.88856]},"properties":{"id":111491,"name":"Aromas","state_code":"CA","country_code":"US"}},{"type":"Feature","geometry":{"type":"Point","coordinates":[-120.59073,35.11859]},"properties":{"id":111494,"name":"Arroyo Grande","state_code":"CA","country_code":"US"}},{"type":"Feature","geometry":{"type":"Point","coordinates":[-118.08312,33.86585]},"properties":{"id":111496,"name":"Artesia","state_code":"CA","country_code":"US"}},{"type":"Feature","geometry":{"type":"Point","coordinates":[-118.82843,35.20913]},"properties":{"id":111505,"name":"Arvin","state_code":"CA","country_code":"US"}},{"type":"Feature","geometry":{"type":"Point","coordinates":[-122.11385,37.69465]},"properties":{"id":111538,"name":"Ashland","state_code":"CA","country_code":"US"}},{"type":"Feature","geometry":{"type":"Point","coordinates":[-120.67073,35.48942]},"properties":{"id":111564,"name":"Atascadero","state_code":"CA","country_code":"US"}},{"type":"Feature","geometry":{"type":"Point","coordinates":[-122.19774,37.46133]},"properties":{"id":111582,"name":"Atherton","state_code":"CA","country_code":"US"}},{"type":"Feature","geometry":{"type":"Point","coordinates":[-120.60908,37.34772]},"properties":{"id":111613,"name":"Atwater","state_code":"CA","country_code":"US"}},{"type":"Feature","geometry":{"type":"Point","coordinates":[-119.48541,37.08078]},"properties":{"id":111617,"name":"Auberry","state_code":"CA","country_code":"US"}},{"type":"Feature","geometry":{"type":"Point","coordinates":[-121.07689,38.89657]},"properties":{"id":111631,"name":"Auburn","state_code":"CA","country_code":"US"}},{"type":"Feature","geometry":{"type":"Point","coordinates":[-120.95244,38.91434]},"properties":{"id":111635,"name":"Auburn Lake Trails","state_code":"CA","country_code":"US"}},{"type":"Feature","geometry":{"type":"Point","coordinates":[-121.26217,37.97881]},"properties":{"id":111644,"name":"August","state_code":"CA","country_code":"US"}},{"type":"Feature","geometry":{"type":"Point","coordinates":[-118.32785,33.34281]},"properties":{"id":111675,"name":"Avalon","state_code":"CA","country_code":"US"}},{"type":"Feature","geometry":{"type":"Point","coordinates":[-120.12903,36.00412]},"properties":{"id":111676,"name":"Avenal","state_code":"CA","country_code":"US"}},{"type":"Feature","geometry":{"type":"Point","coordinates":[-120.73184,35.17998]},"properties":{"id":111683,"name":"Avila Beach","state_code":"CA","country_code":"US"}},{"type":"Feature","geometry":{"type":"Point","coordinates":[-117.99118,34.03612]},"properties":{"id":111689,"name":"Avocado Heights","state_code":"CA","country_code":"US"}},{"type":"Feature","geometry":{"type":"Point","coordinates":[-117.90756,34.13362]},"properties":{"id":111713,"name":"Azusa","state_code":"CA","country_code":"US"}},{"type":"Feature","geometry":{"type":"Point","coordinates":[-119.01871,35.37329]},"properties":{"id":111744,"name":"Bakersfield","state_code":"CA","country_code":"US"}},{"type":"Feature","geometry":{"type":"Point","coordinates":[-117.9609,34.08529]},"properties":{"id":111763,"name":"Baldwin Park","state_code":"CA","country_code":"US"}},{"type":"Feature","geometry":{"type":"Point","coordinates":[-116.87641,33.92557]},"properties":{"id":111803,"name":"Banning","state_code":"CA","country_code":"US"}},{"type":"Feature","geometry":{"type":"Point","coordinates":[-117.02282,34.89859]},"properties":{"id":111857,"name":"Barstow","state_code":"CA","country_code":"US"}},{"type":"Feature","geometry":{"type":"Point","coordinates":[-117.05615,34.86971]},"properties":{"id":111858,"name":"Barstow Heights","state_code":"CA","country_code":"US"}},{"type":"Feature","geometry":{"type":"Point","coordinates":[-121.96163,38.02909]},"properties":{"id":111932,"name":"Bay Point","state_code":"CA","country_code":"US"}},{"type":"Feature","geometry":{"type":"Point","coordinates":[-124.06367,40.84235]},"properties":{"id":111957,"name":"Bayside","state_code":"CA","country_code":"US"}},{"type":"Feature","geometry":{"type":"Point","coordinates":[-124.18395,40.77263]},"properties":{"id":111959,"name":"Bayview","state_code":"CA","country_code":"US"}},{"type":"Feature","geometry":{"type":"Point","coordinates":[-121.35444,39.10917]},"properties":{"id":111971,"name":"Beale Air Force Base","state_code":"CA","country_code":"US"}},{"type":"Feature","geometry":{"type":"Point","coordinates":[-118.62842,35.15913]},"properties":{"id":111979,"name":"Bear Valley Springs","state_code":"CA","country_code":"US"}},{"type":"Feature","geometry":{"type":"Point","coordinates":[-116.97725,33.92946]},"properties":{"id":111990,"name":"Beaumont","state_code":"CA","country_code":"US"}},{"type":"Feature","geometry":{"type":"Point","coordinates":[-118.18702,33.97751]},"properties":{"id":112066,"name":"Bell","state_code":"CA","country_code":"US"}},{"type":"Feature","geometry":{"type":"Point","coordinates":[-118.15146,33.96529]},"properties":{"id":112070,"name":"Bell Gardens","state_code":"CA","country_code":"US"}},{"type":"Feature","geometry":{"type":"Point","coordinates":[-122.2325,40.64071]},"properties":{"id":112072,"name":"Bella Vista","state_code":"CA","country_code":"US"}},{"type":"Feature","geometry":{"type":"Point","coordinates":[-118.11701,33.88168]},"properties":{"id":112118,"name":"Bellflower","state_code":"CA","country_code":"US"}},{"type":"Feature","geometry":{"type":"Point","coordinates":[-122.2758,37.52021]},"properties":{"id":112142,"name":"Belmont","state_code":"CA","country_code":"US"}},{"type":"Feature","geometry":{"type":"Point","coordinates":[-122.46442,37.8727]},"properties":{"id":112153,"name":"Belvedere","state_code":"CA","country_code":"US"}},{"type":"Feature","geometry":{"type":"Point","coordinates":[-122.08635,37.08911]},"properties":{"id":112163,"name":"Ben Lomond","state_code":"CA","country_code":"US"}},{"type":"Feature","geometry":{"type":"Point","coordinates":[-122.15858,38.04937]},"properties":{"id":112168,"name":"Benicia","state_code":"CA","country_code":"US"}},{"type":"Feature","geometry":{"type":"Point","coordinates":[-122.27275,37.87159]},"properties":{"id":112223,"name":"Berkeley","state_code":"CA","country_code":"US"}},{"type":"Feature","geometry":{"type":"Point","coordinates":[-116.28918,33.7428]},"properties":{"id":112240,"name":"Bermuda Dunes","state_code":"CA","country_code":"US"}},{"type":"Feature","geometry":{"type":"Point","coordinates":[-121.4033,39.64516]},"properties":{"id":112253,"name":"Berry Creek","state_code":"CA","country_code":"US"}},{"type":"Feature","geometry":{"type":"Point","coordinates":[-124.15875,41.7525]},"properties":{"id":112260,"name":"Bertsch-Oceanview","state_code":"CA","country_code":"US"}},{"type":"Feature","geometry":{"type":"Point","coordinates":[-121.64051,38.01492]},"properties":{"id":112286,"name":"Bethel Island","state_code":"CA","country_code":"US"}},{"type":"Feature","geometry":{"type":"Point","coordinates":[-118.40036,34.07362]},"properties":{"id":112306,"name":"Beverly Hills","state_code":"CA","country_code":"US"}},{"type":"Feature","geometry":{"type":"Point","coordinates":[-116.84503,34.26112]},"properties":{"id":112315,"name":"Big Bear City","state_code":"CA","country_code":"US"}},{"type":"Feature","geometry":{"type":"Point","coordinates":[-116.91142,34.2439]},"properties":{"id":112316,"name":"Big Bear Lake","state_code":"CA","country_code":"US"}},{"type":"Feature","geometry":{"type":"Point","coordinates":[-118.28955,37.16493]},"properties":{"id":112328,"name":"Big Pine","state_code":"CA","country_code":"US"}},{"type":"Feature","geometry":{"type":"Point","coordinates":[-114.36134,34.14002]},"properties":{"id":112331,"name":"Big River","state_code":"CA","country_code":"US"}},{"type":"Feature","geometry":{"type":"Point","coordinates":[-121.71275,39.41239]},"properties":{"id":112340,"name":"Biggs","state_code":"CA","country_code":"US"}},{"type":"Feature","geometry":{"type":"Point","coordinates":[-120.01627,36.80217]},"properties":{"id":112352,"name":"Biola","state_code":"CA","country_code":"US"}},{"type":"Feature","geometry":{"type":"Point","coordinates":[-118.39511,37.36354]},"properties":{"id":112364,"name":"Bishop","state_code":"CA","country_code":"US"}},{"type":"Feature","geometry":{"type":"Point","coordinates":[-122.51318,38.11547]},"properties":{"id":112381,"name":"Black Point-Green Point","state_code":"CA","country_code":"US"}},{"type":"Feature","geometry":{"type":"Point","coordinates":[-121.90774,37.82076]},"properties":{"id":112387,"name":"Blackhawk","state_code":"CA","country_code":"US"}},{"type":"Feature","geometry":{"type":"Point","coordinates":[-117.39588,34.07029]},"properties":{"id":112453,"name":"Bloomington","state_code":"CA","country_code":"US"}},{"type":"Feature","geometry":{"type":"Point","coordinates":[-123.98395,40.88291]},"properties":{"id":112470,"name":"Blue Lake","state_code":"CA","country_code":"US"}},{"type":"Feature","geometry":{"type":"Point","coordinates":[-114.59635,33.6103]},"properties":{"id":112485,"name":"Blythe","state_code":"CA","country_code":"US"}},{"type":"Feature","geometry":{"type":"Point","coordinates":[-123.04806,38.33325]},"properties":{"id":112495,"name":"Bodega Bay","state_code":"CA","country_code":"US"}},{"type":"Feature","geometry":{"type":"Point","coordinates":[-118.49203,35.58801]},"properties":{"id":112496,"name":"Bodfish","state_code":"CA","country_code":"US"}},{"type":"Feature","geometry":{"type":"Point","coordinates":[-122.68637,37.90937]},"properties":{"id":112514,"name":"Bolinas","state_code":"CA","country_code":"US"}},{"type":"Feature","geometry":{"type":"Point","coordinates":[-119.87463,36.98467]},"properties":{"id":112529,"name":"Bonadelle Ranchos-Madera Ranchos","state_code":"CA","country_code":"US"}},{"type":"Feature","geometry":{"type":"Point","coordinates":[-117.03003,32.65783]},"properties":{"id":112537,"name":"Bonita","state_code":"CA","country_code":"US"}},{"type":"Feature","geometry":{"type":"Point","coordinates":[-122.15052,37.04162]},"properties":{"id":112548,"name":"Bonny Doon","state_code":"CA","country_code":"US"}},{"type":"Feature","geometry":{"type":"Point","coordinates":[-117.22559,33.28892]},"properties":{"id":112550,"name":"Bonsall","state_code":"CA","country_code":"US"}},{"type":"Feature","geometry":{"type":"Point","coordinates":[-123.36612,39.00907]},"properties":{"id":112571,"name":"Boonville","state_code":"CA","country_code":"US"}},{"type":"Feature","geometry":{"type":"Point","coordinates":[-117.64978,34.99942]},"properties":{"id":112578,"name":"Boron","state_code":"CA","country_code":"US"}},{"type":"Feature","geometry":{"type":"Point","coordinates":[-121.67495,36.69885]},"properties":{"id":112579,"name":"Boronda","state_code":"CA","country_code":"US"}},{"type":"Feature","geometry":{"type":"Point","coordinates":[-116.37501,33.25587]},"properties":{"id":112581,"name":"Borrego Springs","state_code":"CA","country_code":"US"}},{"type":"Feature","geometry":{"type":"Point","coordinates":[-116.93642,32.80755]},"properties":{"id":112591,"name":"Bostonia","state_code":"CA","country_code":"US"}},{"type":"Feature","geometry":{"type":"Point","coordinates":[-122.12219,37.12606]},"properties":{"id":112604,"name":"Boulder Creek","state_code":"CA","country_code":"US"}},{"type":"Feature","geometry":{"type":"Point","coordinates":[-122.48193,38.3138]},"properties":{"id":112646,"name":"Boyes Hot Springs","state_code":"CA","country_code":"US"}},{"type":"Feature","geometry":{"type":"Point","coordinates":[-118.20535,34.0339]},"properties":{"id":112649,"name":"Boyle Heights","state_code":"CA","country_code":"US"}},{"type":"Feature","geometry":{"type":"Point","coordinates":[-117.9709,34.14695]},"properties":{"id":112658,"name":"Bradbury","state_code":"CA","country_code":"US"}},{"type":"Feature","geometry":{"type":"Point","coordinates":[-115.53027,32.97866]},"properties":{"id":112700,"name":"Brawley","state_code":"CA","country_code":"US"}},{"type":"Feature","geometry":{"type":"Point","coordinates":[-117.90006,33.91668]},"properties":{"id":112707,"name":"Brea","state_code":"CA","country_code":"US"}},{"type":"Feature","geometry":{"type":"Point","coordinates":[-121.69579,37.93187]},"properties":{"id":112733,"name":"Brentwood","state_code":"CA","country_code":"US"}},{"type":"Feature","geometry":{"type":"Point","coordinates":[-121.00519,37.60207]},"properties":{"id":112736,"name":"Bret Harte","state_code":"CA","country_code":"US"}},{"type":"Feature","geometry":{"type":"Point","coordinates":[-119.23127,38.25575]},"properties":{"id":112765,"name":"Bridgeport","state_code":"CA","country_code":"US"}},{"type":"Feature","geometry":{"type":"Point","coordinates":[-122.39997,37.68077]},"properties":{"id":112800,"name":"Brisbane","state_code":"CA","country_code":"US"}},{"type":"Feature","geometry":{"type":"Point","coordinates":[-122.48275,37.6866]},"properties":{"id":112825,"name":"Broadmoor","state_code":"CA","country_code":"US"}},{"type":"Feature","geometry":{"type":"Point","coordinates":[-122.10608,37.10634]},"properties":{"id":112851,"name":"Brookdale","state_code":"CA","country_code":"US"}},{"type":"Feature","geometry":{"type":"Point","coordinates":[-123.38529,39.44377]},"properties":{"id":112893,"name":"Brooktrails","state_code":"CA","country_code":"US"}},{"type":"Feature","geometry":{"type":"Point","coordinates":[-120.52854,38.45216]},"properties":{"id":112983,"name":"Buckhorn","state_code":"CA","country_code":"US"}},{"type":"Feature","geometry":{"type":"Point","coordinates":[-120.19265,34.6136]},"properties":{"id":112997,"name":"Buellton","state_code":"CA","country_code":"US"}},{"type":"Feature","geometry":{"type":"Point","coordinates":[-117.99812,33.86751]},"properties":{"id":112999,"name":"Buena Park","state_code":"CA","country_code":"US"}},{"type":"Feature","geometry":{"type":"Point","coordinates":[-121.91662,37.32133]},"properties":{"id":113003,"name":"Buena Vista","state_code":"CA","country_code":"US"}},{"type":"Feature","geometry":{"type":"Point","coordinates":[-118.30897,34.18084]},"properties":{"id":113047,"name":"Burbank","state_code":"CA","country_code":"US"}},{"type":"Feature","geometry":{"type":"Point","coordinates":[-122.36608,37.5841]},"properties":{"id":113065,"name":"Burlingame","state_code":"CA","country_code":"US"}},{"type":"Feature","geometry":{"type":"Point","coordinates":[-121.66082,40.88238]},"properties":{"id":113082,"name":"Burney","state_code":"CA","country_code":"US"}},{"type":"Feature","geometry":{"type":"Point","coordinates":[-119.46956,35.40052]},"properties":{"id":113129,"name":"Buttonwillow","state_code":"CA","country_code":"US"}},{"type":"Feature","geometry":{"type":"Point","coordinates":[-121.63801,37.86715]},"properties":{"id":113146,"name":"Byron","state_code":"CA","country_code":"US"}},{"type":"Feature","geometry":{"type":"Point","coordinates":[-120.98577,37.62076]},"properties":{"id":113148,"name":"Bystrom","state_code":"CA","country_code":"US"}},{"type":"Feature","geometry":{"type":"Point","coordinates":[-116.78724,33.91752]},"properties":{"id":113150,"name":"Cabazon","state_code":"CA","country_code":"US"}},{"type":"Feature","geometry":{"type":"Point","coordinates":[-118.63842,34.15778]},"properties":{"id":113173,"name":"Calabasas","state_code":"CA","country_code":"US"}},{"type":"Feature","geometry":{"type":"Point","coordinates":[-115.49888,32.67895]},"properties":{"id":113196,"name":"Calexico","state_code":"CA","country_code":"US"}},{"type":"Feature","geometry":{"type":"Point","coordinates":[-117.9859,35.1258]},"properties":{"id":113218,"name":"California City","state_code":"CA","country_code":"US"}},{"type":"Feature","geometry":{"type":"Point","coordinates":[-117.06198,34.0039]},"properties":{"id":113219,"name":"Calimesa","state_code":"CA","country_code":"US"}},{"type":"Feature","geometry":{"type":"Point","coordinates":[-115.51415,33.1256]},"properties":{"id":113220,"name":"Calipatria","state_code":"CA","country_code":"US"}},{"type":"Feature","geometry":{"type":"Point","coordinates":[-122.57971,38.5788]},"properties":{"id":113221,"name":"Calistoga","state_code":"CA","country_code":"US"}},{"type":"Feature","geometry":{"type":"Point","coordinates":[-120.59628,35.05303]},"properties":{"id":113226,"name":"Callender","state_code":"CA","country_code":"US"}},{"type":"Feature","geometry":{"type":"Point","coordinates":[-119.0376,34.21639]},"properties":{"id":113242,"name":"Camarillo","state_code":"CA","country_code":"US"}},{"type":"Feature","geometry":{"type":"Point","coordinates":[-121.08075,35.56414]},"properties":{"id":113246,"name":"Cambria","state_code":"CA","country_code":"US"}},{"type":"Feature","geometry":{"type":"Point","coordinates":[-121.93079,37.25689]},"properties":{"id":113249,"name":"Cambrian Park","state_code":"CA","country_code":"US"}},{"type":"Feature","geometry":{"type":"Point","coordinates":[-120.98716,38.66879]},"properties":{"id":113281,"name":"Cameron Park","state_code":"CA","country_code":"US"}},{"type":"Feature","geometry":{"type":"Point","coordinates":[-120.67493,38.73824]},"properties":{"id":113285,"name":"Camino","state_code":"CA","country_code":"US"}},{"type":"Feature","geometry":{"type":"Point","coordinates":[-122.95944,38.42519]},"properties":{"id":113289,"name":"Camp Meeker","state_code":"CA","country_code":"US"}},{"type":"Feature","geometry":{"type":"Point","coordinates":[-117.31603,33.31465]},"properties":{"id":113290,"name":"Camp Pendleton North","state_code":"CA","country_code":"US"}},{"type":"Feature","geometry":{"type":"Point","coordinates":[-117.37929,33.22844]},"properties":{"id":113291,"name":"Camp Pendleton South","state_code":"CA","country_code":"US"}},{"type":"Feature","geometry":{"type":"Point","coordinates":[-121.94996,37.28717]},"properties":{"id":113298,"name":"Campbell","state_code":"CA","country_code":"US"}},{"type":"Feature","geometry":{"type":"Point","coordinates":[-116.46891,32.60645]},"properties":{"id":113308,"name":"Campo","state_code":"CA","country_code":"US"}},{"type":"Feature","geometry":{"type":"Point","coordinates":[-118.59814,34.20112]},"properties":{"id":113335,"name":"Canoga Park","state_code":"CA","country_code":"US"}},{"type":"Feature","geometry":{"type":"Point","coordinates":[-117.27309,33.68502]},"properties":{"id":113359,"name":"Canyon Lake","state_code":"CA","country_code":"US"}},{"type":"Feature","geometry":{"type":"Point","coordinates":[-121.95329,36.97523]},"properties":{"id":113376,"name":"Capitola","state_code":"CA","country_code":"US"}},{"type":"Feature","geometry":{"type":"Point","coordinates":[-117.35059,33.15809]},"properties":{"id":113408,"name":"Carlsbad","state_code":"CA","country_code":"US"}},{"type":"Feature","geometry":{"type":"Point","coordinates":[-121.76594,36.50605]},"properties":{"id":113420,"name":"Carmel Valley Village","state_code":"CA","country_code":"US"}},{"type":"Feature","geometry":{"type":"Point","coordinates":[-121.92329,36.55524]},"properties":{"id":113421,"name":"Carmel-by-the-Sea","state_code":"CA","country_code":"US"}},{"type":"Feature","geometry":{"type":"Point","coordinates":[-121.32828,38.61713]},"properties":{"id":113423,"name":"Carmichael","state_code":"CA","country_code":"US"}},{"type":"Feature","geometry":{"type":"Point","coordinates":[-119.51846,34.39888]},"properties":{"id":113440,"name":"Carpinteria","state_code":"CA","country_code":"US"}},{"type":"Feature","geometry":{"type":"Point","coordinates":[-118.28202,33.83141]},"properties":{"id":113474,"name":"Carson","state_code":"CA","country_code":"US"}},{"type":"Feature","geometry":{"type":"Point","coordinates":[-119.8332,36.54273]},"properties":{"id":113498,"name":"Caruthers","state_code":"CA","country_code":"US"}},{"type":"Feature","geometry":{"type":"Point","coordinates":[-118.94343,34.18362]},"properties":{"id":113509,"name":"Casa Conejo","state_code":"CA","country_code":"US"}},{"type":"Feature","geometry":{"type":"Point","coordinates":[-116.96877,32.76397]},"properties":{"id":113511,"name":"Casa de Oro-Mount Helix","state_code":"CA","country_code":"US"}},{"type":"Feature","geometry":{"type":"Point","coordinates":[-118.62287,34.48888]},"properties":{"id":113540,"name":"Castaic","state_code":"CA","country_code":"US"}},{"type":"Feature","geometry":{"type":"Point","coordinates":[-122.08635,37.6941]},"properties":{"id":113557,"name":"Castro Valley","state_code":"CA","country_code":"US"}},{"type":"Feature","geometry":{"type":"Point","coordinates":[-121.758,36.76579]},"properties":{"id":113559,"name":"Castroville","state_code":"CA","country_code":"US"}},{"type":"Feature","geometry":{"type":"Point","coordinates":[-116.46529,33.77974]},"properties":{"id":113570,"name":"Cathedral City","state_code":"CA","country_code":"US"}},{"type":"Feature","geometry":{"type":"Point","coordinates":[-120.89213,35.44275]},"properties":{"id":113592,"name":"Cayucos","state_code":"CA","country_code":"US"}},{"type":"Feature","geometry":{"type":"Point","coordinates":[-120.27686,38.06576]},"properties":{"id":113622,"name":"Cedar Ridge","state_code":"CA","country_code":"US"}},{"type":"Feature","geometry":{"type":"Point","coordinates":[-122.37112,40.68043]},"properties":{"id":113683,"name":"Central Valley (historical)","state_code":"CA","country_code":"US"}},{"type":"Feature","geometry":{"type":"Point","coordinates":[-118.41786,34.05557]},"properties":{"id":113698,"name":"Century City","state_code":"CA","country_code":"US"}},{"type":"Feature","geometry":{"type":"Point","coordinates":[-120.95771,37.59493]},"properties":{"id":113700,"name":"Ceres","state_code":"CA","country_code":"US"}},{"type":"Feature","geometry":{"type":"Point","coordinates":[-118.06479,33.85835]},"properties":{"id":113701,"name":"Cerritos","state_code":"CA","country_code":"US"}},{"type":"Feature","geometry":{"type":"Point","coordinates":[-121.26338,39.46447]},"properties":{"id":113714,"name":"Challenge-Brownsville","state_code":"CA","country_code":"US"}},{"type":"Feature","geometry":{"type":"Point","coordinates":[-119.22316,34.15806]},"properties":{"id":113734,"name":"Channel Islands Beach","state_code":"CA","country_code":"US"}},{"type":"Feature","geometry":{"type":"Point","coordinates":[-117.84589,34.10306]},"properties":{"id":113790,"name":"Charter Oak","state_code":"CA","country_code":"US"}},{"type":"Feature","geometry":{"type":"Point","coordinates":[-118.6012,34.25723]},"properties":{"id":113807,"name":"Chatsworth","state_code":"CA","country_code":"US"}},{"type":"Feature","geometry":{"type":"Point","coordinates":[-116.97725,33.97252]},"properties":{"id":113865,"name":"Cherry Valley","state_code":"CA","country_code":"US"}},{"type":"Feature","geometry":{"type":"Point","coordinates":[-122.1033,37.67938]},"properties":{"id":113867,"name":"Cherryland","state_code":"CA","country_code":"US"}},{"type":"Feature","geometry":{"type":"Point","coordinates":[-121.23191,40.30627]},"properties":{"id":113892,"name":"Chester","state_code":"CA","country_code":"US"}},{"type":"Feature","geometry":{"type":"Point","coordinates":[-121.83748,39.72849]},"properties":{"id":113943,"name":"Chico","state_code":"CA","country_code":"US"}},{"type":"Feature","geometry":{"type":"Point","coordinates":[-117.76395,35.64051]},"properties":{"id":113963,"name":"China Lake Acres","state_code":"CA","country_code":"US"}},{"type":"Feature","geometry":{"type":"Point","coordinates":[-122.40858,37.7966]},"properties":{"id":113964,"name":"Chinatown","state_code":"CA","country_code":"US"}},{"type":"Feature","geometry":{"type":"Point","coordinates":[-117.68894,34.01223]},"properties":{"id":113968,"name":"Chino","state_code":"CA","country_code":"US"}},{"type":"Feature","geometry":{"type":"Point","coordinates":[-117.75888,33.9938]},"properties":{"id":113969,"name":"Chino Hills","state_code":"CA","country_code":"US"}},{"type":"Feature","geometry":{"type":"Point","coordinates":[-120.26018,37.123]},"properties":{"id":113993,"name":"Chowchilla","state_code":"CA","country_code":"US"}},{"type":"Feature","geometry":{"type":"Point","coordinates":[-121.51855,36.57052]},"properties":{"id":114003,"name":"Chualar","state_code":"CA","country_code":"US"}},{"type":"Feature","geometry":{"type":"Point","coordinates":[-117.0842,32.64005]},"properties":{"id":114005,"name":"Chula Vista","state_code":"CA","country_code":"US"}},{"type":"Feature","geometry":{"type":"Point","coordinates":[-117.89173,34.11501]},"properties":{"id":114034,"name":"Citrus","state_code":"CA","country_code":"US"}},{"type":"Feature","geometry":{"type":"Point","coordinates":[-121.28106,38.70712]},"properties":{"id":114037,"name":"Citrus Heights","state_code":"CA","country_code":"US"}},{"type":"Feature","geometry":{"type":"Point","coordinates":[-122.4425,37.77823]},"properties":{"id":114046,"name":"City and County of San Francisco","state_code":"CA","country_code":"US"}},{"type":"Feature","geometry":{"type":"Point","coordinates":[-117.95083333,34.01583333]},"properties":{"id":153627,"name":"City of Industry","state_code":"CA","country_code":"US"}},{"type":"Feature","geometry":{"type":"Point","coordinates":[-117.71978,34.09668]},"properties":{"id":114106,"name":"Claremont","state_code":"CA","country_code":"US"}},{"type":"Feature","geometry":{"type":"Point","coordinates":[-121.15939,38.33602]},"properties":{"id":114169,"name":"Clay","state_code":"CA","country_code":"US"}},{"type":"Feature","geometry":{"type":"Point","coordinates":[-121.93579,37.94103]},"properties":{"id":114203,"name":"Clayton","state_code":"CA","country_code":"US"}},{"type":"Feature","geometry":{"type":"Point","coordinates":[-122.72082,38.95406]},"properties":{"id":114213,"name":"Clear Lake Riviera","state_code":"CA","country_code":"US"}},{"type":"Feature","geometry":{"type":"Point","coordinates":[-122.62637,38.95823]},"properties":{"id":114219,"name":"Clearlake","state_code":"CA","country_code":"US"}},{"type":"Feature","geometry":{"type":"Point","coordinates":[-122.67193,39.02628]},"properties":{"id":114220,"name":"Clearlake Oaks","state_code":"CA","country_code":"US"}},{"type":"Feature","geometry":{"type":"Point","coordinates":[-123.01722,38.80546]},"properties":{"id":114311,"name":"Cloverdale","state_code":"CA","country_code":"US"}},{"type":"Feature","geometry":{"type":"Point","coordinates":[-119.70292,36.82523]},"properties":{"id":114315,"name":"Clovis","state_code":"CA","country_code":"US"}},{"type":"Feature","geometry":{"type":"Point","coordinates":[-116.17389,33.6803]},"properties":{"id":114324,"name":"Coachella","state_code":"CA","country_code":"US"}},{"type":"Feature","geometry":{"type":"Point","coordinates":[-120.36015,36.13968]},"properties":{"id":114338,"name":"Coalinga","state_code":"CA","country_code":"US"}},{"type":"Feature","geometry":{"type":"Point","coordinates":[-119.70098,37.26217]},"properties":{"id":114340,"name":"Coarsegold","state_code":"CA","country_code":"US"}},{"type":"Feature","geometry":{"type":"Point","coordinates":[-122.72305,38.82213]},"properties":{"id":114343,"name":"Cobb","state_code":"CA","country_code":"US"}},{"type":"Feature","geometry":{"type":"Point","coordinates":[-120.95328,39.10073]},"properties":{"id":114408,"name":"Colfax","state_code":"CA","country_code":"US"}},{"type":"Feature","geometry":{"type":"Point","coordinates":[-121.26884,38.21464]},"properties":{"id":114425,"name":"Collierville","state_code":"CA","country_code":"US"}},{"type":"Feature","geometry":{"type":"Point","coordinates":[-122.45969,37.67688]},"properties":{"id":114440,"name":"Colma","state_code":"CA","country_code":"US"}},{"type":"Feature","geometry":{"type":"Point","coordinates":[-117.31365,34.0739]},"properties":{"id":114463,"name":"Colton","state_code":"CA","country_code":"US"}},{"type":"Feature","geometry":{"type":"Point","coordinates":[-120.40131,38.03631]},"properties":{"id":114474,"name":"Columbia","state_code":"CA","country_code":"US"}},{"type":"Feature","geometry":{"type":"Point","coordinates":[-122.00942,39.21433]},"properties":{"id":114504,"name":"Colusa","state_code":"CA","country_code":"US"}},{"type":"Feature","geometry":{"type":"Point","coordinates":[-118.15979,34.00057]},"properties":{"id":114525,"name":"Commerce","state_code":"CA","country_code":"US"}},{"type":"Feature","geometry":{"type":"Point","coordinates":[-118.22007,33.89585]},"properties":{"id":114529,"name":"Compton","state_code":"CA","country_code":"US"}},{"type":"Feature","geometry":{"type":"Point","coordinates":[-122.03107,37.97798]},"properties":{"id":114543,"name":"Concord","state_code":"CA","country_code":"US"}},{"type":"Feature","geometry":{"type":"Point","coordinates":[-122.05786,37.92752]},"properties":{"id":114575,"name":"Contra Costa Centre","state_code":"CA","country_code":"US"}},{"type":"Feature","geometry":{"type":"Point","coordinates":[-121.01472,38.88722]},"properties":{"id":114596,"name":"Cool","state_code":"CA","country_code":"US"}},{"type":"Feature","geometry":{"type":"Point","coordinates":[-120.64187,37.98104]},"properties":{"id":114622,"name":"Copperopolis","state_code":"CA","country_code":"US"}},{"type":"Feature","geometry":{"type":"Point","coordinates":[-119.5604,36.09801]},"properties":{"id":114633,"name":"Corcoran","state_code":"CA","country_code":"US"}},{"type":"Feature","geometry":{"type":"Point","coordinates":[-122.17916,39.92766]},"properties":{"id":114654,"name":"Corning","state_code":"CA","country_code":"US"}},{"type":"Feature","geometry":{"type":"Point","coordinates":[-117.56644,33.87529]},"properties":{"id":114662,"name":"Corona","state_code":"CA","country_code":"US"}},{"type":"Feature","geometry":{"type":"Point","coordinates":[-117.18309,32.68589]},"properties":{"id":114664,"name":"Coronado","state_code":"CA","country_code":"US"}},{"type":"Feature","geometry":{"type":"Point","coordinates":[-121.80634,36.98856]},"properties":{"id":114667,"name":"Corralitos","state_code":"CA","country_code":"US"}},{"type":"Feature","geometry":{"type":"Point","coordinates":[-122.52748,37.92548]},"properties":{"id":114672,"name":"Corte Madera","state_code":"CA","country_code":"US"}},{"type":"Feature","geometry":{"type":"Point","coordinates":[-117.91867,33.64113]},"properties":{"id":114686,"name":"Costa Mesa","state_code":"CA","country_code":"US"}},{"type":"Feature","geometry":{"type":"Point","coordinates":[-122.70721,38.32686]},"properties":{"id":114688,"name":"Cotati","state_code":"CA","country_code":"US"}},{"type":"Feature","geometry":{"type":"Point","coordinates":[-117.58699,33.60419]},"properties":{"id":114689,"name":"Coto De Caza","state_code":"CA","country_code":"US"}},{"type":"Feature","geometry":{"type":"Point","coordinates":[-122.28084,40.38571]},"properties":{"id":114702,"name":"Cottonwood","state_code":"CA","country_code":"US"}},{"type":"Feature","geometry":{"type":"Point","coordinates":[-121.34078,37.96881]},"properties":{"id":114715,"name":"Country Club","state_code":"CA","country_code":"US"}},{"type":"Feature","geometry":{"type":"Point","coordinates":[-123.24922,39.79327]},"properties":{"id":114731,"name":"Covelo","state_code":"CA","country_code":"US"}},{"type":"Feature","geometry":{"type":"Point","coordinates":[-117.89034,34.09001]},"properties":{"id":114734,"name":"Covina","state_code":"CA","country_code":"US"}},{"type":"Feature","geometry":{"type":"Point","coordinates":[-124.20175,41.75595]},"properties":{"id":114796,"name":"Crescent City","state_code":"CA","country_code":"US"}},{"type":"Feature","geometry":{"type":"Point","coordinates":[-116.86808,32.80727]},"properties":{"id":114802,"name":"Crest","state_code":"CA","country_code":"US"}},{"type":"Feature","geometry":{"type":"Point","coordinates":[-117.2856,34.24195]},"properties":{"id":114805,"name":"Crestline","state_code":"CA","country_code":"US"}},{"type":"Feature","geometry":{"type":"Point","coordinates":[-122.21302,38.05242]},"properties":{"id":114830,"name":"Crockett","state_code":"CA","country_code":"US"}},{"type":"Feature","geometry":{"type":"Point","coordinates":[-118.18535,33.96057]},"properties":{"id":114890,"name":"Cudahy","state_code":"CA","country_code":"US"}},{"type":"Feature","geometry":{"type":"Point","coordinates":[-118.39647,34.02112]},"properties":{"id":114904,"name":"Culver City","state_code":"CA","country_code":"US"}},{"type":"Feature","geometry":{"type":"Point","coordinates":[-122.03218,37.323]},"properties":{"id":114924,"name":"Cupertino","state_code":"CA","country_code":"US"}},{"type":"Feature","geometry":{"type":"Point","coordinates":[-119.28678,36.52328]},"properties":{"id":114947,"name":"Cutler","state_code":"CA","country_code":"US"}},{"type":"Feature","geometry":{"type":"Point","coordinates":[-124.14284,40.76985]},"properties":{"id":114951,"name":"Cutten","state_code":"CA","country_code":"US"}},{"type":"Feature","geometry":{"type":"Point","coordinates":[-118.03729,33.81696]},"properties":{"id":114954,"name":"Cypress","state_code":"CA","country_code":"US"}},{"type":"Feature","geometry":{"type":"Point","coordinates":[-122.46192,37.70577]},"properties":{"id":115006,"name":"Daly City","state_code":"CA","country_code":"US"}},{"type":"Feature","geometry":{"type":"Point","coordinates":[-117.69811,33.46697]},"properties":{"id":115012,"name":"Dana Point","state_code":"CA","country_code":"US"}},{"type":"Feature","geometry":{"type":"Point","coordinates":[-121.99996,37.82159]},"properties":{"id":115038,"name":"Danville","state_code":"CA","country_code":"US"}},{"type":"Feature","geometry":{"type":"Point","coordinates":[-121.74052,38.54491]},"properties":{"id":115073,"name":"Davis","state_code":"CA","country_code":"US"}},{"type":"Feature","geometry":{"type":"Point","coordinates":[-121.86246,37.03578]},"properties":{"id":115090,"name":"Day Valley","state_code":"CA","country_code":"US"}},{"type":"Feature","geometry":{"type":"Point","coordinates":[-120.82327,38.68185]},"properties":{"id":115178,"name":"Deer Park","state_code":"CA","country_code":"US"}},{"type":"Feature","geometry":{"type":"Point","coordinates":[-118.36952,33.91613]},"properties":{"id":115186,"name":"Del Aire","state_code":"CA","country_code":"US"}},{"type":"Feature","geometry":{"type":"Point","coordinates":[-117.26531,32.95949]},"properties":{"id":115188,"name":"Del Mar","state_code":"CA","country_code":"US"}},{"type":"Feature","geometry":{"type":"Point","coordinates":[-121.94746,36.58635]},"properties":{"id":115189,"name":"Del Monte Forest","state_code":"CA","country_code":"US"}},{"type":"Feature","geometry":{"type":"Point","coordinates":[-119.59374,36.65912]},"properties":{"id":115192,"name":"Del Rey","state_code":"CA","country_code":"US"}},{"type":"Feature","geometry":{"type":"Point","coordinates":[-121.83495,36.59329]},"properties":{"id":115193,"name":"Del Rey Oaks","state_code":"CA","country_code":"US"}},{"type":"Feature","geometry":{"type":"Point","coordinates":[-121.01188,37.74354]},"properties":{"id":115194,"name":"Del Rio","state_code":"CA","country_code":"US"}},{"type":"Feature","geometry":{"type":"Point","coordinates":[-119.24705,35.76884]},"properties":{"id":115199,"name":"Delano","state_code":"CA","country_code":"US"}},{"type":"Feature","geometry":{"type":"Point","coordinates":[-120.77854,37.43216]},"properties":{"id":115213,"name":"Delhi","state_code":"CA","country_code":"US"}},{"type":"Feature","geometry":{"type":"Point","coordinates":[-120.79687,37.52632]},"properties":{"id":115234,"name":"Denair","state_code":"CA","country_code":"US"}},{"type":"Feature","geometry":{"type":"Point","coordinates":[-116.61585,32.85283]},"properties":{"id":115276,"name":"Descanso","state_code":"CA","country_code":"US"}},{"type":"Feature","geometry":{"type":"Point","coordinates":[-116.44139,33.92417]},"properties":{"id":115280,"name":"Desert Edge","state_code":"CA","country_code":"US"}},{"type":"Feature","geometry":{"type":"Point","coordinates":[-116.50353,33.96173]},"properties":{"id":115282,"name":"Desert Hot Springs","state_code":"CA","country_code":"US"}},{"type":"Feature","geometry":{"type":"Point","coordinates":[-116.03972,33.4042]},"properties":{"id":115283,"name":"Desert Shores","state_code":"CA","country_code":"US"}},{"type":"Feature","geometry":{"type":"Point","coordinates":[-118.15257,34.59082]},"properties":{"id":115284,"name":"Desert View Highlands","state_code":"CA","country_code":"US"}},{"type":"Feature","geometry":{"type":"Point","coordinates":[-121.95801,37.83493]},"properties":{"id":115312,"name":"Diablo","state_code":"CA","country_code":"US"}},{"type":"Feature","geometry":{"type":"Point","coordinates":[-117.81034,34.02862]},"properties":{"id":115314,"name":"Diamond Bar","state_code":"CA","country_code":"US"}},{"type":"Feature","geometry":{"type":"Point","coordinates":[-120.81494,38.69463]},"properties":{"id":115316,"name":"Diamond Springs","state_code":"CA","country_code":"US"}},{"type":"Feature","geometry":{"type":"Point","coordinates":[-119.38707,36.54328]},"properties":{"id":115351,"name":"Dinuba","state_code":"CA","country_code":"US"}},{"type":"Feature","geometry":{"type":"Point","coordinates":[-121.60023,37.90854]},"properties":{"id":115353,"name":"Discovery Bay","state_code":"CA","country_code":"US"}},{"type":"Feature","geometry":{"type":"Point","coordinates":[-121.8233,38.44546]},"properties":{"id":115367,"name":"Dixon","state_code":"CA","country_code":"US"}},{"type":"Feature","geometry":{"type":"Point","coordinates":[-118.41527,37.38639]},"properties":{"id":115369,"name":"Dixon Lane-Meadow Creek","state_code":"CA","country_code":"US"}},{"type":"Feature","geometry":{"type":"Point","coordinates":[-121.08855,38.21381]},"properties":{"id":115385,"name":"Dogtown","state_code":"CA","country_code":"US"}},{"type":"Feature","geometry":{"type":"Point","coordinates":[-120.09991,39.18796]},"properties":{"id":115390,"name":"Dollar Point","state_code":"CA","country_code":"US"}},{"type":"Feature","geometry":{"type":"Point","coordinates":[-120.62657,36.98606]},"properties":{"id":115414,"name":"Dos Palos","state_code":"CA","country_code":"US"}},{"type":"Feature","geometry":{"type":"Point","coordinates":[-118.13257,33.94001]},"properties":{"id":115460,"name":"Downey","state_code":"CA","country_code":"US"}},{"type":"Feature","geometry":{"type":"Point","coordinates":[-120.82689,39.55934]},"properties":{"id":115461,"name":"Downieville","state_code":"CA","country_code":"US"}},{"type":"Feature","geometry":{"type":"Point","coordinates":[-117.97729,34.13945]},"properties":{"id":115490,"name":"Duarte","state_code":"CA","country_code":"US"}},{"type":"Feature","geometry":{"type":"Point","coordinates":[-121.93579,37.70215]},"properties":{"id":115496,"name":"Dublin","state_code":"CA","country_code":"US"}},{"type":"Feature","geometry":{"type":"Point","coordinates":[-121.96969,38.88518]},"properties":{"id":115551,"name":"Dunnigan","state_code":"CA","country_code":"US"}},{"type":"Feature","geometry":{"type":"Point","coordinates":[-122.27195,41.20821]},"properties":{"id":115553,"name":"Dunsmuir","state_code":"CA","country_code":"US"}},{"type":"Feature","geometry":{"type":"Point","coordinates":[-121.79998,39.64627]},"properties":{"id":115573,"name":"Durham","state_code":"CA","country_code":"US"}},{"type":"Feature","geometry":{"type":"Point","coordinates":[-119.27233,35.88412]},"properties":{"id":115618,"name":"Earlimart","state_code":"CA","country_code":"US"}},{"type":"Feature","geometry":{"type":"Point","coordinates":[-121.81745,37.38105]},"properties":{"id":115663,"name":"East Foothills","state_code":"CA","country_code":"US"}},{"type":"Feature","geometry":{"type":"Point","coordinates":[-116.93891,33.74002]},"properties":{"id":115689,"name":"East Hemet","state_code":"CA","country_code":"US"}},{"type":"Feature","geometry":{"type":"Point","coordinates":[-117.98895,33.92446]},"properties":{"id":115699,"name":"East La Mirada","state_code":"CA","country_code":"US"}},{"type":"Feature","geometry":{"type":"Point","coordinates":[-118.17202,34.0239]},"properties":{"id":115706,"name":"East Los Angeles","state_code":"CA","country_code":"US"}},{"type":"Feature","geometry":{"type":"Point","coordinates":[-120.80382,37.78798]},"properties":{"id":115725,"name":"East Oakdale","state_code":"CA","country_code":"US"}},{"type":"Feature","geometry":{"type":"Point","coordinates":[-122.14108,37.46883]},"properties":{"id":115728,"name":"East Palo Alto","state_code":"CA","country_code":"US"}},{"type":"Feature","geometry":{"type":"Point","coordinates":[-118.07384,34.13814]},"properties":{"id":115729,"name":"East Pasadena","state_code":"CA","country_code":"US"}},{"type":"Feature","geometry":{"type":"Point","coordinates":[-118.97566,36.05745]},"properties":{"id":115739,"name":"East Porterville","state_code":"CA","country_code":"US"}},{"type":"Feature","geometry":{"type":"Point","coordinates":[-120.89801,39.93406]},"properties":{"id":115742,"name":"East Quincy","state_code":"CA","country_code":"US"}},{"type":"Feature","geometry":{"type":"Point","coordinates":[-118.19535,33.89807]},"properties":{"id":115744,"name":"East Rancho Dominguez","state_code":"CA","country_code":"US"}},{"type":"Feature","geometry":{"type":"Point","coordinates":[-122.31358,37.94492]},"properties":{"id":115746,"name":"East Richmond Heights","state_code":"CA","country_code":"US"}},{"type":"Feature","geometry":{"type":"Point","coordinates":[-118.09118,34.09168]},"properties":{"id":115755,"name":"East San Gabriel","state_code":"CA","country_code":"US"}},{"type":"Feature","geometry":{"type":"Point","coordinates":[-120.3613,37.9777]},"properties":{"id":115759,"name":"East Sonora","state_code":"CA","country_code":"US"}},{"type":"Feature","geometry":{"type":"Point","coordinates":[-119.7907,36.65023]},"properties":{"id":115791,"name":"Easton","state_code":"CA","country_code":"US"}},{"type":"Feature","geometry":{"type":"Point","coordinates":[-117.56418,33.96358]},"properties":{"id":115797,"name":"Eastvale","state_code":"CA","country_code":"US"}},{"type":"Feature","geometry":{"type":"Point","coordinates":[-118.26066,34.07808]},"properties":{"id":115814,"name":"Echo Park","state_code":"CA","country_code":"US"}},{"type":"Feature","geometry":{"type":"Point","coordinates":[-117.93535,34.91637]},"properties":{"id":115888,"name":"Edwards Air Force Base","state_code":"CA","country_code":"US"}},{"type":"Feature","geometry":{"type":"Point","coordinates":[-116.96253,32.79477]},"properties":{"id":115911,"name":"El Cajon","state_code":"CA","country_code":"US"}},{"type":"Feature","geometry":{"type":"Point","coordinates":[-115.56305,32.792]},"properties":{"id":115914,"name":"El Centro","state_code":"CA","country_code":"US"}},{"type":"Feature","geometry":{"type":"Point","coordinates":[-122.31164,37.91576]},"properties":{"id":115915,"name":"El Cerrito","state_code":"CA","country_code":"US"}},{"type":"Feature","geometry":{"type":"Point","coordinates":[-117.52283,33.84057]},"properties":{"id":115916,"name":"El Cerrito Corona","state_code":"CA","country_code":"US"}},{"type":"Feature","geometry":{"type":"Point","coordinates":[-121.08217,38.68574]},"properties":{"id":115922,"name":"El Dorado Hills","state_code":"CA","country_code":"US"}},{"type":"Feature","geometry":{"type":"Point","coordinates":[-122.46942,37.50272]},"properties":{"id":115924,"name":"El Granada","state_code":"CA","country_code":"US"}},{"type":"Feature","geometry":{"type":"Point","coordinates":[-118.02757,34.06862]},"properties":{"id":115928,"name":"El Monte","state_code":"CA","country_code":"US"}},{"type":"Feature","geometry":{"type":"Point","coordinates":[-119.16383,34.23578]},"properties":{"id":115936,"name":"El Rio","state_code":"CA","country_code":"US"}},{"type":"Feature","geometry":{"type":"Point","coordinates":[-118.41647,33.91918]},"properties":{"id":115937,"name":"El Segundo","state_code":"CA","country_code":"US"}},{"type":"Feature","geometry":{"type":"Point","coordinates":[-122.29525,37.97715]},"properties":{"id":115938,"name":"El Sobrante","state_code":"CA","country_code":"US"}},{"type":"Feature","geometry":{"type":"Point","coordinates":[-122.49165,38.29769]},"properties":{"id":115940,"name":"El Verano","state_code":"CA","country_code":"US"}},{"type":"Feature","geometry":{"type":"Point","coordinates":[-122.51081,38.3488]},"properties":{"id":115957,"name":"Eldridge","state_code":"CA","country_code":"US"}},{"type":"Feature","geometry":{"type":"Point","coordinates":[-121.37162,38.4088]},"properties":{"id":115987,"name":"Elk Grove","state_code":"CA","country_code":"US"}},{"type":"Feature","geometry":{"type":"Point","coordinates":[-121.7405,36.8244]},"properties":{"id":116003,"name":"Elkhorn","state_code":"CA","country_code":"US"}},{"type":"Feature","geometry":{"type":"Point","coordinates":[-121.46273,38.71379]},"properties":{"id":116075,"name":"Elverta","state_code":"CA","country_code":"US"}},{"type":"Feature","geometry":{"type":"Point","coordinates":[-122.26802,37.46466]},"properties":{"id":116090,"name":"Emerald Lake Hills","state_code":"CA","country_code":"US"}},{"type":"Feature","geometry":{"type":"Point","coordinates":[-122.28525,37.83132]},"properties":{"id":116097,"name":"Emeryville","state_code":"CA","country_code":"US"}},{"type":"Feature","geometry":{"type":"Point","coordinates":[-120.90215,37.63826]},"properties":{"id":116110,"name":"Empire","state_code":"CA","country_code":"US"}},{"type":"Feature","geometry":{"type":"Point","coordinates":[-117.29198,33.03699]},"properties":{"id":116118,"name":"Encinitas","state_code":"CA","country_code":"US"}},{"type":"Feature","geometry":{"type":"Point","coordinates":[-118.50119,34.15917]},"properties":{"id":116119,"name":"Encino","state_code":"CA","country_code":"US"}},{"type":"Feature","geometry":{"type":"Point","coordinates":[-120.99792,37.79781]},"properties":{"id":116178,"name":"Escalon","state_code":"CA","country_code":"US"}},{"type":"Feature","geometry":{"type":"Point","coordinates":[-117.08642,33.11921]},"properties":{"id":116184,"name":"Escondido","state_code":"CA","country_code":"US"}},{"type":"Feature","geometry":{"type":"Point","coordinates":[-122.01719,38.69213]},"properties":{"id":116187,"name":"Esparto","state_code":"CA","country_code":"US"}},{"type":"Feature","geometry":{"type":"Point","coordinates":[-116.94669,32.87977]},"properties":{"id":116221,"name":"Eucalyptus Hills","state_code":"CA","country_code":"US"}},{"type":"Feature","geometry":{"type":"Point","coordinates":[-124.16367,40.80207]},"properties":{"id":116235,"name":"Eureka","state_code":"CA","country_code":"US"}},{"type":"Feature","geometry":{"type":"Point","coordinates":[-119.14205,36.29606]},"properties":{"id":116274,"name":"Exeter","state_code":"CA","country_code":"US"}},{"type":"Feature","geometry":{"type":"Point","coordinates":[-121.27217,38.64463]},"properties":{"id":116286,"name":"Fair Oaks","state_code":"CA","country_code":"US"}},{"type":"Feature","geometry":{"type":"Point","coordinates":[-117.18726,32.99393]},"properties":{"id":116292,"name":"Fairbanks Ranch","state_code":"CA","country_code":"US"}},{"type":"Feature","geometry":{"type":"Point","coordinates":[-122.58887,37.98715]},"properties":{"id":116306,"name":"Fairfax","state_code":"CA","country_code":"US"}},{"type":"Feature","geometry":{"type":"Point","coordinates":[-122.03997,38.24936]},"properties":{"id":116316,"name":"Fairfield","state_code":"CA","country_code":"US"}},{"type":"Feature","geometry":{"type":"Point","coordinates":[-120.19295,37.07633]},"properties":{"id":116333,"name":"Fairmead","state_code":"CA","country_code":"US"}},{"type":"Feature","geometry":{"type":"Point","coordinates":[-122.0458,37.67854]},"properties":{"id":116355,"name":"Fairview","state_code":"CA","country_code":"US"}},{"type":"Feature","geometry":{"type":"Point","coordinates":[-117.25115,33.37642]},"properties":{"id":116376,"name":"Fallbrook","state_code":"CA","country_code":"US"}},{"type":"Feature","geometry":{"type":"Point","coordinates":[-119.20678,36.29773]},"properties":{"id":116407,"name":"Farmersville","state_code":"CA","country_code":"US"}},{"type":"Feature","geometry":{"type":"Point","coordinates":[-122.0733,37.05134]},"properties":{"id":116471,"name":"Felton","state_code":"CA","country_code":"US"}},{"type":"Feature","geometry":{"type":"Point","coordinates":[-124.26394,40.57624]},"properties":{"id":116489,"name":"Ferndale","state_code":"CA","country_code":"US"}},{"type":"Feature","geometry":{"type":"Point","coordinates":[-122.48682,38.3214]},"properties":{"id":116503,"name":"Fetters Hot Springs-Agua Caliente","state_code":"CA","country_code":"US"}},{"type":"Feature","geometry":{"type":"Point","coordinates":[-118.91815,34.39916]},"properties":{"id":116508,"name":"Fillmore","state_code":"CA","country_code":"US"}},{"type":"Feature","geometry":{"type":"Point","coordinates":[-120.45601,36.85884]},"properties":{"id":116520,"name":"Firebaugh","state_code":"CA","country_code":"US"}},{"type":"Feature","geometry":{"type":"Point","coordinates":[-118.24438,33.96772]},"properties":{"id":116589,"name":"Florence-Graham","state_code":"CA","country_code":"US"}},{"type":"Feature","geometry":{"type":"Point","coordinates":[-121.40884,38.49602]},"properties":{"id":116595,"name":"Florin","state_code":"CA","country_code":"US"}},{"type":"Feature","geometry":{"type":"Point","coordinates":[-121.17606,38.67796]},"properties":{"id":116626,"name":"Folsom","state_code":"CA","country_code":"US"}},{"type":"Feature","geometry":{"type":"Point","coordinates":[-117.43505,34.09223]},"properties":{"id":116631,"name":"Fontana","state_code":"CA","country_code":"US"}},{"type":"Feature","geometry":{"type":"Point","coordinates":[-121.35114,38.67877]},"properties":{"id":116632,"name":"Foothill Farms","state_code":"CA","country_code":"US"}},{"type":"Feature","geometry":{"type":"Point","coordinates":[-117.66088,33.68641]},"properties":{"id":116633,"name":"Foothill Ranch","state_code":"CA","country_code":"US"}},{"type":"Feature","geometry":{"type":"Point","coordinates":[-119.45623,35.15441]},"properties":{"id":116635,"name":"Ford City","state_code":"CA","country_code":"US"}},{"type":"Feature","geometry":{"type":"Point","coordinates":[-120.40659,38.16851]},"properties":{"id":116662,"name":"Forest Meadows","state_code":"CA","country_code":"US"}},{"type":"Feature","geometry":{"type":"Point","coordinates":[-121.67275,39.88211]},"properties":{"id":116667,"name":"Forest Ranch","state_code":"CA","country_code":"US"}},{"type":"Feature","geometry":{"type":"Point","coordinates":[-120.81799,39.02018]},"properties":{"id":116671,"name":"Foresthill","state_code":"CA","country_code":"US"}},{"type":"Feature","geometry":{"type":"Point","coordinates":[-122.89027,38.47352]},"properties":{"id":116673,"name":"Forestville","state_code":"CA","country_code":"US"}},{"type":"Feature","geometry":{"type":"Point","coordinates":[-123.80529,39.44572]},"properties":{"id":116695,"name":"Fort Bragg","state_code":"CA","country_code":"US"}},{"type":"Feature","geometry":{"type":"Point","coordinates":[-116.68475,35.26275]},"properties":{"id":116719,"name":"Fort Irwin","state_code":"CA","country_code":"US"}},{"type":"Feature","geometry":{"type":"Point","coordinates":[-124.15728,40.59819]},"properties":{"id":116767,"name":"Fortuna","state_code":"CA","country_code":"US"}},{"type":"Feature","geometry":{"type":"Point","coordinates":[-122.27108,37.55855]},"properties":{"id":116776,"name":"Foster City","state_code":"CA","country_code":"US"}},{"type":"Feature","geometry":{"type":"Point","coordinates":[-117.95367,33.70918]},"properties":{"id":116784,"name":"Fountain Valley","state_code":"CA","country_code":"US"}},{"type":"Feature","geometry":{"type":"Point","coordinates":[-119.67847,36.63051]},"properties":{"id":116797,"name":"Fowler","state_code":"CA","country_code":"US"}},{"type":"Feature","geometry":{"type":"Point","coordinates":[-118.94482,34.82276]},"properties":{"id":116883,"name":"Frazier Park","state_code":"CA","country_code":"US"}},{"type":"Feature","geometry":{"type":"Point","coordinates":[-121.77301,36.93523]},"properties":{"id":116903,"name":"Freedom","state_code":"CA","country_code":"US"}},{"type":"Feature","geometry":{"type":"Point","coordinates":[-121.98857,37.54827]},"properties":{"id":116924,"name":"Fremont","state_code":"CA","country_code":"US"}},{"type":"Feature","geometry":{"type":"Point","coordinates":[-121.27106,37.88409]},"properties":{"id":116929,"name":"French Camp","state_code":"CA","country_code":"US"}},{"type":"Feature","geometry":{"type":"Point","coordinates":[-119.77237,36.74773]},"properties":{"id":116939,"name":"Fresno","state_code":"CA","country_code":"US"}},{"type":"Feature","geometry":{"type":"Point","coordinates":[-121.45581,38.53265]},"properties":{"id":116975,"name":"Fruitridge Pocket","state_code":"CA","country_code":"US"}},{"type":"Feature","geometry":{"type":"Point","coordinates":[-117.92534,33.87029]},"properties":{"id":116983,"name":"Fullerton","state_code":"CA","country_code":"US"}},{"type":"Feature","geometry":{"type":"Point","coordinates":[-121.29995,38.25464]},"properties":{"id":117040,"name":"Galt","state_code":"CA","country_code":"US"}},{"type":"Feature","geometry":{"type":"Point","coordinates":[-121.22939,37.96381]},"properties":{"id":117053,"name":"Garden Acres","state_code":"CA","country_code":"US"}},{"type":"Feature","geometry":{"type":"Point","coordinates":[-117.94145,33.77391]},"properties":{"id":117065,"name":"Garden Grove","state_code":"CA","country_code":"US"}},{"type":"Feature","geometry":{"type":"Point","coordinates":[-118.30896,33.88835]},"properties":{"id":117069,"name":"Gardena","state_code":"CA","country_code":"US"}},{"type":"Feature","geometry":{"type":"Point","coordinates":[-116.54557,33.90196]},"properties":{"id":117094,"name":"Garnet","state_code":"CA","country_code":"US"}},{"type":"Feature","geometry":{"type":"Point","coordinates":[-120.83855,38.90684]},"properties":{"id":117165,"name":"Georgetown","state_code":"CA","country_code":"US"}},{"type":"Feature","geometry":{"type":"Point","coordinates":[-122.15027,40.05627]},"properties":{"id":117169,"name":"Gerber","state_code":"CA","country_code":"US"}},{"type":"Feature","geometry":{"type":"Point","coordinates":[-121.56828,37.00578]},"properties":{"id":117225,"name":"Gilroy","state_code":"CA","country_code":"US"}},{"type":"Feature","geometry":{"type":"Point","coordinates":[-117.48477,34.01168]},"properties":{"id":117261,"name":"Glen Avon","state_code":"CA","country_code":"US"}},{"type":"Feature","geometry":{"type":"Point","coordinates":[-118.25508,34.14251]},"properties":{"id":117286,"name":"Glendale","state_code":"CA","country_code":"US"}},{"type":"Feature","geometry":{"type":"Point","coordinates":[-117.86534,34.13612]},"properties":{"id":117291,"name":"Glendora","state_code":"CA","country_code":"US"}},{"type":"Feature","geometry":{"type":"Point","coordinates":[-121.24662,38.62629]},"properties":{"id":117345,"name":"Gold River","state_code":"CA","country_code":"US"}},{"type":"Feature","geometry":{"type":"Point","coordinates":[-118.49036,35.14247]},"properties":{"id":117351,"name":"Golden Hills","state_code":"CA","country_code":"US"}},{"type":"Feature","geometry":{"type":"Point","coordinates":[-119.82764,34.43583]},"properties":{"id":117367,"name":"Goleta","state_code":"CA","country_code":"US"}},{"type":"Feature","geometry":{"type":"Point","coordinates":[-121.44438,36.50663]},"properties":{"id":117372,"name":"Gonzales","state_code":"CA","country_code":"US"}},{"type":"Feature","geometry":{"type":"Point","coordinates":[-117.26698,33.76474]},"properties":{"id":117378,"name":"Good Hope","state_code":"CA","country_code":"US"}},{"type":"Feature","geometry":{"type":"Point","coordinates":[-119.42012,36.35106]},"properties":{"id":117410,"name":"Goshen","state_code":"CA","country_code":"US"}},{"type":"Feature","geometry":{"type":"Point","coordinates":[-117.31365,34.0339]},"properties":{"id":117476,"name":"Grand Terrace","state_code":"CA","country_code":"US"}},{"type":"Feature","geometry":{"type":"Point","coordinates":[-121.16384,38.76323]},"properties":{"id":117493,"name":"Granite Bay","state_code":"CA","country_code":"US"}},{"type":"Feature","geometry":{"type":"Point","coordinates":[-116.90475,32.80311]},"properties":{"id":117499,"name":"Granite Hills","state_code":"CA","country_code":"US"}},{"type":"Feature","geometry":{"type":"Point","coordinates":[-121.06106,39.21906]},"properties":{"id":117543,"name":"Grass Valley","state_code":"CA","country_code":"US"}},{"type":"Feature","geometry":{"type":"Point","coordinates":[-122.86972,38.4363]},"properties":{"id":117545,"name":"Graton","state_code":"CA","country_code":"US"}},{"type":"Feature","geometry":{"type":"Point","coordinates":[-117.07642,33.73808]},"properties":{"id":117590,"name":"Green Acres","state_code":"CA","country_code":"US"}},{"type":"Feature","geometry":{"type":"Point","coordinates":[-122.16219,38.25297]},"properties":{"id":117611,"name":"Green Valley","state_code":"CA","country_code":"US"}},{"type":"Feature","geometry":{"type":"Point","coordinates":[-121.24381,36.3208]},"properties":{"id":117654,"name":"Greenfield","state_code":"CA","country_code":"US"}},{"type":"Feature","geometry":{"type":"Point","coordinates":[-120.95107,40.13961]},"properties":{"id":117696,"name":"Greenville","state_code":"CA","country_code":"US"}},{"type":"Feature","geometry":{"type":"Point","coordinates":[-121.69358,39.36378]},"properties":{"id":117730,"name":"Gridley","state_code":"CA","country_code":"US"}},{"type":"Feature","geometry":{"type":"Point","coordinates":[-120.62128,35.12164]},"properties":{"id":117760,"name":"Grover Beach","state_code":"CA","country_code":"US"}},{"type":"Feature","geometry":{"type":"Point","coordinates":[-120.57184,34.97164]},"properties":{"id":117777,"name":"Guadalupe","state_code":"CA","country_code":"US"}},{"type":"Feature","geometry":{"type":"Point","coordinates":[-122.99611,38.50186]},"properties":{"id":117780,"name":"Guerneville","state_code":"CA","country_code":"US"}},{"type":"Feature","geometry":{"type":"Point","coordinates":[-120.99882,37.25772]},"properties":{"id":117810,"name":"Gustine","state_code":"CA","country_code":"US"}},{"type":"Feature","geometry":{"type":"Point","coordinates":[-117.96868,33.99307]},"properties":{"id":117825,"name":"Hacienda Heights","state_code":"CA","country_code":"US"}},{"type":"Feature","geometry":{"type":"Point","coordinates":[-122.42859,37.46355]},"properties":{"id":117856,"name":"Half Moon Bay","state_code":"CA","country_code":"US"}},{"type":"Feature","geometry":{"type":"Point","coordinates":[-122.01359,39.74266]},"properties":{"id":117895,"name":"Hamilton City","state_code":"CA","country_code":"US"}},{"type":"Feature","geometry":{"type":"Point","coordinates":[-119.64568,36.32745]},"properties":{"id":117960,"name":"Hanford","state_code":"CA","country_code":"US"}},{"type":"Feature","geometry":{"type":"Point","coordinates":[-123.3808,41.79275]},"properties":{"id":117982,"name":"Happy Camp","state_code":"CA","country_code":"US"}},{"type":"Feature","geometry":{"type":"Point","coordinates":[-116.83002,32.82033]},"properties":{"id":117986,"name":"Harbison Canyon","state_code":"CA","country_code":"US"}},{"type":"Feature","geometry":{"type":"Point","coordinates":[-121.94691,38.41713]},"properties":{"id":118099,"name":"Hartley","state_code":"CA","country_code":"US"}},{"type":"Feature","geometry":{"type":"Point","coordinates":[-118.07284,33.8314]},"properties":{"id":118160,"name":"Hawaiian Gardens","state_code":"CA","country_code":"US"}},{"type":"Feature","geometry":{"type":"Point","coordinates":[-118.35257,33.9164]},"properties":{"id":118175,"name":"Hawthorne","state_code":"CA","country_code":"US"}},{"type":"Feature","geometry":{"type":"Point","coordinates":[-123.18308,40.55431]},"properties":{"id":118186,"name":"Hayfork","state_code":"CA","country_code":"US"}},{"type":"Feature","geometry":{"type":"Point","coordinates":[-122.0808,37.66882]},"properties":{"id":118197,"name":"Hayward","state_code":"CA","country_code":"US"}},{"type":"Feature","geometry":{"type":"Point","coordinates":[-122.86916,38.61047]},"properties":{"id":118217,"name":"Healdsburg","state_code":"CA","country_code":"US"}},{"type":"Feature","geometry":{"type":"Point","coordinates":[-115.52972,32.73089]},"properties":{"id":118228,"name":"Heber","state_code":"CA","country_code":"US"}},{"type":"Feature","geometry":{"type":"Point","coordinates":[-116.97307,33.74761]},"properties":{"id":118264,"name":"Hemet","state_code":"CA","country_code":"US"}},{"type":"Feature","geometry":{"type":"Point","coordinates":[-121.24439,38.29575]},"properties":{"id":118311,"name":"Herald","state_code":"CA","country_code":"US"}},{"type":"Feature","geometry":{"type":"Point","coordinates":[-122.28858,38.01714]},"properties":{"id":118314,"name":"Hercules","state_code":"CA","country_code":"US"}},{"type":"Feature","geometry":{"type":"Point","coordinates":[-118.39952,33.86224]},"properties":{"id":118331,"name":"Hermosa Beach","state_code":"CA","country_code":"US"}},{"type":"Feature","geometry":{"type":"Point","coordinates":[-117.30088,34.42639]},"properties":{"id":118344,"name":"Hesperia","state_code":"CA","country_code":"US"}},{"type":"Feature","geometry":{"type":"Point","coordinates":[-118.65231,34.16028]},"properties":{"id":118376,"name":"Hidden Hills","state_code":"CA","country_code":"US"}},{"type":"Feature","geometry":{"type":"Point","coordinates":[-117.11253,33.22531]},"properties":{"id":118377,"name":"Hidden Meadows","state_code":"CA","country_code":"US"}},{"type":"Feature","geometry":{"type":"Point","coordinates":[-122.55832,38.80796]},"properties":{"id":118380,"name":"Hidden Valley Lake","state_code":"CA","country_code":"US"}},{"type":"Feature","geometry":{"type":"Point","coordinates":[-117.33338,34.01585]},"properties":{"id":118391,"name":"Highgrove","state_code":"CA","country_code":"US"}},{"type":"Feature","geometry":{"type":"Point","coordinates":[-117.20865,34.12834]},"properties":{"id":118398,"name":"Highland","state_code":"CA","country_code":"US"}},{"type":"Feature","geometry":{"type":"Point","coordinates":[-122.34506,37.52272]},"properties":{"id":118421,"name":"Highlands-Baywood Park","state_code":"CA","country_code":"US"}},{"type":"Feature","geometry":{"type":"Point","coordinates":[-122.37942,37.5741]},"properties":{"id":118455,"name":"Hillsborough","state_code":"CA","country_code":"US"}},{"type":"Feature","geometry":{"type":"Point","coordinates":[-120.85042,37.40454]},"properties":{"id":118471,"name":"Hilmar-Irwin","state_code":"CA","country_code":"US"}},{"type":"Feature","geometry":{"type":"Point","coordinates":[-121.4016,36.85245]},"properties":{"id":118552,"name":"Hollister","state_code":"CA","country_code":"US"}},{"type":"Feature","geometry":{"type":"Point","coordinates":[-118.32674,34.09834]},"properties":{"id":118567,"name":"Hollywood","state_code":"CA","country_code":"US"}},{"type":"Feature","geometry":{"type":"Point","coordinates":[-115.38026,32.81116]},"properties":{"id":118582,"name":"Holtville","state_code":"CA","country_code":"US"}},{"type":"Feature","geometry":{"type":"Point","coordinates":[-119.63624,36.30328]},"properties":{"id":118586,"name":"Home Garden","state_code":"CA","country_code":"US"}},{"type":"Feature","geometry":{"type":"Point","coordinates":[-117.52088,33.87807]},"properties":{"id":118587,"name":"Home Gardens","state_code":"CA","country_code":"US"}},{"type":"Feature","geometry":{"type":"Point","coordinates":[-117.1092,33.74308]},"properties":{"id":118590,"name":"Homeland","state_code":"CA","country_code":"US"}},{"type":"Feature","geometry":{"type":"Point","coordinates":[-120.86604,37.59688]},"properties":{"id":118764,"name":"Hughson","state_code":"CA","country_code":"US"}},{"type":"Feature","geometry":{"type":"Point","coordinates":[-124.18978,40.72596]},"properties":{"id":118781,"name":"Humboldt Hill","state_code":"CA","country_code":"US"}},{"type":"Feature","geometry":{"type":"Point","coordinates":[-117.99923,33.6603]},"properties":{"id":118805,"name":"Huntington Beach","state_code":"CA","country_code":"US"}},{"type":"Feature","geometry":{"type":"Point","coordinates":[-118.22507,33.98168]},"properties":{"id":118807,"name":"Huntington Park","state_code":"CA","country_code":"US"}},{"type":"Feature","geometry":{"type":"Point","coordinates":[-120.10292,36.20273]},"properties":{"id":118825,"name":"Huron","state_code":"CA","country_code":"US"}},{"type":"Feature","geometry":{"type":"Point","coordinates":[-124.09727,40.54763]},"properties":{"id":118855,"name":"Hydesville","state_code":"CA","country_code":"US"}},{"type":"Feature","geometry":{"type":"Point","coordinates":[-116.71891,33.74002]},"properties":{"id":118874,"name":"Idyllwild","state_code":"CA","country_code":"US"}},{"type":"Feature","geometry":{"type":"Point","coordinates":[-116.72587,33.74429]},"properties":{"id":118875,"name":"Idyllwild-Pine Cove","state_code":"CA","country_code":"US"}},{"type":"Feature","geometry":{"type":"Point","coordinates":[-115.56944,32.84755]},"properties":{"id":118883,"name":"Imperial","state_code":"CA","country_code":"US"}},{"type":"Feature","geometry":{"type":"Point","coordinates":[-117.11308,32.58394]},"properties":{"id":118885,"name":"Imperial Beach","state_code":"CA","country_code":"US"}},{"type":"Feature","geometry":{"type":"Point","coordinates":[-116.34311,33.71791]},"properties":{"id":118921,"name":"Indian Wells","state_code":"CA","country_code":"US"}},{"type":"Feature","geometry":{"type":"Point","coordinates":[-116.21677,33.7207]},"properties":{"id":118929,"name":"Indio","state_code":"CA","country_code":"US"}},{"type":"Feature","geometry":{"type":"Point","coordinates":[-118.35313,33.96168]},"properties":{"id":118937,"name":"Inglewood","state_code":"CA","country_code":"US"}},{"type":"Feature","geometry":{"type":"Point","coordinates":[-121.73384,36.95134]},"properties":{"id":118951,"name":"Interlaken","state_code":"CA","country_code":"US"}},{"type":"Feature","geometry":{"type":"Point","coordinates":[-122.85694,38.10103]},"properties":{"id":118957,"name":"Inverness","state_code":"CA","country_code":"US"}},{"type":"Feature","geometry":{"type":"Point","coordinates":[-117.81257,35.6469]},"properties":{"id":118965,"name":"Inyokern","state_code":"CA","country_code":"US"}},{"type":"Feature","geometry":{"type":"Point","coordinates":[-120.93272,38.35269]},"properties":{"id":118970,"name":"Ione","state_code":"CA","country_code":"US"}},{"type":"Feature","geometry":{"type":"Point","coordinates":[-117.82311,33.66946]},"properties":{"id":119004,"name":"Irvine","state_code":"CA","country_code":"US"}},{"type":"Feature","geometry":{"type":"Point","coordinates":[-117.93534,34.10695]},"properties":{"id":119014,"name":"Irwindale","state_code":"CA","country_code":"US"}},{"type":"Feature","geometry":{"type":"Point","coordinates":[-119.86097,34.41333]},"properties":{"id":119021,"name":"Isla Vista","state_code":"CA","country_code":"US"}},{"type":"Feature","geometry":{"type":"Point","coordinates":[-119.21789,36.38717]},"properties":{"id":119049,"name":"Ivanhoe","state_code":"CA","country_code":"US"}},{"type":"Feature","geometry":{"type":"Point","coordinates":[-120.7741,38.3488]},"properties":{"id":119073,"name":"Jackson","state_code":"CA","country_code":"US"}},{"type":"Feature","geometry":{"type":"Point","coordinates":[-120.4227,37.95326]},"properties":{"id":119126,"name":"Jamestown","state_code":"CA","country_code":"US"}},{"type":"Feature","geometry":{"type":"Point","coordinates":[-116.87613,32.717]},"properties":{"id":119128,"name":"Jamul","state_code":"CA","country_code":"US"}},{"type":"Feature","geometry":{"type":"Point","coordinates":[-120.52411,40.29656]},"properties":{"id":119132,"name":"Janesville","state_code":"CA","country_code":"US"}},{"type":"Feature","geometry":{"type":"Point","coordinates":[-120.58745,40.38434]},"properties":{"id":119283,"name":"Johnstonville","state_code":"CA","country_code":"US"}},{"type":"Feature","geometry":{"type":"Point","coordinates":[-116.31307,34.13473]},"properties":{"id":119323,"name":"Joshua Tree","state_code":"CA","country_code":"US"}},{"type":"Feature","geometry":{"type":"Point","coordinates":[-116.60196,33.07866]},"properties":{"id":119330,"name":"Julian","state_code":"CA","country_code":"US"}},{"type":"Feature","geometry":{"type":"Point","coordinates":[-117.51644,33.99251]},"properties":{"id":119343,"name":"Jurupa Valley","state_code":"CA","country_code":"US"}},{"type":"Feature","geometry":{"type":"Point","coordinates":[-122.83944,38.97795]},"properties":{"id":119431,"name":"Kelseyville","state_code":"CA","country_code":"US"}},{"type":"Feature","geometry":{"type":"Point","coordinates":[-121.25272,37.92992]},"properties":{"id":119469,"name":"Kennedy","state_code":"CA","country_code":"US"}},{"type":"Feature","geometry":{"type":"Point","coordinates":[-122.28025,37.91048]},"properties":{"id":119484,"name":"Kensington","state_code":"CA","country_code":"US"}},{"type":"Feature","geometry":{"type":"Point","coordinates":[-122.5572,37.95215]},"properties":{"id":119495,"name":"Kentfield","state_code":"CA","country_code":"US"}},{"type":"Feature","geometry":{"type":"Point","coordinates":[-122.54609,38.4138]},"properties":{"id":119505,"name":"Kenwood","state_code":"CA","country_code":"US"}},{"type":"Feature","geometry":{"type":"Point","coordinates":[-120.05988,36.72356]},"properties":{"id":119512,"name":"Kerman","state_code":"CA","country_code":"US"}},{"type":"Feature","geometry":{"type":"Point","coordinates":[-118.42536,35.75467]},"properties":{"id":119516,"name":"Kernville","state_code":"CA","country_code":"US"}},{"type":"Feature","geometry":{"type":"Point","coordinates":[-119.9618,36.00829]},"properties":{"id":119528,"name":"Kettleman City","state_code":"CA","country_code":"US"}},{"type":"Feature","geometry":{"type":"Point","coordinates":[-120.91549,37.5566]},"properties":{"id":119543,"name":"Keyes","state_code":"CA","country_code":"US"}},{"type":"Feature","geometry":{"type":"Point","coordinates":[-121.12603,36.21274]},"properties":{"id":119579,"name":"King City","state_code":"CA","country_code":"US"}},{"type":"Feature","geometry":{"type":"Point","coordinates":[-120.02658,39.23768]},"properties":{"id":119598,"name":"Kings Beach","state_code":"CA","country_code":"US"}},{"type":"Feature","geometry":{"type":"Point","coordinates":[-119.55402,36.51384]},"properties":{"id":119609,"name":"Kingsburg","state_code":"CA","country_code":"US"}},{"type":"Feature","geometry":{"type":"Point","coordinates":[-121.66801,37.96881]},"properties":{"id":119675,"name":"Knightsen","state_code":"CA","country_code":"US"}},{"type":"Feature","geometry":{"type":"Point","coordinates":[-118.30091,34.05779]},"properties":{"id":119708,"name":"Koreatown","state_code":"CA","country_code":"US"}},{"type":"Feature","geometry":{"type":"Point","coordinates":[-118.18785,34.19917]},"properties":{"id":119736,"name":"La Cañada Flintridge","state_code":"CA","country_code":"US"}},{"type":"Feature","geometry":{"type":"Point","coordinates":[-118.23529,34.23216]},"properties":{"id":119742,"name":"La Crescenta-Montrose","state_code":"CA","country_code":"US"}},{"type":"Feature","geometry":{"type":"Point","coordinates":[-117.94617,33.93196]},"properties":{"id":119755,"name":"La Habra","state_code":"CA","country_code":"US"}},{"type":"Feature","geometry":{"type":"Point","coordinates":[-117.95062,33.96085]},"properties":{"id":119756,"name":"La Habra Heights","state_code":"CA","country_code":"US"}},{"type":"Feature","geometry":{"type":"Point","coordinates":[-117.2742,32.84727]},"properties":{"id":119760,"name":"La Jolla","state_code":"CA","country_code":"US"}},{"type":"Feature","geometry":{"type":"Point","coordinates":[-117.02308,32.76783]},"properties":{"id":119765,"name":"La Mesa","state_code":"CA","country_code":"US"}},{"type":"Feature","geometry":{"type":"Point","coordinates":[-118.01201,33.91724]},"properties":{"id":119767,"name":"La Mirada","state_code":"CA","country_code":"US"}},{"type":"Feature","geometry":{"type":"Point","coordinates":[-118.04673,33.8464]},"properties":{"id":119769,"name":"La Palma","state_code":"CA","country_code":"US"}},{"type":"Feature","geometry":{"type":"Point","coordinates":[-116.99725,32.70811]},"properties":{"id":119779,"name":"La Presa","state_code":"CA","country_code":"US"}},{"type":"Feature","geometry":{"type":"Point","coordinates":[-117.94951,34.02001]},"properties":{"id":119782,"name":"La Puente","state_code":"CA","country_code":"US"}},{"type":"Feature","geometry":{"type":"Point","coordinates":[-116.31001,33.66336]},"properties":{"id":119783,"name":"La Quinta","state_code":"CA","country_code":"US"}},{"type":"Feature","geometry":{"type":"Point","coordinates":[-121.3569,38.56685]},"properties":{"id":119784,"name":"La Riviera","state_code":"CA","country_code":"US"}},{"type":"Feature","geometry":{"type":"Point","coordinates":[-121.86468,36.93662]},"properties":{"id":119789,"name":"La Selva Beach","state_code":"CA","country_code":"US"}},{"type":"Feature","geometry":{"type":"Point","coordinates":[-117.76784,34.10084]},"properties":{"id":119793,"name":"La Verne","state_code":"CA","country_code":"US"}},{"type":"Feature","geometry":{"type":"Point","coordinates":[-122.1983,37.39994]},"properties":{"id":119823,"name":"Ladera","state_code":"CA","country_code":"US"}},{"type":"Feature","geometry":{"type":"Point","coordinates":[-118.37535,33.99418]},"properties":{"id":119824,"name":"Ladera Heights","state_code":"CA","country_code":"US"}},{"type":"Feature","geometry":{"type":"Point","coordinates":[-117.63561,33.57086]},"properties":{"id":119825,"name":"Ladera Ranch","state_code":"CA","country_code":"US"}},{"type":"Feature","geometry":{"type":"Point","coordinates":[-122.11802,37.88576]},"properties":{"id":119835,"name":"Lafayette","state_code":"CA","country_code":"US"}},{"type":"Feature","geometry":{"type":"Point","coordinates":[-121.42384,38.42102]},"properties":{"id":119849,"name":"Laguna","state_code":"CA","country_code":"US"}},{"type":"Feature","geometry":{"type":"Point","coordinates":[-117.78311,33.54225]},"properties":{"id":119852,"name":"Laguna Beach","state_code":"CA","country_code":"US"}},{"type":"Feature","geometry":{"type":"Point","coordinates":[-117.71283,33.61252]},"properties":{"id":119854,"name":"Laguna Hills","state_code":"CA","country_code":"US"}},{"type":"Feature","geometry":{"type":"Point","coordinates":[-117.70755,33.52253]},"properties":{"id":119855,"name":"Laguna Niguel","state_code":"CA","country_code":"US"}},{"type":"Feature","geometry":{"type":"Point","coordinates":[-117.72533,33.6103]},"properties":{"id":119858,"name":"Laguna Woods","state_code":"CA","country_code":"US"}},{"type":"Feature","geometry":{"type":"Point","coordinates":[-122.69124,38.01793]},"properties":{"id":119859,"name":"Lagunitas-Forest Knolls","state_code":"CA","country_code":"US"}},{"type":"Feature","geometry":{"type":"Point","coordinates":[-117.18921,34.24834]},"properties":{"id":119866,"name":"Lake Arrowhead","state_code":"CA","country_code":"US"}},{"type":"Feature","geometry":{"type":"Point","coordinates":[-117.32726,33.66808]},"properties":{"id":119906,"name":"Lake Elsinore","state_code":"CA","country_code":"US"}},{"type":"Feature","geometry":{"type":"Point","coordinates":[-117.68922,33.64697]},"properties":{"id":119911,"name":"Lake Forest","state_code":"CA","country_code":"US"}},{"type":"Feature","geometry":{"type":"Point","coordinates":[-118.47314,35.61801]},"properties":{"id":119923,"name":"Lake Isabella","state_code":"CA","country_code":"US"}},{"type":"Feature","geometry":{"type":"Point","coordinates":[-117.82812,34.61249]},"properties":{"id":119931,"name":"Lake Los Angeles","state_code":"CA","country_code":"US"}},{"type":"Feature","geometry":{"type":"Point","coordinates":[-120.87963,35.7283]},"properties":{"id":119950,"name":"Lake Nacimiento","state_code":"CA","country_code":"US"}},{"type":"Feature","geometry":{"type":"Point","coordinates":[-121.05661,39.03962]},"properties":{"id":120005,"name":"Lake of the Pines","state_code":"CA","country_code":"US"}},{"type":"Feature","geometry":{"type":"Point","coordinates":[-117.20837,33.12615]},"properties":{"id":119973,"name":"Lake San Marcos","state_code":"CA","country_code":"US"}},{"type":"Feature","geometry":{"type":"Point","coordinates":[-121.20051,39.23295]},"properties":{"id":119993,"name":"Lake Wildwood","state_code":"CA","country_code":"US"}},{"type":"Feature","geometry":{"type":"Point","coordinates":[-117.34393,33.63863]},"properties":{"id":120020,"name":"Lakeland Village","state_code":"CA","country_code":"US"}},{"type":"Feature","geometry":{"type":"Point","coordinates":[-122.91583,39.04295]},"properties":{"id":120023,"name":"Lakeport","state_code":"CA","country_code":"US"}},{"type":"Feature","geometry":{"type":"Point","coordinates":[-116.92225,32.85727]},"properties":{"id":120032,"name":"Lakeside","state_code":"CA","country_code":"US"}},{"type":"Feature","geometry":{"type":"Point","coordinates":[-117.11809,33.83863]},"properties":{"id":120040,"name":"Lakeview","state_code":"CA","country_code":"US"}},{"type":"Feature","geometry":{"type":"Point","coordinates":[-118.13396,33.85363]},"properties":{"id":120051,"name":"Lakewood","state_code":"CA","country_code":"US"}},{"type":"Feature","geometry":{"type":"Point","coordinates":[-118.91427,35.25968]},"properties":{"id":120074,"name":"Lamont","state_code":"CA","country_code":"US"}},{"type":"Feature","geometry":{"type":"Point","coordinates":[-118.13674,34.69804]},"properties":{"id":120089,"name":"Lancaster","state_code":"CA","country_code":"US"}},{"type":"Feature","geometry":{"type":"Point","coordinates":[-122.75094,38.51342]},"properties":{"id":120147,"name":"Larkfield-Wikiup","state_code":"CA","country_code":"US"}},{"type":"Feature","geometry":{"type":"Point","coordinates":[-122.53525,37.93409]},"properties":{"id":120148,"name":"Larkspur","state_code":"CA","country_code":"US"}},{"type":"Feature","geometry":{"type":"Point","coordinates":[-117.62672,33.58808]},"properties":{"id":120156,"name":"Las Flores","state_code":"CA","country_code":"US"}},{"type":"Feature","geometry":{"type":"Point","coordinates":[-121.73495,36.86523]},"properties":{"id":120158,"name":"Las Lomas","state_code":"CA","country_code":"US"}},{"type":"Feature","geometry":{"type":"Point","coordinates":[-121.27661,37.8227]},"properties":{"id":120170,"name":"Lathrop","state_code":"CA","country_code":"US"}},{"type":"Feature","geometry":{"type":"Point","coordinates":[-119.6868,36.43328]},"properties":{"id":120174,"name":"Laton","state_code":"CA","country_code":"US"}},{"type":"Feature","geometry":{"type":"Point","coordinates":[-118.35257,33.88724]},"properties":{"id":120222,"name":"Lawndale","state_code":"CA","country_code":"US"}},{"type":"Feature","geometry":{"type":"Point","coordinates":[-123.48279,39.68821]},"properties":{"id":120255,"name":"Laytonville","state_code":"CA","country_code":"US"}},{"type":"Feature","geometry":{"type":"Point","coordinates":[-120.24823,37.22855]},"properties":{"id":120260,"name":"Le Grand","state_code":"CA","country_code":"US"}},{"type":"Feature","geometry":{"type":"Point","coordinates":[-118.86482,34.84164]},"properties":{"id":120298,"name":"Lebec","state_code":"CA","country_code":"US"}},{"type":"Feature","geometry":{"type":"Point","coordinates":[-117.03142,32.74255]},"properties":{"id":120359,"name":"Lemon Grove","state_code":"CA","country_code":"US"}},{"type":"Feature","geometry":{"type":"Point","coordinates":[-119.78291,36.30078]},"properties":{"id":120362,"name":"Lemoore","state_code":"CA","country_code":"US"}},{"type":"Feature","geometry":{"type":"Point","coordinates":[-119.90476,36.26326]},"properties":{"id":120363,"name":"Lemoore Station","state_code":"CA","country_code":"US"}},{"type":"Feature","geometry":{"type":"Point","coordinates":[-118.35258,33.93807]},"properties":{"id":120371,"name":"Lennox","state_code":"CA","country_code":"US"}},{"type":"Feature","geometry":{"type":"Point","coordinates":[-117.10393,34.87665]},"properties":{"id":120378,"name":"Lenwood","state_code":"CA","country_code":"US"}},{"type":"Feature","geometry":{"type":"Point","coordinates":[-118.28813,34.61832]},"properties":{"id":120387,"name":"Leona Valley","state_code":"CA","country_code":"US"}},{"type":"Feature","geometry":{"type":"Point","coordinates":[-122.80752,40.70737]},"properties":{"id":120427,"name":"Lewiston","state_code":"CA","country_code":"US"}},{"type":"Feature","geometry":{"type":"Point","coordinates":[-121.97301,37.16467]},"properties":{"id":120454,"name":"Lexington Hills","state_code":"CA","country_code":"US"}},{"type":"Feature","geometry":{"type":"Point","coordinates":[-121.29301,38.89156]},"properties":{"id":120509,"name":"Lincoln","state_code":"CA","country_code":"US"}},{"type":"Feature","geometry":{"type":"Point","coordinates":[-121.5508,39.12767]},"properties":{"id":120557,"name":"Linda","state_code":"CA","country_code":"US"}},{"type":"Feature","geometry":{"type":"Point","coordinates":[-121.08383,38.02131]},"properties":{"id":120566,"name":"Linden","state_code":"CA","country_code":"US"}},{"type":"Feature","geometry":{"type":"Point","coordinates":[-119.08816,36.20301]},"properties":{"id":120574,"name":"Lindsay","state_code":"CA","country_code":"US"}},{"type":"Feature","geometry":{"type":"Point","coordinates":[-117.98368,34.5211]},"properties":{"id":120633,"name":"Littlerock","state_code":"CA","country_code":"US"}},{"type":"Feature","geometry":{"type":"Point","coordinates":[-121.98052,36.98356]},"properties":{"id":120640,"name":"Live Oak","state_code":"CA","country_code":"US"}},{"type":"Feature","geometry":{"type":"Point","coordinates":[-121.76801,37.68187]},"properties":{"id":120644,"name":"Livermore","state_code":"CA","country_code":"US"}},{"type":"Feature","geometry":{"type":"Point","coordinates":[-120.72353,37.38688]},"properties":{"id":120652,"name":"Livingston","state_code":"CA","country_code":"US"}},{"type":"Feature","geometry":{"type":"Point","coordinates":[-121.14994,38.16353]},"properties":{"id":120675,"name":"Lockeford","state_code":"CA","country_code":"US"}},{"type":"Feature","geometry":{"type":"Point","coordinates":[-121.27245,38.1302]},"properties":{"id":120691,"name":"Lodi","state_code":"CA","country_code":"US"}},{"type":"Feature","geometry":{"type":"Point","coordinates":[-117.26115,34.04835]},"properties":{"id":120712,"name":"Loma Linda","state_code":"CA","country_code":"US"}},{"type":"Feature","geometry":{"type":"Point","coordinates":[-121.41774,39.31183]},"properties":{"id":120713,"name":"Loma Rica","state_code":"CA","country_code":"US"}},{"type":"Feature","geometry":{"type":"Point","coordinates":[-118.31507,33.79224]},"properties":{"id":120716,"name":"Lomita","state_code":"CA","country_code":"US"}},{"type":"Feature","geometry":{"type":"Point","coordinates":[-122.05274,37.1055]},"properties":{"id":120717,"name":"Lompico","state_code":"CA","country_code":"US"}},{"type":"Feature","geometry":{"type":"Point","coordinates":[-120.45794,34.63915]},"properties":{"id":120718,"name":"Lompoc","state_code":"CA","country_code":"US"}},{"type":"Feature","geometry":{"type":"Point","coordinates":[-119.44318,36.47606]},"properties":{"id":120722,"name":"London","state_code":"CA","country_code":"US"}},{"type":"Feature","geometry":{"type":"Point","coordinates":[-118.06462,36.60626]},"properties":{"id":120729,"name":"Lone Pine","state_code":"CA","country_code":"US"}},{"type":"Feature","geometry":{"type":"Point","coordinates":[-118.18923,33.76696]},"properties":{"id":120738,"name":"Long Beach","state_code":"CA","country_code":"US"}},{"type":"Feature","geometry":{"type":"Point","coordinates":[-121.193,38.82129]},"properties":{"id":120767,"name":"Loomis","state_code":"CA","country_code":"US"}},{"type":"Feature","geometry":{"type":"Point","coordinates":[-118.07256,33.80307]},"properties":{"id":120778,"name":"Los Alamitos","state_code":"CA","country_code":"US"}},{"type":"Feature","geometry":{"type":"Point","coordinates":[-120.27821,34.74443]},"properties":{"id":120779,"name":"Los Alamos","state_code":"CA","country_code":"US"}},{"type":"Feature","geometry":{"type":"Point","coordinates":[-122.11413,37.38522]},"properties":{"id":120782,"name":"Los Altos","state_code":"CA","country_code":"US"}},{"type":"Feature","geometry":{"type":"Point","coordinates":[-122.13746,37.37966]},"properties":{"id":120783,"name":"Los Altos Hills","state_code":"CA","country_code":"US"}},{"type":"Feature","geometry":{"type":"Point","coordinates":[-118.24368,34.05223]},"properties":{"id":120784,"name":"Los Angeles","state_code":"CA","country_code":"US"}},{"type":"Feature","geometry":{"type":"Point","coordinates":[-120.84992,37.05828]},"properties":{"id":120786,"name":"Los Banos","state_code":"CA","country_code":"US"}},{"type":"Feature","geometry":{"type":"Point","coordinates":[-121.97468,37.22661]},"properties":{"id":120789,"name":"Los Gatos","state_code":"CA","country_code":"US"}},{"type":"Feature","geometry":{"type":"Point","coordinates":[-122.10027,40.02127]},"properties":{"id":120792,"name":"Los Molinos","state_code":"CA","country_code":"US"}},{"type":"Feature","geometry":{"type":"Point","coordinates":[-120.11487,34.66776]},"properties":{"id":120793,"name":"Los Olivos","state_code":"CA","country_code":"US"}},{"type":"Feature","geometry":{"type":"Point","coordinates":[-120.8324,35.31109]},"properties":{"id":120794,"name":"Los Osos","state_code":"CA","country_code":"US"}},{"type":"Feature","geometry":{"type":"Point","coordinates":[-117.70811,33.97279]},"properties":{"id":120796,"name":"Los Serranos","state_code":"CA","country_code":"US"}},{"type":"Feature","geometry":{"type":"Point","coordinates":[-119.69429,35.61635]},"properties":{"id":120798,"name":"Lost Hills","state_code":"CA","country_code":"US"}},{"type":"Feature","geometry":{"type":"Point","coordinates":[-122.61026,38.91045]},"properties":{"id":120842,"name":"Lower Lake","state_code":"CA","country_code":"US"}},{"type":"Feature","geometry":{"type":"Point","coordinates":[-122.10052,37.35133]},"properties":{"id":120855,"name":"Loyola","state_code":"CA","country_code":"US"}},{"type":"Feature","geometry":{"type":"Point","coordinates":[-122.5755,38.04011]},"properties":{"id":120862,"name":"Lucas Valley-Marinwood","state_code":"CA","country_code":"US"}},{"type":"Feature","geometry":{"type":"Point","coordinates":[-119.6643,36.38078]},"properties":{"id":120865,"name":"Lucerne","state_code":"CA","country_code":"US"}},{"type":"Feature","geometry":{"type":"Point","coordinates":[-116.96781,34.44389]},"properties":{"id":120866,"name":"Lucerne Valley","state_code":"CA","country_code":"US"}},{"type":"Feature","geometry":{"type":"Point","coordinates":[-118.21146,33.93029]},"properties":{"id":120934,"name":"Lynwood","state_code":"CA","country_code":"US"}},{"type":"Feature","geometry":{"type":"Point","coordinates":[-120.06072,36.96134]},"properties":{"id":120980,"name":"Madera","state_code":"CA","country_code":"US"}},{"type":"Feature","geometry":{"type":"Point","coordinates":[-120.06683,37.01911]},"properties":{"id":120981,"name":"Madera Acres","state_code":"CA","country_code":"US"}},{"type":"Feature","geometry":{"type":"Point","coordinates":[-121.57831,39.81211]},"properties":{"id":121031,"name":"Magalia","state_code":"CA","country_code":"US"}},{"type":"Feature","geometry":{"type":"Point","coordinates":[-118.7804,34.02577]},"properties":{"id":121062,"name":"Malibu","state_code":"CA","country_code":"US"}},{"type":"Feature","geometry":{"type":"Point","coordinates":[-118.97208,37.64855]},"properties":{"id":121077,"name":"Mammoth Lakes","state_code":"CA","country_code":"US"}},{"type":"Feature","geometry":{"type":"Point","coordinates":[-118.41091,33.88474]},"properties":{"id":121117,"name":"Manhattan Beach","state_code":"CA","country_code":"US"}},{"type":"Feature","geometry":{"type":"Point","coordinates":[-121.21605,37.79743]},"properties":{"id":121154,"name":"Manteca","state_code":"CA","country_code":"US"}},{"type":"Feature","geometry":{"type":"Point","coordinates":[-117.2631,33.89209]},"properties":{"id":121196,"name":"March Air Force Base","state_code":"CA","country_code":"US"}},{"type":"Feature","geometry":{"type":"Point","coordinates":[-119.40095,35.05886]},"properties":{"id":121212,"name":"Maricopa","state_code":"CA","country_code":"US"}},{"type":"Feature","geometry":{"type":"Point","coordinates":[-122.50914,37.86854]},"properties":{"id":121221,"name":"Marin City","state_code":"CA","country_code":"US"}},{"type":"Feature","geometry":{"type":"Point","coordinates":[-121.80217,36.6844]},"properties":{"id":121223,"name":"Marina","state_code":"CA","country_code":"US"}},{"type":"Feature","geometry":{"type":"Point","coordinates":[-118.45174,33.98029]},"properties":{"id":121224,"name":"Marina del Rey","state_code":"CA","country_code":"US"}},{"type":"Feature","geometry":{"type":"Point","coordinates":[-119.96628,37.48494]},"properties":{"id":121264,"name":"Mariposa","state_code":"CA","country_code":"US"}},{"type":"Feature","geometry":{"type":"Point","coordinates":[-122.13413,38.01937]},"properties":{"id":121345,"name":"Martinez","state_code":"CA","country_code":"US"}},{"type":"Feature","geometry":{"type":"Point","coordinates":[-121.59135,39.14573]},"properties":{"id":121360,"name":"Marysville","state_code":"CA","country_code":"US"}},{"type":"Feature","geometry":{"type":"Point","coordinates":[-119.35158,36.17066]},"properties":{"id":121401,"name":"Matheny","state_code":"CA","country_code":"US"}},{"type":"Feature","geometry":{"type":"Point","coordinates":[-122.19137,39.27628]},"properties":{"id":121430,"name":"Maxwell","state_code":"CA","country_code":"US"}},{"type":"Feature","geometry":{"type":"Point","coordinates":[-118.00979,34.11501]},"properties":{"id":121439,"name":"Mayflower Village","state_code":"CA","country_code":"US"}},{"type":"Feature","geometry":{"type":"Point","coordinates":[-118.18535,33.98668]},"properties":{"id":121459,"name":"Maywood","state_code":"CA","country_code":"US"}},{"type":"Feature","geometry":{"type":"Point","coordinates":[-122.13945,41.25571]},"properties":{"id":121471,"name":"McCloud","state_code":"CA","country_code":"US"}},{"type":"Feature","geometry":{"type":"Point","coordinates":[-119.22927,35.67801]},"properties":{"id":121500,"name":"McFarland","state_code":"CA","country_code":"US"}},{"type":"Feature","geometry":{"type":"Point","coordinates":[-124.10062,40.94652]},"properties":{"id":121524,"name":"McKinleyville","state_code":"CA","country_code":"US"}},{"type":"Feature","geometry":{"type":"Point","coordinates":[-117.29615,33.83335]},"properties":{"id":121554,"name":"Mead Valley","state_code":"CA","country_code":"US"}},{"type":"Feature","geometry":{"type":"Point","coordinates":[-121.02189,39.00101]},"properties":{"id":121563,"name":"Meadow Vista","state_code":"CA","country_code":"US"}},{"type":"Feature","geometry":{"type":"Point","coordinates":[-117.28509,33.72578]},"properties":{"id":121567,"name":"Meadowbrook","state_code":"CA","country_code":"US"}},{"type":"Feature","geometry":{"type":"Point","coordinates":[-116.0782,33.57219]},"properties":{"id":121578,"name":"Mecca","state_code":"CA","country_code":"US"}},{"type":"Feature","geometry":{"type":"Point","coordinates":[-119.27928,34.44694]},"properties":{"id":121619,"name":"Meiners Oaks","state_code":"CA","country_code":"US"}},{"type":"Feature","geometry":{"type":"Point","coordinates":[-120.38156,36.75356]},"properties":{"id":121657,"name":"Mendota","state_code":"CA","country_code":"US"}},{"type":"Feature","geometry":{"type":"Point","coordinates":[-117.14642,33.72835]},"properties":{"id":121659,"name":"Menifee","state_code":"CA","country_code":"US"}},{"type":"Feature","geometry":{"type":"Point","coordinates":[-122.18219,37.45383]},"properties":{"id":121661,"name":"Menlo Park","state_code":"CA","country_code":"US"}},{"type":"Feature","geometry":{"type":"Point","coordinates":[-117.13448,34.07001]},"properties":{"id":121667,"name":"Mentone","state_code":"CA","country_code":"US"}},{"type":"Feature","geometry":{"type":"Point","coordinates":[-120.48297,37.30216]},"properties":{"id":121671,"name":"Merced","state_code":"CA","country_code":"US"}},{"type":"Feature","geometry":{"type":"Point","coordinates":[-114.73107,33.60586]},"properties":{"id":121722,"name":"Mesa Verde","state_code":"CA","country_code":"US"}},{"type":"Feature","geometry":{"type":"Point","coordinates":[-122.61499,38.7524]},"properties":{"id":121794,"name":"Middletown","state_code":"CA","country_code":"US"}},{"type":"Feature","geometry":{"type":"Point","coordinates":[-119.92045,37.54438]},"properties":{"id":121809,"name":"Midpines","state_code":"CA","country_code":"US"}},{"type":"Feature","geometry":{"type":"Point","coordinates":[-117.98923,33.74474]},"properties":{"id":121821,"name":"Midway City","state_code":"CA","country_code":"US"}},{"type":"Feature","geometry":{"type":"Point","coordinates":[-122.54498,37.90604]},"properties":{"id":121868,"name":"Mill Valley","state_code":"CA","country_code":"US"}},{"type":"Feature","geometry":{"type":"Point","coordinates":[-122.38719,37.59855]},"properties":{"id":121871,"name":"Millbrae","state_code":"CA","country_code":"US"}},{"type":"Feature","geometry":{"type":"Point","coordinates":[-121.90662,37.42827]},"properties":{"id":121909,"name":"Milpitas","state_code":"CA","country_code":"US"}},{"type":"Feature","geometry":{"type":"Point","coordinates":[-119.45818,36.72384]},"properties":{"id":121949,"name":"Minkler","state_code":"CA","country_code":"US"}},{"type":"Feature","geometry":{"type":"Point","coordinates":[-117.14392,32.9156]},"properties":{"id":121971,"name":"Mira Mesa","state_code":"CA","country_code":"US"}},{"type":"Feature","geometry":{"type":"Point","coordinates":[-119.28511,34.43361]},"properties":{"id":121972,"name":"Mira Monte","state_code":"CA","country_code":"US"}},{"type":"Feature","geometry":{"type":"Point","coordinates":[-122.41914,37.75993]},"properties":{"id":121985,"name":"Mission","state_code":"CA","country_code":"US"}},{"type":"Feature","geometry":{"type":"Point","coordinates":[-119.71291,34.45083]},"properties":{"id":121984,"name":"Mission Canyon","state_code":"CA","country_code":"US"}},{"type":"Feature","geometry":{"type":"Point","coordinates":[-120.43683,34.68609]},"properties":{"id":121987,"name":"Mission Hills","state_code":"CA","country_code":"US"}},{"type":"Feature","geometry":{"type":"Point","coordinates":[-117.672,33.60002]},"properties":{"id":121988,"name":"Mission Viejo","state_code":"CA","country_code":"US"}},{"type":"Feature","geometry":{"type":"Point","coordinates":[-120.99688,37.6391]},"properties":{"id":122014,"name":"Modesto","state_code":"CA","country_code":"US"}},{"type":"Feature","geometry":{"type":"Point","coordinates":[-118.17396,35.05247]},"properties":{"id":122023,"name":"Mojave","state_code":"CA","country_code":"US"}},{"type":"Feature","geometry":{"type":"Point","coordinates":[-120.26991,37.9977]},"properties":{"id":122049,"name":"Mono Vista","state_code":"CA","country_code":"US"}},{"type":"Feature","geometry":{"type":"Point","coordinates":[-117.99895,34.14806]},"properties":{"id":122088,"name":"Monrovia","state_code":"CA","country_code":"US"}},{"type":"Feature","geometry":{"type":"Point","coordinates":[-122.5278,41.7282]},"properties":{"id":122098,"name":"Montague","state_code":"CA","country_code":"US"}},{"type":"Feature","geometry":{"type":"Point","coordinates":[-122.33275,37.99548]},"properties":{"id":122100,"name":"Montalvin","state_code":"CA","country_code":"US"}},{"type":"Feature","geometry":{"type":"Point","coordinates":[-122.51609,37.54216]},"properties":{"id":122102,"name":"Montara","state_code":"CA","country_code":"US"}},{"type":"Feature","geometry":{"type":"Point","coordinates":[-117.68978,34.07751]},"properties":{"id":122107,"name":"Montclair","state_code":"CA","country_code":"US"}},{"type":"Feature","geometry":{"type":"Point","coordinates":[-123.00889,38.46547]},"properties":{"id":122109,"name":"Monte Rio","state_code":"CA","country_code":"US"}},{"type":"Feature","geometry":{"type":"Point","coordinates":[-121.99246,37.23633]},"properties":{"id":122110,"name":"Monte Sereno","state_code":"CA","country_code":"US"}},{"type":"Feature","geometry":{"type":"Point","coordinates":[-118.10535,34.00946]},"properties":{"id":122114,"name":"Montebello","state_code":"CA","country_code":"US"}},{"type":"Feature","geometry":{"type":"Point","coordinates":[-119.63208,34.43666]},"properties":{"id":122115,"name":"Montecito","state_code":"CA","country_code":"US"}},{"type":"Feature","geometry":{"type":"Point","coordinates":[-121.89468,36.60024]},"properties":{"id":122120,"name":"Monterey","state_code":"CA","country_code":"US"}},{"type":"Feature","geometry":{"type":"Point","coordinates":[-118.12285,34.06251]},"properties":{"id":122122,"name":"Monterey Park","state_code":"CA","country_code":"US"}},{"type":"Feature","geometry":{"type":"Point","coordinates":[-121.87566,38.66429]},"properties":{"id":122193,"name":"Monument Hills","state_code":"CA","country_code":"US"}},{"type":"Feature","geometry":{"type":"Point","coordinates":[-118.88204,34.28556]},"properties":{"id":122213,"name":"Moorpark","state_code":"CA","country_code":"US"}},{"type":"Feature","geometry":{"type":"Point","coordinates":[-121.24578,38.03853]},"properties":{"id":122221,"name":"Morada","state_code":"CA","country_code":"US"}},{"type":"Feature","geometry":{"type":"Point","coordinates":[-122.12969,37.83493]},"properties":{"id":122222,"name":"Moraga","state_code":"CA","country_code":"US"}},{"type":"Feature","geometry":{"type":"Point","coordinates":[-117.23059,33.93752]},"properties":{"id":122231,"name":"Moreno Valley","state_code":"CA","country_code":"US"}},{"type":"Feature","geometry":{"type":"Point","coordinates":[-121.65439,37.1305]},"properties":{"id":122246,"name":"Morgan Hill","state_code":"CA","country_code":"US"}},{"type":"Feature","geometry":{"type":"Point","coordinates":[-116.58085,34.04695]},"properties":{"id":122261,"name":"Morongo Valley","state_code":"CA","country_code":"US"}},{"type":"Feature","geometry":{"type":"Point","coordinates":[-120.8499,35.36581]},"properties":{"id":122288,"name":"Morro Bay","state_code":"CA","country_code":"US"}},{"type":"Feature","geometry":{"type":"Point","coordinates":[-122.51331,37.52744]},"properties":{"id":122307,"name":"Moss Beach","state_code":"CA","country_code":"US"}},{"type":"Feature","geometry":{"type":"Point","coordinates":[-122.05857,37.05106]},"properties":{"id":122347,"name":"Mount Hermon","state_code":"CA","country_code":"US"}},{"type":"Feature","geometry":{"type":"Point","coordinates":[-122.31225,41.31024]},"properties":{"id":122388,"name":"Mount Shasta","state_code":"CA","country_code":"US"}},{"type":"Feature","geometry":{"type":"Point","coordinates":[-121.54273,37.78326]},"properties":{"id":122418,"name":"Mountain House","state_code":"CA","country_code":"US"}},{"type":"Feature","geometry":{"type":"Point","coordinates":[-120.54076,38.22825]},"properties":{"id":122425,"name":"Mountain Ranch","state_code":"CA","country_code":"US"}},{"type":"Feature","geometry":{"type":"Point","coordinates":[-122.08385,37.38605]},"properties":{"id":122431,"name":"Mountain View","state_code":"CA","country_code":"US"}},{"type":"Feature","geometry":{"type":"Point","coordinates":[-117.34894,34.49666]},"properties":{"id":122434,"name":"Mountain View Acres","state_code":"CA","country_code":"US"}},{"type":"Feature","geometry":{"type":"Point","coordinates":[-120.46105,38.13762]},"properties":{"id":122488,"name":"Murphys","state_code":"CA","country_code":"US"}},{"type":"Feature","geometry":{"type":"Point","coordinates":[-117.21392,33.55391]},"properties":{"id":122498,"name":"Murrieta","state_code":"CA","country_code":"US"}},{"type":"Feature","geometry":{"type":"Point","coordinates":[-117.15809,33.56058]},"properties":{"id":122499,"name":"Murrieta Hot Springs","state_code":"CA","country_code":"US"}},{"type":"Feature","geometry":{"type":"Point","coordinates":[-117.34421,34.15418]},"properties":{"id":122506,"name":"Muscoy","state_code":"CA","country_code":"US"}},{"type":"Feature","geometry":{"type":"Point","coordinates":[-124.13034,40.78874]},"properties":{"id":122525,"name":"Myrtletown","state_code":"CA","country_code":"US"}},{"type":"Feature","geometry":{"type":"Point","coordinates":[-122.28553,38.29714]},"properties":{"id":122546,"name":"Napa","state_code":"CA","country_code":"US"}},{"type":"Feature","geometry":{"type":"Point","coordinates":[-117.0992,32.67811]},"properties":{"id":122591,"name":"National City","state_code":"CA","country_code":"US"}},{"type":"Feature","geometry":{"type":"Point","coordinates":[-114.61413,34.84806]},"properties":{"id":122614,"name":"Needles","state_code":"CA","country_code":"US"}},{"type":"Feature","geometry":{"type":"Point","coordinates":[-121.01779,39.26173]},"properties":{"id":122651,"name":"Nevada City","state_code":"CA","country_code":"US"}},{"type":"Feature","geometry":{"type":"Point","coordinates":[-122.04024,37.52966]},"properties":{"id":122805,"name":"Newark","state_code":"CA","country_code":"US"}},{"type":"Feature","geometry":{"type":"Point","coordinates":[-121.13328,38.87407]},"properties":{"id":122821,"name":"Newcastle","state_code":"CA","country_code":"US"}},{"type":"Feature","geometry":{"type":"Point","coordinates":[-121.02076,37.31383]},"properties":{"id":122834,"name":"Newman","state_code":"CA","country_code":"US"}},{"type":"Feature","geometry":{"type":"Point","coordinates":[-117.92895,33.61891]},"properties":{"id":122853,"name":"Newport Beach","state_code":"CA","country_code":"US"}},{"type":"Feature","geometry":{"type":"Point","coordinates":[-122.84833,39.12323]},"properties":{"id":122885,"name":"Nice","state_code":"CA","country_code":"US"}},{"type":"Feature","geometry":{"type":"Point","coordinates":[-115.51888,33.24004]},"properties":{"id":122899,"name":"Niland","state_code":"CA","country_code":"US"}},{"type":"Feature","geometry":{"type":"Point","coordinates":[-120.476,35.04275]},"properties":{"id":122905,"name":"Nipomo","state_code":"CA","country_code":"US"}},{"type":"Feature","geometry":{"type":"Point","coordinates":[-122.43369,37.75018]},"properties":{"id":122925,"name":"Noe Valley","state_code":"CA","country_code":"US"}},{"type":"Feature","geometry":{"type":"Point","coordinates":[-117.54866,33.93113]},"properties":{"id":122939,"name":"Norco","state_code":"CA","country_code":"US"}},{"type":"Feature","geometry":{"type":"Point","coordinates":[-121.08189,38.93129]},"properties":{"id":122968,"name":"North Auburn","state_code":"CA","country_code":"US"}},{"type":"Feature","geometry":{"type":"Point","coordinates":[-117.83284,35.01664]},"properties":{"id":123020,"name":"North Edwards","state_code":"CA","country_code":"US"}},{"type":"Feature","geometry":{"type":"Point","coordinates":[-118.02423,34.10279]},"properties":{"id":123021,"name":"North El Monte","state_code":"CA","country_code":"US"}},{"type":"Feature","geometry":{"type":"Point","coordinates":[-122.19663,37.47438]},"properties":{"id":123024,"name":"North Fair Oaks","state_code":"CA","country_code":"US"}},{"type":"Feature","geometry":{"type":"Point","coordinates":[-121.37217,38.68574]},"properties":{"id":123039,"name":"North Highlands","state_code":"CA","country_code":"US"}},{"type":"Feature","geometry":{"type":"Point","coordinates":[-118.48472,34.23639]},"properties":{"id":123041,"name":"North Hills","state_code":"CA","country_code":"US"}},{"type":"Feature","geometry":{"type":"Point","coordinates":[-118.37897,34.17223]},"properties":{"id":123042,"name":"North Hollywood","state_code":"CA","country_code":"US"}},{"type":"Feature","geometry":{"type":"Point","coordinates":[-122.90538,39.08831]},"properties":{"id":123050,"name":"North Lakeport","state_code":"CA","country_code":"US"}},{"type":"Feature","geometry":{"type":"Point","coordinates":[-122.36747,37.95881]},"properties":{"id":123094,"name":"North Richmond","state_code":"CA","country_code":"US"}},{"type":"Feature","geometry":{"type":"Point","coordinates":[-117.79394,33.76446]},"properties":{"id":123117,"name":"North Tustin","state_code":"CA","country_code":"US"}},{"type":"Feature","geometry":{"type":"Point","coordinates":[-118.53675,34.22834]},"properties":{"id":123163,"name":"Northridge","state_code":"CA","country_code":"US"}},{"type":"Feature","geometry":{"type":"Point","coordinates":[-118.08173,33.90224]},"properties":{"id":123191,"name":"Norwalk","state_code":"CA","country_code":"US"}},{"type":"Feature","geometry":{"type":"Point","coordinates":[-122.5697,38.10742]},"properties":{"id":123207,"name":"Novato","state_code":"CA","country_code":"US"}},{"type":"Feature","geometry":{"type":"Point","coordinates":[-117.14587,33.80141]},"properties":{"id":123216,"name":"Nuevo","state_code":"CA","country_code":"US"}},{"type":"Feature","geometry":{"type":"Point","coordinates":[-117.38135,34.38313]},"properties":{"id":123248,"name":"Oak Hills","state_code":"CA","country_code":"US"}},{"type":"Feature","geometry":{"type":"Point","coordinates":[-118.76287,34.17917]},"properties":{"id":123257,"name":"Oak Park","state_code":"CA","country_code":"US"}},{"type":"Feature","geometry":{"type":"Point","coordinates":[-119.30011,34.4]},"properties":{"id":123266,"name":"Oak View","state_code":"CA","country_code":"US"}},{"type":"Feature","geometry":{"type":"Point","coordinates":[-120.84715,37.76659]},"properties":{"id":123274,"name":"Oakdale","state_code":"CA","country_code":"US"}},{"type":"Feature","geometry":{"type":"Point","coordinates":[-119.64932,37.328]},"properties":{"id":123281,"name":"Oakhurst","state_code":"CA","country_code":"US"}},{"type":"Feature","geometry":{"type":"Point","coordinates":[-122.2708,37.80437]},"properties":{"id":123293,"name":"Oakland","state_code":"CA","country_code":"US"}},{"type":"Feature","geometry":{"type":"Point","coordinates":[-121.71245,37.99742]},"properties":{"id":123298,"name":"Oakley","state_code":"CA","country_code":"US"}},{"type":"Feature","geometry":{"type":"Point","coordinates":[-116.09889,33.46586]},"properties":{"id":123313,"name":"Oasis","state_code":"CA","country_code":"US"}},{"type":"Feature","geometry":{"type":"Point","coordinates":[-122.94833,38.40741]},"properties":{"id":123321,"name":"Occidental","state_code":"CA","country_code":"US"}},{"type":"Feature","geometry":{"type":"Point","coordinates":[-120.61239,35.09886]},"properties":{"id":123341,"name":"Oceano","state_code":"CA","country_code":"US"}},{"type":"Feature","geometry":{"type":"Point","coordinates":[-117.37948,33.19587]},"properties":{"id":123344,"name":"Oceanside","state_code":"CA","country_code":"US"}},{"type":"Feature","geometry":{"type":"Point","coordinates":[-119.01955,35.41968]},"properties":{"id":123388,"name":"Oildale","state_code":"CA","country_code":"US"}},{"type":"Feature","geometry":{"type":"Point","coordinates":[-119.24289,34.44805]},"properties":{"id":123390,"name":"Ojai","state_code":"CA","country_code":"US"}},{"type":"Feature","geometry":{"type":"Point","coordinates":[-119.80515,36.79885]},"properties":{"id":123418,"name":"Old Fig Garden","state_code":"CA","country_code":"US"}},{"type":"Feature","geometry":{"type":"Point","coordinates":[-121.55219,39.09545]},"properties":{"id":123441,"name":"Olivehurst","state_code":"CA","country_code":"US"}},{"type":"Feature","geometry":{"type":"Point","coordinates":[-117.65089,34.06334]},"properties":{"id":123486,"name":"Ontario","state_code":"CA","country_code":"US"}},{"type":"Feature","geometry":{"type":"Point","coordinates":[-121.96413,36.96078]},"properties":{"id":123495,"name":"Opal Cliffs","state_code":"CA","country_code":"US"}},{"type":"Feature","geometry":{"type":"Point","coordinates":[-117.85311,33.78779]},"properties":{"id":123510,"name":"Orange","state_code":"CA","country_code":"US"}},{"type":"Feature","geometry":{"type":"Point","coordinates":[-119.31373,36.62439]},"properties":{"id":123522,"name":"Orange Cove","state_code":"CA","country_code":"US"}},{"type":"Feature","geometry":{"type":"Point","coordinates":[-121.22578,38.67851]},"properties":{"id":123530,"name":"Orangevale","state_code":"CA","country_code":"US"}},{"type":"Feature","geometry":{"type":"Point","coordinates":[-120.436,34.86526]},"properties":{"id":123541,"name":"Orcutt","state_code":"CA","country_code":"US"}},{"type":"Feature","geometry":{"type":"Point","coordinates":[-122.17969,37.87715]},"properties":{"id":123554,"name":"Orinda","state_code":"CA","country_code":"US"}},{"type":"Feature","geometry":{"type":"Point","coordinates":[-122.19637,39.74738]},"properties":{"id":123559,"name":"Orland","state_code":"CA","country_code":"US"}},{"type":"Feature","geometry":{"type":"Point","coordinates":[-119.28734,36.54495]},"properties":{"id":123577,"name":"Orosi","state_code":"CA","country_code":"US"}},{"type":"Feature","geometry":{"type":"Point","coordinates":[-121.55776,39.51394]},"properties":{"id":123578,"name":"Oroville","state_code":"CA","country_code":"US"}},{"type":"Feature","geometry":{"type":"Point","coordinates":[-121.47519,39.51126]},"properties":{"id":123580,"name":"Oroville East","state_code":"CA","country_code":"US"}},{"type":"Feature","geometry":{"type":"Point","coordinates":[-119.17705,34.1975]},"properties":{"id":123689,"name":"Oxnard","state_code":"CA","country_code":"US"}},{"type":"Feature","geometry":{"type":"Point","coordinates":[-122.07524,37.98353]},"properties":{"id":123705,"name":"Pacheco","state_code":"CA","country_code":"US"}},{"type":"Feature","geometry":{"type":"Point","coordinates":[-121.91662,36.61774]},"properties":{"id":123710,"name":"Pacific Grove","state_code":"CA","country_code":"US"}},{"type":"Feature","geometry":{"type":"Point","coordinates":[-122.48692,37.61383]},"properties":{"id":123711,"name":"Pacifica","state_code":"CA","country_code":"US"}},{"type":"Feature","geometry":{"type":"Point","coordinates":[-121.74856,36.90412]},"properties":{"id":123729,"name":"Pajaro","state_code":"CA","country_code":"US"}},{"type":"Feature","geometry":{"type":"Point","coordinates":[-121.53802,39.43544]},"properties":{"id":123735,"name":"Palermo","state_code":"CA","country_code":"US"}},{"type":"Feature","geometry":{"type":"Point","coordinates":[-116.37697,33.72255]},"properties":{"id":123748,"name":"Palm Desert","state_code":"CA","country_code":"US"}},{"type":"Feature","geometry":{"type":"Point","coordinates":[-116.54529,33.8303]},"properties":{"id":123752,"name":"Palm Springs","state_code":"CA","country_code":"US"}},{"type":"Feature","geometry":{"type":"Point","coordinates":[-118.11646,34.57943]},"properties":{"id":123757,"name":"Palmdale","state_code":"CA","country_code":"US"}},{"type":"Feature","geometry":{"type":"Point","coordinates":[-122.14302,37.44188]},"properties":{"id":123781,"name":"Palo Alto","state_code":"CA","country_code":"US"}},{"type":"Feature","geometry":{"type":"Point","coordinates":[-122.23889,40.56376]},"properties":{"id":123783,"name":"Palo Cedro","state_code":"CA","country_code":"US"}},{"type":"Feature","geometry":{"type":"Point","coordinates":[-118.39245,33.80105]},"properties":{"id":123791,"name":"Palos Verdes Estates","state_code":"CA","country_code":"US"}},{"type":"Feature","geometry":{"type":"Point","coordinates":[-121.62192,39.75961]},"properties":{"id":123818,"name":"Paradise","state_code":"CA","country_code":"US"}},{"type":"Feature","geometry":{"type":"Point","coordinates":[-118.15979,33.88946]},"properties":{"id":123824,"name":"Paramount","state_code":"CA","country_code":"US"}},{"type":"Feature","geometry":{"type":"Point","coordinates":[-120.02294,36.94717]},"properties":{"id":123874,"name":"Parksdale","state_code":"CA","country_code":"US"}},{"type":"Feature","geometry":{"type":"Point","coordinates":[-121.45884,38.49602]},"properties":{"id":123881,"name":"Parkway","state_code":"CA","country_code":"US"}},{"type":"Feature","geometry":{"type":"Point","coordinates":[-120.04461,36.92689]},"properties":{"id":123882,"name":"Parkwood","state_code":"CA","country_code":"US"}},{"type":"Feature","geometry":{"type":"Point","coordinates":[-119.52707,36.61162]},"properties":{"id":123884,"name":"Parlier","state_code":"CA","country_code":"US"}},{"type":"Feature","geometry":{"type":"Point","coordinates":[-118.14452,34.14778]},"properties":{"id":123897,"name":"Pasadena","state_code":"CA","country_code":"US"}},{"type":"Feature","geometry":{"type":"Point","coordinates":[-122.0258,37.00439]},"properties":{"id":123899,"name":"Pasatiempo","state_code":"CA","country_code":"US"}},{"type":"Feature","geometry":{"type":"Point","coordinates":[-120.691,35.62664]},"properties":{"id":123904,"name":"Paso Robles","state_code":"CA","country_code":"US"}},{"type":"Feature","geometry":{"type":"Point","coordinates":[-121.12966,37.4716]},"properties":{"id":123916,"name":"Patterson","state_code":"CA","country_code":"US"}},{"type":"Feature","geometry":{"type":"Point","coordinates":[-119.2956,36.37952]},"properties":{"id":123917,"name":"Patterson Tract","state_code":"CA","country_code":"US"}},{"type":"Feature","geometry":{"type":"Point","coordinates":[-117.47588,33.97529]},"properties":{"id":123983,"name":"Pedley","state_code":"CA","country_code":"US"}},{"type":"Feature","geometry":{"type":"Point","coordinates":[-121.19107,39.196]},"properties":{"id":124024,"name":"Penn Valley","state_code":"CA","country_code":"US"}},{"type":"Feature","geometry":{"type":"Point","coordinates":[-122.66665,38.29964]},"properties":{"id":124028,"name":"Penngrove","state_code":"CA","country_code":"US"}},{"type":"Feature","geometry":{"type":"Point","coordinates":[-117.22865,33.78252]},"properties":{"id":124066,"name":"Perris","state_code":"CA","country_code":"US"}},{"type":"Feature","geometry":{"type":"Point","coordinates":[-122.63665,38.23242]},"properties":{"id":124101,"name":"Petaluma","state_code":"CA","country_code":"US"}},{"type":"Feature","geometry":{"type":"Point","coordinates":[-117.57228,34.42611]},"properties":{"id":124119,"name":"Phelan","state_code":"CA","country_code":"US"}},{"type":"Feature","geometry":{"type":"Point","coordinates":[-120.30702,38.00594]},"properties":{"id":124150,"name":"Phoenix Lake","state_code":"CA","country_code":"US"}},{"type":"Feature","geometry":{"type":"Point","coordinates":[-118.09673,33.98307]},"properties":{"id":124162,"name":"Pico Rivera","state_code":"CA","country_code":"US"}},{"type":"Feature","geometry":{"type":"Point","coordinates":[-122.23163,37.82437]},"properties":{"id":124168,"name":"Piedmont","state_code":"CA","country_code":"US"}},{"type":"Feature","geometry":{"type":"Point","coordinates":[-120.65882,38.41297]},"properties":{"id":124222,"name":"Pine Grove","state_code":"CA","country_code":"US"}},{"type":"Feature","geometry":{"type":"Point","coordinates":[-124.15228,40.73318]},"properties":{"id":124226,"name":"Pine Hills","state_code":"CA","country_code":"US"}},{"type":"Feature","geometry":{"type":"Point","coordinates":[-119.14955,34.84637]},"properties":{"id":124239,"name":"Pine Mountain Club","state_code":"CA","country_code":"US"}},{"type":"Feature","geometry":{"type":"Point","coordinates":[-116.52918,32.82144]},"properties":{"id":124246,"name":"Pine Valley","state_code":"CA","country_code":"US"}},{"type":"Feature","geometry":{"type":"Point","coordinates":[-122.29886,38.00437]},"properties":{"id":124271,"name":"Pinole","state_code":"CA","country_code":"US"}},{"type":"Feature","geometry":{"type":"Point","coordinates":[-117.64672,34.43333]},"properties":{"id":124309,"name":"Piñon Hills","state_code":"CA","country_code":"US"}},{"type":"Feature","geometry":{"type":"Point","coordinates":[-120.57187,38.43186]},"properties":{"id":124274,"name":"Pioneer","state_code":"CA","country_code":"US"}},{"type":"Feature","geometry":{"type":"Point","coordinates":[-118.79398,34.41527]},"properties":{"id":124280,"name":"Piru","state_code":"CA","country_code":"US"}},{"type":"Feature","geometry":{"type":"Point","coordinates":[-120.64128,35.14275]},"properties":{"id":124283,"name":"Pismo Beach","state_code":"CA","country_code":"US"}},{"type":"Feature","geometry":{"type":"Point","coordinates":[-121.88468,38.02798]},"properties":{"id":124294,"name":"Pittsburg","state_code":"CA","country_code":"US"}},{"type":"Feature","geometry":{"type":"Point","coordinates":[-119.29178,35.96856]},"properties":{"id":124308,"name":"Pixley","state_code":"CA","country_code":"US"}},{"type":"Feature","geometry":{"type":"Point","coordinates":[-117.87034,33.87224]},"properties":{"id":124310,"name":"Placentia","state_code":"CA","country_code":"US"}},{"type":"Feature","geometry":{"type":"Point","coordinates":[-120.79855,38.72963]},"properties":{"id":124312,"name":"Placerville","state_code":"CA","country_code":"US"}},{"type":"Feature","geometry":{"type":"Point","coordinates":[-120.31852,37.29077]},"properties":{"id":124338,"name":"Planada","state_code":"CA","country_code":"US"}},{"type":"Feature","geometry":{"type":"Point","coordinates":[-122.0608,37.94798]},"properties":{"id":124372,"name":"Pleasant Hill","state_code":"CA","country_code":"US"}},{"type":"Feature","geometry":{"type":"Point","coordinates":[-121.87468,37.66243]},"properties":{"id":124384,"name":"Pleasanton","state_code":"CA","country_code":"US"}},{"type":"Feature","geometry":{"type":"Point","coordinates":[-121.55802,39.02073]},"properties":{"id":124396,"name":"Plumas Lake","state_code":"CA","country_code":"US"}},{"type":"Feature","geometry":{"type":"Point","coordinates":[-120.58611,38.76158]},"properties":{"id":124453,"name":"Pollock Pines","state_code":"CA","country_code":"US"}},{"type":"Feature","geometry":{"type":"Point","coordinates":[-117.75228,34.05529]},"properties":{"id":124459,"name":"Pomona","state_code":"CA","country_code":"US"}},{"type":"Feature","geometry":{"type":"Point","coordinates":[-119.14919,36.05635]},"properties":{"id":124486,"name":"Poplar-Cotton Center","state_code":"CA","country_code":"US"}},{"type":"Feature","geometry":{"type":"Point","coordinates":[-119.19511,34.14778]},"properties":{"id":124510,"name":"Port Hueneme","state_code":"CA","country_code":"US"}},{"type":"Feature","geometry":{"type":"Point","coordinates":[-119.01677,36.06523]},"properties":{"id":124556,"name":"Porterville","state_code":"CA","country_code":"US"}},{"type":"Feature","geometry":{"type":"Point","coordinates":[-120.4691,39.81046]},"properties":{"id":124566,"name":"Portola","state_code":"CA","country_code":"US"}},{"type":"Feature","geometry":{"type":"Point","coordinates":[-117.63116,33.67919]},"properties":{"id":124567,"name":"Portola Hills","state_code":"CA","country_code":"US"}},{"type":"Feature","geometry":{"type":"Point","coordinates":[-122.23524,37.38411]},"properties":{"id":124568,"name":"Portola Valley","state_code":"CA","country_code":"US"}},{"type":"Feature","geometry":{"type":"Point","coordinates":[-117.03586,32.96282]},"properties":{"id":124606,"name":"Poway","state_code":"CA","country_code":"US"}},{"type":"Feature","geometry":{"type":"Point","coordinates":[-121.66967,36.77579]},"properties":{"id":124725,"name":"Prunedale","state_code":"CA","country_code":"US"}},{"type":"Feature","geometry":{"type":"Point","coordinates":[-117.24504,33.70697]},"properties":{"id":124777,"name":"Quail Valley","state_code":"CA","country_code":"US"}},{"type":"Feature","geometry":{"type":"Point","coordinates":[-118.21813,34.64526]},"properties":{"id":124782,"name":"Quartz Hill","state_code":"CA","country_code":"US"}},{"type":"Feature","geometry":{"type":"Point","coordinates":[-120.94647,39.93682]},"properties":{"id":124799,"name":"Quincy","state_code":"CA","country_code":"US"}},{"type":"Feature","geometry":{"type":"Point","coordinates":[-117.14781,33.41031]},"properties":{"id":124823,"name":"Rainbow","state_code":"CA","country_code":"US"}},{"type":"Feature","geometry":{"type":"Point","coordinates":[-116.86808,33.04171]},"properties":{"id":124838,"name":"Ramona","state_code":"CA","country_code":"US"}},{"type":"Feature","geometry":{"type":"Point","coordinates":[-120.85827,38.12742]},"properties":{"id":124848,"name":"Rancho Calaveras","state_code":"CA","country_code":"US"}},{"type":"Feature","geometry":{"type":"Point","coordinates":[-121.30273,38.58907]},"properties":{"id":124849,"name":"Rancho Cordova","state_code":"CA","country_code":"US"}},{"type":"Feature","geometry":{"type":"Point","coordinates":[-117.59311,34.1064]},"properties":{"id":124850,"name":"Rancho Cucamonga","state_code":"CA","country_code":"US"}},{"type":"Feature","geometry":{"type":"Point","coordinates":[-116.41279,33.73974]},"properties":{"id":124851,"name":"Rancho Mirage","state_code":"CA","country_code":"US"}},{"type":"Feature","geometry":{"type":"Point","coordinates":[-121.09467,38.50185]},"properties":{"id":124852,"name":"Rancho Murieta","state_code":"CA","country_code":"US"}},{"type":"Feature","geometry":{"type":"Point","coordinates":[-118.38702,33.74446]},"properties":{"id":124853,"name":"Rancho Palos Verdes","state_code":"CA","country_code":"US"}},{"type":"Feature","geometry":{"type":"Point","coordinates":[-117.11531,32.95949]},"properties":{"id":124854,"name":"Rancho Penasquitos","state_code":"CA","country_code":"US"}},{"type":"Feature","geometry":{"type":"Point","coordinates":[-116.9353,32.74727]},"properties":{"id":124855,"name":"Rancho San Diego","state_code":"CA","country_code":"US"}},{"type":"Feature","geometry":{"type":"Point","coordinates":[-117.20281,33.02032]},"properties":{"id":124856,"name":"Rancho Santa Fe","state_code":"CA","country_code":"US"}},{"type":"Feature","geometry":{"type":"Point","coordinates":[-117.6031,33.64086]},"properties":{"id":124857,"name":"Rancho Santa Margarita","state_code":"CA","country_code":"US"}},{"type":"Feature","geometry":{"type":"Point","coordinates":[-122.40072,40.01569]},"properties":{"id":124858,"name":"Rancho Tehama Reserve","state_code":"CA","country_code":"US"}},{"type":"Feature","geometry":{"type":"Point","coordinates":[-122.23583,40.17849]},"properties":{"id":124940,"name":"Red Bluff","state_code":"CA","country_code":"US"}},{"type":"Feature","geometry":{"type":"Point","coordinates":[-120.60552,38.41165]},"properties":{"id":124945,"name":"Red Corral","state_code":"CA","country_code":"US"}},{"type":"Feature","geometry":{"type":"Point","coordinates":[-122.39168,40.58654]},"properties":{"id":124966,"name":"Redding","state_code":"CA","country_code":"US"}},{"type":"Feature","geometry":{"type":"Point","coordinates":[-117.18254,34.05557]},"properties":{"id":124976,"name":"Redlands","state_code":"CA","country_code":"US"}},{"type":"Feature","geometry":{"type":"Point","coordinates":[-118.38841,33.84918]},"properties":{"id":124980,"name":"Redondo Beach","state_code":"CA","country_code":"US"}},{"type":"Feature","geometry":{"type":"Point","coordinates":[-123.82336,40.12014]},"properties":{"id":124983,"name":"Redway","state_code":"CA","country_code":"US"}},{"type":"Feature","geometry":{"type":"Point","coordinates":[-122.23635,37.48522]},"properties":{"id":124986,"name":"Redwood City","state_code":"CA","country_code":"US"}},{"type":"Feature","geometry":{"type":"Point","coordinates":[-122.24802,37.53188]},"properties":{"id":124989,"name":"Redwood Shores","state_code":"CA","country_code":"US"}},{"type":"Feature","geometry":{"type":"Point","coordinates":[-123.20445,39.26544]},"properties":{"id":124990,"name":"Redwood Valley","state_code":"CA","country_code":"US"}},{"type":"Feature","geometry":{"type":"Point","coordinates":[-119.4504,36.59634]},"properties":{"id":124993,"name":"Reedley","state_code":"CA","country_code":"US"}},{"type":"Feature","geometry":{"type":"Point","coordinates":[-117.37032,34.1064]},"properties":{"id":125049,"name":"Rialto","state_code":"CA","country_code":"US"}},{"type":"Feature","geometry":{"type":"Point","coordinates":[-119.10788,35.79662]},"properties":{"id":125066,"name":"Richgrove","state_code":"CA","country_code":"US"}},{"type":"Feature","geometry":{"type":"Point","coordinates":[-122.34775,37.93576]},"properties":{"id":125096,"name":"Richmond","state_code":"CA","country_code":"US"}},{"type":"Feature","geometry":{"type":"Point","coordinates":[-117.6709,35.62246]},"properties":{"id":125118,"name":"Ridgecrest","state_code":"CA","country_code":"US"}},{"type":"Feature","geometry":{"type":"Point","coordinates":[-121.36577,36.81246]},"properties":{"id":125127,"name":"Ridgemark","state_code":"CA","country_code":"US"}},{"type":"Feature","geometry":{"type":"Point","coordinates":[-121.90023,36.96828]},"properties":{"id":125151,"name":"Rio Del Mar","state_code":"CA","country_code":"US"}},{"type":"Feature","geometry":{"type":"Point","coordinates":[-124.10644,40.4993]},"properties":{"id":125152,"name":"Rio Dell","state_code":"CA","country_code":"US"}},{"type":"Feature","geometry":{"type":"Point","coordinates":[-121.44857,38.69101]},"properties":{"id":125157,"name":"Rio Linda","state_code":"CA","country_code":"US"}},{"type":"Feature","geometry":{"type":"Point","coordinates":[-121.69583,38.16389]},"properties":{"id":125161,"name":"Rio Vista","state_code":"CA","country_code":"US"}},{"type":"Feature","geometry":{"type":"Point","coordinates":[-121.12438,37.74159]},"properties":{"id":125168,"name":"Ripon","state_code":"CA","country_code":"US"}},{"type":"Feature","geometry":{"type":"Point","coordinates":[-120.93549,37.73604]},"properties":{"id":125190,"name":"Riverbank","state_code":"CA","country_code":"US"}},{"type":"Feature","geometry":{"type":"Point","coordinates":[-119.85958,36.43106]},"properties":{"id":125196,"name":"Riverdale","state_code":"CA","country_code":"US"}},{"type":"Feature","geometry":{"type":"Point","coordinates":[-121.05188,37.60938]},"properties":{"id":125199,"name":"Riverdale Park","state_code":"CA","country_code":"US"}},{"type":"Feature","geometry":{"type":"Point","coordinates":[-117.39616,33.95335]},"properties":{"id":125209,"name":"Riverside","state_code":"CA","country_code":"US"}},{"type":"Feature","geometry":{"type":"Point","coordinates":[-121.23578,38.79073]},"properties":{"id":125313,"name":"Rocklin","state_code":"CA","country_code":"US"}},{"type":"Feature","geometry":{"type":"Point","coordinates":[-122.26691,38.03298]},"properties":{"id":125341,"name":"Rodeo","state_code":"CA","country_code":"US"}},{"type":"Feature","geometry":{"type":"Point","coordinates":[-122.7011,38.33964]},"properties":{"id":125358,"name":"Rohnert Park","state_code":"CA","country_code":"US"}},{"type":"Feature","geometry":{"type":"Point","coordinates":[-118.35752,33.75739]},"properties":{"id":125366,"name":"Rolling Hills","state_code":"CA","country_code":"US"}},{"type":"Feature","geometry":{"type":"Point","coordinates":[-118.35813,33.78779]},"properties":{"id":125367,"name":"Rolling Hills Estates","state_code":"CA","country_code":"US"}},{"type":"Feature","geometry":{"type":"Point","coordinates":[-122.32997,37.9652]},"properties":{"id":125370,"name":"Rollingwood","state_code":"CA","country_code":"US"}},{"type":"Feature","geometry":{"type":"Point","coordinates":[-117.17503,33.74585]},"properties":{"id":125384,"name":"Romoland","state_code":"CA","country_code":"US"}},{"type":"Feature","geometry":{"type":"Point","coordinates":[-118.16341,34.86414]},"properties":{"id":125397,"name":"Rosamond","state_code":"CA","country_code":"US"}},{"type":"Feature","geometry":{"type":"Point","coordinates":[-119.14538,35.38357]},"properties":{"id":125419,"name":"Rosedale","state_code":"CA","country_code":"US"}},{"type":"Feature","geometry":{"type":"Point","coordinates":[-122.72804,38.42213]},"properties":{"id":125424,"name":"Roseland","state_code":"CA","country_code":"US"}},{"type":"Feature","geometry":{"type":"Point","coordinates":[-118.07285,34.08057]},"properties":{"id":125429,"name":"Rosemead","state_code":"CA","country_code":"US"}},{"type":"Feature","geometry":{"type":"Point","coordinates":[-121.36467,38.55185]},"properties":{"id":125431,"name":"Rosemont","state_code":"CA","country_code":"US"}},{"type":"Feature","geometry":{"type":"Point","coordinates":[-121.28801,38.75212]},"properties":{"id":125441,"name":"Roseville","state_code":"CA","country_code":"US"}},{"type":"Feature","geometry":{"type":"Point","coordinates":[-122.55498,37.96242]},"properties":{"id":125451,"name":"Ross","state_code":"CA","country_code":"US"}},{"type":"Feature","geometry":{"type":"Point","coordinates":[-118.08506,33.78557]},"properties":{"id":125455,"name":"Rossmoor","state_code":"CA","country_code":"US"}},{"type":"Feature","geometry":{"type":"Point","coordinates":[-117.90534,33.97612]},"properties":{"id":125480,"name":"Rowland Heights","state_code":"CA","country_code":"US"}},{"type":"Feature","geometry":{"type":"Point","coordinates":[-117.4056,33.99613]},"properties":{"id":125501,"name":"Rubidoux","state_code":"CA","country_code":"US"}},{"type":"Feature","geometry":{"type":"Point","coordinates":[-117.1092,34.20779]},"properties":{"id":125514,"name":"Running Springs","state_code":"CA","country_code":"US"}},{"type":"Feature","geometry":{"type":"Point","coordinates":[-121.4944,38.58157]},"properties":{"id":125577,"name":"Sacramento","state_code":"CA","country_code":"US"}},{"type":"Feature","geometry":{"type":"Point","coordinates":[-122.47026,38.50519]},"properties":{"id":125647,"name":"Saint Helena","state_code":"CA","country_code":"US"}},{"type":"Feature","geometry":{"type":"Point","coordinates":[-121.08494,37.70576]},"properties":{"id":125742,"name":"Salida","state_code":"CA","country_code":"US"}},{"type":"Feature","geometry":{"type":"Point","coordinates":[-121.6555,36.67774]},"properties":{"id":125747,"name":"Salinas","state_code":"CA","country_code":"US"}},{"type":"Feature","geometry":{"type":"Point","coordinates":[-115.95611,33.29865]},"properties":{"id":125770,"name":"Salton City","state_code":"CA","country_code":"US"}},{"type":"Feature","geometry":{"type":"Point","coordinates":[-120.68049,38.19603]},"properties":{"id":125783,"name":"San Andreas","state_code":"CA","country_code":"US"}},{"type":"Feature","geometry":{"type":"Point","coordinates":[-122.56164,37.97465]},"properties":{"id":125785,"name":"San Anselmo","state_code":"CA","country_code":"US"}},{"type":"Feature","geometry":{"type":"Point","coordinates":[-117.65644,34.15556]},"properties":{"id":125788,"name":"San Antonio Heights","state_code":"CA","country_code":"US"}},{"type":"Feature","geometry":{"type":"Point","coordinates":[-117.28977,34.10834]},"properties":{"id":125793,"name":"San Bernardino","state_code":"CA","country_code":"US"}},{"type":"Feature","geometry":{"type":"Point","coordinates":[-122.41108,37.63049]},"properties":{"id":125795,"name":"San Bruno","state_code":"CA","country_code":"US"}},{"type":"Feature","geometry":{"type":"Point","coordinates":[-122.26052,37.50716]},"properties":{"id":125798,"name":"San Carlos","state_code":"CA","country_code":"US"}},{"type":"Feature","geometry":{"type":"Point","coordinates":[-117.61199,33.42697]},"properties":{"id":125800,"name":"San Clemente","state_code":"CA","country_code":"US"}},{"type":"Feature","geometry":{"type":"Point","coordinates":[-117.16472,32.71571]},"properties":{"id":125802,"name":"San Diego","state_code":"CA","country_code":"US"}},{"type":"Feature","geometry":{"type":"Point","coordinates":[-116.78364,33.00671]},"properties":{"id":125803,"name":"San Diego Country Estates","state_code":"CA","country_code":"US"}},{"type":"Feature","geometry":{"type":"Point","coordinates":[-117.80673,34.10668]},"properties":{"id":125805,"name":"San Dimas","state_code":"CA","country_code":"US"}},{"type":"Feature","geometry":{"type":"Point","coordinates":[-118.43897,34.28195]},"properties":{"id":125808,"name":"San Fernando","state_code":"CA","country_code":"US"}},{"type":"Feature","geometry":{"type":"Point","coordinates":[-122.41942,37.77493]},"properties":{"id":125809,"name":"San Francisco","state_code":"CA","country_code":"US"}},{"type":"Feature","geometry":{"type":"Point","coordinates":[-118.10583,34.09611]},"properties":{"id":125810,"name":"San Gabriel","state_code":"CA","country_code":"US"}},{"type":"Feature","geometry":{"type":"Point","coordinates":[-116.95864,33.78391]},"properties":{"id":125811,"name":"San Jacinto","state_code":"CA","country_code":"US"}},{"type":"Feature","geometry":{"type":"Point","coordinates":[-120.18904,36.60662]},"properties":{"id":125813,"name":"San Joaquin","state_code":"CA","country_code":"US"}},{"type":"Feature","geometry":{"type":"Point","coordinates":[-117.83672,33.61169]},"properties":{"id":125815,"name":"San Joaquin Hills","state_code":"CA","country_code":"US"}},{"type":"Feature","geometry":{"type":"Point","coordinates":[-121.89496,37.33939]},"properties":{"id":125816,"name":"San Jose","state_code":"CA","country_code":"US"}},{"type":"Feature","geometry":{"type":"Point","coordinates":[-121.538,36.84551]},"properties":{"id":125818,"name":"San Juan Bautista","state_code":"CA","country_code":"US"}},{"type":"Feature","geometry":{"type":"Point","coordinates":[-117.66255,33.50169]},"properties":{"id":125819,"name":"San Juan Capistrano","state_code":"CA","country_code":"US"}},{"type":"Feature","geometry":{"type":"Point","coordinates":[-122.15608,37.72493]},"properties":{"id":125824,"name":"San Leandro","state_code":"CA","country_code":"US"}},{"type":"Feature","geometry":{"type":"Point","coordinates":[-122.12441,37.68104]},"properties":{"id":125826,"name":"San Lorenzo","state_code":"CA","country_code":"US"}},{"type":"Feature","geometry":{"type":"Point","coordinates":[-120.65962,35.28275]},"properties":{"id":125829,"name":"San Luis Obispo","state_code":"CA","country_code":"US"}},{"type":"Feature","geometry":{"type":"Point","coordinates":[-117.16614,33.14337]},"properties":{"id":125833,"name":"San Marcos","state_code":"CA","country_code":"US"}},{"type":"Feature","geometry":{"type":"Point","coordinates":[-118.10646,34.1214]},"properties":{"id":125834,"name":"San Marino","state_code":"CA","country_code":"US"}},{"type":"Feature","geometry":{"type":"Point","coordinates":[-121.61022,37.08495]},"properties":{"id":125835,"name":"San Martin","state_code":"CA","country_code":"US"}},{"type":"Feature","geometry":{"type":"Point","coordinates":[-122.32553,37.56299]},"properties":{"id":125836,"name":"San Mateo","state_code":"CA","country_code":"US"}},{"type":"Feature","geometry":{"type":"Point","coordinates":[-120.69628,35.75247]},"properties":{"id":125838,"name":"San Miguel","state_code":"CA","country_code":"US"}},{"type":"Feature","geometry":{"type":"Point","coordinates":[-122.34553,37.96215]},"properties":{"id":125842,"name":"San Pablo","state_code":"CA","country_code":"US"}},{"type":"Feature","geometry":{"type":"Point","coordinates":[-116.95392,33.09171]},"properties":{"id":125843,"name":"San Pasqual","state_code":"CA","country_code":"US"}},{"type":"Feature","geometry":{"type":"Point","coordinates":[-118.29229,33.73585]},"properties":{"id":125845,"name":"San Pedro","state_code":"CA","country_code":"US"}},{"type":"Feature","geometry":{"type":"Point","coordinates":[-122.53109,37.97353]},"properties":{"id":125846,"name":"San Rafael","state_code":"CA","country_code":"US"}},{"type":"Feature","geometry":{"type":"Point","coordinates":[-121.97802,37.77993]},"properties":{"id":125847,"name":"San Ramon","state_code":"CA","country_code":"US"}},{"type":"Feature","geometry":{"type":"Point","coordinates":[-119.55597,36.70801]},"properties":{"id":125892,"name":"Sanger","state_code":"CA","country_code":"US"}},{"type":"Feature","geometry":{"type":"Point","coordinates":[-117.86783,33.74557]},"properties":{"id":125899,"name":"Santa Ana","state_code":"CA","country_code":"US"}},{"type":"Feature","geometry":{"type":"Point","coordinates":[-119.69819,34.42083]},"properties":{"id":125901,"name":"Santa Barbara","state_code":"CA","country_code":"US"}},{"type":"Feature","geometry":{"type":"Point","coordinates":[-121.95524,37.35411]},"properties":{"id":125903,"name":"Santa Clara","state_code":"CA","country_code":"US"}},{"type":"Feature","geometry":{"type":"Point","coordinates":[-118.54259,34.39166]},"properties":{"id":125908,"name":"Santa Clarita","state_code":"CA","country_code":"US"}},{"type":"Feature","geometry":{"type":"Point","coordinates":[-122.0308,36.97412]},"properties":{"id":125910,"name":"Santa Cruz","state_code":"CA","country_code":"US"}},{"type":"Feature","geometry":{"type":"Point","coordinates":[-118.08535,33.94724]},"properties":{"id":125916,"name":"Santa Fe Springs","state_code":"CA","country_code":"US"}},{"type":"Feature","geometry":{"type":"Point","coordinates":[-120.60906,35.38997]},"properties":{"id":125917,"name":"Santa Margarita","state_code":"CA","country_code":"US"}},{"type":"Feature","geometry":{"type":"Point","coordinates":[-120.43572,34.95303]},"properties":{"id":125918,"name":"Santa Maria","state_code":"CA","country_code":"US"}},{"type":"Feature","geometry":{"type":"Point","coordinates":[-118.49119,34.01945]},"properties":{"id":125919,"name":"Santa Monica","state_code":"CA","country_code":"US"}},{"type":"Feature","geometry":{"type":"Point","coordinates":[-119.05927,34.35417]},"properties":{"id":125920,"name":"Santa Paula","state_code":"CA","country_code":"US"}},{"type":"Feature","geometry":{"type":"Point","coordinates":[-122.71443,38.44047]},"properties":{"id":125922,"name":"Santa Rosa","state_code":"CA","country_code":"US"}},{"type":"Feature","geometry":{"type":"Point","coordinates":[-118.70898,34.27167]},"properties":{"id":125925,"name":"Santa Susana","state_code":"CA","country_code":"US"}},{"type":"Feature","geometry":{"type":"Point","coordinates":[-122.52525,37.99853]},"properties":{"id":125927,"name":"Santa Venetia","state_code":"CA","country_code":"US"}},{"type":"Feature","geometry":{"type":"Point","coordinates":[-120.07987,34.61443]},"properties":{"id":125928,"name":"Santa Ynez","state_code":"CA","country_code":"US"}},{"type":"Feature","geometry":{"type":"Point","coordinates":[-116.97392,32.83838]},"properties":{"id":125930,"name":"Santee","state_code":"CA","country_code":"US"}},{"type":"Feature","geometry":{"type":"Point","coordinates":[-122.07607,37.88492]},"properties":{"id":125937,"name":"Saranap","state_code":"CA","country_code":"US"}},{"type":"Feature","geometry":{"type":"Point","coordinates":[-122.02301,37.26383]},"properties":{"id":125941,"name":"Saratoga","state_code":"CA","country_code":"US"}},{"type":"Feature","geometry":{"type":"Point","coordinates":[-119.14983,34.28306]},"properties":{"id":125956,"name":"Saticoy","state_code":"CA","country_code":"US"}},{"type":"Feature","geometry":{"type":"Point","coordinates":[-122.48525,37.85909]},"properties":{"id":125970,"name":"Sausalito","state_code":"CA","country_code":"US"}},{"type":"Feature","geometry":{"type":"Point","coordinates":[-122.01468,37.05106]},"properties":{"id":126059,"name":"Scotts Valley","state_code":"CA","country_code":"US"}},{"type":"Feature","geometry":{"type":"Point","coordinates":[-123.45445,38.71519]},"properties":{"id":126075,"name":"Sea Ranch","state_code":"CA","country_code":"US"}},{"type":"Feature","geometry":{"type":"Point","coordinates":[-121.91579,36.97412]},"properties":{"id":126083,"name":"Seacliff","state_code":"CA","country_code":"US"}},{"type":"Feature","geometry":{"type":"Point","coordinates":[-118.10479,33.74141]},"properties":{"id":126090,"name":"Seal Beach","state_code":"CA","country_code":"US"}},{"type":"Feature","geometry":{"type":"Point","coordinates":[-117.40395,35.76745]},"properties":{"id":126095,"name":"Searles Valley","state_code":"CA","country_code":"US"}},{"type":"Feature","geometry":{"type":"Point","coordinates":[-121.85162,36.61107]},"properties":{"id":126099,"name":"Seaside","state_code":"CA","country_code":"US"}},{"type":"Feature","geometry":{"type":"Point","coordinates":[-122.82388,38.40214]},"properties":{"id":126108,"name":"Sebastopol","state_code":"CA","country_code":"US"}},{"type":"Feature","geometry":{"type":"Point","coordinates":[-117.29087,33.64169]},"properties":{"id":126116,"name":"Sedco Hills","state_code":"CA","country_code":"US"}},{"type":"Feature","geometry":{"type":"Point","coordinates":[-115.69111,32.79311]},"properties":{"id":126124,"name":"Seeley","state_code":"CA","country_code":"US"}},{"type":"Feature","geometry":{"type":"Point","coordinates":[-119.61208,36.57078]},"properties":{"id":126141,"name":"Selma","state_code":"CA","country_code":"US"}},{"type":"Feature","geometry":{"type":"Point","coordinates":[-121.83856,37.28605]},"properties":{"id":126176,"name":"Seven Trees","state_code":"CA","country_code":"US"}},{"type":"Feature","geometry":{"type":"Point","coordinates":[-120.99271,37.61382]},"properties":{"id":126198,"name":"Shackelford","state_code":"CA","country_code":"US"}},{"type":"Feature","geometry":{"type":"Point","coordinates":[-118.35175,34.26195]},"properties":{"id":126202,"name":"Shadow Hills","state_code":"CA","country_code":"US"}},{"type":"Feature","geometry":{"type":"Point","coordinates":[-119.27178,35.50051]},"properties":{"id":126210,"name":"Shafter","state_code":"CA","country_code":"US"}},{"type":"Feature","geometry":{"type":"Point","coordinates":[-120.37543,35.65525]},"properties":{"id":126217,"name":"Shandon","state_code":"CA","country_code":"US"}},{"type":"Feature","geometry":{"type":"Point","coordinates":[-122.49196,40.59932]},"properties":{"id":126238,"name":"Shasta","state_code":"CA","country_code":"US"}},{"type":"Feature","geometry":{"type":"Point","coordinates":[-122.37084,40.68043]},"properties":{"id":126240,"name":"Shasta Lake","state_code":"CA","country_code":"US"}},{"type":"Feature","geometry":{"type":"Point","coordinates":[-121.37551,38.97962]},"properties":{"id":126321,"name":"Sheridan","state_code":"CA","country_code":"US"}},{"type":"Feature","geometry":{"type":"Point","coordinates":[-118.44925,34.15112]},"properties":{"id":126336,"name":"Sherman Oaks","state_code":"CA","country_code":"US"}},{"type":"Feature","geometry":{"type":"Point","coordinates":[-120.92605,38.66574]},"properties":{"id":126351,"name":"Shingle Springs","state_code":"CA","country_code":"US"}},{"type":"Feature","geometry":{"type":"Point","coordinates":[-121.88916,40.49238]},"properties":{"id":126353,"name":"Shingletown","state_code":"CA","country_code":"US"}},{"type":"Feature","geometry":{"type":"Point","coordinates":[-118.05285,34.16167]},"properties":{"id":126404,"name":"Sierra Madre","state_code":"CA","country_code":"US"}},{"type":"Feature","geometry":{"type":"Point","coordinates":[-118.16785,33.80446]},"properties":{"id":126411,"name":"Signal Hill","state_code":"CA","country_code":"US"}},{"type":"Feature","geometry":{"type":"Point","coordinates":[-118.27023,34.08668]},"properties":{"id":126431,"name":"Silver Lake","state_code":"CA","country_code":"US"}},{"type":"Feature","geometry":{"type":"Point","coordinates":[-117.34098,34.74558]},"properties":{"id":126432,"name":"Silver Lakes","state_code":"CA","country_code":"US"}},{"type":"Feature","geometry":{"type":"Point","coordinates":[-118.78148,34.26945]},"properties":{"id":126445,"name":"Simi Valley","state_code":"CA","country_code":"US"}},{"type":"Feature","geometry":{"type":"Point","coordinates":[-116.35251,33.89001]},"properties":{"id":126486,"name":"Sky Valley","state_code":"CA","country_code":"US"}},{"type":"Feature","geometry":{"type":"Point","coordinates":[-122.58442,38.01048]},"properties":{"id":126499,"name":"Sleepy Hollow","state_code":"CA","country_code":"US"}},{"type":"Feature","geometry":{"type":"Point","coordinates":[-122.78916,39.00101]},"properties":{"id":126561,"name":"Soda Bay","state_code":"CA","country_code":"US"}},{"type":"Feature","geometry":{"type":"Point","coordinates":[-117.27115,32.99115]},"properties":{"id":126565,"name":"Solana Beach","state_code":"CA","country_code":"US"}},{"type":"Feature","geometry":{"type":"Point","coordinates":[-121.32632,36.42469]},"properties":{"id":126568,"name":"Soledad","state_code":"CA","country_code":"US"}},{"type":"Feature","geometry":{"type":"Point","coordinates":[-120.13765,34.59582]},"properties":{"id":126572,"name":"Solvang","state_code":"CA","country_code":"US"}},{"type":"Feature","geometry":{"type":"Point","coordinates":[-122.45804,38.29186]},"properties":{"id":126598,"name":"Sonoma","state_code":"CA","country_code":"US"}},{"type":"Feature","geometry":{"type":"Point","coordinates":[-120.38214,37.98409]},"properties":{"id":126600,"name":"Sonora","state_code":"CA","country_code":"US"}},{"type":"Feature","geometry":{"type":"Point","coordinates":[-121.95663,36.98801]},"properties":{"id":126604,"name":"Soquel","state_code":"CA","country_code":"US"}},{"type":"Feature","geometry":{"type":"Point","coordinates":[-117.19451,32.89991]},"properties":{"id":126606,"name":"Sorrento Valley","state_code":"CA","country_code":"US"}},{"type":"Feature","geometry":{"type":"Point","coordinates":[-120.2638,37.98465]},"properties":{"id":126608,"name":"Soulsbyville","state_code":"CA","country_code":"US"}},{"type":"Feature","geometry":{"type":"Point","coordinates":[-120.65324,36.96439]},"properties":{"id":126648,"name":"South Dos Palos","state_code":"CA","country_code":"US"}},{"type":"Feature","geometry":{"type":"Point","coordinates":[-118.04673,34.05195]},"properties":{"id":126650,"name":"South El Monte","state_code":"CA","country_code":"US"}},{"type":"Feature","geometry":{"type":"Point","coordinates":[-118.21202,33.95474]},"properties":{"id":126659,"name":"South Gate","state_code":"CA","country_code":"US"}},{"type":"Feature","geometry":{"type":"Point","coordinates":[-119.98435,38.93324]},"properties":{"id":126684,"name":"South Lake Tahoe","state_code":"CA","country_code":"US"}},{"type":"Feature","geometry":{"type":"Point","coordinates":[-121.55219,39.49655]},"properties":{"id":126699,"name":"South Oroville","state_code":"CA","country_code":"US"}},{"type":"Feature","geometry":{"type":"Point","coordinates":[-118.15035,34.11612]},"properties":{"id":126706,"name":"South Pasadena","state_code":"CA","country_code":"US"}},{"type":"Feature","geometry":{"type":"Point","coordinates":[-122.40775,37.65466]},"properties":{"id":126723,"name":"South San Francisco","state_code":"CA","country_code":"US"}},{"type":"Feature","geometry":{"type":"Point","coordinates":[-118.09462,34.04915]},"properties":{"id":126724,"name":"South San Gabriel","state_code":"CA","country_code":"US"}},{"type":"Feature","geometry":{"type":"Point","coordinates":[-117.90478,34.01279]},"properties":{"id":126725,"name":"South San Jose Hills","state_code":"CA","country_code":"US"}},{"type":"Feature","geometry":{"type":"Point","coordinates":[-119.45623,35.13469]},"properties":{"id":126733,"name":"South Taft","state_code":"CA","country_code":"US"}},{"type":"Feature","geometry":{"type":"Point","coordinates":[-118.03917,33.95015]},"properties":{"id":126748,"name":"South Whittier","state_code":"CA","country_code":"US"}},{"type":"Feature","geometry":{"type":"Point","coordinates":[-121.63913,39.11656]},"properties":{"id":126756,"name":"South Yuba City","state_code":"CA","country_code":"US"}},{"type":"Feature","geometry":{"type":"Point","coordinates":[-116.99892,32.74477]},"properties":{"id":126880,"name":"Spring Valley","state_code":"CA","country_code":"US"}},{"type":"Feature","geometry":{"type":"Point","coordinates":[-117.26832,34.49364]},"properties":{"id":126882,"name":"Spring Valley Lake","state_code":"CA","country_code":"US"}},{"type":"Feature","geometry":{"type":"Point","coordinates":[-119.24679,36.74023]},"properties":{"id":126924,"name":"Squaw Valley","state_code":"CA","country_code":"US"}},{"type":"Feature","geometry":{"type":"Point","coordinates":[-118.64259,35.08886]},"properties":{"id":126941,"name":"Stallion Springs","state_code":"CA","country_code":"US"}},{"type":"Feature","geometry":{"type":"Point","coordinates":[-122.16608,37.42411]},"properties":{"id":126954,"name":"Stanford","state_code":"CA","country_code":"US"}},{"type":"Feature","geometry":{"type":"Point","coordinates":[-117.99312,33.80252]},"properties":{"id":126969,"name":"Stanton","state_code":"CA","country_code":"US"}},{"type":"Feature","geometry":{"type":"Point","coordinates":[-118.57372,34.39048]},"properties":{"id":127046,"name":"Stevenson Ranch","state_code":"CA","country_code":"US"}},{"type":"Feature","geometry":{"type":"Point","coordinates":[-121.29078,37.9577]},"properties":{"id":127074,"name":"Stockton","state_code":"CA","country_code":"US"}},{"type":"Feature","geometry":{"type":"Point","coordinates":[-119.82319,36.1894]},"properties":{"id":127127,"name":"Stratford","state_code":"CA","country_code":"US"}},{"type":"Feature","geometry":{"type":"Point","coordinates":[-119.06066,36.14551]},"properties":{"id":127131,"name":"Strathmore","state_code":"CA","country_code":"US"}},{"type":"Feature","geometry":{"type":"Point","coordinates":[-122.50886,37.89687]},"properties":{"id":127133,"name":"Strawberry","state_code":"CA","country_code":"US"}},{"type":"Feature","geometry":{"type":"Point","coordinates":[-118.39647,34.14862]},"properties":{"id":127146,"name":"Studio City","state_code":"CA","country_code":"US"}},{"type":"Feature","geometry":{"type":"Point","coordinates":[-122.04024,38.23825]},"properties":{"id":127177,"name":"Suisun","state_code":"CA","country_code":"US"}},{"type":"Feature","geometry":{"type":"Point","coordinates":[-119.59652,34.42138]},"properties":{"id":127204,"name":"Summerland","state_code":"CA","country_code":"US"}},{"type":"Feature","geometry":{"type":"Point","coordinates":[-117.19726,33.70919]},"properties":{"id":127233,"name":"Sun City","state_code":"CA","country_code":"US"}},{"type":"Feature","geometry":{"type":"Point","coordinates":[-117.95676,34.55952]},"properties":{"id":127243,"name":"Sun Village","state_code":"CA","country_code":"US"}},{"type":"Feature","geometry":{"type":"Point","coordinates":[-118.3023,34.26695]},"properties":{"id":127253,"name":"Sunland","state_code":"CA","country_code":"US"}},{"type":"Feature","geometry":{"type":"Point","coordinates":[-119.69931,36.74912]},"properties":{"id":127259,"name":"Sunnyside","state_code":"CA","country_code":"US"}},{"type":"Feature","geometry":{"type":"Point","coordinates":[-120.1612,39.15023]},"properties":{"id":127261,"name":"Sunnyside-Tahoe City","state_code":"CA","country_code":"US"}},{"type":"Feature","geometry":{"type":"Point","coordinates":[-117.43338,34.01196]},"properties":{"id":127262,"name":"Sunnyslope","state_code":"CA","country_code":"US"}},{"type":"Feature","geometry":{"type":"Point","coordinates":[-122.03635,37.36883]},"properties":{"id":127265,"name":"Sunnyvale","state_code":"CA","country_code":"US"}},{"type":"Feature","geometry":{"type":"Point","coordinates":[-120.65301,40.41628]},"properties":{"id":127296,"name":"Susanville","state_code":"CA","country_code":"US"}},{"type":"Feature","geometry":{"type":"Point","coordinates":[-121.75275,39.15989]},"properties":{"id":127308,"name":"Sutter","state_code":"CA","country_code":"US"}},{"type":"Feature","geometry":{"type":"Point","coordinates":[-120.80244,38.39297]},"properties":{"id":127310,"name":"Sutter Creek","state_code":"CA","country_code":"US"}},{"type":"Feature","geometry":{"type":"Point","coordinates":[-119.45651,35.14247]},"properties":{"id":127373,"name":"Taft","state_code":"CA","country_code":"US"}},{"type":"Feature","geometry":{"type":"Point","coordinates":[-119.47262,35.13469]},"properties":{"id":127374,"name":"Taft Heights","state_code":"CA","country_code":"US"}},{"type":"Feature","geometry":{"type":"Point","coordinates":[-121.28316,37.91385]},"properties":{"id":127375,"name":"Taft Mosswood","state_code":"CA","country_code":"US"}},{"type":"Feature","geometry":{"type":"Point","coordinates":[-120.05102,39.23991]},"properties":{"id":127378,"name":"Tahoe Vista","state_code":"CA","country_code":"US"}},{"type":"Feature","geometry":{"type":"Point","coordinates":[-120.12824,39.06741]},"properties":{"id":127380,"name":"Tahoma","state_code":"CA","country_code":"US"}},{"type":"Feature","geometry":{"type":"Point","coordinates":[-123.16778,39.13323]},"properties":{"id":127397,"name":"Talmage","state_code":"CA","country_code":"US"}},{"type":"Feature","geometry":{"type":"Point","coordinates":[-122.54581,37.87965]},"properties":{"id":127402,"name":"Tamalpais Valley","state_code":"CA","country_code":"US"}},{"type":"Feature","geometry":{"type":"Point","coordinates":[-122.53625,37.87834]},"properties":{"id":127403,"name":"Tamalpais-Homestead Valley","state_code":"CA","country_code":"US"}},{"type":"Feature","geometry":{"type":"Point","coordinates":[-122.31636,37.99353]},"properties":{"id":127427,"name":"Tara Hills","state_code":"CA","country_code":"US"}},{"type":"Feature","geometry":{"type":"Point","coordinates":[-119.70097,36.79301]},"properties":{"id":127432,"name":"Tarpey Village","state_code":"CA","country_code":"US"}},{"type":"Feature","geometry":{"type":"Point","coordinates":[-118.44897,35.13219]},"properties":{"id":127483,"name":"Tehachapi","state_code":"CA","country_code":"US"}},{"type":"Feature","geometry":{"type":"Point","coordinates":[-117.14836,33.49364]},"properties":{"id":127492,"name":"Temecula","state_code":"CA","country_code":"US"}},{"type":"Feature","geometry":{"type":"Point","coordinates":[-122.49276,38.26658]},"properties":{"id":127493,"name":"Temelec","state_code":"CA","country_code":"US"}},{"type":"Feature","geometry":{"type":"Point","coordinates":[-118.05785,34.10723]},"properties":{"id":127501,"name":"Temple City","state_code":"CA","country_code":"US"}},{"type":"Feature","geometry":{"type":"Point","coordinates":[-120.706,35.54969]},"properties":{"id":127505,"name":"Templeton","state_code":"CA","country_code":"US"}},{"type":"Feature","geometry":{"type":"Point","coordinates":[-119.04427,35.96245]},"properties":{"id":127515,"name":"Terra Bella","state_code":"CA","country_code":"US"}},{"type":"Feature","geometry":{"type":"Point","coordinates":[-119.27831,35.92894]},"properties":{"id":127541,"name":"Teviston","state_code":"CA","country_code":"US"}},{"type":"Feature","geometry":{"type":"Point","coordinates":[-116.13945,33.6403]},"properties":{"id":127570,"name":"Thermal","state_code":"CA","country_code":"US"}},{"type":"Feature","geometry":{"type":"Point","coordinates":[-121.58692,39.51128]},"properties":{"id":127571,"name":"Thermalito","state_code":"CA","country_code":"US"}},{"type":"Feature","geometry":{"type":"Point","coordinates":[-121.42467,38.22603]},"properties":{"id":127604,"name":"Thornton","state_code":"CA","country_code":"US"}},{"type":"Feature","geometry":{"type":"Point","coordinates":[-118.83759,34.17056]},"properties":{"id":127609,"name":"Thousand Oaks","state_code":"CA","country_code":"US"}},{"type":"Feature","geometry":{"type":"Point","coordinates":[-116.39029,33.82002]},"properties":{"id":127610,"name":"Thousand Palms","state_code":"CA","country_code":"US"}},{"type":"Feature","geometry":{"type":"Point","coordinates":[-118.90454,36.43884]},"properties":{"id":127620,"name":"Three Rivers","state_code":"CA","country_code":"US"}},{"type":"Feature","geometry":{"type":"Point","coordinates":[-122.45664,37.87354]},"properties":{"id":127632,"name":"Tiburon","state_code":"CA","country_code":"US"}},{"type":"Feature","geometry":{"type":"Point","coordinates":[-121.66691,39.14878]},"properties":{"id":127637,"name":"Tierra Buena","state_code":"CA","country_code":"US"}},{"type":"Feature","geometry":{"type":"Point","coordinates":[-119.31206,36.0594]},"properties":{"id":127678,"name":"Tipton","state_code":"CA","country_code":"US"}},{"type":"Feature","geometry":{"type":"Point","coordinates":[-118.60147,34.09362]},"properties":{"id":127730,"name":"Topanga","state_code":"CA","country_code":"US"}},{"type":"Feature","geometry":{"type":"Point","coordinates":[-119.56707,34.42]},"properties":{"id":127741,"name":"Toro Canyon","state_code":"CA","country_code":"US"}},{"type":"Feature","geometry":{"type":"Point","coordinates":[-118.34063,33.83585]},"properties":{"id":127742,"name":"Torrance","state_code":"CA","country_code":"US"}},{"type":"Feature","geometry":{"type":"Point","coordinates":[-117.59033,33.66252]},"properties":{"id":127769,"name":"Trabuco Canyon","state_code":"CA","country_code":"US"}},{"type":"Feature","geometry":{"type":"Point","coordinates":[-121.42618,37.73987]},"properties":{"id":127771,"name":"Tracy","state_code":"CA","country_code":"US"}},{"type":"Feature","geometry":{"type":"Point","coordinates":[-120.18325,39.32796]},"properties":{"id":127853,"name":"Truckee","state_code":"CA","country_code":"US"}},{"type":"Feature","geometry":{"type":"Point","coordinates":[-118.28841,34.25223]},"properties":{"id":127878,"name":"Tujunga","state_code":"CA","country_code":"US"}},{"type":"Feature","geometry":{"type":"Point","coordinates":[-119.34734,36.20773]},"properties":{"id":127882,"name":"Tulare","state_code":"CA","country_code":"US"}},{"type":"Feature","geometry":{"type":"Point","coordinates":[-120.2413,37.9627]},"properties":{"id":127895,"name":"Tuolumne City","state_code":"CA","country_code":"US"}},{"type":"Feature","geometry":{"type":"Point","coordinates":[-120.84659,37.49466]},"properties":{"id":127900,"name":"Turlock","state_code":"CA","country_code":"US"}},{"type":"Feature","geometry":{"type":"Point","coordinates":[-117.82617,33.74585]},"properties":{"id":127917,"name":"Tustin","state_code":"CA","country_code":"US"}},{"type":"Feature","geometry":{"type":"Point","coordinates":[-120.23269,38.03965]},"properties":{"id":127920,"name":"Twain Harte","state_code":"CA","country_code":"US"}},{"type":"Feature","geometry":{"type":"Point","coordinates":[-116.05417,34.13556]},"properties":{"id":127921,"name":"Twentynine Palms","state_code":"CA","country_code":"US"}},{"type":"Feature","geometry":{"type":"Point","coordinates":[-121.99802,36.96745]},"properties":{"id":127930,"name":"Twin Lakes","state_code":"CA","country_code":"US"}},{"type":"Feature","geometry":{"type":"Point","coordinates":[-123.20778,39.15017]},"properties":{"id":127958,"name":"Ukiah","state_code":"CA","country_code":"US"}},{"type":"Feature","geometry":{"type":"Point","coordinates":[-122.01913,37.59577]},"properties":{"id":127987,"name":"Union City","state_code":"CA","country_code":"US"}},{"type":"Feature","geometry":{"type":"Point","coordinates":[-118.35341,34.1389]},"properties":{"id":128023,"name":"Universal City","state_code":"CA","country_code":"US"}},{"type":"Feature","geometry":{"type":"Point","coordinates":[-117.64839,34.09751]},"properties":{"id":128039,"name":"Upland","state_code":"CA","country_code":"US"}},{"type":"Feature","geometry":{"type":"Point","coordinates":[-122.91055,39.16461]},"properties":{"id":128045,"name":"Upper Lake","state_code":"CA","country_code":"US"}},{"type":"Feature","geometry":{"type":"Point","coordinates":[-121.98774,38.35658]},"properties":{"id":128072,"name":"Vacaville","state_code":"CA","country_code":"US"}},{"type":"Feature","geometry":{"type":"Point","coordinates":[-118.65759,34.445]},"properties":{"id":128078,"name":"Val Verde","state_code":"CA","country_code":"US"}},{"type":"Feature","geometry":{"type":"Point","coordinates":[-118.60953,34.44361]},"properties":{"id":128087,"name":"Valencia","state_code":"CA","country_code":"US"}},{"type":"Feature","geometry":{"type":"Point","coordinates":[-117.94367,34.04529]},"properties":{"id":128093,"name":"Valinda","state_code":"CA","country_code":"US"}},{"type":"Feature","geometry":{"type":"Point","coordinates":[-116.89336,33.7478]},"properties":{"id":128094,"name":"Valle Vista","state_code":"CA","country_code":"US"}},{"type":"Feature","geometry":{"type":"Point","coordinates":[-122.25664,38.10409]},"properties":{"id":128096,"name":"Vallejo","state_code":"CA","country_code":"US"}},{"type":"Feature","geometry":{"type":"Point","coordinates":[-117.0342,33.21837]},"properties":{"id":128100,"name":"Valley Center","state_code":"CA","country_code":"US"}},{"type":"Feature","geometry":{"type":"Point","coordinates":[-118.44953,34.18991]},"properties":{"id":128109,"name":"Valley Glen","state_code":"CA","country_code":"US"}},{"type":"Feature","geometry":{"type":"Point","coordinates":[-120.8291,38.19159]},"properties":{"id":128115,"name":"Valley Springs","state_code":"CA","country_code":"US"}},{"type":"Feature","geometry":{"type":"Point","coordinates":[-118.44897,34.18667]},"properties":{"id":128137,"name":"Van Nuys","state_code":"CA","country_code":"US"}},{"type":"Feature","geometry":{"type":"Point","coordinates":[-120.51817,34.7483]},"properties":{"id":128147,"name":"Vandenberg Air Force Base","state_code":"CA","country_code":"US"}},{"type":"Feature","geometry":{"type":"Point","coordinates":[-120.46766,34.70832]},"properties":{"id":128148,"name":"Vandenberg Village","state_code":"CA","country_code":"US"}},{"type":"Feature","geometry":{"type":"Point","coordinates":[-118.46008,33.99084]},"properties":{"id":128172,"name":"Venice","state_code":"CA","country_code":"US"}},{"type":"Feature","geometry":{"type":"Point","coordinates":[-119.29317,34.27834]},"properties":{"id":128175,"name":"Ventura","state_code":"CA","country_code":"US"}},{"type":"Feature","geometry":{"type":"Point","coordinates":[-117.29116,34.53611]},"properties":{"id":128224,"name":"Victorville","state_code":"CA","country_code":"US"}},{"type":"Feature","geometry":{"type":"Point","coordinates":[-118.34835,33.99551]},"properties":{"id":128238,"name":"View Park-Windsor Hills","state_code":"CA","country_code":"US"}},{"type":"Feature","geometry":{"type":"Point","coordinates":[-117.81311,33.81446]},"properties":{"id":128244,"name":"Villa Park","state_code":"CA","country_code":"US"}},{"type":"Feature","geometry":{"type":"Point","coordinates":[-118.11646,34.50055]},"properties":{"id":128265,"name":"Vincent","state_code":"CA","country_code":"US"}},{"type":"Feature","geometry":{"type":"Point","coordinates":[-122.09608,38.00853]},"properties":{"id":128269,"name":"Vine Hill","state_code":"CA","country_code":"US"}},{"type":"Feature","geometry":{"type":"Point","coordinates":[-121.34692,38.46449]},"properties":{"id":128273,"name":"Vineyard","state_code":"CA","country_code":"US"}},{"type":"Feature","geometry":{"type":"Point","coordinates":[-119.29206,36.33023]},"properties":{"id":128293,"name":"Visalia","state_code":"CA","country_code":"US"}},{"type":"Feature","geometry":{"type":"Point","coordinates":[-122.40433,37.71715]},"properties":{"id":128294,"name":"Visitacion Valley","state_code":"CA","country_code":"US"}},{"type":"Feature","geometry":{"type":"Point","coordinates":[-117.24254,33.20004]},"properties":{"id":128295,"name":"Vista","state_code":"CA","country_code":"US"}},{"type":"Feature","geometry":{"type":"Point","coordinates":[-116.21806,33.6278]},"properties":{"id":128297,"name":"Vista Santa Rosa","state_code":"CA","country_code":"US"}},{"type":"Feature","geometry":{"type":"Point","coordinates":[-122.05552,37.92631]},"properties":{"id":128374,"name":"Waldon","state_code":"CA","country_code":"US"}},{"type":"Feature","geometry":{"type":"Point","coordinates":[-117.86534,34.02029]},"properties":{"id":128414,"name":"Walnut","state_code":"CA","country_code":"US"}},{"type":"Feature","geometry":{"type":"Point","coordinates":[-122.06496,37.90631]},"properties":{"id":128416,"name":"Walnut Creek","state_code":"CA","country_code":"US"}},{"type":"Feature","geometry":{"type":"Point","coordinates":[-121.51162,38.24214]},"properties":{"id":128419,"name":"Walnut Grove","state_code":"CA","country_code":"US"}},{"type":"Feature","geometry":{"type":"Point","coordinates":[-118.22507,33.96807]},"properties":{"id":128422,"name":"Walnut Park","state_code":"CA","country_code":"US"}},{"type":"Feature","geometry":{"type":"Point","coordinates":[-119.34095,35.59412]},"properties":{"id":128528,"name":"Wasco","state_code":"CA","country_code":"US"}},{"type":"Feature","geometry":{"type":"Point","coordinates":[-120.76048,37.64132]},"properties":{"id":128609,"name":"Waterford","state_code":"CA","country_code":"US"}},{"type":"Feature","geometry":{"type":"Point","coordinates":[-121.75689,36.91023]},"properties":{"id":128641,"name":"Watsonville","state_code":"CA","country_code":"US"}},{"type":"Feature","geometry":{"type":"Point","coordinates":[-122.94197,40.73098]},"properties":{"id":128723,"name":"Weaverville","state_code":"CA","country_code":"US"}},{"type":"Feature","geometry":{"type":"Point","coordinates":[-122.38613,41.42265]},"properties":{"id":128751,"name":"Weed","state_code":"CA","country_code":"US"}},{"type":"Feature","geometry":{"type":"Point","coordinates":[-118.9151,35.23802]},"properties":{"id":128752,"name":"Weedpatch","state_code":"CA","country_code":"US"}},{"type":"Feature","geometry":{"type":"Point","coordinates":[-118.29036,35.66579]},"properties":{"id":128770,"name":"Weldon","state_code":"CA","country_code":"US"}},{"type":"Feature","geometry":{"type":"Point","coordinates":[-118.30341,33.92335]},"properties":{"id":128818,"name":"West Athens","state_code":"CA","country_code":"US"}},{"type":"Feature","geometry":{"type":"Point","coordinates":[-118.45511,37.36104]},"properties":{"id":128826,"name":"West Bishop","state_code":"CA","country_code":"US"}},{"type":"Feature","geometry":{"type":"Point","coordinates":[-118.29257,33.82168]},"properties":{"id":128842,"name":"West Carson","state_code":"CA","country_code":"US"}},{"type":"Feature","geometry":{"type":"Point","coordinates":[-117.93895,34.06862]},"properties":{"id":128853,"name":"West Covina","state_code":"CA","country_code":"US"}},{"type":"Feature","geometry":{"type":"Point","coordinates":[-118.64398,34.19731]},"properties":{"id":128897,"name":"West Hills","state_code":"CA","country_code":"US"}},{"type":"Feature","geometry":{"type":"Point","coordinates":[-118.36174,34.09001]},"properties":{"id":128899,"name":"West Hollywood","state_code":"CA","country_code":"US"}},{"type":"Feature","geometry":{"type":"Point","coordinates":[-122.20302,37.43355]},"properties":{"id":128929,"name":"West Menlo Park","state_code":"CA","country_code":"US"}},{"type":"Feature","geometry":{"type":"Point","coordinates":[-121.03914,37.61754]},"properties":{"id":128934,"name":"West Modesto","state_code":"CA","country_code":"US"}},{"type":"Feature","geometry":{"type":"Point","coordinates":[-119.85126,36.71023]},"properties":{"id":128950,"name":"West Park","state_code":"CA","country_code":"US"}},{"type":"Feature","geometry":{"type":"Point","coordinates":[-117.9684,34.05168]},"properties":{"id":128964,"name":"West Puente Valley","state_code":"CA","country_code":"US"}},{"type":"Feature","geometry":{"type":"Point","coordinates":[-118.27063,33.8939]},"properties":{"id":128966,"name":"West Rancho Dominguez","state_code":"CA","country_code":"US"}},{"type":"Feature","geometry":{"type":"Point","coordinates":[-121.53023,38.58046]},"properties":{"id":128971,"name":"West Sacramento","state_code":"CA","country_code":"US"}},{"type":"Feature","geometry":{"type":"Point","coordinates":[-118.06909,33.976]},"properties":{"id":129005,"name":"West Whittier-Los Nietos","state_code":"CA","country_code":"US"}},{"type":"Feature","geometry":{"type":"Point","coordinates":[-124.10239,41.04489]},"properties":{"id":129037,"name":"Westhaven-Moonstone","state_code":"CA","country_code":"US"}},{"type":"Feature","geometry":{"type":"Point","coordinates":[-118.80565,34.14584]},"properties":{"id":129040,"name":"Westlake Village","state_code":"CA","country_code":"US"}},{"type":"Feature","geometry":{"type":"Point","coordinates":[-118.00673,33.75918]},"properties":{"id":129048,"name":"Westminster","state_code":"CA","country_code":"US"}},{"type":"Feature","geometry":{"type":"Point","coordinates":[-118.3023,33.9414]},"properties":{"id":129051,"name":"Westmont","state_code":"CA","country_code":"US"}},{"type":"Feature","geometry":{"type":"Point","coordinates":[-115.62138,33.03727]},"properties":{"id":129057,"name":"Westmorland","state_code":"CA","country_code":"US"}},{"type":"Feature","geometry":{"type":"Point","coordinates":[-118.43063,34.05612]},"properties":{"id":129087,"name":"Westwood","state_code":"CA","country_code":"US"}},{"type":"Feature","geometry":{"type":"Point","coordinates":[-121.42301,39.00989]},"properties":{"id":129108,"name":"Wheatland","state_code":"CA","country_code":"US"}},{"type":"Feature","geometry":{"type":"Point","coordinates":[-118.03284,33.97918]},"properties":{"id":129210,"name":"Whittier","state_code":"CA","country_code":"US"}},{"type":"Feature","geometry":{"type":"Point","coordinates":[-117.28004,33.59891]},"properties":{"id":129235,"name":"Wildomar","state_code":"CA","country_code":"US"}},{"type":"Feature","geometry":{"type":"Point","coordinates":[-122.14942,39.15461]},"properties":{"id":129261,"name":"Williams","state_code":"CA","country_code":"US"}},{"type":"Feature","geometry":{"type":"Point","coordinates":[-123.35557,39.40961]},"properties":{"id":129302,"name":"Willits","state_code":"CA","country_code":"US"}},{"type":"Feature","geometry":{"type":"Point","coordinates":[-123.63144,40.93958]},"properties":{"id":129305,"name":"Willow Creek","state_code":"CA","country_code":"US"}},{"type":"Feature","geometry":{"type":"Point","coordinates":[-118.25507,33.91696]},"properties":{"id":129315,"name":"Willowbrook","state_code":"CA","country_code":"US"}},{"type":"Feature","geometry":{"type":"Point","coordinates":[-122.19359,39.52433]},"properties":{"id":129316,"name":"Willows","state_code":"CA","country_code":"US"}},{"type":"Feature","geometry":{"type":"Point","coordinates":[-118.2590928,33.7895355]},"properties":{"id":157017,"name":"Wilmington","state_code":"CA","country_code":"US"}},{"type":"Feature","geometry":{"type":"Point","coordinates":[-121.27217,38.41186]},"properties":{"id":129346,"name":"Wilton","state_code":"CA","country_code":"US"}},{"type":"Feature","geometry":{"type":"Point","coordinates":[-117.08447,33.70697]},"properties":{"id":129360,"name":"Winchester","state_code":"CA","country_code":"US"}},{"type":"Feature","geometry":{"type":"Point","coordinates":[-122.81638,38.54713]},"properties":{"id":129386,"name":"Windsor","state_code":"CA","country_code":"US"}},{"type":"Feature","geometry":{"type":"Point","coordinates":[-116.93336,32.83116]},"properties":{"id":129439,"name":"Winter Gardens","state_code":"CA","country_code":"US"}},{"type":"Feature","geometry":{"type":"Point","coordinates":[-121.9708,38.52491]},"properties":{"id":129445,"name":"Winters","state_code":"CA","country_code":"US"}},{"type":"Feature","geometry":{"type":"Point","coordinates":[-120.61325,37.38938]},"properties":{"id":129454,"name":"Winton","state_code":"CA","country_code":"US"}},{"type":"Feature","geometry":{"type":"Point","coordinates":[-118.4562,35.7069]},"properties":{"id":129467,"name":"Wofford Heights","state_code":"CA","country_code":"US"}},{"type":"Feature","geometry":{"type":"Point","coordinates":[-122.64526,38.0127]},"properties":{"id":129493,"name":"Woodacre","state_code":"CA","country_code":"US"}},{"type":"Feature","geometry":{"type":"Point","coordinates":[-121.30134,38.15408]},"properties":{"id":129502,"name":"Woodbridge","state_code":"CA","country_code":"US"}},{"type":"Feature","geometry":{"type":"Point","coordinates":[-117.35727,33.88224]},"properties":{"id":129516,"name":"Woodcrest","state_code":"CA","country_code":"US"}},{"type":"Feature","geometry":{"type":"Point","coordinates":[-119.09872,36.41356]},"properties":{"id":129524,"name":"Woodlake","state_code":"CA","country_code":"US"}},{"type":"Feature","geometry":{"type":"Point","coordinates":[-121.7733,38.67852]},"properties":{"id":129526,"name":"Woodland","state_code":"CA","country_code":"US"}},{"type":"Feature","geometry":{"type":"Point","coordinates":[-118.60592,34.16834]},"properties":{"id":129530,"name":"Woodland Hills","state_code":"CA","country_code":"US"}},{"type":"Feature","geometry":{"type":"Point","coordinates":[-122.25386,37.42994]},"properties":{"id":129556,"name":"Woodside","state_code":"CA","country_code":"US"}},{"type":"Feature","geometry":{"type":"Point","coordinates":[-119.199,36.09356]},"properties":{"id":129574,"name":"Woodville","state_code":"CA","country_code":"US"}},{"type":"Feature","geometry":{"type":"Point","coordinates":[-117.63339,34.36083]},"properties":{"id":129617,"name":"Wrightwood","state_code":"CA","country_code":"US"}},{"type":"Feature","geometry":{"type":"Point","coordinates":[-117.81311,33.88863]},"properties":{"id":129689,"name":"Yorba Linda","state_code":"CA","country_code":"US"}},{"type":"Feature","geometry":{"type":"Point","coordinates":[-119.77265,37.19106]},"properties":{"id":129711,"name":"Yosemite Lakes","state_code":"CA","country_code":"US"}},{"type":"Feature","geometry":{"type":"Point","coordinates":[-119.57788,37.74075]},"properties":{"id":129712,"name":"Yosemite Valley","state_code":"CA","country_code":"US"}},{"type":"Feature","geometry":{"type":"Point","coordinates":[-122.36081,38.40158]},"properties":{"id":129723,"name":"Yountville","state_code":"CA","country_code":"US"}},{"type":"Feature","geometry":{"type":"Point","coordinates":[-122.63447,41.73542]},"properties":{"id":129725,"name":"Yreka","state_code":"CA","country_code":"US"}},{"type":"Feature","geometry":{"type":"Point","coordinates":[-121.61691,39.14045]},"properties":{"id":129726,"name":"Yuba City","state_code":"CA","country_code":"US"}},{"type":"Feature","geometry":{"type":"Point","coordinates":[-117.04309,34.03363]},"properties":{"id":129728,"name":"Yucaipa","state_code":"CA","country_code":"US"}},{"type":"Feature","geometry":{"type":"Point","coordinates":[-116.43224,34.11417]},"properties":{"id":129729,"name":"Yucca Valley","state_code":"CA","country_code":"US"}}]}