{"type":"FeatureCollection","features":[{"type":"Feature","geometry":{"type":"Point","coordinates":[-80.14866,26.55063]},"properties":{"id":110972,"name":"Aberdeen","state_code":"FL","country_code":"US"}},{"type":"Feature","geometry":{"type":"Point","coordinates":[-82.42483,29.75163]},"properties":{"id":111084,"name":"Alachua","state_code":"FL","country_code":"US"}},{"type":"Feature","geometry":{"type":"Point","coordinates":[-81.2114,28.5641]},"properties":{"id":111086,"name":"Alafaya","state_code":"FL","country_code":"US"}},{"type":"Feature","geometry":{"type":"Point","coordinates":[-80.22394,25.81454]},"properties":{"id":111177,"name":"Allapattah","state_code":"FL","country_code":"US"}},{"type":"Feature","geometry":{"type":"Point","coordinates":[-81.36562,28.66111]},"properties":{"id":111237,"name":"Altamonte Springs","state_code":"FL","country_code":"US"}},{"type":"Feature","geometry":{"type":"Point","coordinates":[-81.71508,27.87169]},"properties":{"id":111250,"name":"Alturas","state_code":"FL","country_code":"US"}},{"type":"Feature","geometry":{"type":"Point","coordinates":[-81.61008,26.71562]},"properties":{"id":111255,"name":"Alva","state_code":"FL","country_code":"US"}},{"type":"Feature","geometry":{"type":"Point","coordinates":[-80.21283,25.96843]},"properties":{"id":111321,"name":"Andover","state_code":"FL","country_code":"US"}},{"type":"Feature","geometry":{"type":"Point","coordinates":[-82.73343,27.53115]},"properties":{"id":111348,"name":"Anna Maria","state_code":"FL","country_code":"US"}},{"type":"Feature","geometry":{"type":"Point","coordinates":[-84.9856,29.726]},"properties":{"id":111382,"name":"Apalachicola","state_code":"FL","country_code":"US"}},{"type":"Feature","geometry":{"type":"Point","coordinates":[-82.40759,27.77308]},"properties":{"id":111388,"name":"Apollo Beach","state_code":"FL","country_code":"US"}},{"type":"Feature","geometry":{"type":"Point","coordinates":[-81.51186,28.67617]},"properties":{"id":111389,"name":"Apopka","state_code":"FL","country_code":"US"}},{"type":"Feature","geometry":{"type":"Point","coordinates":[-81.85842,27.21588]},"properties":{"id":111420,"name":"Arcadia","state_code":"FL","country_code":"US"}},{"type":"Feature","geometry":{"type":"Point","coordinates":[-82.519,29.52997]},"properties":{"id":111429,"name":"Archer","state_code":"FL","country_code":"US"}},{"type":"Feature","geometry":{"type":"Point","coordinates":[-81.82149,30.04913]},"properties":{"id":111507,"name":"Asbury Lake","state_code":"FL","country_code":"US"}},{"type":"Feature","geometry":{"type":"Point","coordinates":[-81.73285,28.70972]},"properties":{"id":111559,"name":"Astatula","state_code":"FL","country_code":"US"}},{"type":"Feature","geometry":{"type":"Point","coordinates":[-81.52535,29.16248]},"properties":{"id":111560,"name":"Astor","state_code":"FL","country_code":"US"}},{"type":"Feature","geometry":{"type":"Point","coordinates":[-81.3987,30.33441]},"properties":{"id":111595,"name":"Atlantic Beach","state_code":"FL","country_code":"US"}},{"type":"Feature","geometry":{"type":"Point","coordinates":[-80.10088,26.5909]},"properties":{"id":111601,"name":"Atlantis","state_code":"FL","country_code":"US"}},{"type":"Feature","geometry":{"type":"Point","coordinates":[-81.78869,28.0653]},"properties":{"id":111636,"name":"Auburndale","state_code":"FL","country_code":"US"}},{"type":"Feature","geometry":{"type":"Point","coordinates":[-80.13921,25.95648]},"properties":{"id":111678,"name":"Aventura","state_code":"FL","country_code":"US"}},{"type":"Feature","geometry":{"type":"Point","coordinates":[-81.50619,27.59587]},"properties":{"id":111696,"name":"Avon Park","state_code":"FL","country_code":"US"}},{"type":"Feature","geometry":{"type":"Point","coordinates":[-81.30062,28.54111]},"properties":{"id":111709,"name":"Azalea Park","state_code":"FL","country_code":"US"}},{"type":"Feature","geometry":{"type":"Point","coordinates":[-81.5223,27.83197]},"properties":{"id":111715,"name":"Babson Park","state_code":"FL","country_code":"US"}},{"type":"Feature","geometry":{"type":"Point","coordinates":[-87.03223,30.5988]},"properties":{"id":111726,"name":"Bagdad","state_code":"FL","country_code":"US"}},{"type":"Feature","geometry":{"type":"Point","coordinates":[-80.12699,25.89176]},"properties":{"id":111747,"name":"Bal Harbour","state_code":"FL","country_code":"US"}},{"type":"Feature","geometry":{"type":"Point","coordinates":[-81.97539,30.30274]},"properties":{"id":111753,"name":"Baldwin","state_code":"FL","country_code":"US"}},{"type":"Feature","geometry":{"type":"Point","coordinates":[-82.2612,27.75947]},"properties":{"id":111778,"name":"Balm","state_code":"FL","country_code":"US"}},{"type":"Feature","geometry":{"type":"Point","coordinates":[-81.84314,27.89641]},"properties":{"id":111872,"name":"Bartow","state_code":"FL","country_code":"US"}},{"type":"Feature","geometry":{"type":"Point","coordinates":[-80.13116,25.88759]},"properties":{"id":111927,"name":"Bay Harbor Islands","state_code":"FL","country_code":"US"}},{"type":"Feature","geometry":{"type":"Point","coordinates":[-81.51618,28.46806]},"properties":{"id":111928,"name":"Bay Hill","state_code":"FL","country_code":"US"}},{"type":"Feature","geometry":{"type":"Point","coordinates":[-82.77816,27.81419]},"properties":{"id":111931,"name":"Bay Pines","state_code":"FL","country_code":"US"}},{"type":"Feature","geometry":{"type":"Point","coordinates":[-82.68343,28.32667]},"properties":{"id":111944,"name":"Bayonet Point","state_code":"FL","country_code":"US"}},{"type":"Feature","geometry":{"type":"Point","coordinates":[-82.59038,27.42532]},"properties":{"id":111954,"name":"Bayshore Gardens","state_code":"FL","country_code":"US"}},{"type":"Feature","geometry":{"type":"Point","coordinates":[-82.75538,28.20862]},"properties":{"id":111969,"name":"Beacon Square","state_code":"FL","country_code":"US"}},{"type":"Feature","geometry":{"type":"Point","coordinates":[-82.48065,27.28394]},"properties":{"id":112035,"name":"Bee Ridge","state_code":"FL","country_code":"US"}},{"type":"Feature","geometry":{"type":"Point","coordinates":[-81.74341,30.17881]},"properties":{"id":112073,"name":"Bellair-Meadowbrook Terrace","state_code":"FL","country_code":"US"}},{"type":"Feature","geometry":{"type":"Point","coordinates":[-80.66756,26.68451]},"properties":{"id":112082,"name":"Belle Glade","state_code":"FL","country_code":"US"}},{"type":"Feature","geometry":{"type":"Point","coordinates":[-80.68284,26.65757]},"properties":{"id":112083,"name":"Belle Glade Camp","state_code":"FL","country_code":"US"}},{"type":"Feature","geometry":{"type":"Point","coordinates":[-81.35924,28.45834]},"properties":{"id":112086,"name":"Belle Isle","state_code":"FL","country_code":"US"}},{"type":"Feature","geometry":{"type":"Point","coordinates":[-82.80621,27.93585]},"properties":{"id":112094,"name":"Belleair","state_code":"FL","country_code":"US"}},{"type":"Feature","geometry":{"type":"Point","coordinates":[-82.84316,27.92308]},"properties":{"id":112095,"name":"Belleair Beach","state_code":"FL","country_code":"US"}},{"type":"Feature","geometry":{"type":"Point","coordinates":[-82.81705,27.92141]},"properties":{"id":112096,"name":"Belleair Bluffs","state_code":"FL","country_code":"US"}},{"type":"Feature","geometry":{"type":"Point","coordinates":[-82.06231,29.05526]},"properties":{"id":112102,"name":"Belleview","state_code":"FL","country_code":"US"}},{"type":"Feature","geometry":{"type":"Point","coordinates":[-87.31497,30.46159]},"properties":{"id":112128,"name":"Bellview","state_code":"FL","country_code":"US"}},{"type":"Feature","geometry":{"type":"Point","coordinates":[-82.45815,28.91692]},"properties":{"id":112303,"name":"Beverly Hills","state_code":"FL","country_code":"US"}},{"type":"Feature","geometry":{"type":"Point","coordinates":[-81.66009,24.59653]},"properties":{"id":112319,"name":"Big Coppitt Key","state_code":"FL","country_code":"US"}},{"type":"Feature","geometry":{"type":"Point","coordinates":[-81.35397,24.66987]},"properties":{"id":112329,"name":"Big Pine Key","state_code":"FL","country_code":"US"}},{"type":"Feature","geometry":{"type":"Point","coordinates":[-80.1806,25.8826]},"properties":{"id":112361,"name":"Biscayne Park","state_code":"FL","country_code":"US"}},{"type":"Feature","geometry":{"type":"Point","coordinates":[-81.10645,28.55472]},"properties":{"id":112369,"name":"Bithlo","state_code":"FL","country_code":"US"}},{"type":"Feature","geometry":{"type":"Point","coordinates":[-82.48593,28.91248]},"properties":{"id":112373,"name":"Black Diamond","state_code":"FL","country_code":"US"}},{"type":"Feature","geometry":{"type":"Point","coordinates":[-82.24037,27.89364]},"properties":{"id":112445,"name":"Bloomingdale","state_code":"FL","country_code":"US"}},{"type":"Feature","geometry":{"type":"Point","coordinates":[-85.04744,30.44379]},"properties":{"id":112459,"name":"Blountstown","state_code":"FL","country_code":"US"}},{"type":"Feature","geometry":{"type":"Point","coordinates":[-80.14671,26.34508]},"properties":{"id":112492,"name":"Boca Del Mar","state_code":"FL","country_code":"US"}},{"type":"Feature","geometry":{"type":"Point","coordinates":[-80.15949,26.33313]},"properties":{"id":112493,"name":"Boca Pointe","state_code":"FL","country_code":"US"}},{"type":"Feature","geometry":{"type":"Point","coordinates":[-80.0831,26.35869]},"properties":{"id":112494,"name":"Boca Raton","state_code":"FL","country_code":"US"}},{"type":"Feature","geometry":{"type":"Point","coordinates":[-82.15898,26.70563]},"properties":{"id":112511,"name":"Bokeelia","state_code":"FL","country_code":"US"}},{"type":"Feature","geometry":{"type":"Point","coordinates":[-85.67965,30.79186]},"properties":{"id":112536,"name":"Bonifay","state_code":"FL","country_code":"US"}},{"type":"Feature","geometry":{"type":"Point","coordinates":[-81.7787,26.33981]},"properties":{"id":112538,"name":"Bonita Springs","state_code":"FL","country_code":"US"}},{"type":"Feature","geometry":{"type":"Point","coordinates":[-80.17997,26.12326]},"properties":{"id":112606,"name":"Boulevard Gardens","state_code":"FL","country_code":"US"}},{"type":"Feature","geometry":{"type":"Point","coordinates":[-81.82397,27.63837]},"properties":{"id":112627,"name":"Bowling Green","state_code":"FL","country_code":"US"}},{"type":"Feature","geometry":{"type":"Point","coordinates":[-82.22259,27.81753]},"properties":{"id":112647,"name":"Boyette","state_code":"FL","country_code":"US"}},{"type":"Feature","geometry":{"type":"Point","coordinates":[-80.06643,26.52535]},"properties":{"id":112652,"name":"Boynton Beach","state_code":"FL","country_code":"US"}},{"type":"Feature","geometry":{"type":"Point","coordinates":[-82.57482,27.49893]},"properties":{"id":112662,"name":"Bradenton","state_code":"FL","country_code":"US"}},{"type":"Feature","geometry":{"type":"Point","coordinates":[-82.70399,27.46698]},"properties":{"id":112663,"name":"Bradenton Beach","state_code":"FL","country_code":"US"}},{"type":"Feature","geometry":{"type":"Point","coordinates":[-82.28592,27.9378]},"properties":{"id":112688,"name":"Brandon","state_code":"FL","country_code":"US"}},{"type":"Feature","geometry":{"type":"Point","coordinates":[-87.23608,30.46881]},"properties":{"id":112726,"name":"Brent","state_code":"FL","country_code":"US"}},{"type":"Feature","geometry":{"type":"Point","coordinates":[-84.97702,30.43247]},"properties":{"id":112802,"name":"Bristol","state_code":"FL","country_code":"US"}},{"type":"Feature","geometry":{"type":"Point","coordinates":[-80.20866,26.09953]},"properties":{"id":112828,"name":"Broadview Park","state_code":"FL","country_code":"US"}},{"type":"Feature","geometry":{"type":"Point","coordinates":[-82.64233,29.44774]},"properties":{"id":112844,"name":"Bronson","state_code":"FL","country_code":"US"}},{"type":"Feature","geometry":{"type":"Point","coordinates":[-82.49204,28.5511]},"properties":{"id":112880,"name":"Brookridge","state_code":"FL","country_code":"US"}},{"type":"Feature","geometry":{"type":"Point","coordinates":[-82.38991,28.55554]},"properties":{"id":112890,"name":"Brooksville","state_code":"FL","country_code":"US"}},{"type":"Feature","geometry":{"type":"Point","coordinates":[-80.19338,26.12564]},"properties":{"id":112905,"name":"Broward Estates","state_code":"FL","country_code":"US"}},{"type":"Feature","geometry":{"type":"Point","coordinates":[-80.24116,25.82176]},"properties":{"id":112928,"name":"Brownsville","state_code":"FL","country_code":"US"}},{"type":"Feature","geometry":{"type":"Point","coordinates":[-80.89367,27.13033]},"properties":{"id":112982,"name":"Buckhead Ridge","state_code":"FL","country_code":"US"}},{"type":"Feature","geometry":{"type":"Point","coordinates":[-81.73203,26.67507]},"properties":{"id":112984,"name":"Buckingham","state_code":"FL","country_code":"US"}},{"type":"Feature","geometry":{"type":"Point","coordinates":[-81.35313,28.33584]},"properties":{"id":113006,"name":"Buenaventura Lakes","state_code":"FL","country_code":"US"}},{"type":"Feature","geometry":{"type":"Point","coordinates":[-80.23699,25.92065]},"properties":{"id":113037,"name":"Bunche Park","state_code":"FL","country_code":"US"}},{"type":"Feature","geometry":{"type":"Point","coordinates":[-81.25784,29.46609]},"properties":{"id":113045,"name":"Bunnell","state_code":"FL","country_code":"US"}},{"type":"Feature","geometry":{"type":"Point","coordinates":[-82.05092,26.76507]},"properties":{"id":113092,"name":"Burnt Store Marina","state_code":"FL","country_code":"US"}},{"type":"Feature","geometry":{"type":"Point","coordinates":[-82.11286,28.66499]},"properties":{"id":113101,"name":"Bushnell","state_code":"FL","country_code":"US"}},{"type":"Feature","geometry":{"type":"Point","coordinates":[-81.26701,29.7983]},"properties":{"id":113113,"name":"Butler Beach","state_code":"FL","country_code":"US"}},{"type":"Feature","geometry":{"type":"Point","coordinates":[-81.83066,30.56218]},"properties":{"id":113222,"name":"Callahan","state_code":"FL","country_code":"US"}},{"type":"Feature","geometry":{"type":"Point","coordinates":[-85.56993,30.15298]},"properties":{"id":113224,"name":"Callaway","state_code":"FL","country_code":"US"}},{"type":"Feature","geometry":{"type":"Point","coordinates":[-81.45646,28.2589]},"properties":{"id":113296,"name":"Campbell","state_code":"FL","country_code":"US"}},{"type":"Feature","geometry":{"type":"Point","coordinates":[-87.33998,30.60853]},"properties":{"id":113352,"name":"Cantonment","state_code":"FL","country_code":"US"}},{"type":"Feature","geometry":{"type":"Point","coordinates":[-80.60477,28.40584]},"properties":{"id":113363,"name":"Cape Canaveral","state_code":"FL","country_code":"US"}},{"type":"Feature","geometry":{"type":"Point","coordinates":[-81.94953,26.56285]},"properties":{"id":113366,"name":"Cape Coral","state_code":"FL","country_code":"US"}},{"type":"Feature","geometry":{"type":"Point","coordinates":[-80.2456,25.94065]},"properties":{"id":113433,"name":"Carol City","state_code":"FL","country_code":"US"}},{"type":"Feature","geometry":{"type":"Point","coordinates":[-84.66435,29.85326]},"properties":{"id":113441,"name":"Carrabelle","state_code":"FL","country_code":"US"}},{"type":"Feature","geometry":{"type":"Point","coordinates":[-82.49287,28.05002]},"properties":{"id":113472,"name":"Carrollwood","state_code":"FL","country_code":"US"}},{"type":"Feature","geometry":{"type":"Point","coordinates":[-80.19227,25.98842]},"properties":{"id":113503,"name":"Carver Ranches","state_code":"FL","country_code":"US"}},{"type":"Feature","geometry":{"type":"Point","coordinates":[-81.32785,28.67778]},"properties":{"id":113535,"name":"Casselberry","state_code":"FL","country_code":"US"}},{"type":"Feature","geometry":{"type":"Point","coordinates":[-85.6252,30.17103]},"properties":{"id":113610,"name":"Cedar Grove","state_code":"FL","country_code":"US"}},{"type":"Feature","geometry":{"type":"Point","coordinates":[-81.53313,28.32529]},"properties":{"id":113629,"name":"Celebration","state_code":"FL","country_code":"US"}},{"type":"Feature","geometry":{"type":"Point","coordinates":[-81.99258,28.64999]},"properties":{"id":113643,"name":"Center Hill","state_code":"FL","country_code":"US"}},{"type":"Feature","geometry":{"type":"Point","coordinates":[-87.26386,30.97324]},"properties":{"id":113697,"name":"Century","state_code":"FL","country_code":"US"}},{"type":"Feature","geometry":{"type":"Point","coordinates":[-82.06703,26.95839]},"properties":{"id":113785,"name":"Charlotte Harbor","state_code":"FL","country_code":"US"}},{"type":"Feature","geometry":{"type":"Point","coordinates":[-82.05398,26.91006]},"properties":{"id":113786,"name":"Charlotte Park","state_code":"FL","country_code":"US"}},{"type":"Feature","geometry":{"type":"Point","coordinates":[-84.84574,30.70546]},"properties":{"id":113808,"name":"Chattahoochee","state_code":"FL","country_code":"US"}},{"type":"Feature","geometry":{"type":"Point","coordinates":[-82.51454,28.14862]},"properties":{"id":113918,"name":"Cheval","state_code":"FL","country_code":"US"}},{"type":"Feature","geometry":{"type":"Point","coordinates":[-82.85984,29.47496]},"properties":{"id":113948,"name":"Chiefland","state_code":"FL","country_code":"US"}},{"type":"Feature","geometry":{"type":"Point","coordinates":[-85.53854,30.78186]},"properties":{"id":113972,"name":"Chipley","state_code":"FL","country_code":"US"}},{"type":"Feature","geometry":{"type":"Point","coordinates":[-81.01756,28.53639]},"properties":{"id":114001,"name":"Christmas","state_code":"FL","country_code":"US"}},{"type":"Feature","geometry":{"type":"Point","coordinates":[-81.1234,28.64194]},"properties":{"id":114006,"name":"Chuluota","state_code":"FL","country_code":"US"}},{"type":"Feature","geometry":{"type":"Point","coordinates":[-82.10982,29.41192]},"properties":{"id":114032,"name":"Citra","state_code":"FL","country_code":"US"}},{"type":"Feature","geometry":{"type":"Point","coordinates":[-82.4326,28.88831]},"properties":{"id":114038,"name":"Citrus Hills","state_code":"FL","country_code":"US"}},{"type":"Feature","geometry":{"type":"Point","coordinates":[-82.56982,28.07835]},"properties":{"id":114039,"name":"Citrus Park","state_code":"FL","country_code":"US"}},{"type":"Feature","geometry":{"type":"Point","coordinates":[-81.64232,28.33385]},"properties":{"id":114041,"name":"Citrus Ridge","state_code":"FL","country_code":"US"}},{"type":"Feature","geometry":{"type":"Point","coordinates":[-82.47065,28.99748]},"properties":{"id":114042,"name":"Citrus Springs","state_code":"FL","country_code":"US"}},{"type":"Feature","geometry":{"type":"Point","coordinates":[-81.49868,28.61278]},"properties":{"id":114101,"name":"Clarcona","state_code":"FL","country_code":"US"}},{"type":"Feature","geometry":{"type":"Point","coordinates":[-82.8001,27.96585]},"properties":{"id":114222,"name":"Clearwater","state_code":"FL","country_code":"US"}},{"type":"Feature","geometry":{"type":"Point","coordinates":[-81.77285,28.54944]},"properties":{"id":114238,"name":"Clermont","state_code":"FL","country_code":"US"}},{"type":"Feature","geometry":{"type":"Point","coordinates":[-81.98398,26.96173]},"properties":{"id":114241,"name":"Cleveland","state_code":"FL","country_code":"US"}},{"type":"Feature","geometry":{"type":"Point","coordinates":[-80.93368,26.75423]},"properties":{"id":114252,"name":"Clewiston","state_code":"FL","country_code":"US"}},{"type":"Feature","geometry":{"type":"Point","coordinates":[-80.742,28.38612]},"properties":{"id":114357,"name":"Cocoa","state_code":"FL","country_code":"US"}},{"type":"Feature","geometry":{"type":"Point","coordinates":[-80.60922,28.32055]},"properties":{"id":114358,"name":"Cocoa Beach","state_code":"FL","country_code":"US"}},{"type":"Feature","geometry":{"type":"Point","coordinates":[-80.77109,28.35942]},"properties":{"id":114359,"name":"Cocoa West","state_code":"FL","country_code":"US"}},{"type":"Feature","geometry":{"type":"Point","coordinates":[-80.17894,26.25175]},"properties":{"id":114361,"name":"Coconut Creek","state_code":"FL","country_code":"US"}},{"type":"Feature","geometry":{"type":"Point","coordinates":[-80.25699,25.7126]},"properties":{"id":114362,"name":"Coconut Grove","state_code":"FL","country_code":"US"}},{"type":"Feature","geometry":{"type":"Point","coordinates":[-81.90536,28.05835]},"properties":{"id":114515,"name":"Combee Settlement","state_code":"FL","country_code":"US"}},{"type":"Feature","geometry":{"type":"Point","coordinates":[-82.47539,28.31441]},"properties":{"id":114565,"name":"Connerton","state_code":"FL","country_code":"US"}},{"type":"Feature","geometry":{"type":"Point","coordinates":[-81.33062,28.50278]},"properties":{"id":114582,"name":"Conway","state_code":"FL","country_code":"US"}},{"type":"Feature","geometry":{"type":"Point","coordinates":[-80.27172,26.05731]},"properties":{"id":114602,"name":"Cooper City","state_code":"FL","country_code":"US"}},{"type":"Feature","geometry":{"type":"Point","coordinates":[-80.26838,25.72149]},"properties":{"id":114624,"name":"Coral Gables","state_code":"FL","country_code":"US"}},{"type":"Feature","geometry":{"type":"Point","coordinates":[-80.2706,26.27119]},"properties":{"id":114626,"name":"Coral Springs","state_code":"FL","country_code":"US"}},{"type":"Feature","geometry":{"type":"Point","coordinates":[-80.3045,25.74593]},"properties":{"id":114627,"name":"Coral Terrace","state_code":"FL","country_code":"US"}},{"type":"Feature","geometry":{"type":"Point","coordinates":[-82.68621,27.46921]},"properties":{"id":114673,"name":"Cortez","state_code":"FL","country_code":"US"}},{"type":"Feature","geometry":{"type":"Point","coordinates":[-80.317,25.94815]},"properties":{"id":114714,"name":"Country Club","state_code":"FL","country_code":"US"}},{"type":"Feature","geometry":{"type":"Point","coordinates":[-80.43228,25.63399]},"properties":{"id":114724,"name":"Country Walk","state_code":"FL","country_code":"US"}},{"type":"Feature","geometry":{"type":"Point","coordinates":[-84.37518,30.17604]},"properties":{"id":114785,"name":"Crawfordville","state_code":"FL","country_code":"US"}},{"type":"Feature","geometry":{"type":"Point","coordinates":[-81.51063,29.43025]},"properties":{"id":114795,"name":"Crescent City","state_code":"FL","country_code":"US"}},{"type":"Feature","geometry":{"type":"Point","coordinates":[-86.57051,30.76213]},"properties":{"id":114807,"name":"Crestview","state_code":"FL","country_code":"US"}},{"type":"Feature","geometry":{"type":"Point","coordinates":[-81.58397,27.82919]},"properties":{"id":114838,"name":"Crooked Lake Park","state_code":"FL","country_code":"US"}},{"type":"Feature","geometry":{"type":"Point","coordinates":[-83.12694,29.63465]},"properties":{"id":114847,"name":"Cross City","state_code":"FL","country_code":"US"}},{"type":"Feature","geometry":{"type":"Point","coordinates":[-81.90841,28.03558]},"properties":{"id":114878,"name":"Crystal Lake","state_code":"FL","country_code":"US"}},{"type":"Feature","geometry":{"type":"Point","coordinates":[-82.5926,28.90248]},"properties":{"id":114882,"name":"Crystal River","state_code":"FL","country_code":"US"}},{"type":"Feature","geometry":{"type":"Point","coordinates":[-82.15758,28.1814]},"properties":{"id":114883,"name":"Crystal Springs","state_code":"FL","country_code":"US"}},{"type":"Feature","geometry":{"type":"Point","coordinates":[-81.49842,24.67153]},"properties":{"id":114891,"name":"Cudjoe Key","state_code":"FL","country_code":"US"}},{"type":"Feature","geometry":{"type":"Point","coordinates":[-80.31061,25.6151]},"properties":{"id":114946,"name":"Cutler","state_code":"FL","country_code":"US"}},{"type":"Feature","geometry":{"type":"Point","coordinates":[-80.3377,25.5783]},"properties":{"id":114948,"name":"Cutler Bay","state_code":"FL","country_code":"US"}},{"type":"Feature","geometry":{"type":"Point","coordinates":[-80.34672,25.58066]},"properties":{"id":114949,"name":"Cutler Ridge","state_code":"FL","country_code":"US"}},{"type":"Feature","geometry":{"type":"Point","coordinates":[-81.69008,27.99391]},"properties":{"id":114955,"name":"Cypress Gardens","state_code":"FL","country_code":"US"}},{"type":"Feature","geometry":{"type":"Point","coordinates":[-81.89925,26.53813]},"properties":{"id":114957,"name":"Cypress Lake","state_code":"FL","country_code":"US"}},{"type":"Feature","geometry":{"type":"Point","coordinates":[-80.81395,27.25199]},"properties":{"id":114958,"name":"Cypress Quarters","state_code":"FL","country_code":"US"}},{"type":"Feature","geometry":{"type":"Point","coordinates":[-82.19592,28.36472]},"properties":{"id":114964,"name":"Dade City","state_code":"FL","country_code":"US"}},{"type":"Feature","geometry":{"type":"Point","coordinates":[-82.19389,28.38334]},"properties":{"id":114965,"name":"Dade City North","state_code":"FL","country_code":"US"}},{"type":"Feature","geometry":{"type":"Point","coordinates":[-80.14393,26.05231]},"properties":{"id":115021,"name":"Dania Beach","state_code":"FL","country_code":"US"}},{"type":"Feature","geometry":{"type":"Point","coordinates":[-81.60174,28.1614]},"properties":{"id":115058,"name":"Davenport","state_code":"FL","country_code":"US"}},{"type":"Feature","geometry":{"type":"Point","coordinates":[-80.2331,26.06287]},"properties":{"id":115067,"name":"Davie","state_code":"FL","country_code":"US"}},{"type":"Feature","geometry":{"type":"Point","coordinates":[-81.02283,29.21081]},"properties":{"id":115102,"name":"Daytona Beach","state_code":"FL","country_code":"US"}},{"type":"Feature","geometry":{"type":"Point","coordinates":[-80.98283,29.17609]},"properties":{"id":115103,"name":"Daytona Beach Shores","state_code":"FL","country_code":"US"}},{"type":"Feature","geometry":{"type":"Point","coordinates":[-81.31129,29.0077]},"properties":{"id":115108,"name":"De Land Southwest","state_code":"FL","country_code":"US"}},{"type":"Feature","geometry":{"type":"Point","coordinates":[-81.35286,29.11989]},"properties":{"id":115110,"name":"De Leon Springs","state_code":"FL","country_code":"US"}},{"type":"Feature","geometry":{"type":"Point","coordinates":[-81.30868,28.88305]},"properties":{"id":115124,"name":"DeBary","state_code":"FL","country_code":"US"}},{"type":"Feature","geometry":{"type":"Point","coordinates":[-80.09977,26.31841]},"properties":{"id":115184,"name":"Deerfield Beach","state_code":"FL","country_code":"US"}},{"type":"Feature","geometry":{"type":"Point","coordinates":[-86.11522,30.72102]},"properties":{"id":115126,"name":"DeFuniak Springs","state_code":"FL","country_code":"US"}},{"type":"Feature","geometry":{"type":"Point","coordinates":[-81.30312,29.02832]},"properties":{"id":115134,"name":"DeLand","state_code":"FL","country_code":"US"}},{"type":"Feature","geometry":{"type":"Point","coordinates":[-80.07282,26.46146]},"properties":{"id":115221,"name":"Delray Beach","state_code":"FL","country_code":"US"}},{"type":"Feature","geometry":{"type":"Point","coordinates":[-81.26367,28.90054]},"properties":{"id":115229,"name":"Deltona","state_code":"FL","country_code":"US"}},{"type":"Feature","geometry":{"type":"Point","coordinates":[-82.48982,27.37143]},"properties":{"id":115287,"name":"Desoto Lakes","state_code":"FL","country_code":"US"}},{"type":"Feature","geometry":{"type":"Point","coordinates":[-86.49578,30.39353]},"properties":{"id":115289,"name":"Destin","state_code":"FL","country_code":"US"}},{"type":"Feature","geometry":{"type":"Point","coordinates":[-81.49229,28.44945]},"properties":{"id":115373,"name":"Doctor Phillips","state_code":"FL","country_code":"US"}},{"type":"Feature","geometry":{"type":"Point","coordinates":[-80.35533,25.81954]},"properties":{"id":115408,"name":"Doral","state_code":"FL","country_code":"US"}},{"type":"Feature","geometry":{"type":"Point","coordinates":[-82.21953,27.99419]},"properties":{"id":115446,"name":"Dover","state_code":"FL","country_code":"US"}},{"type":"Feature","geometry":{"type":"Point","coordinates":[-81.61924,28.02252]},"properties":{"id":115528,"name":"Dundee","state_code":"FL","country_code":"US"}},{"type":"Feature","geometry":{"type":"Point","coordinates":[-82.77323,28.0199]},"properties":{"id":115534,"name":"Dunedin","state_code":"FL","country_code":"US"}},{"type":"Feature","geometry":{"type":"Point","coordinates":[-82.46093,29.04914]},"properties":{"id":115550,"name":"Dunnellon","state_code":"FL","country_code":"US"}},{"type":"Feature","geometry":{"type":"Point","coordinates":[-81.75647,27.97836]},"properties":{"id":115602,"name":"Eagle Lake","state_code":"FL","country_code":"US"}},{"type":"Feature","geometry":{"type":"Point","coordinates":[-82.5904,29.45928]},"properties":{"id":115638,"name":"East Bronson","state_code":"FL","country_code":"US"}},{"type":"Feature","geometry":{"type":"Point","coordinates":[-82.69482,28.11085]},"properties":{"id":115700,"name":"East Lake","state_code":"FL","country_code":"US"}},{"type":"Feature","geometry":{"type":"Point","coordinates":[-82.37878,27.98269]},"properties":{"id":115701,"name":"East Lake-Orient Park","state_code":"FL","country_code":"US"}},{"type":"Feature","geometry":{"type":"Point","coordinates":[-87.02163,30.61519]},"properties":{"id":115714,"name":"East Milton","state_code":"FL","country_code":"US"}},{"type":"Feature","geometry":{"type":"Point","coordinates":[-81.76648,26.13842]},"properties":{"id":115718,"name":"East Naples","state_code":"FL","country_code":"US"}},{"type":"Feature","geometry":{"type":"Point","coordinates":[-81.59841,29.6583]},"properties":{"id":115727,"name":"East Palatka","state_code":"FL","country_code":"US"}},{"type":"Feature","geometry":{"type":"Point","coordinates":[-87.17997,30.42881]},"properties":{"id":115731,"name":"East Pensacola Heights","state_code":"FL","country_code":"US"}},{"type":"Feature","geometry":{"type":"Point","coordinates":[-80.33894,25.60872]},"properties":{"id":115734,"name":"East Perrine","state_code":"FL","country_code":"US"}},{"type":"Feature","geometry":{"type":"Point","coordinates":[-84.87852,29.7366]},"properties":{"id":115793,"name":"Eastpoint","state_code":"FL","country_code":"US"}},{"type":"Feature","geometry":{"type":"Point","coordinates":[-81.38062,28.61472]},"properties":{"id":115808,"name":"Eatonville","state_code":"FL","country_code":"US"}},{"type":"Feature","geometry":{"type":"Point","coordinates":[-80.90228,28.98888]},"properties":{"id":115851,"name":"Edgewater","state_code":"FL","country_code":"US"}},{"type":"Feature","geometry":{"type":"Point","coordinates":[-81.37229,28.48612]},"properties":{"id":115857,"name":"Edgewood","state_code":"FL","country_code":"US"}},{"type":"Feature","geometry":{"type":"Point","coordinates":[-86.55026,30.45907]},"properties":{"id":115903,"name":"Eglin Air Force Base","state_code":"FL","country_code":"US"}},{"type":"Feature","geometry":{"type":"Point","coordinates":[-86.5394,30.46298]},"properties":{"id":115904,"name":"Eglin Village","state_code":"FL","country_code":"US"}},{"type":"Feature","geometry":{"type":"Point","coordinates":[-82.50619,28.01769]},"properties":{"id":115906,"name":"Egypt Lake-Leto","state_code":"FL","country_code":"US"}},{"type":"Feature","geometry":{"type":"Point","coordinates":[-80.1931,25.85537]},"properties":{"id":115933,"name":"El Portal","state_code":"FL","country_code":"US"}},{"type":"Feature","geometry":{"type":"Point","coordinates":[-82.72232,28.21668]},"properties":{"id":115962,"name":"Elfers","state_code":"FL","country_code":"US"}},{"type":"Feature","geometry":{"type":"Point","coordinates":[-82.5276,27.52171]},"properties":{"id":116019,"name":"Ellenton","state_code":"FL","country_code":"US"}},{"type":"Feature","geometry":{"type":"Point","coordinates":[-82.3526,26.96201]},"properties":{"id":116129,"name":"Englewood","state_code":"FL","country_code":"US"}},{"type":"Feature","geometry":{"type":"Point","coordinates":[-87.27275,30.51881]},"properties":{"id":116147,"name":"Ensley","state_code":"FL","country_code":"US"}},{"type":"Feature","geometry":{"type":"Point","coordinates":[-81.80675,26.43814]},"properties":{"id":116207,"name":"Estero","state_code":"FL","country_code":"US"}},{"type":"Feature","geometry":{"type":"Point","coordinates":[-81.68535,28.85277]},"properties":{"id":116241,"name":"Eustis","state_code":"FL","country_code":"US"}},{"type":"Feature","geometry":{"type":"Point","coordinates":[-81.39424,28.59111]},"properties":{"id":116360,"name":"Fairview Shores","state_code":"FL","country_code":"US"}},{"type":"Feature","geometry":{"type":"Point","coordinates":[-82.67349,27.90079]},"properties":{"id":116463,"name":"Feather Sound","state_code":"FL","country_code":"US"}},{"type":"Feature","geometry":{"type":"Point","coordinates":[-80.60144,27.76781]},"properties":{"id":116469,"name":"Fellsmere","state_code":"FL","country_code":"US"}},{"type":"Feature","geometry":{"type":"Point","coordinates":[-81.35118,28.64916]},"properties":{"id":116483,"name":"Fern Park","state_code":"FL","country_code":"US"}},{"type":"Feature","geometry":{"type":"Point","coordinates":[-81.46259,30.66968]},"properties":{"id":116485,"name":"Fernandina Beach","state_code":"FL","country_code":"US"}},{"type":"Feature","geometry":{"type":"Point","coordinates":[-87.21247,30.5102]},"properties":{"id":116499,"name":"Ferry Pass","state_code":"FL","country_code":"US"}},{"type":"Feature","geometry":{"type":"Point","coordinates":[-82.21092,27.85058]},"properties":{"id":116525,"name":"Fish Hawk","state_code":"FL","country_code":"US"}},{"type":"Feature","geometry":{"type":"Point","coordinates":[-82.63735,30.20912]},"properties":{"id":116540,"name":"Five Points","state_code":"FL","country_code":"US"}},{"type":"Feature","geometry":{"type":"Point","coordinates":[-80.31616,25.76232]},"properties":{"id":116542,"name":"Flagami","state_code":"FL","country_code":"US"}},{"type":"Feature","geometry":{"type":"Point","coordinates":[-81.127,29.47498]},"properties":{"id":116543,"name":"Flagler Beach","state_code":"FL","country_code":"US"}},{"type":"Feature","geometry":{"type":"Point","coordinates":[-81.457,29.64553]},"properties":{"id":116545,"name":"Flagler Estates","state_code":"FL","country_code":"US"}},{"type":"Feature","geometry":{"type":"Point","coordinates":[-81.71898,30.0933]},"properties":{"id":116560,"name":"Fleming Island","state_code":"FL","country_code":"US"}},{"type":"Feature","geometry":{"type":"Point","coordinates":[-82.29676,28.74999]},"properties":{"id":116574,"name":"Floral City","state_code":"FL","country_code":"US"}},{"type":"Feature","geometry":{"type":"Point","coordinates":[-80.47922,25.44789]},"properties":{"id":116593,"name":"Florida City","state_code":"FL","country_code":"US"}},{"type":"Feature","geometry":{"type":"Point","coordinates":[-80.38672,27.58031]},"properties":{"id":116594,"name":"Florida Ridge","state_code":"FL","country_code":"US"}},{"type":"Feature","geometry":{"type":"Point","coordinates":[-81.44334,28.66678]},"properties":{"id":116646,"name":"Forest City","state_code":"FL","country_code":"US"}},{"type":"Feature","geometry":{"type":"Point","coordinates":[-80.14338,26.12231]},"properties":{"id":116722,"name":"Fort Lauderdale","state_code":"FL","country_code":"US"}},{"type":"Feature","geometry":{"type":"Point","coordinates":[-81.80175,27.75225]},"properties":{"id":116728,"name":"Fort Meade","state_code":"FL","country_code":"US"}},{"type":"Feature","geometry":{"type":"Point","coordinates":[-81.84059,26.62168]},"properties":{"id":116734,"name":"Fort Myers","state_code":"FL","country_code":"US"}},{"type":"Feature","geometry":{"type":"Point","coordinates":[-81.95011,26.45271]},"properties":{"id":116735,"name":"Fort Myers Beach","state_code":"FL","country_code":"US"}},{"type":"Feature","geometry":{"type":"Point","coordinates":[-81.74592,26.70924]},"properties":{"id":116736,"name":"Fort Myers Shores","state_code":"FL","country_code":"US"}},{"type":"Feature","geometry":{"type":"Point","coordinates":[-80.32561,27.44671]},"properties":{"id":116739,"name":"Fort Pierce","state_code":"FL","country_code":"US"}},{"type":"Feature","geometry":{"type":"Point","coordinates":[-80.3593,27.47364]},"properties":{"id":116740,"name":"Fort Pierce North","state_code":"FL","country_code":"US"}},{"type":"Feature","geometry":{"type":"Point","coordinates":[-80.35483,27.40962]},"properties":{"id":116741,"name":"Fort Pierce South","state_code":"FL","country_code":"US"}},{"type":"Feature","geometry":{"type":"Point","coordinates":[-86.61707,30.42059]},"properties":{"id":116759,"name":"Fort Walton Beach","state_code":"FL","country_code":"US"}},{"type":"Feature","geometry":{"type":"Point","coordinates":[-80.34783,25.77288]},"properties":{"id":116785,"name":"Fountainebleau","state_code":"FL","country_code":"US"}},{"type":"Feature","geometry":{"type":"Point","coordinates":[-81.64738,28.33287]},"properties":{"id":116791,"name":"Four Corners","state_code":"FL","country_code":"US"}},{"type":"Feature","geometry":{"type":"Point","coordinates":[-86.13605,30.49825]},"properties":{"id":116910,"name":"Freeport","state_code":"FL","country_code":"US"}},{"type":"Feature","geometry":{"type":"Point","coordinates":[-81.53063,27.74586]},"properties":{"id":116965,"name":"Frostproof","state_code":"FL","country_code":"US"}},{"type":"Feature","geometry":{"type":"Point","coordinates":[-81.64176,30.11107]},"properties":{"id":116966,"name":"Fruit Cove","state_code":"FL","country_code":"US"}},{"type":"Feature","geometry":{"type":"Point","coordinates":[-81.90647,28.86138]},"properties":{"id":116973,"name":"Fruitland Park","state_code":"FL","country_code":"US"}},{"type":"Feature","geometry":{"type":"Point","coordinates":[-82.4576,27.32977]},"properties":{"id":116977,"name":"Fruitville","state_code":"FL","country_code":"US"}},{"type":"Feature","geometry":{"type":"Point","coordinates":[-81.99814,27.90919]},"properties":{"id":116980,"name":"Fuller Heights","state_code":"FL","country_code":"US"}},{"type":"Feature","geometry":{"type":"Point","coordinates":[-81.86064,28.05419]},"properties":{"id":117002,"name":"Fussels Corner","state_code":"FL","country_code":"US"}},{"type":"Feature","geometry":{"type":"Point","coordinates":[-82.32483,29.65163]},"properties":{"id":117014,"name":"Gainesville","state_code":"FL","country_code":"US"}},{"type":"Feature","geometry":{"type":"Point","coordinates":[-82.61612,27.8685]},"properties":{"id":117049,"name":"Gandy","state_code":"FL","country_code":"US"}},{"type":"Feature","geometry":{"type":"Point","coordinates":[-81.75036,26.57757]},"properties":{"id":117123,"name":"Gateway","state_code":"FL","country_code":"US"}},{"type":"Feature","geometry":{"type":"Point","coordinates":[-81.11506,28.73972]},"properties":{"id":117140,"name":"Geneva","state_code":"FL","country_code":"US"}},{"type":"Feature","geometry":{"type":"Point","coordinates":[-81.97369,28.11474]},"properties":{"id":117191,"name":"Gibsonia","state_code":"FL","country_code":"US"}},{"type":"Feature","geometry":{"type":"Point","coordinates":[-82.38259,27.85364]},"properties":{"id":117193,"name":"Gibsonton","state_code":"FL","country_code":"US"}},{"type":"Feature","geometry":{"type":"Point","coordinates":[-80.40922,27.67531]},"properties":{"id":117197,"name":"Gifford","state_code":"FL","country_code":"US"}},{"type":"Feature","geometry":{"type":"Point","coordinates":[-80.2356,25.83926]},"properties":{"id":117234,"name":"Gladeview","state_code":"FL","country_code":"US"}},{"type":"Feature","geometry":{"type":"Point","coordinates":[-80.972,29.02582]},"properties":{"id":117277,"name":"Glencoe","state_code":"FL","country_code":"US"}},{"type":"Feature","geometry":{"type":"Point","coordinates":[-80.32561,25.7076]},"properties":{"id":117308,"name":"Glenvar Heights","state_code":"FL","country_code":"US"}},{"type":"Feature","geometry":{"type":"Point","coordinates":[-81.69509,26.18787]},"properties":{"id":117348,"name":"Golden Gate","state_code":"FL","country_code":"US"}},{"type":"Feature","geometry":{"type":"Point","coordinates":[-80.20033,25.91176]},"properties":{"id":117349,"name":"Golden Glades","state_code":"FL","country_code":"US"}},{"type":"Feature","geometry":{"type":"Point","coordinates":[-81.28868,28.61028]},"properties":{"id":117361,"name":"Goldenrod","state_code":"FL","country_code":"US"}},{"type":"Feature","geometry":{"type":"Point","coordinates":[-87.29136,30.58158]},"properties":{"id":117374,"name":"Gonzalez","state_code":"FL","country_code":"US"}},{"type":"Feature","geometry":{"type":"Point","coordinates":[-81.52313,28.52778]},"properties":{"id":117414,"name":"Gotha","state_code":"FL","country_code":"US"}},{"type":"Feature","geometry":{"type":"Point","coordinates":[-87.22247,30.44298]},"properties":{"id":117416,"name":"Goulding","state_code":"FL","country_code":"US"}},{"type":"Feature","geometry":{"type":"Point","coordinates":[-80.38228,25.56261]},"properties":{"id":117417,"name":"Goulds","state_code":"FL","country_code":"US"}},{"type":"Feature","geometry":{"type":"Point","coordinates":[-85.5166,30.95685]},"properties":{"id":117425,"name":"Graceville","state_code":"FL","country_code":"US"}},{"type":"Feature","geometry":{"type":"Point","coordinates":[-80.57104,27.9398]},"properties":{"id":117524,"name":"Grant-Valkaria","state_code":"FL","country_code":"US"}},{"type":"Feature","geometry":{"type":"Point","coordinates":[-82.52594,28.10545]},"properties":{"id":117581,"name":"Greater Northdale","state_code":"FL","country_code":"US"}},{"type":"Feature","geometry":{"type":"Point","coordinates":[-81.67815,29.99191]},"properties":{"id":117594,"name":"Green Cove Springs","state_code":"FL","country_code":"US"}},{"type":"Feature","geometry":{"type":"Point","coordinates":[-80.12532,26.62368]},"properties":{"id":117614,"name":"Greenacres City","state_code":"FL","country_code":"US"}},{"type":"Feature","geometry":{"type":"Point","coordinates":[-82.75272,28.01128]},"properties":{"id":117618,"name":"Greenbriar","state_code":"FL","country_code":"US"}},{"type":"Feature","geometry":{"type":"Point","coordinates":[-84.65991,30.61714]},"properties":{"id":117724,"name":"Gretna","state_code":"FL","country_code":"US"}},{"type":"Feature","geometry":{"type":"Point","coordinates":[-82.32704,26.91423]},"properties":{"id":117755,"name":"Grove City","state_code":"FL","country_code":"US"}},{"type":"Feature","geometry":{"type":"Point","coordinates":[-81.85119,28.55805]},"properties":{"id":117758,"name":"Groveland","state_code":"FL","country_code":"US"}},{"type":"Feature","geometry":{"type":"Point","coordinates":[-87.16386,30.35714]},"properties":{"id":117790,"name":"Gulf Breeze","state_code":"FL","country_code":"US"}},{"type":"Feature","geometry":{"type":"Point","coordinates":[-82.51471,27.25173]},"properties":{"id":117792,"name":"Gulf Gate Estates","state_code":"FL","country_code":"US"}},{"type":"Feature","geometry":{"type":"Point","coordinates":[-82.70343,27.74836]},"properties":{"id":117796,"name":"Gulfport","state_code":"FL","country_code":"US"}},{"type":"Feature","geometry":{"type":"Point","coordinates":[-81.62009,28.1145]},"properties":{"id":117845,"name":"Haines City","state_code":"FL","country_code":"US"}},{"type":"Feature","geometry":{"type":"Point","coordinates":[-80.14838,25.9812]},"properties":{"id":117869,"name":"Hallandale Beach","state_code":"FL","country_code":"US"}},{"type":"Feature","geometry":{"type":"Point","coordinates":[-82.8276,27.90947]},"properties":{"id":117989,"name":"Harbor Bluffs","state_code":"FL","country_code":"US"}},{"type":"Feature","geometry":{"type":"Point","coordinates":[-82.00231,26.99089]},"properties":{"id":117992,"name":"Harbour Heights","state_code":"FL","country_code":"US"}},{"type":"Feature","geometry":{"type":"Point","coordinates":[-80.9509,26.73757]},"properties":{"id":118021,"name":"Harlem","state_code":"FL","country_code":"US"}},{"type":"Feature","geometry":{"type":"Point","coordinates":[-81.92787,26.51619]},"properties":{"id":118024,"name":"Harlem Heights","state_code":"FL","country_code":"US"}},{"type":"Feature","geometry":{"type":"Point","coordinates":[-84.41463,30.62381]},"properties":{"id":118145,"name":"Havana","state_code":"FL","country_code":"US"}},{"type":"Feature","geometry":{"type":"Point","coordinates":[-80.12004,26.69118]},"properties":{"id":118149,"name":"Haverhill","state_code":"FL","country_code":"US"}},{"type":"Feature","geometry":{"type":"Point","coordinates":[-82.08732,29.59191]},"properties":{"id":118172,"name":"Hawthorne","state_code":"FL","country_code":"US"}},{"type":"Feature","geometry":{"type":"Point","coordinates":[-81.37225,28.76333]},"properties":{"id":118224,"name":"Heathrow","state_code":"FL","country_code":"US"}},{"type":"Feature","geometry":{"type":"Point","coordinates":[-82.62111,28.42522]},"properties":{"id":118321,"name":"Heritage Pines","state_code":"FL","country_code":"US"}},{"type":"Feature","geometry":{"type":"Point","coordinates":[-82.37454,28.89998]},"properties":{"id":118332,"name":"Hernando","state_code":"FL","country_code":"US"}},{"type":"Feature","geometry":{"type":"Point","coordinates":[-82.65927,28.46944]},"properties":{"id":118334,"name":"Hernando Beach","state_code":"FL","country_code":"US"}},{"type":"Feature","geometry":{"type":"Point","coordinates":[-80.27811,25.8576]},"properties":{"id":118354,"name":"Hialeah","state_code":"FL","country_code":"US"}},{"type":"Feature","geometry":{"type":"Point","coordinates":[-80.3245,25.8651]},"properties":{"id":118355,"name":"Hialeah Gardens","state_code":"FL","country_code":"US"}},{"type":"Feature","geometry":{"type":"Point","coordinates":[-82.52468,28.54687]},"properties":{"id":118387,"name":"High Point","state_code":"FL","country_code":"US"}},{"type":"Feature","geometry":{"type":"Point","coordinates":[-82.59678,29.82691]},"properties":{"id":118389,"name":"High Springs","state_code":"FL","country_code":"US"}},{"type":"Feature","geometry":{"type":"Point","coordinates":[-80.0656,26.39952]},"properties":{"id":118402,"name":"Highland Beach","state_code":"FL","country_code":"US"}},{"type":"Feature","geometry":{"type":"Point","coordinates":[-81.87786,27.9653]},"properties":{"id":118403,"name":"Highland City","state_code":"FL","country_code":"US"}},{"type":"Feature","geometry":{"type":"Point","coordinates":[-85.62687,30.20103]},"properties":{"id":118427,"name":"Hiland Park","state_code":"FL","country_code":"US"}},{"type":"Feature","geometry":{"type":"Point","coordinates":[-82.29926,28.51972]},"properties":{"id":118432,"name":"Hill 'n Dale","state_code":"FL","country_code":"US"}},{"type":"Feature","geometry":{"type":"Point","coordinates":[-81.91733,30.69107]},"properties":{"id":118444,"name":"Hilliard","state_code":"FL","country_code":"US"}},{"type":"Feature","geometry":{"type":"Point","coordinates":[-80.07893,26.29397]},"properties":{"id":118453,"name":"Hillsboro Beach","state_code":"FL","country_code":"US"}},{"type":"Feature","geometry":{"type":"Point","coordinates":[-80.13643,27.0595]},"properties":{"id":118501,"name":"Hobe Sound","state_code":"FL","country_code":"US"}},{"type":"Feature","geometry":{"type":"Point","coordinates":[-81.38785,28.49667]},"properties":{"id":118525,"name":"Holden Heights","state_code":"FL","country_code":"US"}},{"type":"Feature","geometry":{"type":"Point","coordinates":[-82.73955,28.18779]},"properties":{"id":118529,"name":"Holiday","state_code":"FL","country_code":"US"}},{"type":"Feature","geometry":{"type":"Point","coordinates":[-86.90691,30.44686]},"properties":{"id":118542,"name":"Holley","state_code":"FL","country_code":"US"}},{"type":"Feature","geometry":{"type":"Point","coordinates":[-81.03756,29.24359]},"properties":{"id":118556,"name":"Holly Hill","state_code":"FL","country_code":"US"}},{"type":"Feature","geometry":{"type":"Point","coordinates":[-80.14949,26.0112]},"properties":{"id":118565,"name":"Hollywood","state_code":"FL","country_code":"US"}},{"type":"Feature","geometry":{"type":"Point","coordinates":[-82.71093,27.49532]},"properties":{"id":118570,"name":"Holmes Beach","state_code":"FL","country_code":"US"}},{"type":"Feature","geometry":{"type":"Point","coordinates":[-80.47756,25.46872]},"properties":{"id":118601,"name":"Homestead","state_code":"FL","country_code":"US"}},{"type":"Feature","geometry":{"type":"Point","coordinates":[-82.6151,28.78137]},"properties":{"id":118610,"name":"Homosassa","state_code":"FL","country_code":"US"}},{"type":"Feature","geometry":{"type":"Point","coordinates":[-82.57593,28.80359]},"properties":{"id":118611,"name":"Homosassa Springs","state_code":"FL","country_code":"US"}},{"type":"Feature","geometry":{"type":"Point","coordinates":[-81.6227,28.43383]},"properties":{"id":118665,"name":"Horizon West","state_code":"FL","country_code":"US"}},{"type":"Feature","geometry":{"type":"Point","coordinates":[-81.77341,28.71694]},"properties":{"id":118724,"name":"Howey-in-the-Hills","state_code":"FL","country_code":"US"}},{"type":"Feature","geometry":{"type":"Point","coordinates":[-82.69343,28.36445]},"properties":{"id":118735,"name":"Hudson","state_code":"FL","country_code":"US"}},{"type":"Feature","geometry":{"type":"Point","coordinates":[-81.42229,28.36056]},"properties":{"id":118790,"name":"Hunters Creek","state_code":"FL","country_code":"US"}},{"type":"Feature","geometry":{"type":"Point","coordinates":[-80.22045,27.29949]},"properties":{"id":118839,"name":"Hutchinson Island South","state_code":"FL","country_code":"US"}},{"type":"Feature","geometry":{"type":"Point","coordinates":[-80.05337,26.56646]},"properties":{"id":118856,"name":"Hypoluxo","state_code":"FL","country_code":"US"}},{"type":"Feature","geometry":{"type":"Point","coordinates":[-81.4173,26.41869]},"properties":{"id":118880,"name":"Immokalee","state_code":"FL","country_code":"US"}},{"type":"Feature","geometry":{"type":"Point","coordinates":[-80.56561,28.08946]},"properties":{"id":118901,"name":"Indialantic","state_code":"FL","country_code":"US"}},{"type":"Feature","geometry":{"type":"Point","coordinates":[-80.58839,28.1489]},"properties":{"id":118902,"name":"Indian Harbour Beach","state_code":"FL","country_code":"US"}},{"type":"Feature","geometry":{"type":"Point","coordinates":[-80.30977,27.36449]},"properties":{"id":118914,"name":"Indian River Estates","state_code":"FL","country_code":"US"}},{"type":"Feature","geometry":{"type":"Point","coordinates":[-80.38422,27.7167]},"properties":{"id":118915,"name":"Indian River Shores","state_code":"FL","country_code":"US"}},{"type":"Feature","geometry":{"type":"Point","coordinates":[-82.85122,27.8753]},"properties":{"id":118916,"name":"Indian Rocks Beach","state_code":"FL","country_code":"US"}},{"type":"Feature","geometry":{"type":"Point","coordinates":[-82.84844,27.8628]},"properties":{"id":118917,"name":"Indian Shores","state_code":"FL","country_code":"US"}},{"type":"Feature","geometry":{"type":"Point","coordinates":[-80.48561,27.02728]},"properties":{"id":118928,"name":"Indiantown","state_code":"FL","country_code":"US"}},{"type":"Feature","geometry":{"type":"Point","coordinates":[-82.66872,29.03025]},"properties":{"id":118939,"name":"Inglis","state_code":"FL","country_code":"US"}},{"type":"Feature","geometry":{"type":"Point","coordinates":[-81.89256,29.62421]},"properties":{"id":118950,"name":"Interlachen","state_code":"FL","country_code":"US"}},{"type":"Feature","geometry":{"type":"Point","coordinates":[-82.33037,28.83582]},"properties":{"id":118955,"name":"Inverness","state_code":"FL","country_code":"US"}},{"type":"Feature","geometry":{"type":"Point","coordinates":[-82.37688,28.8642]},"properties":{"id":118959,"name":"Inverness Highlands North","state_code":"FL","country_code":"US"}},{"type":"Feature","geometry":{"type":"Point","coordinates":[-82.3371,28.80055]},"properties":{"id":118960,"name":"Inverness Highlands South","state_code":"FL","country_code":"US"}},{"type":"Feature","geometry":{"type":"Point","coordinates":[-81.76508,28.03697]},"properties":{"id":118961,"name":"Inwood","state_code":"FL","country_code":"US"}},{"type":"Feature","geometry":{"type":"Point","coordinates":[-81.96398,26.52036]},"properties":{"id":118968,"name":"Iona","state_code":"FL","country_code":"US"}},{"type":"Feature","geometry":{"type":"Point","coordinates":[-80.62784,24.9243]},"properties":{"id":119022,"name":"Islamorada","state_code":"FL","country_code":"US"}},{"type":"Feature","geometry":{"type":"Point","coordinates":[-81.71101,26.25099]},"properties":{"id":119028,"name":"Island Walk","state_code":"FL","country_code":"US"}},{"type":"Feature","geometry":{"type":"Point","coordinates":[-80.13505,25.85287]},"properties":{"id":119031,"name":"Isle of Normandy","state_code":"FL","country_code":"US"}},{"type":"Feature","geometry":{"type":"Point","coordinates":[-80.17671,25.96231]},"properties":{"id":119050,"name":"Ives Estates","state_code":"FL","country_code":"US"}},{"type":"Feature","geometry":{"type":"Point","coordinates":[-81.65565,30.33218]},"properties":{"id":119101,"name":"Jacksonville","state_code":"FL","country_code":"US"}},{"type":"Feature","geometry":{"type":"Point","coordinates":[-81.39314,30.29469]},"properties":{"id":119106,"name":"Jacksonville Beach","state_code":"FL","country_code":"US"}},{"type":"Feature","geometry":{"type":"Point","coordinates":[-81.77175,28.01474]},"properties":{"id":119129,"name":"Jan-Phyl Village","state_code":"FL","country_code":"US"}},{"type":"Feature","geometry":{"type":"Point","coordinates":[-82.6901,28.29306]},"properties":{"id":119136,"name":"Jasmine Estates","state_code":"FL","country_code":"US"}},{"type":"Feature","geometry":{"type":"Point","coordinates":[-82.94819,30.51827]},"properties":{"id":119140,"name":"Jasper","state_code":"FL","country_code":"US"}},{"type":"Feature","geometry":{"type":"Point","coordinates":[-80.22977,27.25449]},"properties":{"id":119222,"name":"Jensen Beach","state_code":"FL","country_code":"US"}},{"type":"Feature","geometry":{"type":"Point","coordinates":[-80.68006,28.07224]},"properties":{"id":119336,"name":"June Park","state_code":"FL","country_code":"US"}},{"type":"Feature","geometry":{"type":"Point","coordinates":[-80.05337,26.87978]},"properties":{"id":119341,"name":"Juno Beach","state_code":"FL","country_code":"US"}},{"type":"Feature","geometry":{"type":"Point","coordinates":[-80.09421,26.93422]},"properties":{"id":119342,"name":"Jupiter","state_code":"FL","country_code":"US"}},{"type":"Feature","geometry":{"type":"Point","coordinates":[-82.02314,28.12085]},"properties":{"id":119393,"name":"Kathleen","state_code":"FL","country_code":"US"}},{"type":"Feature","geometry":{"type":"Point","coordinates":[-80.407,25.70816]},"properties":{"id":119444,"name":"Kendale Lakes","state_code":"FL","country_code":"US"}},{"type":"Feature","geometry":{"type":"Point","coordinates":[-80.31727,25.67927]},"properties":{"id":119445,"name":"Kendall","state_code":"FL","country_code":"US"}},{"type":"Feature","geometry":{"type":"Point","coordinates":[-80.12393,26.25397]},"properties":{"id":119448,"name":"Kendall Green","state_code":"FL","country_code":"US"}},{"type":"Feature","geometry":{"type":"Point","coordinates":[-80.4388,25.7065]},"properties":{"id":119450,"name":"Kendall West","state_code":"FL","country_code":"US"}},{"type":"Feature","geometry":{"type":"Point","coordinates":[-82.7201,27.81558]},"properties":{"id":119472,"name":"Kenneth City","state_code":"FL","country_code":"US"}},{"type":"Feature","geometry":{"type":"Point","coordinates":[-82.49649,27.35949]},"properties":{"id":119485,"name":"Kensington Park","state_code":"FL","country_code":"US"}},{"type":"Feature","geometry":{"type":"Point","coordinates":[-80.16282,25.69371]},"properties":{"id":119537,"name":"Key Biscayne","state_code":"FL","country_code":"US"}},{"type":"Feature","geometry":{"type":"Point","coordinates":[-80.44728,25.08652]},"properties":{"id":119539,"name":"Key Largo","state_code":"FL","country_code":"US"}},{"type":"Feature","geometry":{"type":"Point","coordinates":[-82.77038,28.1947]},"properties":{"id":119540,"name":"Key Vista","state_code":"FL","country_code":"US"}},{"type":"Feature","geometry":{"type":"Point","coordinates":[-81.78163,24.55524]},"properties":{"id":119541,"name":"Key West","state_code":"FL","country_code":"US"}},{"type":"Feature","geometry":{"type":"Point","coordinates":[-82.62121,28.15585]},"properties":{"id":119546,"name":"Keystone","state_code":"FL","country_code":"US"}},{"type":"Feature","geometry":{"type":"Point","coordinates":[-82.03149,29.78608]},"properties":{"id":119548,"name":"Keystone Heights","state_code":"FL","country_code":"US"}},{"type":"Feature","geometry":{"type":"Point","coordinates":[-80.13977,26.44535]},"properties":{"id":119607,"name":"Kings Point","state_code":"FL","country_code":"US"}},{"type":"Feature","geometry":{"type":"Point","coordinates":[-81.41667,28.30468]},"properties":{"id":119658,"name":"Kissimmee","state_code":"FL","country_code":"US"}},{"type":"Feature","geometry":{"type":"Point","coordinates":[-81.43841,26.76173]},"properties":{"id":119798,"name":"LaBelle","state_code":"FL","country_code":"US"}},{"type":"Feature","geometry":{"type":"Point","coordinates":[-82.17203,28.46583]},"properties":{"id":119820,"name":"Lacoochee","state_code":"FL","country_code":"US"}},{"type":"Feature","geometry":{"type":"Point","coordinates":[-81.92286,28.91749]},"properties":{"id":119829,"name":"Lady Lake","state_code":"FL","country_code":"US"}},{"type":"Feature","geometry":{"type":"Point","coordinates":[-85.9241,30.23965]},"properties":{"id":119851,"name":"Laguna Beach","state_code":"FL","country_code":"US"}},{"type":"Feature","geometry":{"type":"Point","coordinates":[-81.72341,28.09196]},"properties":{"id":119862,"name":"Lake Alfred","state_code":"FL","country_code":"US"}},{"type":"Feature","geometry":{"type":"Point","coordinates":[-80.13338,26.68923]},"properties":{"id":119870,"name":"Lake Belvedere Estates","state_code":"FL","country_code":"US"}},{"type":"Feature","geometry":{"type":"Point","coordinates":[-82.33956,30.02274]},"properties":{"id":119873,"name":"Lake Butler","state_code":"FL","country_code":"US"}},{"type":"Feature","geometry":{"type":"Point","coordinates":[-82.63929,30.18968]},"properties":{"id":119879,"name":"Lake City","state_code":"FL","country_code":"US"}},{"type":"Feature","geometry":{"type":"Point","coordinates":[-80.07588,26.64534]},"properties":{"id":119887,"name":"Lake Clarke Shores","state_code":"FL","country_code":"US"}},{"type":"Feature","geometry":{"type":"Point","coordinates":[-80.1831,25.97759]},"properties":{"id":119909,"name":"Lake Forest","state_code":"FL","country_code":"US"}},{"type":"Feature","geometry":{"type":"Point","coordinates":[-81.62785,28.04446]},"properties":{"id":119917,"name":"Lake Hamilton","state_code":"FL","country_code":"US"}},{"type":"Feature","geometry":{"type":"Point","coordinates":[-81.23339,28.98082]},"properties":{"id":119919,"name":"Lake Helen","state_code":"FL","country_code":"US"}},{"type":"Feature","geometry":{"type":"Point","coordinates":[-86.56523,30.44159]},"properties":{"id":119930,"name":"Lake Lorraine","state_code":"FL","country_code":"US"}},{"type":"Feature","geometry":{"type":"Point","coordinates":[-80.24144,25.96509]},"properties":{"id":119933,"name":"Lake Lucerne","state_code":"FL","country_code":"US"}},{"type":"Feature","geometry":{"type":"Point","coordinates":[-81.42397,29.00074]},"properties":{"id":119936,"name":"Lake Mack-Forest Hills","state_code":"FL","country_code":"US"}},{"type":"Feature","geometry":{"type":"Point","coordinates":[-82.47176,28.07418]},"properties":{"id":119937,"name":"Lake Magdalene","state_code":"FL","country_code":"US"}},{"type":"Feature","geometry":{"type":"Point","coordinates":[-81.31784,28.75888]},"properties":{"id":119939,"name":"Lake Mary","state_code":"FL","country_code":"US"}},{"type":"Feature","geometry":{"type":"Point","coordinates":[-82.09481,28.75582]},"properties":{"id":119957,"name":"Lake Panasoffkee","state_code":"FL","country_code":"US"}},{"type":"Feature","geometry":{"type":"Point","coordinates":[-80.06643,26.80034]},"properties":{"id":119959,"name":"Lake Park","state_code":"FL","country_code":"US"}},{"type":"Feature","geometry":{"type":"Point","coordinates":[-81.32631,27.35197]},"properties":{"id":119962,"name":"Lake Placid","state_code":"FL","country_code":"US"}},{"type":"Feature","geometry":{"type":"Point","coordinates":[-82.4376,27.29255]},"properties":{"id":119974,"name":"Lake Sarasota","state_code":"FL","country_code":"US"}},{"type":"Feature","geometry":{"type":"Point","coordinates":[-81.58591,27.90141]},"properties":{"id":119991,"name":"Lake Wales","state_code":"FL","country_code":"US"}},{"type":"Feature","geometry":{"type":"Point","coordinates":[-80.07231,26.61708]},"properties":{"id":119997,"name":"Lake Worth","state_code":"FL","country_code":"US"}},{"type":"Feature","geometry":{"type":"Point","coordinates":[-80.10102,26.61649]},"properties":{"id":119999,"name":"Lake Worth Corridor","state_code":"FL","country_code":"US"}},{"type":"Feature","geometry":{"type":"Point","coordinates":[-81.9498,28.03947]},"properties":{"id":120012,"name":"Lakeland","state_code":"FL","country_code":"US"}},{"type":"Feature","geometry":{"type":"Point","coordinates":[-81.95008,27.95975]},"properties":{"id":120017,"name":"Lakeland Highlands","state_code":"FL","country_code":"US"}},{"type":"Feature","geometry":{"type":"Point","coordinates":[-80.32533,25.57233]},"properties":{"id":120025,"name":"Lakes by the Bay","state_code":"FL","country_code":"US"}},{"type":"Feature","geometry":{"type":"Point","coordinates":[-81.76815,30.12996]},"properties":{"id":120029,"name":"Lakeside","state_code":"FL","country_code":"US"}},{"type":"Feature","geometry":{"type":"Point","coordinates":[-80.40227,27.54309]},"properties":{"id":120054,"name":"Lakewood Park","state_code":"FL","country_code":"US"}},{"type":"Feature","geometry":{"type":"Point","coordinates":[-82.45759,28.2189]},"properties":{"id":120095,"name":"Land O' Lakes","state_code":"FL","country_code":"US"}},{"type":"Feature","geometry":{"type":"Point","coordinates":[-80.05199,26.58674]},"properties":{"id":120129,"name":"Lantana","state_code":"FL","country_code":"US"}},{"type":"Feature","geometry":{"type":"Point","coordinates":[-82.78842,27.90979]},"properties":{"id":120143,"name":"Largo","state_code":"FL","country_code":"US"}},{"type":"Feature","geometry":{"type":"Point","coordinates":[-80.20838,26.16647]},"properties":{"id":120182,"name":"Lauderdale Lakes","state_code":"FL","country_code":"US"}},{"type":"Feature","geometry":{"type":"Point","coordinates":[-80.09643,26.19203]},"properties":{"id":120183,"name":"Lauderdale-by-the-Sea","state_code":"FL","country_code":"US"}},{"type":"Feature","geometry":{"type":"Point","coordinates":[-80.21338,26.14036]},"properties":{"id":120184,"name":"Lauderhill","state_code":"FL","country_code":"US"}},{"type":"Feature","geometry":{"type":"Point","coordinates":[-82.46158,27.14378]},"properties":{"id":120188,"name":"Laurel","state_code":"FL","country_code":"US"}},{"type":"Feature","geometry":{"type":"Point","coordinates":[-82.67927,27.82114]},"properties":{"id":120278,"name":"Lealman","state_code":"FL","country_code":"US"}},{"type":"Feature","geometry":{"type":"Point","coordinates":[-82.4876,28.85165]},"properties":{"id":120299,"name":"Lecanto","state_code":"FL","country_code":"US"}},{"type":"Feature","geometry":{"type":"Point","coordinates":[-81.87786,28.81082]},"properties":{"id":120324,"name":"Leesburg","state_code":"FL","country_code":"US"}},{"type":"Feature","geometry":{"type":"Point","coordinates":[-81.6248,26.62535]},"properties":{"id":120334,"name":"Lehigh Acres","state_code":"FL","country_code":"US"}},{"type":"Feature","geometry":{"type":"Point","coordinates":[-80.42922,25.49539]},"properties":{"id":120340,"name":"Leisure City","state_code":"FL","country_code":"US"}},{"type":"Feature","geometry":{"type":"Point","coordinates":[-81.72842,26.10065]},"properties":{"id":120353,"name":"Lely","state_code":"FL","country_code":"US"}},{"type":"Feature","geometry":{"type":"Point","coordinates":[-81.69786,26.08093]},"properties":{"id":120354,"name":"Lely Resort","state_code":"FL","country_code":"US"}},{"type":"Feature","geometry":{"type":"Point","coordinates":[-80.08727,26.27564]},"properties":{"id":120480,"name":"Lighthouse Point","state_code":"FL","country_code":"US"}},{"type":"Feature","geometry":{"type":"Point","coordinates":[-80.14115,26.94284]},"properties":{"id":120496,"name":"Limestone Creek","state_code":"FL","country_code":"US"}},{"type":"Feature","geometry":{"type":"Point","coordinates":[-82.98402,30.29495]},"properties":{"id":120638,"name":"Live Oak","state_code":"FL","country_code":"US"}},{"type":"Feature","geometry":{"type":"Point","coordinates":[-81.90981,26.64424]},"properties":{"id":120672,"name":"Lochmoor Waterway Estates","state_code":"FL","country_code":"US"}},{"type":"Feature","geometry":{"type":"Point","coordinates":[-81.44257,28.61944]},"properties":{"id":120676,"name":"Lockhart","state_code":"FL","country_code":"US"}},{"type":"Feature","geometry":{"type":"Point","coordinates":[-82.65899,27.41254]},"properties":{"id":120751,"name":"Longboat Key","state_code":"FL","country_code":"US"}},{"type":"Feature","geometry":{"type":"Point","coordinates":[-81.3384,28.70305]},"properties":{"id":120760,"name":"Longwood","state_code":"FL","country_code":"US"}},{"type":"Feature","geometry":{"type":"Point","coordinates":[-81.56674,28.24196]},"properties":{"id":120803,"name":"Loughman","state_code":"FL","country_code":"US"}},{"type":"Feature","geometry":{"type":"Point","coordinates":[-85.75076,30.14409]},"properties":{"id":120841,"name":"Lower Grand Lagoon","state_code":"FL","country_code":"US"}},{"type":"Feature","geometry":{"type":"Point","coordinates":[-80.27977,26.68368]},"properties":{"id":120851,"name":"Loxahatchee Groves","state_code":"FL","country_code":"US"}},{"type":"Feature","geometry":{"type":"Point","coordinates":[-82.46148,28.15112]},"properties":{"id":120898,"name":"Lutz","state_code":"FL","country_code":"US"}},{"type":"Feature","geometry":{"type":"Point","coordinates":[-85.64826,30.24548]},"properties":{"id":120929,"name":"Lynn Haven","state_code":"FL","country_code":"US"}},{"type":"Feature","geometry":{"type":"Point","coordinates":[-82.12206,30.28218]},"properties":{"id":120953,"name":"Macclenny","state_code":"FL","country_code":"US"}},{"type":"Feature","geometry":{"type":"Point","coordinates":[-82.79732,27.79808]},"properties":{"id":120978,"name":"Madeira Beach","state_code":"FL","country_code":"US"}},{"type":"Feature","geometry":{"type":"Point","coordinates":[-83.41293,30.46938]},"properties":{"id":120985,"name":"Madison","state_code":"FL","country_code":"US"}},{"type":"Feature","geometry":{"type":"Point","coordinates":[-81.36312,28.62778]},"properties":{"id":121051,"name":"Maitland","state_code":"FL","country_code":"US"}},{"type":"Feature","geometry":{"type":"Point","coordinates":[-80.56561,28.00363]},"properties":{"id":121056,"name":"Malabar","state_code":"FL","country_code":"US"}},{"type":"Feature","geometry":{"type":"Point","coordinates":[-85.16215,30.95769]},"properties":{"id":121065,"name":"Malone","state_code":"FL","country_code":"US"}},{"type":"Feature","geometry":{"type":"Point","coordinates":[-82.35204,26.92534]},"properties":{"id":121080,"name":"Manasota Key","state_code":"FL","country_code":"US"}},{"type":"Feature","geometry":{"type":"Point","coordinates":[-82.91429,29.51302]},"properties":{"id":121085,"name":"Manatee Road","state_code":"FL","country_code":"US"}},{"type":"Feature","geometry":{"type":"Point","coordinates":[-82.30648,27.97974]},"properties":{"id":121108,"name":"Mango","state_code":"FL","country_code":"US"}},{"type":"Feature","geometry":{"type":"Point","coordinates":[-80.07365,26.76034]},"properties":{"id":121109,"name":"Mangonia Park","state_code":"FL","country_code":"US"}},{"type":"Feature","geometry":{"type":"Point","coordinates":[-81.09035,24.71375]},"properties":{"id":121184,"name":"Marathon","state_code":"FL","country_code":"US"}},{"type":"Feature","geometry":{"type":"Point","coordinates":[-81.72898,25.9726]},"properties":{"id":121197,"name":"Marco","state_code":"FL","country_code":"US"}},{"type":"Feature","geometry":{"type":"Point","coordinates":[-81.71842,25.94121]},"properties":{"id":121198,"name":"Marco Island","state_code":"FL","country_code":"US"}},{"type":"Feature","geometry":{"type":"Point","coordinates":[-80.20644,26.24453]},"properties":{"id":121206,"name":"Margate","state_code":"FL","country_code":"US"}},{"type":"Feature","geometry":{"type":"Point","coordinates":[-85.22687,30.77436]},"properties":{"id":121209,"name":"Marianna","state_code":"FL","country_code":"US"}},{"type":"Feature","geometry":{"type":"Point","coordinates":[-86.66509,30.41015]},"properties":{"id":121354,"name":"Mary Esther","state_code":"FL","country_code":"US"}},{"type":"Feature","geometry":{"type":"Point","coordinates":[-82.45704,28.44167]},"properties":{"id":121366,"name":"Masaryktown","state_code":"FL","country_code":"US"}},{"type":"Feature","geometry":{"type":"Point","coordinates":[-81.88675,28.57833]},"properties":{"id":121368,"name":"Mascotte","state_code":"FL","country_code":"US"}},{"type":"Feature","geometry":{"type":"Point","coordinates":[-83.17486,30.053]},"properties":{"id":121442,"name":"Mayo","state_code":"FL","country_code":"US"}},{"type":"Feature","geometry":{"type":"Point","coordinates":[-81.91453,26.56091]},"properties":{"id":121505,"name":"McGregor","state_code":"FL","country_code":"US"}},{"type":"Feature","geometry":{"type":"Point","coordinates":[-82.60284,28.34619]},"properties":{"id":121562,"name":"Meadow Oaks","state_code":"FL","country_code":"US"}},{"type":"Feature","geometry":{"type":"Point","coordinates":[-81.36646,28.38556]},"properties":{"id":121564,"name":"Meadow Woods","state_code":"FL","country_code":"US"}},{"type":"Feature","geometry":{"type":"Point","coordinates":[-81.97342,27.9678]},"properties":{"id":121609,"name":"Medulla","state_code":"FL","country_code":"US"}},{"type":"Feature","geometry":{"type":"Point","coordinates":[-80.60811,28.08363]},"properties":{"id":121620,"name":"Melbourne","state_code":"FL","country_code":"US"}},{"type":"Feature","geometry":{"type":"Point","coordinates":[-80.56033,28.06835]},"properties":{"id":121622,"name":"Melbourne Beach","state_code":"FL","country_code":"US"}},{"type":"Feature","geometry":{"type":"Point","coordinates":[-80.19338,26.11342]},"properties":{"id":121631,"name":"Melrose Park","state_code":"FL","country_code":"US"}},{"type":"Feature","geometry":{"type":"Point","coordinates":[-82.56121,27.53587]},"properties":{"id":121638,"name":"Memphis","state_code":"FL","country_code":"US"}},{"type":"Feature","geometry":{"type":"Point","coordinates":[-80.672,28.53917]},"properties":{"id":121714,"name":"Merritt Island","state_code":"FL","country_code":"US"}},{"type":"Feature","geometry":{"type":"Point","coordinates":[-85.41995,29.94809]},"properties":{"id":121744,"name":"Mexico Beach","state_code":"FL","country_code":"US"}},{"type":"Feature","geometry":{"type":"Point","coordinates":[-80.19366,25.77427]},"properties":{"id":121746,"name":"Miami","state_code":"FL","country_code":"US"}},{"type":"Feature","geometry":{"type":"Point","coordinates":[-80.13005,25.79065]},"properties":{"id":121750,"name":"Miami Beach","state_code":"FL","country_code":"US"}},{"type":"Feature","geometry":{"type":"Point","coordinates":[-80.2456,25.94204]},"properties":{"id":121753,"name":"Miami Gardens","state_code":"FL","country_code":"US"}},{"type":"Feature","geometry":{"type":"Point","coordinates":[-80.30866,25.90871]},"properties":{"id":121754,"name":"Miami Lakes","state_code":"FL","country_code":"US"}},{"type":"Feature","geometry":{"type":"Point","coordinates":[-80.19283,25.86315]},"properties":{"id":121755,"name":"Miami Shores","state_code":"FL","country_code":"US"}},{"type":"Feature","geometry":{"type":"Point","coordinates":[-80.2895,25.82232]},"properties":{"id":121756,"name":"Miami Springs","state_code":"FL","country_code":"US"}},{"type":"Feature","geometry":{"type":"Point","coordinates":[-80.50033,27.88058]},"properties":{"id":121758,"name":"Micco","state_code":"FL","country_code":"US"}},{"type":"Feature","geometry":{"type":"Point","coordinates":[-81.86038,30.06885]},"properties":{"id":121768,"name":"Middleburg","state_code":"FL","country_code":"US"}},{"type":"Feature","geometry":{"type":"Point","coordinates":[-87.00553,30.40648]},"properties":{"id":121820,"name":"Midway","state_code":"FL","country_code":"US"}},{"type":"Feature","geometry":{"type":"Point","coordinates":[-87.03969,30.63241]},"properties":{"id":121912,"name":"Milton","state_code":"FL","country_code":"US"}},{"type":"Feature","geometry":{"type":"Point","coordinates":[-80.84478,28.66527]},"properties":{"id":121926,"name":"Mims","state_code":"FL","country_code":"US"}},{"type":"Feature","geometry":{"type":"Point","coordinates":[-81.74619,28.57444]},"properties":{"id":121954,"name":"Minneola","state_code":"FL","country_code":"US"}},{"type":"Feature","geometry":{"type":"Point","coordinates":[-80.23227,25.98731]},"properties":{"id":121973,"name":"Miramar","state_code":"FL","country_code":"US"}},{"type":"Feature","geometry":{"type":"Point","coordinates":[-86.35856,30.37437]},"properties":{"id":121974,"name":"Miramar Beach","state_code":"FL","country_code":"US"}},{"type":"Feature","geometry":{"type":"Point","coordinates":[-87.31414,30.72408]},"properties":{"id":122029,"name":"Molino","state_code":"FL","country_code":"US"}},{"type":"Feature","geometry":{"type":"Point","coordinates":[-83.8713,30.54515]},"properties":{"id":122159,"name":"Monticello","state_code":"FL","country_code":"US"}},{"type":"Feature","geometry":{"type":"Point","coordinates":[-81.67396,28.60028]},"properties":{"id":122188,"name":"Montverde","state_code":"FL","country_code":"US"}},{"type":"Feature","geometry":{"type":"Point","coordinates":[-81.09312,26.83312]},"properties":{"id":122204,"name":"Moore Haven","state_code":"FL","country_code":"US"}},{"type":"Feature","geometry":{"type":"Point","coordinates":[-81.64452,28.80249]},"properties":{"id":122341,"name":"Mount Dora","state_code":"FL","country_code":"US"}},{"type":"Feature","geometry":{"type":"Point","coordinates":[-81.53313,28.80805]},"properties":{"id":122383,"name":"Mount Plymouth","state_code":"FL","country_code":"US"}},{"type":"Feature","geometry":{"type":"Point","coordinates":[-81.97342,27.8953]},"properties":{"id":122453,"name":"Mulberry","state_code":"FL","country_code":"US"}},{"type":"Feature","geometry":{"type":"Point","coordinates":[-87.30747,30.42103]},"properties":{"id":122522,"name":"Myrtle Grove","state_code":"FL","country_code":"US"}},{"type":"Feature","geometry":{"type":"Point","coordinates":[-81.79596,26.14234]},"properties":{"id":122552,"name":"Naples","state_code":"FL","country_code":"US"}},{"type":"Feature","geometry":{"type":"Point","coordinates":[-81.7262,26.0887]},"properties":{"id":122556,"name":"Naples Manor","state_code":"FL","country_code":"US"}},{"type":"Feature","geometry":{"type":"Point","coordinates":[-81.80925,26.26175]},"properties":{"id":122557,"name":"Naples Park","state_code":"FL","country_code":"US"}},{"type":"Feature","geometry":{"type":"Point","coordinates":[-80.42283,25.51816]},"properties":{"id":122562,"name":"Naranja","state_code":"FL","country_code":"US"}},{"type":"Feature","geometry":{"type":"Point","coordinates":[-81.80925,30.51111]},"properties":{"id":122584,"name":"Nassau Village-Ratliff","state_code":"FL","country_code":"US"}},{"type":"Feature","geometry":{"type":"Point","coordinates":[-86.86357,30.40159]},"properties":{"id":122600,"name":"Navarre","state_code":"FL","country_code":"US"}},{"type":"Feature","geometry":{"type":"Point","coordinates":[-81.39647,30.31191]},"properties":{"id":122637,"name":"Neptune Beach","state_code":"FL","country_code":"US"}},{"type":"Feature","geometry":{"type":"Point","coordinates":[-82.71927,28.24418]},"properties":{"id":122764,"name":"New Port Richey","state_code":"FL","country_code":"US"}},{"type":"Feature","geometry":{"type":"Point","coordinates":[-82.69261,28.26027]},"properties":{"id":122765,"name":"New Port Richey East","state_code":"FL","country_code":"US"}},{"type":"Feature","geometry":{"type":"Point","coordinates":[-80.927,29.02582]},"properties":{"id":122779,"name":"New Smyrna Beach","state_code":"FL","country_code":"US"}},{"type":"Feature","geometry":{"type":"Point","coordinates":[-82.6065,29.64635]},"properties":{"id":122810,"name":"Newberry","state_code":"FL","country_code":"US"}},{"type":"Feature","geometry":{"type":"Point","coordinates":[-86.48217,30.51686]},"properties":{"id":122886,"name":"Niceville","state_code":"FL","country_code":"US"}},{"type":"Feature","geometry":{"type":"Point","coordinates":[-81.88231,27.16033]},"properties":{"id":122922,"name":"Nocatee","state_code":"FL","country_code":"US"}},{"type":"Feature","geometry":{"type":"Point","coordinates":[-82.44426,27.11922]},"properties":{"id":122929,"name":"Nokomis","state_code":"FL","country_code":"US"}},{"type":"Feature","geometry":{"type":"Point","coordinates":[-80.21227,25.94898]},"properties":{"id":122946,"name":"Norland","state_code":"FL","country_code":"US"}},{"type":"Feature","geometry":{"type":"Point","coordinates":[-80.14421,26.19147]},"properties":{"id":122963,"name":"North Andrews Gardens","state_code":"FL","country_code":"US"}},{"type":"Feature","geometry":{"type":"Point","coordinates":[-80.15394,25.84621]},"properties":{"id":122976,"name":"North Bay Village","state_code":"FL","country_code":"US"}},{"type":"Feature","geometry":{"type":"Point","coordinates":[-82.40815,28.57305]},"properties":{"id":122997,"name":"North Brooksville","state_code":"FL","country_code":"US"}},{"type":"Feature","geometry":{"type":"Point","coordinates":[-81.29812,29.04943]},"properties":{"id":123013,"name":"North DeLand","state_code":"FL","country_code":"US"}},{"type":"Feature","geometry":{"type":"Point","coordinates":[-81.88009,26.66729]},"properties":{"id":123029,"name":"North Fort Myers","state_code":"FL","country_code":"US"}},{"type":"Feature","geometry":{"type":"Point","coordinates":[-80.32339,25.26734]},"properties":{"id":123047,"name":"North Key Largo","state_code":"FL","country_code":"US"}},{"type":"Feature","geometry":{"type":"Point","coordinates":[-80.22588,26.2173]},"properties":{"id":123053,"name":"North Lauderdale","state_code":"FL","country_code":"US"}},{"type":"Feature","geometry":{"type":"Point","coordinates":[-80.18671,25.89009]},"properties":{"id":123066,"name":"North Miami","state_code":"FL","country_code":"US"}},{"type":"Feature","geometry":{"type":"Point","coordinates":[-80.16255,25.93315]},"properties":{"id":123067,"name":"North Miami Beach","state_code":"FL","country_code":"US"}},{"type":"Feature","geometry":{"type":"Point","coordinates":[-80.08199,26.81756]},"properties":{"id":123075,"name":"North Palm Beach","state_code":"FL","country_code":"US"}},{"type":"Feature","geometry":{"type":"Point","coordinates":[-82.23593,27.04422]},"properties":{"id":123085,"name":"North Port","state_code":"FL","country_code":"US"}},{"type":"Feature","geometry":{"type":"Point","coordinates":[-82.82066,27.81614]},"properties":{"id":123092,"name":"North Redington Beach","state_code":"FL","country_code":"US"}},{"type":"Feature","geometry":{"type":"Point","coordinates":[-80.26977,27.21755]},"properties":{"id":123095,"name":"North River Shores","state_code":"FL","country_code":"US"}},{"type":"Feature","geometry":{"type":"Point","coordinates":[-82.51843,27.37393]},"properties":{"id":123100,"name":"North Sarasota","state_code":"FL","country_code":"US"}},{"type":"Feature","geometry":{"type":"Point","coordinates":[-82.55888,28.55014]},"properties":{"id":123127,"name":"North Weeki Wachee","state_code":"FL","country_code":"US"}},{"type":"Feature","geometry":{"type":"Point","coordinates":[-82.50561,28.0939]},"properties":{"id":123145,"name":"Northdale","state_code":"FL","country_code":"US"}},{"type":"Feature","geometry":{"type":"Point","coordinates":[-80.8545,28.86443]},"properties":{"id":123243,"name":"Oak Hill","state_code":"FL","country_code":"US"}},{"type":"Feature","geometry":{"type":"Point","coordinates":[-81.42452,28.47112]},"properties":{"id":123260,"name":"Oak Ridge","state_code":"FL","country_code":"US"}},{"type":"Feature","geometry":{"type":"Point","coordinates":[-81.63313,28.555]},"properties":{"id":123282,"name":"Oakland","state_code":"FL","country_code":"US"}},{"type":"Feature","geometry":{"type":"Point","coordinates":[-80.13199,26.17231]},"properties":{"id":123296,"name":"Oakland Park","state_code":"FL","country_code":"US"}},{"type":"Feature","geometry":{"type":"Point","coordinates":[-81.83549,30.17083]},"properties":{"id":123297,"name":"Oakleaf Plantation","state_code":"FL","country_code":"US"}},{"type":"Feature","geometry":{"type":"Point","coordinates":[-82.14009,29.1872]},"properties":{"id":123320,"name":"Ocala","state_code":"FL","country_code":"US"}},{"type":"Feature","geometry":{"type":"Point","coordinates":[-86.61356,30.44103]},"properties":{"id":123325,"name":"Ocean City","state_code":"FL","country_code":"US"}},{"type":"Feature","geometry":{"type":"Point","coordinates":[-80.04837,26.52702]},"properties":{"id":123335,"name":"Ocean Ridge","state_code":"FL","country_code":"US"}},{"type":"Feature","geometry":{"type":"Point","coordinates":[-81.54396,28.56917]},"properties":{"id":123347,"name":"Ocoee","state_code":"FL","country_code":"US"}},{"type":"Feature","geometry":{"type":"Point","coordinates":[-82.59176,28.1939]},"properties":{"id":123358,"name":"Odessa","state_code":"FL","country_code":"US"}},{"type":"Feature","geometry":{"type":"Point","coordinates":[-80.1506,25.94843]},"properties":{"id":123391,"name":"Ojus","state_code":"FL","country_code":"US"}},{"type":"Feature","geometry":{"type":"Point","coordinates":[-80.82978,27.24393]},"properties":{"id":123398,"name":"Okeechobee","state_code":"FL","country_code":"US"}},{"type":"Feature","geometry":{"type":"Point","coordinates":[-82.6651,28.03418]},"properties":{"id":123434,"name":"Oldsmar","state_code":"FL","country_code":"US"}},{"type":"Feature","geometry":{"type":"Point","coordinates":[-81.7123,26.71896]},"properties":{"id":123437,"name":"Olga","state_code":"FL","country_code":"US"}},{"type":"Feature","geometry":{"type":"Point","coordinates":[-80.35533,25.72677]},"properties":{"id":123461,"name":"Olympia Heights","state_code":"FL","country_code":"US"}},{"type":"Feature","geometry":{"type":"Point","coordinates":[-80.25033,25.90232]},"properties":{"id":123494,"name":"Opa-locka","state_code":"FL","country_code":"US"}},{"type":"Feature","geometry":{"type":"Point","coordinates":[-81.29867,28.94888]},"properties":{"id":123512,"name":"Orange City","state_code":"FL","country_code":"US"}},{"type":"Feature","geometry":{"type":"Point","coordinates":[-81.70648,30.16607]},"properties":{"id":123525,"name":"Orange Park","state_code":"FL","country_code":"US"}},{"type":"Feature","geometry":{"type":"Point","coordinates":[-81.58842,26.29286]},"properties":{"id":123529,"name":"Orangetree","state_code":"FL","country_code":"US"}},{"type":"Feature","geometry":{"type":"Point","coordinates":[-87.09136,30.37381]},"properties":{"id":123555,"name":"Oriole Beach","state_code":"FL","country_code":"US"}},{"type":"Feature","geometry":{"type":"Point","coordinates":[-81.37924,28.53834]},"properties":{"id":123562,"name":"Orlando","state_code":"FL","country_code":"US"}},{"type":"Feature","geometry":{"type":"Point","coordinates":[-81.46035,28.53834]},"properties":{"id":123568,"name":"Orlovista","state_code":"FL","country_code":"US"}},{"type":"Feature","geometry":{"type":"Point","coordinates":[-81.05589,29.28581]},"properties":{"id":123569,"name":"Ormond Beach","state_code":"FL","country_code":"US"}},{"type":"Feature","geometry":{"type":"Point","coordinates":[-81.06645,29.34914]},"properties":{"id":123570,"name":"Ormond-by-the-Sea","state_code":"FL","country_code":"US"}},{"type":"Feature","geometry":{"type":"Point","coordinates":[-82.49037,27.19616]},"properties":{"id":123613,"name":"Osprey","state_code":"FL","country_code":"US"}},{"type":"Feature","geometry":{"type":"Point","coordinates":[-81.20812,28.67]},"properties":{"id":123656,"name":"Oviedo","state_code":"FL","country_code":"US"}},{"type":"Feature","geometry":{"type":"Point","coordinates":[-87.16108,30.59936]},"properties":{"id":123704,"name":"Pace","state_code":"FL","country_code":"US"}},{"type":"Feature","geometry":{"type":"Point","coordinates":[-80.66534,26.82006]},"properties":{"id":123723,"name":"Pahokee","state_code":"FL","country_code":"US"}},{"type":"Feature","geometry":{"type":"Point","coordinates":[-81.63758,29.64858]},"properties":{"id":123732,"name":"Palatka","state_code":"FL","country_code":"US"}},{"type":"Feature","geometry":{"type":"Point","coordinates":[-80.19171,26.20619]},"properties":{"id":123740,"name":"Palm Aire","state_code":"FL","country_code":"US"}},{"type":"Feature","geometry":{"type":"Point","coordinates":[-80.58866,28.03446]},"properties":{"id":123741,"name":"Palm Bay","state_code":"FL","country_code":"US"}},{"type":"Feature","geometry":{"type":"Point","coordinates":[-80.03643,26.70562]},"properties":{"id":123742,"name":"Palm Beach","state_code":"FL","country_code":"US"}},{"type":"Feature","geometry":{"type":"Point","coordinates":[-80.13865,26.82339]},"properties":{"id":123744,"name":"Palm Beach Gardens","state_code":"FL","country_code":"US"}},{"type":"Feature","geometry":{"type":"Point","coordinates":[-80.0356,26.77812]},"properties":{"id":123745,"name":"Palm Beach Shores","state_code":"FL","country_code":"US"}},{"type":"Feature","geometry":{"type":"Point","coordinates":[-80.26616,27.16783]},"properties":{"id":123746,"name":"Palm City","state_code":"FL","country_code":"US"}},{"type":"Feature","geometry":{"type":"Point","coordinates":[-81.20784,29.58497]},"properties":{"id":123747,"name":"Palm Coast","state_code":"FL","country_code":"US"}},{"type":"Feature","geometry":{"type":"Point","coordinates":[-82.76371,28.07807]},"properties":{"id":123749,"name":"Palm Harbor","state_code":"FL","country_code":"US"}},{"type":"Feature","geometry":{"type":"Point","coordinates":[-82.37939,27.92386]},"properties":{"id":123750,"name":"Palm River-Clair Mel","state_code":"FL","country_code":"US"}},{"type":"Feature","geometry":{"type":"Point","coordinates":[-80.09615,26.6359]},"properties":{"id":123751,"name":"Palm Springs","state_code":"FL","country_code":"US"}},{"type":"Feature","geometry":{"type":"Point","coordinates":[-80.33383,25.9351]},"properties":{"id":123753,"name":"Palm Springs North","state_code":"FL","country_code":"US"}},{"type":"Feature","geometry":{"type":"Point","coordinates":[-81.38758,30.17746]},"properties":{"id":123754,"name":"Palm Valley","state_code":"FL","country_code":"US"}},{"type":"Feature","geometry":{"type":"Point","coordinates":[-82.57232,27.52143]},"properties":{"id":123764,"name":"Palmetto","state_code":"FL","country_code":"US"}},{"type":"Feature","geometry":{"type":"Point","coordinates":[-80.32477,25.62177]},"properties":{"id":123766,"name":"Palmetto Bay","state_code":"FL","country_code":"US"}},{"type":"Feature","geometry":{"type":"Point","coordinates":[-80.362,25.62149]},"properties":{"id":123767,"name":"Palmetto Estates","state_code":"FL","country_code":"US"}},{"type":"Feature","geometry":{"type":"Point","coordinates":[-81.89648,26.68646]},"properties":{"id":123769,"name":"Palmona Park","state_code":"FL","country_code":"US"}},{"type":"Feature","geometry":{"type":"Point","coordinates":[-85.65983,30.15946]},"properties":{"id":123798,"name":"Panama City","state_code":"FL","country_code":"US"}},{"type":"Feature","geometry":{"type":"Point","coordinates":[-85.80549,30.17659]},"properties":{"id":123799,"name":"Panama City Beach","state_code":"FL","country_code":"US"}},{"type":"Feature","geometry":{"type":"Point","coordinates":[-81.54396,28.62361]},"properties":{"id":123820,"name":"Paradise Heights","state_code":"FL","country_code":"US"}},{"type":"Feature","geometry":{"type":"Point","coordinates":[-85.60326,30.13104]},"properties":{"id":123858,"name":"Parker","state_code":"FL","country_code":"US"}},{"type":"Feature","geometry":{"type":"Point","coordinates":[-80.23727,26.31008]},"properties":{"id":123871,"name":"Parkland","state_code":"FL","country_code":"US"}},{"type":"Feature","geometry":{"type":"Point","coordinates":[-82.22438,28.28001]},"properties":{"id":123898,"name":"Pasadena Hills","state_code":"FL","country_code":"US"}},{"type":"Feature","geometry":{"type":"Point","coordinates":[-82.34565,28.14835]},"properties":{"id":123974,"name":"Pebble Creek","state_code":"FL","country_code":"US"}},{"type":"Feature","geometry":{"type":"Point","coordinates":[-81.80564,26.2312]},"properties":{"id":123994,"name":"Pelican Bay","state_code":"FL","country_code":"US"}},{"type":"Feature","geometry":{"type":"Point","coordinates":[-80.17477,25.98787]},"properties":{"id":124008,"name":"Pembroke Park","state_code":"FL","country_code":"US"}},{"type":"Feature","geometry":{"type":"Point","coordinates":[-80.22394,26.00315]},"properties":{"id":124009,"name":"Pembroke Pines","state_code":"FL","country_code":"US"}},{"type":"Feature","geometry":{"type":"Point","coordinates":[-87.21691,30.42131]},"properties":{"id":124045,"name":"Pensacola","state_code":"FL","country_code":"US"}},{"type":"Feature","geometry":{"type":"Point","coordinates":[-83.58274,30.11766]},"properties":{"id":124067,"name":"Perry","state_code":"FL","country_code":"US"}},{"type":"Feature","geometry":{"type":"Point","coordinates":[-81.46563,29.23942]},"properties":{"id":124180,"name":"Pierson","state_code":"FL","country_code":"US"}},{"type":"Feature","geometry":{"type":"Point","coordinates":[-81.36785,28.47195]},"properties":{"id":124217,"name":"Pine Castle","state_code":"FL","country_code":"US"}},{"type":"Feature","geometry":{"type":"Point","coordinates":[-81.4534,28.55778]},"properties":{"id":124225,"name":"Pine Hills","state_code":"FL","country_code":"US"}},{"type":"Feature","geometry":{"type":"Point","coordinates":[-82.11815,26.61369]},"properties":{"id":124229,"name":"Pine Island Center","state_code":"FL","country_code":"US"}},{"type":"Feature","geometry":{"type":"Point","coordinates":[-80.27394,26.09481]},"properties":{"id":124230,"name":"Pine Island Ridge","state_code":"FL","country_code":"US"}},{"type":"Feature","geometry":{"type":"Point","coordinates":[-81.87814,26.57285]},"properties":{"id":124237,"name":"Pine Manor","state_code":"FL","country_code":"US"}},{"type":"Feature","geometry":{"type":"Point","coordinates":[-82.47343,28.93831]},"properties":{"id":124242,"name":"Pine Ridge","state_code":"FL","country_code":"US"}},{"type":"Feature","geometry":{"type":"Point","coordinates":[-80.30811,25.66705]},"properties":{"id":124248,"name":"Pinecrest","state_code":"FL","country_code":"US"}},{"type":"Feature","geometry":{"type":"Point","coordinates":[-82.69954,27.8428]},"properties":{"id":124255,"name":"Pinellas Park","state_code":"FL","country_code":"US"}},{"type":"Feature","geometry":{"type":"Point","coordinates":[-80.21699,25.86898]},"properties":{"id":124264,"name":"Pinewood","state_code":"FL","country_code":"US"}},{"type":"Feature","geometry":{"type":"Point","coordinates":[-81.40702,27.24144]},"properties":{"id":124313,"name":"Placid Lakes","state_code":"FL","country_code":"US"}},{"type":"Feature","geometry":{"type":"Point","coordinates":[-82.11469,28.01888]},"properties":{"id":124345,"name":"Plant City","state_code":"FL","country_code":"US"}},{"type":"Feature","geometry":{"type":"Point","coordinates":[-80.23184,26.13421]},"properties":{"id":124346,"name":"Plantation","state_code":"FL","country_code":"US"}},{"type":"Feature","geometry":{"type":"Point","coordinates":[-80.13227,26.70312]},"properties":{"id":124347,"name":"Plantation Mobile Home Park","state_code":"FL","country_code":"US"}},{"type":"Feature","geometry":{"type":"Point","coordinates":[-81.45841,28.14029]},"properties":{"id":124424,"name":"Poinciana","state_code":"FL","country_code":"US"}},{"type":"Feature","geometry":{"type":"Point","coordinates":[-87.05358,30.69019]},"properties":{"id":124426,"name":"Point Baker","state_code":"FL","country_code":"US"}},{"type":"Feature","geometry":{"type":"Point","coordinates":[-81.82397,28.18251]},"properties":{"id":124438,"name":"Polk City","state_code":"FL","country_code":"US"}},{"type":"Feature","geometry":{"type":"Point","coordinates":[-80.12477,26.23786]},"properties":{"id":124460,"name":"Pompano Beach","state_code":"FL","country_code":"US"}},{"type":"Feature","geometry":{"type":"Point","coordinates":[-80.10699,26.28286]},"properties":{"id":124461,"name":"Pompano Beach Highlands","state_code":"FL","country_code":"US"}},{"type":"Feature","geometry":{"type":"Point","coordinates":[-80.937,29.09637]},"properties":{"id":124465,"name":"Ponce Inlet","state_code":"FL","country_code":"US"}},{"type":"Feature","geometry":{"type":"Point","coordinates":[-81.38564,30.23969]},"properties":{"id":124472,"name":"Ponte Vedra Beach","state_code":"FL","country_code":"US"}},{"type":"Feature","geometry":{"type":"Point","coordinates":[-82.09064,26.97617]},"properties":{"id":124502,"name":"Port Charlotte","state_code":"FL","country_code":"US"}},{"type":"Feature","geometry":{"type":"Point","coordinates":[-81.40508,26.75645]},"properties":{"id":124516,"name":"Port LaBelle","state_code":"FL","country_code":"US"}},{"type":"Feature","geometry":{"type":"Point","coordinates":[-80.99561,29.13832]},"properties":{"id":124524,"name":"Port Orange","state_code":"FL","country_code":"US"}},{"type":"Feature","geometry":{"type":"Point","coordinates":[-82.71955,28.27168]},"properties":{"id":124529,"name":"Port Richey","state_code":"FL","country_code":"US"}},{"type":"Feature","geometry":{"type":"Point","coordinates":[-85.30297,29.81188]},"properties":{"id":124532,"name":"Port Saint Joe","state_code":"FL","country_code":"US"}},{"type":"Feature","geometry":{"type":"Point","coordinates":[-80.78867,28.47695]},"properties":{"id":124533,"name":"Port Saint John","state_code":"FL","country_code":"US"}},{"type":"Feature","geometry":{"type":"Point","coordinates":[-80.35033,27.29393]},"properties":{"id":124534,"name":"Port Saint Lucie","state_code":"FL","country_code":"US"}},{"type":"Feature","geometry":{"type":"Point","coordinates":[-80.2006,27.14422]},"properties":{"id":124535,"name":"Port Salerno","state_code":"FL","country_code":"US"}},{"type":"Feature","geometry":{"type":"Point","coordinates":[-85.6966,30.19659]},"properties":{"id":124662,"name":"Pretty Bayou","state_code":"FL","country_code":"US"}},{"type":"Feature","geometry":{"type":"Point","coordinates":[-80.40894,25.53844]},"properties":{"id":124680,"name":"Princeton","state_code":"FL","country_code":"US"}},{"type":"Feature","geometry":{"type":"Point","coordinates":[-82.36454,27.9003]},"properties":{"id":124703,"name":"Progress Village","state_code":"FL","country_code":"US"}},{"type":"Feature","geometry":{"type":"Point","coordinates":[-82.04537,26.92978]},"properties":{"id":124748,"name":"Punta Gorda","state_code":"FL","country_code":"US"}},{"type":"Feature","geometry":{"type":"Point","coordinates":[-82.07842,26.91756]},"properties":{"id":124749,"name":"Punta Gorda Isles","state_code":"FL","country_code":"US"}},{"type":"Feature","geometry":{"type":"Point","coordinates":[-82.01231,26.48786]},"properties":{"id":124750,"name":"Punta Rassa","state_code":"FL","country_code":"US"}},{"type":"Feature","geometry":{"type":"Point","coordinates":[-82.55532,28.34905]},"properties":{"id":124776,"name":"Quail Ridge","state_code":"FL","country_code":"US"}},{"type":"Feature","geometry":{"type":"Point","coordinates":[-84.58325,30.58714]},"properties":{"id":124795,"name":"Quincy","state_code":"FL","country_code":"US"}},{"type":"Feature","geometry":{"type":"Point","coordinates":[-82.81121,27.80864]},"properties":{"id":124971,"name":"Redington Beach","state_code":"FL","country_code":"US"}},{"type":"Feature","geometry":{"type":"Point","coordinates":[-82.82899,27.82614]},"properties":{"id":124972,"name":"Redington Shores","state_code":"FL","country_code":"US"}},{"type":"Feature","geometry":{"type":"Point","coordinates":[-80.36894,25.63149]},"properties":{"id":125102,"name":"Richmond Heights","state_code":"FL","country_code":"US"}},{"type":"Feature","geometry":{"type":"Point","coordinates":[-80.42971,25.6105]},"properties":{"id":125106,"name":"Richmond West","state_code":"FL","country_code":"US"}},{"type":"Feature","geometry":{"type":"Point","coordinates":[-82.17036,28.5075]},"properties":{"id":125115,"name":"Ridge Manor","state_code":"FL","country_code":"US"}},{"type":"Feature","geometry":{"type":"Point","coordinates":[-82.51315,27.28727]},"properties":{"id":125116,"name":"Ridge Wood Heights","state_code":"FL","country_code":"US"}},{"type":"Feature","geometry":{"type":"Point","coordinates":[-82.80529,27.8975]},"properties":{"id":125117,"name":"Ridgecrest","state_code":"FL","country_code":"US"}},{"type":"Feature","geometry":{"type":"Point","coordinates":[-80.34727,27.31421]},"properties":{"id":125184,"name":"River Park","state_code":"FL","country_code":"US"}},{"type":"Feature","geometry":{"type":"Point","coordinates":[-82.32648,27.86614]},"properties":{"id":125216,"name":"Riverview","state_code":"FL","country_code":"US"}},{"type":"Feature","geometry":{"type":"Point","coordinates":[-80.0581,26.77534]},"properties":{"id":125221,"name":"Riviera Beach","state_code":"FL","country_code":"US"}},{"type":"Feature","geometry":{"type":"Point","coordinates":[-80.17699,26.15509]},"properties":{"id":125282,"name":"Rock Island","state_code":"FL","country_code":"US"}},{"type":"Feature","geometry":{"type":"Point","coordinates":[-80.72533,28.35084]},"properties":{"id":125311,"name":"Rockledge","state_code":"FL","country_code":"US"}},{"type":"Feature","geometry":{"type":"Point","coordinates":[-80.18027,26.14087]},"properties":{"id":125395,"name":"Roosevelt Gardens","state_code":"FL","country_code":"US"}},{"type":"Feature","geometry":{"type":"Point","coordinates":[-80.49311,27.83586]},"properties":{"id":125421,"name":"Roseland","state_code":"FL","country_code":"US"}},{"type":"Feature","geometry":{"type":"Point","coordinates":[-82.29009,26.88368]},"properties":{"id":125467,"name":"Rotonda West","state_code":"FL","country_code":"US"}},{"type":"Feature","geometry":{"type":"Point","coordinates":[-80.2306,26.7084]},"properties":{"id":125491,"name":"Royal Palm Beach","state_code":"FL","country_code":"US"}},{"type":"Feature","geometry":{"type":"Point","coordinates":[-80.12504,26.68173]},"properties":{"id":125492,"name":"Royal Palm Estates","state_code":"FL","country_code":"US"}},{"type":"Feature","geometry":{"type":"Point","coordinates":[-82.43315,27.72086]},"properties":{"id":125531,"name":"Ruskin","state_code":"FL","country_code":"US"}},{"type":"Feature","geometry":{"type":"Point","coordinates":[-82.69316,27.99085]},"properties":{"id":125582,"name":"Safety Harbor","state_code":"FL","country_code":"US"}},{"type":"Feature","geometry":{"type":"Point","coordinates":[-81.31452,29.89469]},"properties":{"id":125604,"name":"Saint Augustine","state_code":"FL","country_code":"US"}},{"type":"Feature","geometry":{"type":"Point","coordinates":[-81.26535,29.85053]},"properties":{"id":125605,"name":"Saint Augustine Beach","state_code":"FL","country_code":"US"}},{"type":"Feature","geometry":{"type":"Point","coordinates":[-81.31035,29.8108]},"properties":{"id":125606,"name":"Saint Augustine Shores","state_code":"FL","country_code":"US"}},{"type":"Feature","geometry":{"type":"Point","coordinates":[-81.31448,29.84249]},"properties":{"id":125607,"name":"Saint Augustine South","state_code":"FL","country_code":"US"}},{"type":"Feature","geometry":{"type":"Point","coordinates":[-81.28118,28.2489]},"properties":{"id":125626,"name":"Saint Cloud","state_code":"FL","country_code":"US"}},{"type":"Feature","geometry":{"type":"Point","coordinates":[-82.72788,28.05641]},"properties":{"id":125640,"name":"Saint George","state_code":"FL","country_code":"US"}},{"type":"Feature","geometry":{"type":"Point","coordinates":[-82.07843,26.49758]},"properties":{"id":125657,"name":"Saint James City","state_code":"FL","country_code":"US"}},{"type":"Feature","geometry":{"type":"Point","coordinates":[-82.25842,28.33723]},"properties":{"id":125679,"name":"Saint Leo","state_code":"FL","country_code":"US"}},{"type":"Feature","geometry":{"type":"Point","coordinates":[-82.74121,27.72531]},"properties":{"id":125707,"name":"Saint Pete Beach","state_code":"FL","country_code":"US"}},{"type":"Feature","geometry":{"type":"Point","coordinates":[-82.54149,27.46948]},"properties":{"id":125779,"name":"Samoset","state_code":"FL","country_code":"US"}},{"type":"Feature","geometry":{"type":"Point","coordinates":[-81.06192,29.04932]},"properties":{"id":125782,"name":"Samsula-Spruce Creek","state_code":"FL","country_code":"US"}},{"type":"Feature","geometry":{"type":"Point","coordinates":[-82.27453,28.33611]},"properties":{"id":125786,"name":"San Antonio","state_code":"FL","country_code":"US"}},{"type":"Feature","geometry":{"type":"Point","coordinates":[-81.80147,26.4673]},"properties":{"id":125799,"name":"San Carlos Park","state_code":"FL","country_code":"US"}},{"type":"Feature","geometry":{"type":"Point","coordinates":[-80.1869,26.33863]},"properties":{"id":125862,"name":"Sandalfoot Cove","state_code":"FL","country_code":"US"}},{"type":"Feature","geometry":{"type":"Point","coordinates":[-81.27312,28.80055]},"properties":{"id":125886,"name":"Sanford","state_code":"FL","country_code":"US"}},{"type":"Feature","geometry":{"type":"Point","coordinates":[-82.02231,26.44897]},"properties":{"id":125894,"name":"Sanibel","state_code":"FL","country_code":"US"}},{"type":"Feature","geometry":{"type":"Point","coordinates":[-82.53065,27.33643]},"properties":{"id":125938,"name":"Sarasota","state_code":"FL","country_code":"US"}},{"type":"Feature","geometry":{"type":"Point","coordinates":[-82.47954,27.30894]},"properties":{"id":125940,"name":"Sarasota Springs","state_code":"FL","country_code":"US"}},{"type":"Feature","geometry":{"type":"Point","coordinates":[-80.59005,28.17612]},"properties":{"id":125955,"name":"Satellite Beach","state_code":"FL","country_code":"US"}},{"type":"Feature","geometry":{"type":"Point","coordinates":[-81.37064,30.19274]},"properties":{"id":125980,"name":"Sawgrass","state_code":"FL","country_code":"US"}},{"type":"Feature","geometry":{"type":"Point","coordinates":[-80.11504,26.71562]},"properties":{"id":126001,"name":"Schall Circle","state_code":"FL","country_code":"US"}},{"type":"Feature","geometry":{"type":"Point","coordinates":[-80.23199,25.94148]},"properties":{"id":126054,"name":"Scott Lake","state_code":"FL","country_code":"US"}},{"type":"Feature","geometry":{"type":"Point","coordinates":[-86.14161,30.32103]},"properties":{"id":126097,"name":"Seaside","state_code":"FL","country_code":"US"}},{"type":"Feature","geometry":{"type":"Point","coordinates":[-80.47061,27.81641]},"properties":{"id":126105,"name":"Sebastian","state_code":"FL","country_code":"US"}},{"type":"Feature","geometry":{"type":"Point","coordinates":[-81.44091,27.49559]},"properties":{"id":126111,"name":"Sebring","state_code":"FL","country_code":"US"}},{"type":"Feature","geometry":{"type":"Point","coordinates":[-82.27565,27.98363]},"properties":{"id":126127,"name":"Seffner","state_code":"FL","country_code":"US"}},{"type":"Feature","geometry":{"type":"Point","coordinates":[-82.79121,27.83975]},"properties":{"id":126144,"name":"Seminole","state_code":"FL","country_code":"US"}},{"type":"Feature","geometry":{"type":"Point","coordinates":[-80.10032,26.58368]},"properties":{"id":126150,"name":"Seminole Manor","state_code":"FL","country_code":"US"}},{"type":"Feature","geometry":{"type":"Point","coordinates":[-80.20227,27.19949]},"properties":{"id":126184,"name":"Sewall's Point","state_code":"FL","country_code":"US"}},{"type":"Feature","geometry":{"type":"Point","coordinates":[-82.54288,28.41]},"properties":{"id":126204,"name":"Shady Hills","state_code":"FL","country_code":"US"}},{"type":"Feature","geometry":{"type":"Point","coordinates":[-80.76005,28.43223]},"properties":{"id":126234,"name":"Sharpes","state_code":"FL","country_code":"US"}},{"type":"Feature","geometry":{"type":"Point","coordinates":[-82.54526,27.26785]},"properties":{"id":126409,"name":"Siesta Key","state_code":"FL","country_code":"US"}},{"type":"Feature","geometry":{"type":"Point","coordinates":[-81.79841,28.84193]},"properties":{"id":126427,"name":"Silver Lake","state_code":"FL","country_code":"US"}},{"type":"Feature","geometry":{"type":"Point","coordinates":[-82.05759,29.21664]},"properties":{"id":126436,"name":"Silver Springs","state_code":"FL","country_code":"US"}},{"type":"Feature","geometry":{"type":"Point","coordinates":[-82.02064,29.10442]},"properties":{"id":126437,"name":"Silver Springs Shores","state_code":"FL","country_code":"US"}},{"type":"Feature","geometry":{"type":"Point","coordinates":[-81.39146,28.45723]},"properties":{"id":126485,"name":"Sky Lake","state_code":"FL","country_code":"US"}},{"type":"Feature","geometry":{"type":"Point","coordinates":[-84.92552,30.70801]},"properties":{"id":126538,"name":"Sneads","state_code":"FL","country_code":"US"}},{"type":"Feature","geometry":{"type":"Point","coordinates":[-81.50952,28.66194]},"properties":{"id":126614,"name":"South Apopka","state_code":"FL","country_code":"US"}},{"type":"Feature","geometry":{"type":"Point","coordinates":[-80.71617,26.66396]},"properties":{"id":126618,"name":"South Bay","state_code":"FL","country_code":"US"}},{"type":"Feature","geometry":{"type":"Point","coordinates":[-80.34422,27.59115]},"properties":{"id":126619,"name":"South Beach","state_code":"FL","country_code":"US"}},{"type":"Feature","geometry":{"type":"Point","coordinates":[-82.58176,27.4631]},"properties":{"id":126631,"name":"South Bradenton","state_code":"FL","country_code":"US"}},{"type":"Feature","geometry":{"type":"Point","coordinates":[-82.38403,28.53582]},"properties":{"id":126632,"name":"South Brooksville","state_code":"FL","country_code":"US"}},{"type":"Feature","geometry":{"type":"Point","coordinates":[-81.0045,29.16582]},"properties":{"id":126645,"name":"South Daytona","state_code":"FL","country_code":"US"}},{"type":"Feature","geometry":{"type":"Point","coordinates":[-82.49676,27.28644]},"properties":{"id":126660,"name":"South Gate Ridge","state_code":"FL","country_code":"US"}},{"type":"Feature","geometry":{"type":"Point","coordinates":[-82.71288,27.91697]},"properties":{"id":126670,"name":"South Highpoint","state_code":"FL","country_code":"US"}},{"type":"Feature","geometry":{"type":"Point","coordinates":[-80.29338,25.7076]},"properties":{"id":126691,"name":"South Miami","state_code":"FL","country_code":"US"}},{"type":"Feature","geometry":{"type":"Point","coordinates":[-80.38061,25.59761]},"properties":{"id":126692,"name":"South Miami Heights","state_code":"FL","country_code":"US"}},{"type":"Feature","geometry":{"type":"Point","coordinates":[-80.03865,26.58896]},"properties":{"id":126701,"name":"South Palm Beach","state_code":"FL","country_code":"US"}},{"type":"Feature","geometry":{"type":"Point","coordinates":[-82.7376,27.75503]},"properties":{"id":126705,"name":"South Pasadena","state_code":"FL","country_code":"US"}},{"type":"Feature","geometry":{"type":"Point","coordinates":[-80.6095,28.20223]},"properties":{"id":126707,"name":"South Patrick Shores","state_code":"FL","country_code":"US"}},{"type":"Feature","geometry":{"type":"Point","coordinates":[-82.53288,27.28616]},"properties":{"id":126727,"name":"South Sarasota","state_code":"FL","country_code":"US"}},{"type":"Feature","geometry":{"type":"Point","coordinates":[-82.42426,27.05311]},"properties":{"id":126742,"name":"South Venice","state_code":"FL","country_code":"US"}},{"type":"Feature","geometry":{"type":"Point","coordinates":[-81.3834,28.39306]},"properties":{"id":126764,"name":"Southchase","state_code":"FL","country_code":"US"}},{"type":"Feature","geometry":{"type":"Point","coordinates":[-81.8521,27.18629]},"properties":{"id":126765,"name":"Southeast Arcadia","state_code":"FL","country_code":"US"}},{"type":"Feature","geometry":{"type":"Point","coordinates":[-82.50982,27.3081]},"properties":{"id":126773,"name":"Southgate","state_code":"FL","country_code":"US"}},{"type":"Feature","geometry":{"type":"Point","coordinates":[-80.33727,26.0587]},"properties":{"id":126790,"name":"Southwest Ranches","state_code":"FL","country_code":"US"}},{"type":"Feature","geometry":{"type":"Point","coordinates":[-82.52546,28.47688]},"properties":{"id":126860,"name":"Spring Hill","state_code":"FL","country_code":"US"}},{"type":"Feature","geometry":{"type":"Point","coordinates":[-85.61132,30.15326]},"properties":{"id":126889,"name":"Springfield","state_code":"FL","country_code":"US"}},{"type":"Feature","geometry":{"type":"Point","coordinates":[-81.54774,30.0815]},"properties":{"id":126926,"name":"St. Johns","state_code":"FL","country_code":"US"}},{"type":"Feature","geometry":{"type":"Point","coordinates":[-82.67927,27.77086]},"properties":{"id":126930,"name":"St. Petersburg","state_code":"FL","country_code":"US"}},{"type":"Feature","geometry":{"type":"Point","coordinates":[-82.10983,29.94413]},"properties":{"id":126986,"name":"Starke","state_code":"FL","country_code":"US"}},{"type":"Feature","geometry":{"type":"Point","coordinates":[-83.38764,29.67106]},"properties":{"id":127018,"name":"Steinhatchee","state_code":"FL","country_code":"US"}},{"type":"Feature","geometry":{"type":"Point","coordinates":[-81.73842,24.56709]},"properties":{"id":127066,"name":"Stock Island","state_code":"FL","country_code":"US"}},{"type":"Feature","geometry":{"type":"Point","coordinates":[-80.25283,27.19755]},"properties":{"id":127142,"name":"Stuart","state_code":"FL","country_code":"US"}},{"type":"Feature","geometry":{"type":"Point","coordinates":[-82.50621,28.73221]},"properties":{"id":127176,"name":"Sugarmill Woods","state_code":"FL","country_code":"US"}},{"type":"Feature","geometry":{"type":"Point","coordinates":[-82.35176,27.71809]},"properties":{"id":127234,"name":"Sun City Center","state_code":"FL","country_code":"US"}},{"type":"Feature","geometry":{"type":"Point","coordinates":[-81.86897,26.71174]},"properties":{"id":127246,"name":"Suncoast Estates","state_code":"FL","country_code":"US"}},{"type":"Feature","geometry":{"type":"Point","coordinates":[-80.12282,25.95065]},"properties":{"id":127256,"name":"Sunny Isles Beach","state_code":"FL","country_code":"US"}},{"type":"Feature","geometry":{"type":"Point","coordinates":[-80.1131,26.13397]},"properties":{"id":127267,"name":"Sunrise","state_code":"FL","country_code":"US"}},{"type":"Feature","geometry":{"type":"Point","coordinates":[-80.35228,25.70594]},"properties":{"id":127271,"name":"Sunset","state_code":"FL","country_code":"US"}},{"type":"Feature","geometry":{"type":"Point","coordinates":[-80.32894,26.04592]},"properties":{"id":127277,"name":"Sunshine Ranches","state_code":"FL","country_code":"US"}},{"type":"Feature","geometry":{"type":"Point","coordinates":[-80.1256,25.87843]},"properties":{"id":127287,"name":"Surfside","state_code":"FL","country_code":"US"}},{"type":"Feature","geometry":{"type":"Point","coordinates":[-80.37311,25.76343]},"properties":{"id":127340,"name":"Sweetwater","state_code":"FL","country_code":"US"}},{"type":"Feature","geometry":{"type":"Point","coordinates":[-81.36507,28.42973]},"properties":{"id":127371,"name":"Taft","state_code":"FL","country_code":"US"}},{"type":"Feature","geometry":{"type":"Point","coordinates":[-84.28073,30.43826]},"properties":{"id":127391,"name":"Tallahassee","state_code":"FL","country_code":"US"}},{"type":"Feature","geometry":{"type":"Point","coordinates":[-80.24977,26.21286]},"properties":{"id":127405,"name":"Tamarac","state_code":"FL","country_code":"US"}},{"type":"Feature","geometry":{"type":"Point","coordinates":[-80.39839,25.75871]},"properties":{"id":127406,"name":"Tamiami","state_code":"FL","country_code":"US"}},{"type":"Feature","geometry":{"type":"Point","coordinates":[-82.45843,27.94752]},"properties":{"id":127407,"name":"Tampa","state_code":"FL","country_code":"US"}},{"type":"Feature","geometry":{"type":"Point","coordinates":[-81.4459,28.45584]},"properties":{"id":127412,"name":"Tangelo Park","state_code":"FL","country_code":"US"}},{"type":"Feature","geometry":{"type":"Point","coordinates":[-81.63063,28.76499]},"properties":{"id":127414,"name":"Tangerine","state_code":"FL","country_code":"US"}},{"type":"Feature","geometry":{"type":"Point","coordinates":[-82.75677,28.14612]},"properties":{"id":127433,"name":"Tarpon Springs","state_code":"FL","country_code":"US"}},{"type":"Feature","geometry":{"type":"Point","coordinates":[-81.72563,28.80416]},"properties":{"id":127442,"name":"Tavares","state_code":"FL","country_code":"US"}},{"type":"Feature","geometry":{"type":"Point","coordinates":[-80.51506,25.01152]},"properties":{"id":127443,"name":"Tavernier","state_code":"FL","country_code":"US"}},{"type":"Feature","geometry":{"type":"Point","coordinates":[-80.7895,27.21671]},"properties":{"id":127458,"name":"Taylor Creek","state_code":"FL","country_code":"US"}},{"type":"Feature","geometry":{"type":"Point","coordinates":[-80.12227,26.28425]},"properties":{"id":127481,"name":"Tedder","state_code":"FL","country_code":"US"}},{"type":"Feature","geometry":{"type":"Point","coordinates":[-82.38926,28.0353]},"properties":{"id":127503,"name":"Temple Terrace","state_code":"FL","country_code":"US"}},{"type":"Feature","geometry":{"type":"Point","coordinates":[-80.12865,26.96811]},"properties":{"id":127513,"name":"Tequesta","state_code":"FL","country_code":"US"}},{"type":"Feature","geometry":{"type":"Point","coordinates":[-80.09532,26.21619]},"properties":{"id":127516,"name":"Terra Mar","state_code":"FL","country_code":"US"}},{"type":"Feature","geometry":{"type":"Point","coordinates":[-80.26749,26.79404]},"properties":{"id":127553,"name":"The Acreage","state_code":"FL","country_code":"US"}},{"type":"Feature","geometry":{"type":"Point","coordinates":[-80.40117,25.67066]},"properties":{"id":127556,"name":"The Crossings","state_code":"FL","country_code":"US"}},{"type":"Feature","geometry":{"type":"Point","coordinates":[-80.4445,25.67149]},"properties":{"id":127559,"name":"The Hammocks","state_code":"FL","country_code":"US"}},{"type":"Feature","geometry":{"type":"Point","coordinates":[-82.46898,27.36171]},"properties":{"id":127562,"name":"The Meadows","state_code":"FL","country_code":"US"}},{"type":"Feature","geometry":{"type":"Point","coordinates":[-81.95994,28.93408]},"properties":{"id":127565,"name":"The Villages","state_code":"FL","country_code":"US"}},{"type":"Feature","geometry":{"type":"Point","coordinates":[-82.30231,28.06141]},"properties":{"id":127597,"name":"Thonotosassa","state_code":"FL","country_code":"US"}},{"type":"Feature","geometry":{"type":"Point","coordinates":[-80.39839,25.64205]},"properties":{"id":127612,"name":"Three Lakes","state_code":"FL","country_code":"US"}},{"type":"Feature","geometry":{"type":"Point","coordinates":[-81.79397,26.47008]},"properties":{"id":127614,"name":"Three Oaks","state_code":"FL","country_code":"US"}},{"type":"Feature","geometry":{"type":"Point","coordinates":[-81.81508,26.67479]},"properties":{"id":127633,"name":"Tice","state_code":"FL","country_code":"US"}},{"type":"Feature","geometry":{"type":"Point","coordinates":[-82.72343,27.69197]},"properties":{"id":127638,"name":"Tierra Verde","state_code":"FL","country_code":"US"}},{"type":"Feature","geometry":{"type":"Point","coordinates":[-87.05552,30.37853]},"properties":{"id":127644,"name":"Tiger Point","state_code":"FL","country_code":"US"}},{"type":"Feature","geometry":{"type":"Point","coordinates":[-82.60316,28.47028]},"properties":{"id":127657,"name":"Timber Pines","state_code":"FL","country_code":"US"}},{"type":"Feature","geometry":{"type":"Point","coordinates":[-80.80755,28.61222]},"properties":{"id":127685,"name":"Titusville","state_code":"FL","country_code":"US"}},{"type":"Feature","geometry":{"type":"Point","coordinates":[-82.57732,28.01057]},"properties":{"id":127756,"name":"Town 'n' Country","state_code":"FL","country_code":"US"}},{"type":"Feature","geometry":{"type":"Point","coordinates":[-82.76899,27.76919]},"properties":{"id":127790,"name":"Treasure Island","state_code":"FL","country_code":"US"}},{"type":"Feature","geometry":{"type":"Point","coordinates":[-82.81762,29.61329]},"properties":{"id":127801,"name":"Trenton","state_code":"FL","country_code":"US"}},{"type":"Feature","geometry":{"type":"Point","coordinates":[-82.68177,28.18085]},"properties":{"id":127824,"name":"Trinity","state_code":"FL","country_code":"US"}},{"type":"Feature","geometry":{"type":"Point","coordinates":[-80.16005,26.18092]},"properties":{"id":127928,"name":"Twin Lakes","state_code":"FL","country_code":"US"}},{"type":"Feature","geometry":{"type":"Point","coordinates":[-85.60731,30.08535]},"properties":{"id":127946,"name":"Tyndall Air Force Base","state_code":"FL","country_code":"US"}},{"type":"Feature","geometry":{"type":"Point","coordinates":[-81.66563,28.92943]},"properties":{"id":127961,"name":"Umatilla","state_code":"FL","country_code":"US"}},{"type":"Feature","geometry":{"type":"Point","coordinates":[-81.28618,28.56806]},"properties":{"id":128009,"name":"Union Park","state_code":"FL","country_code":"US"}},{"type":"Feature","geometry":{"type":"Point","coordinates":[-82.43902,28.07389]},"properties":{"id":128025,"name":"University","state_code":"FL","country_code":"US"}},{"type":"Feature","geometry":{"type":"Point","coordinates":[-80.36755,25.74649]},"properties":{"id":128031,"name":"University Park","state_code":"FL","country_code":"US"}},{"type":"Feature","geometry":{"type":"Point","coordinates":[-85.74076,30.16326]},"properties":{"id":128044,"name":"Upper Grand Lagoon","state_code":"FL","country_code":"US"}},{"type":"Feature","geometry":{"type":"Point","coordinates":[-86.50273,30.50853]},"properties":{"id":128120,"name":"Valparaiso","state_code":"FL","country_code":"US"}},{"type":"Feature","geometry":{"type":"Point","coordinates":[-82.23644,27.93789]},"properties":{"id":128122,"name":"Valrico","state_code":"FL","country_code":"US"}},{"type":"Feature","geometry":{"type":"Point","coordinates":[-82.49787,27.222]},"properties":{"id":128123,"name":"Vamo","state_code":"FL","country_code":"US"}},{"type":"Feature","geometry":{"type":"Point","coordinates":[-82.45426,27.09978]},"properties":{"id":128170,"name":"Venice","state_code":"FL","country_code":"US"}},{"type":"Feature","geometry":{"type":"Point","coordinates":[-82.4076,27.07311]},"properties":{"id":128173,"name":"Venice Gardens","state_code":"FL","country_code":"US"}},{"type":"Feature","geometry":{"type":"Point","coordinates":[-80.39727,27.63864]},"properties":{"id":128198,"name":"Vero Beach","state_code":"FL","country_code":"US"}},{"type":"Feature","geometry":{"type":"Point","coordinates":[-80.41308,27.61638]},"properties":{"id":128199,"name":"Vero Beach South","state_code":"FL","country_code":"US"}},{"type":"Feature","geometry":{"type":"Point","coordinates":[-81.67985,26.08412]},"properties":{"id":128206,"name":"Verona Walk","state_code":"FL","country_code":"US"}},{"type":"Feature","geometry":{"type":"Point","coordinates":[-80.71449,28.26234]},"properties":{"id":128236,"name":"Viera East","state_code":"FL","country_code":"US"}},{"type":"Feature","geometry":{"type":"Point","coordinates":[-80.7338,28.24504]},"properties":{"id":128237,"name":"Viera West","state_code":"FL","country_code":"US"}},{"type":"Feature","geometry":{"type":"Point","coordinates":[-80.15282,26.4623]},"properties":{"id":128255,"name":"Villages of Oriole","state_code":"FL","country_code":"US"}},{"type":"Feature","geometry":{"type":"Point","coordinates":[-81.30202,29.93858]},"properties":{"id":128256,"name":"Villano Beach","state_code":"FL","country_code":"US"}},{"type":"Feature","geometry":{"type":"Point","coordinates":[-81.8687,26.55035]},"properties":{"id":128257,"name":"Villas","state_code":"FL","country_code":"US"}},{"type":"Feature","geometry":{"type":"Point","coordinates":[-81.72798,26.22373]},"properties":{"id":128275,"name":"Vineyards","state_code":"FL","country_code":"US"}},{"type":"Feature","geometry":{"type":"Point","coordinates":[-80.30227,25.81038]},"properties":{"id":128291,"name":"Virginia Gardens","state_code":"FL","country_code":"US"}},{"type":"Feature","geometry":{"type":"Point","coordinates":[-80.39894,27.76475]},"properties":{"id":128314,"name":"Wabasso Beach","state_code":"FL","country_code":"US"}},{"type":"Feature","geometry":{"type":"Point","coordinates":[-81.72702,27.9528]},"properties":{"id":128333,"name":"Wahneta","state_code":"FL","country_code":"US"}},{"type":"Feature","geometry":{"type":"Point","coordinates":[-82.16732,29.78969]},"properties":{"id":128371,"name":"Waldo","state_code":"FL","country_code":"US"}},{"type":"Feature","geometry":{"type":"Point","coordinates":[-87.17997,30.67741]},"properties":{"id":128396,"name":"Wallace","state_code":"FL","country_code":"US"}},{"type":"Feature","geometry":{"type":"Point","coordinates":[-82.26009,27.05978]},"properties":{"id":128468,"name":"Warm Mineral Springs","state_code":"FL","country_code":"US"}},{"type":"Feature","geometry":{"type":"Point","coordinates":[-87.27497,30.38409]},"properties":{"id":128512,"name":"Warrington","state_code":"FL","country_code":"US"}},{"type":"Feature","geometry":{"type":"Point","coordinates":[-80.18116,26.13259]},"properties":{"id":128584,"name":"Washington Park","state_code":"FL","country_code":"US"}},{"type":"Feature","geometry":{"type":"Point","coordinates":[-82.61457,30.19245]},"properties":{"id":128618,"name":"Watertown","state_code":"FL","country_code":"US"}},{"type":"Feature","geometry":{"type":"Point","coordinates":[-81.81147,27.54726]},"properties":{"id":128645,"name":"Wauchula","state_code":"FL","country_code":"US"}},{"type":"Feature","geometry":{"type":"Point","coordinates":[-81.07729,28.48778]},"properties":{"id":128747,"name":"Wedgefield","state_code":"FL","country_code":"US"}},{"type":"Feature","geometry":{"type":"Point","coordinates":[-82.62954,28.53361]},"properties":{"id":128755,"name":"Weeki Wachee Gardens","state_code":"FL","country_code":"US"}},{"type":"Feature","geometry":{"type":"Point","coordinates":[-81.42563,28.69861]},"properties":{"id":128763,"name":"Wekiwa Springs","state_code":"FL","country_code":"US"}},{"type":"Feature","geometry":{"type":"Point","coordinates":[-82.81957,30.23106]},"properties":{"id":128772,"name":"Wellborn","state_code":"FL","country_code":"US"}},{"type":"Feature","geometry":{"type":"Point","coordinates":[-80.24144,26.65868]},"properties":{"id":128776,"name":"Wellington","state_code":"FL","country_code":"US"}},{"type":"Feature","geometry":{"type":"Point","coordinates":[-82.32787,28.23973]},"properties":{"id":128809,"name":"Wesley Chapel","state_code":"FL","country_code":"US"}},{"type":"Feature","geometry":{"type":"Point","coordinates":[-82.68944,27.81993]},"properties":{"id":129011,"name":"West and East Lealman","state_code":"FL","country_code":"US"}},{"type":"Feature","geometry":{"type":"Point","coordinates":[-82.61399,27.50254]},"properties":{"id":128831,"name":"West Bradenton","state_code":"FL","country_code":"US"}},{"type":"Feature","geometry":{"type":"Point","coordinates":[-81.33312,29.01582]},"properties":{"id":128855,"name":"West DeLand","state_code":"FL","country_code":"US"}},{"type":"Feature","geometry":{"type":"Point","coordinates":[-80.0981,26.70257]},"properties":{"id":128876,"name":"West Gate","state_code":"FL","country_code":"US"}},{"type":"Feature","geometry":{"type":"Point","coordinates":[-80.18394,26.02065]},"properties":{"id":128898,"name":"West Hollywood","state_code":"FL","country_code":"US"}},{"type":"Feature","geometry":{"type":"Point","coordinates":[-80.23699,25.85704]},"properties":{"id":128920,"name":"West Little River","state_code":"FL","country_code":"US"}},{"type":"Feature","geometry":{"type":"Point","coordinates":[-80.65339,28.07168]},"properties":{"id":128927,"name":"West Melbourne","state_code":"FL","country_code":"US"}},{"type":"Feature","geometry":{"type":"Point","coordinates":[-80.29616,25.76343]},"properties":{"id":128930,"name":"West Miami","state_code":"FL","country_code":"US"}},{"type":"Feature","geometry":{"type":"Point","coordinates":[-80.05337,26.71534]},"properties":{"id":128947,"name":"West Palm Beach","state_code":"FL","country_code":"US"}},{"type":"Feature","geometry":{"type":"Point","coordinates":[-80.19894,25.98454]},"properties":{"id":128949,"name":"West Park","state_code":"FL","country_code":"US"}},{"type":"Feature","geometry":{"type":"Point","coordinates":[-87.27969,30.42659]},"properties":{"id":128952,"name":"West Pensacola","state_code":"FL","country_code":"US"}},{"type":"Feature","geometry":{"type":"Point","coordinates":[-80.36283,25.60594]},"properties":{"id":128954,"name":"West Perrine","state_code":"FL","country_code":"US"}},{"type":"Feature","geometry":{"type":"Point","coordinates":[-82.55676,27.46948]},"properties":{"id":128974,"name":"West Samoset","state_code":"FL","country_code":"US"}},{"type":"Feature","geometry":{"type":"Point","coordinates":[-80.48576,27.63775]},"properties":{"id":128998,"name":"West Vero Corridor","state_code":"FL","country_code":"US"}},{"type":"Feature","geometry":{"type":"Point","coordinates":[-82.60982,28.05502]},"properties":{"id":129017,"name":"Westchase","state_code":"FL","country_code":"US"}},{"type":"Feature","geometry":{"type":"Point","coordinates":[-80.32727,25.75482]},"properties":{"id":129018,"name":"Westchester","state_code":"FL","country_code":"US"}},{"type":"Feature","geometry":{"type":"Point","coordinates":[-80.39977,26.10037]},"properties":{"id":129058,"name":"Weston","state_code":"FL","country_code":"US"}},{"type":"Feature","geometry":{"type":"Point","coordinates":[-80.24199,25.88204]},"properties":{"id":129075,"name":"Westview","state_code":"FL","country_code":"US"}},{"type":"Feature","geometry":{"type":"Point","coordinates":[-80.37283,25.72927]},"properties":{"id":129088,"name":"Westwood Lake","state_code":"FL","country_code":"US"}},{"type":"Feature","geometry":{"type":"Point","coordinates":[-85.20047,30.1127]},"properties":{"id":129094,"name":"Wewahitchka","state_code":"FL","country_code":"US"}},{"type":"Feature","geometry":{"type":"Point","coordinates":[-81.89009,26.57258]},"properties":{"id":129123,"name":"Whiskey Creek","state_code":"FL","country_code":"US"}},{"type":"Feature","geometry":{"type":"Point","coordinates":[-80.33394,27.37393]},"properties":{"id":129130,"name":"White City","state_code":"FL","country_code":"US"}},{"type":"Feature","geometry":{"type":"Point","coordinates":[-82.56593,27.41171]},"properties":{"id":129193,"name":"Whitfield","state_code":"FL","country_code":"US"}},{"type":"Feature","geometry":{"type":"Point","coordinates":[-82.04058,28.86542]},"properties":{"id":129236,"name":"Wildwood","state_code":"FL","country_code":"US"}},{"type":"Feature","geometry":{"type":"Point","coordinates":[-81.44285,28.41445]},"properties":{"id":129265,"name":"Williamsburg","state_code":"FL","country_code":"US"}},{"type":"Feature","geometry":{"type":"Point","coordinates":[-82.44677,29.38747]},"properties":{"id":129296,"name":"Williston","state_code":"FL","country_code":"US"}},{"type":"Feature","geometry":{"type":"Point","coordinates":[-82.5415,29.34052]},"properties":{"id":129300,"name":"Williston Highlands","state_code":"FL","country_code":"US"}},{"type":"Feature","geometry":{"type":"Point","coordinates":[-82.01786,27.91614]},"properties":{"id":129307,"name":"Willow Oak","state_code":"FL","country_code":"US"}},{"type":"Feature","geometry":{"type":"Point","coordinates":[-80.13893,26.16036]},"properties":{"id":129347,"name":"Wilton Manors","state_code":"FL","country_code":"US"}},{"type":"Feature","geometry":{"type":"Point","coordinates":[-82.29898,27.71253]},"properties":{"id":129348,"name":"Wimauma","state_code":"FL","country_code":"US"}},{"type":"Feature","geometry":{"type":"Point","coordinates":[-81.5348,28.49556]},"properties":{"id":129370,"name":"Windermere","state_code":"FL","country_code":"US"}},{"type":"Feature","geometry":{"type":"Point","coordinates":[-82.01481,28.03169]},"properties":{"id":129432,"name":"Winston","state_code":"FL","country_code":"US"}},{"type":"Feature","geometry":{"type":"Point","coordinates":[-80.42061,27.7192]},"properties":{"id":129437,"name":"Winter Beach","state_code":"FL","country_code":"US"}},{"type":"Feature","geometry":{"type":"Point","coordinates":[-81.58618,28.56528]},"properties":{"id":129438,"name":"Winter Garden","state_code":"FL","country_code":"US"}},{"type":"Feature","geometry":{"type":"Point","coordinates":[-81.73286,28.02224]},"properties":{"id":129440,"name":"Winter Haven","state_code":"FL","country_code":"US"}},{"type":"Feature","geometry":{"type":"Point","coordinates":[-81.33924,28.6]},"properties":{"id":129441,"name":"Winter Park","state_code":"FL","country_code":"US"}},{"type":"Feature","geometry":{"type":"Point","coordinates":[-81.30812,28.69889]},"properties":{"id":129442,"name":"Winter Springs","state_code":"FL","country_code":"US"}},{"type":"Feature","geometry":{"type":"Point","coordinates":[-86.9908,30.38825]},"properties":{"id":129538,"name":"Woodlawn Beach","state_code":"FL","country_code":"US"}},{"type":"Feature","geometry":{"type":"Point","coordinates":[-84.2474,30.31409]},"properties":{"id":129570,"name":"Woodville","state_code":"FL","country_code":"US"}},{"type":"Feature","geometry":{"type":"Point","coordinates":[-86.63829,30.45575]},"properties":{"id":129605,"name":"Wright","state_code":"FL","country_code":"US"}},{"type":"Feature","geometry":{"type":"Point","coordinates":[-81.80869,28.7386]},"properties":{"id":129653,"name":"Yalaha","state_code":"FL","country_code":"US"}},{"type":"Feature","geometry":{"type":"Point","coordinates":[-85.43826,30.36436]},"properties":{"id":129716,"name":"Youngstown","state_code":"FL","country_code":"US"}},{"type":"Feature","geometry":{"type":"Point","coordinates":[-81.60649,30.6319]},"properties":{"id":129732,"name":"Yulee","state_code":"FL","country_code":"US"}},{"type":"Feature","geometry":{"type":"Point","coordinates":[-81.60118,28.73111]},"properties":{"id":129747,"name":"Zellwood","state_code":"FL","country_code":"US"}},{"type":"Feature","geometry":{"type":"Point","coordinates":[-82.18119,28.23362]},"properties":{"id":129749,"name":"Zephyrhills","state_code":"FL","country_code":"US"}},{"type":"Feature","geometry":{"type":"Point","coordinates":[-82.16557,28.25172]},"properties":{"id":129750,"name":"Zephyrhills North","state_code":"FL","country_code":"US"}},{"type":"Feature","geometry":{"type":"Point","coordinates":[-82.18873,28.21492]},"properties":{"id":129751,"name":"Zephyrhills South","state_code":"FL","country_code":"US"}},{"type":"Feature","geometry":{"type":"Point","coordinates":[-82.20556,28.23081]},"properties":{"id":129752,"name":"Zephyrhills West","state_code":"FL","country_code":"US"}},{"type":"Feature","geometry":{"type":"Point","coordinates":[-81.79592,27.49337]},"properties":{"id":129760,"name":"Zolfo Springs","state_code":"FL","country_code":"US"}}]}