{"type":"FeatureCollection","features":[{"type":"Feature","geometry":{"type":"Point","coordinates":[-90.4018,40.80448]},"properties":{"id":110985,"name":"Abingdon","state_code":"IL","country_code":"US"}},{"type":"Feature","geometry":{"type":"Point","coordinates":[-87.98896,41.9317]},"properties":{"id":111035,"name":"Addison","state_code":"IL","country_code":"US"}},{"type":"Feature","geometry":{"type":"Point","coordinates":[-87.72339,41.96836]},"properties":{"id":111114,"name":"Albany Park","state_code":"IL","country_code":"US"}},{"type":"Feature","geometry":{"type":"Point","coordinates":[-89.61231,38.54338]},"properties":{"id":111117,"name":"Albers","state_code":"IL","country_code":"US"}},{"type":"Feature","geometry":{"type":"Point","coordinates":[-88.05615,38.37755]},"properties":{"id":111123,"name":"Albion","state_code":"IL","country_code":"US"}},{"type":"Feature","geometry":{"type":"Point","coordinates":[-90.74931,41.19976]},"properties":{"id":111142,"name":"Aledo","state_code":"IL","country_code":"US"}},{"type":"Feature","geometry":{"type":"Point","coordinates":[-88.29425,42.16558]},"properties":{"id":111167,"name":"Algonquin","state_code":"IL","country_code":"US"}},{"type":"Feature","geometry":{"type":"Point","coordinates":[-90.12011,38.58977]},"properties":{"id":111216,"name":"Alorton","state_code":"IL","country_code":"US"}},{"type":"Feature","geometry":{"type":"Point","coordinates":[-87.73866,41.66892]},"properties":{"id":111227,"name":"Alsip","state_code":"IL","country_code":"US"}},{"type":"Feature","geometry":{"type":"Point","coordinates":[-88.74811,39.06199]},"properties":{"id":111232,"name":"Altamont","state_code":"IL","country_code":"US"}},{"type":"Feature","geometry":{"type":"Point","coordinates":[-90.18428,38.8906]},"properties":{"id":111242,"name":"Alton","state_code":"IL","country_code":"US"}},{"type":"Feature","geometry":{"type":"Point","coordinates":[-89.32871,41.7142]},"properties":{"id":111265,"name":"Amboy","state_code":"IL","country_code":"US"}},{"type":"Feature","geometry":{"type":"Point","coordinates":[-90.71764,41.4392]},"properties":{"id":111308,"name":"Andalusia","state_code":"IL","country_code":"US"}},{"type":"Feature","geometry":{"type":"Point","coordinates":[-89.24703,37.46033]},"properties":{"id":111346,"name":"Anna","state_code":"IL","country_code":"US"}},{"type":"Feature","geometry":{"type":"Point","coordinates":[-88.09564,42.47724]},"properties":{"id":111372,"name":"Antioch","state_code":"IL","country_code":"US"}},{"type":"Feature","geometry":{"type":"Point","coordinates":[-88.30644,39.68476]},"properties":{"id":111436,"name":"Arcola","state_code":"IL","country_code":"US"}},{"type":"Feature","geometry":{"type":"Point","coordinates":[-87.98063,42.08836]},"properties":{"id":111472,"name":"Arlington Heights","state_code":"IL","country_code":"US"}},{"type":"Feature","geometry":{"type":"Point","coordinates":[-88.47228,39.71476]},"properties":{"id":111498,"name":"Arthur","state_code":"IL","country_code":"US"}},{"type":"Feature","geometry":{"type":"Point","coordinates":[-87.71116,41.74753]},"properties":{"id":111515,"name":"Ashburn","state_code":"IL","country_code":"US"}},{"type":"Feature","geometry":{"type":"Point","coordinates":[-90.00789,39.88783]},"properties":{"id":111528,"name":"Ashland","state_code":"IL","country_code":"US"}},{"type":"Feature","geometry":{"type":"Point","coordinates":[-89.04897,39.52032]},"properties":{"id":111557,"name":"Assumption","state_code":"IL","country_code":"US"}},{"type":"Feature","geometry":{"type":"Point","coordinates":[-90.35957,40.22754]},"properties":{"id":111561,"name":"Astoria","state_code":"IL","country_code":"US"}},{"type":"Feature","geometry":{"type":"Point","coordinates":[-89.72399,39.96088]},"properties":{"id":111574,"name":"Athens","state_code":"IL","country_code":"US"}},{"type":"Feature","geometry":{"type":"Point","coordinates":[-89.23342,40.25948]},"properties":{"id":111592,"name":"Atlanta","state_code":"IL","country_code":"US"}},{"type":"Feature","geometry":{"type":"Point","coordinates":[-88.46228,39.79948]},"properties":{"id":111614,"name":"Atwood","state_code":"IL","country_code":"US"}},{"type":"Feature","geometry":{"type":"Point","coordinates":[-89.74649,39.59172]},"properties":{"id":111621,"name":"Auburn","state_code":"IL","country_code":"US"}},{"type":"Feature","geometry":{"type":"Point","coordinates":[-87.65322,41.74179]},"properties":{"id":111633,"name":"Auburn Gresham","state_code":"IL","country_code":"US"}},{"type":"Feature","geometry":{"type":"Point","coordinates":[-88.32007,41.76058]},"properties":{"id":111659,"name":"Aurora","state_code":"IL","country_code":"US"}},{"type":"Feature","geometry":{"type":"Point","coordinates":[-89.60759,38.60672]},"properties":{"id":111686,"name":"Aviston","state_code":"IL","country_code":"US"}},{"type":"Feature","geometry":{"type":"Point","coordinates":[-87.71117,41.93892]},"properties":{"id":111700,"name":"Avondale","state_code":"IL","country_code":"US"}},{"type":"Feature","geometry":{"type":"Point","coordinates":[-87.86646,42.19336]},"properties":{"id":111805,"name":"Bannockburn","state_code":"IL","country_code":"US"}},{"type":"Feature","geometry":{"type":"Point","coordinates":[-88.13619,42.15391]},"properties":{"id":111846,"name":"Barrington","state_code":"IL","country_code":"US"}},{"type":"Feature","geometry":{"type":"Point","coordinates":[-88.15563,42.14475]},"properties":{"id":111849,"name":"Barrington Hills","state_code":"IL","country_code":"US"}},{"type":"Feature","geometry":{"type":"Point","coordinates":[-91.03902,39.69421]},"properties":{"id":111854,"name":"Barry","state_code":"IL","country_code":"US"}},{"type":"Feature","geometry":{"type":"Point","coordinates":[-88.18563,41.99503]},"properties":{"id":111863,"name":"Bartlett","state_code":"IL","country_code":"US"}},{"type":"Feature","geometry":{"type":"Point","coordinates":[-89.65205,40.65032]},"properties":{"id":111871,"name":"Bartonville","state_code":"IL","country_code":"US"}},{"type":"Feature","geometry":{"type":"Point","coordinates":[-88.31257,41.85003]},"properties":{"id":111887,"name":"Batavia","state_code":"IL","country_code":"US"}},{"type":"Feature","geometry":{"type":"Point","coordinates":[-87.8573,42.42224]},"properties":{"id":111966,"name":"Beach Park","state_code":"IL","country_code":"US"}},{"type":"Feature","geometry":{"type":"Point","coordinates":[-90.42429,40.01755]},"properties":{"id":111980,"name":"Beardstown","state_code":"IL","country_code":"US"}},{"type":"Feature","geometry":{"type":"Point","coordinates":[-89.43592,38.6056]},"properties":{"id":112011,"name":"Beckemeyer","state_code":"IL","country_code":"US"}},{"type":"Feature","geometry":{"type":"Point","coordinates":[-87.62143,41.34059]},"properties":{"id":112039,"name":"Beecher","state_code":"IL","country_code":"US"}},{"type":"Feature","geometry":{"type":"Point","coordinates":[-89.98399,38.52005]},"properties":{"id":112103,"name":"Belleville","state_code":"IL","country_code":"US"}},{"type":"Feature","geometry":{"type":"Point","coordinates":[-89.6801,40.68448]},"properties":{"id":112110,"name":"Bellevue","state_code":"IL","country_code":"US"}},{"type":"Feature","geometry":{"type":"Point","coordinates":[-87.88312,41.88142]},"properties":{"id":112131,"name":"Bellwood","state_code":"IL","country_code":"US"}},{"type":"Feature","geometry":{"type":"Point","coordinates":[-87.76867,41.9317]},"properties":{"id":112143,"name":"Belmont Cragin","state_code":"IL","country_code":"US"}},{"type":"Feature","geometry":{"type":"Point","coordinates":[-88.84427,42.26391]},"properties":{"id":112155,"name":"Belvidere","state_code":"IL","country_code":"US"}},{"type":"Feature","geometry":{"type":"Point","coordinates":[-88.57201,39.92198]},"properties":{"id":112159,"name":"Bement","state_code":"IL","country_code":"US"}},{"type":"Feature","geometry":{"type":"Point","coordinates":[-89.80398,39.09282]},"properties":{"id":112172,"name":"Benld","state_code":"IL","country_code":"US"}},{"type":"Feature","geometry":{"type":"Point","coordinates":[-87.94007,41.95503]},"properties":{"id":112180,"name":"Bensenville","state_code":"IL","country_code":"US"}},{"type":"Feature","geometry":{"type":"Point","coordinates":[-88.92007,37.99672]},"properties":{"id":112193,"name":"Benton","state_code":"IL","country_code":"US"}},{"type":"Feature","geometry":{"type":"Point","coordinates":[-87.9034,41.88892]},"properties":{"id":112222,"name":"Berkeley","state_code":"IL","country_code":"US"}},{"type":"Feature","geometry":{"type":"Point","coordinates":[-87.79367,41.85059]},"properties":{"id":112264,"name":"Berwyn","state_code":"IL","country_code":"US"}},{"type":"Feature","geometry":{"type":"Point","coordinates":[-90.04066,38.90921]},"properties":{"id":112271,"name":"Bethalto","state_code":"IL","country_code":"US"}},{"type":"Feature","geometry":{"type":"Point","coordinates":[-88.73813,39.64559]},"properties":{"id":112272,"name":"Bethany","state_code":"IL","country_code":"US"}},{"type":"Feature","geometry":{"type":"Point","coordinates":[-88.54702,41.76392]},"properties":{"id":112332,"name":"Big Rock","state_code":"IL","country_code":"US"}},{"type":"Feature","geometry":{"type":"Point","coordinates":[-88.0809,41.95753]},"properties":{"id":112447,"name":"Bloomingdale","state_code":"IL","country_code":"US"}},{"type":"Feature","geometry":{"type":"Point","coordinates":[-88.99369,40.4842]},"properties":{"id":112451,"name":"Bloomington","state_code":"IL","country_code":"US"}},{"type":"Feature","geometry":{"type":"Point","coordinates":[-87.68005,41.65726]},"properties":{"id":112469,"name":"Blue Island","state_code":"IL","country_code":"US"}},{"type":"Feature","geometry":{"type":"Point","coordinates":[-89.12314,39.70115]},"properties":{"id":112471,"name":"Blue Mound","state_code":"IL","country_code":"US"}},{"type":"Feature","geometry":{"type":"Point","coordinates":[-88.0684,41.69864]},"properties":{"id":112516,"name":"Bolingbrook","state_code":"IL","country_code":"US"}},{"type":"Feature","geometry":{"type":"Point","coordinates":[-88.33618,41.71253]},"properties":{"id":112605,"name":"Boulder Hill","state_code":"IL","country_code":"US"}},{"type":"Feature","geometry":{"type":"Point","coordinates":[-87.88754,41.15376]},"properties":{"id":112615,"name":"Bourbonnais","state_code":"IL","country_code":"US"}},{"type":"Feature","geometry":{"type":"Point","coordinates":[-87.86115,41.14198]},"properties":{"id":112672,"name":"Bradley","state_code":"IL","country_code":"US"}},{"type":"Feature","geometry":{"type":"Point","coordinates":[-88.21228,41.26503]},"properties":{"id":112680,"name":"Braidwood","state_code":"IL","country_code":"US"}},{"type":"Feature","geometry":{"type":"Point","coordinates":[-89.52703,38.6106]},"properties":{"id":112717,"name":"Breese","state_code":"IL","country_code":"US"}},{"type":"Feature","geometry":{"type":"Point","coordinates":[-87.65116,41.83809]},"properties":{"id":112761,"name":"Bridgeport","state_code":"IL","country_code":"US"}},{"type":"Feature","geometry":{"type":"Point","coordinates":[-87.80422,41.75003]},"properties":{"id":112771,"name":"Bridgeview","state_code":"IL","country_code":"US"}},{"type":"Feature","geometry":{"type":"Point","coordinates":[-90.14066,39.03977]},"properties":{"id":112787,"name":"Brighton","state_code":"IL","country_code":"US"}},{"type":"Feature","geometry":{"type":"Point","coordinates":[-87.69894,41.81892]},"properties":{"id":112793,"name":"Brighton Park","state_code":"IL","country_code":"US"}},{"type":"Feature","geometry":{"type":"Point","coordinates":[-87.85339,41.86392]},"properties":{"id":112827,"name":"Broadview","state_code":"IL","country_code":"US"}},{"type":"Feature","geometry":{"type":"Point","coordinates":[-87.85173,41.82392]},"properties":{"id":112854,"name":"Brookfield","state_code":"IL","country_code":"US"}},{"type":"Feature","geometry":{"type":"Point","coordinates":[-87.95979,42.15141]},"properties":{"id":113021,"name":"Buffalo Grove","state_code":"IL","country_code":"US"}},{"type":"Feature","geometry":{"type":"Point","coordinates":[-88.35509,42.32058]},"properties":{"id":113029,"name":"Bull Valley","state_code":"IL","country_code":"US"}},{"type":"Feature","geometry":{"type":"Point","coordinates":[-89.95177,39.04282]},"properties":{"id":113040,"name":"Bunker Hill","state_code":"IL","country_code":"US"}},{"type":"Feature","geometry":{"type":"Point","coordinates":[-87.7795,41.73392]},"properties":{"id":113046,"name":"Burbank","state_code":"IL","country_code":"US"}},{"type":"Feature","geometry":{"type":"Point","coordinates":[-87.55671,41.63892]},"properties":{"id":113083,"name":"Burnham","state_code":"IL","country_code":"US"}},{"type":"Feature","geometry":{"type":"Point","coordinates":[-87.91839,41.74892]},"properties":{"id":113093,"name":"Burr Ridge","state_code":"IL","country_code":"US"}},{"type":"Feature","geometry":{"type":"Point","coordinates":[-90.50624,40.55282]},"properties":{"id":113102,"name":"Bushnell","state_code":"IL","country_code":"US"}},{"type":"Feature","geometry":{"type":"Point","coordinates":[-89.25566,42.12697]},"properties":{"id":113144,"name":"Byron","state_code":"IL","country_code":"US"}},{"type":"Feature","geometry":{"type":"Point","coordinates":[-90.19011,38.57088]},"properties":{"id":113168,"name":"Cahokia","state_code":"IL","country_code":"US"}},{"type":"Feature","geometry":{"type":"Point","coordinates":[-89.17646,37.00533]},"properties":{"id":113170,"name":"Cairo","state_code":"IL","country_code":"US"}},{"type":"Feature","geometry":{"type":"Point","coordinates":[-87.52949,41.61559]},"properties":{"id":113230,"name":"Calumet City","state_code":"IL","country_code":"US"}},{"type":"Feature","geometry":{"type":"Point","coordinates":[-87.6606,41.66281]},"properties":{"id":113232,"name":"Calumet Park","state_code":"IL","country_code":"US"}},{"type":"Feature","geometry":{"type":"Point","coordinates":[-89.11925,37.78144]},"properties":{"id":113245,"name":"Cambria","state_code":"IL","country_code":"US"}},{"type":"Feature","geometry":{"type":"Point","coordinates":[-90.1929,41.30365]},"properties":{"id":113251,"name":"Cambridge","state_code":"IL","country_code":"US"}},{"type":"Feature","geometry":{"type":"Point","coordinates":[-91.0693,40.03921]},"properties":{"id":113292,"name":"Camp Point","state_code":"IL","country_code":"US"}},{"type":"Feature","geometry":{"type":"Point","coordinates":[-90.03512,40.55809]},"properties":{"id":113343,"name":"Canton","state_code":"IL","country_code":"US"}},{"type":"Feature","geometry":{"type":"Point","coordinates":[-88.74038,42.39974]},"properties":{"id":113377,"name":"Capron","state_code":"IL","country_code":"US"}},{"type":"Feature","geometry":{"type":"Point","coordinates":[-90.39068,41.49476]},"properties":{"id":113381,"name":"Carbon Cliff","state_code":"IL","country_code":"US"}},{"type":"Feature","geometry":{"type":"Point","coordinates":[-89.21675,37.72727]},"properties":{"id":113388,"name":"Carbondale","state_code":"IL","country_code":"US"}},{"type":"Feature","geometry":{"type":"Point","coordinates":[-89.88177,39.27977]},"properties":{"id":113400,"name":"Carlinville","state_code":"IL","country_code":"US"}},{"type":"Feature","geometry":{"type":"Point","coordinates":[-89.37258,38.61033]},"properties":{"id":113414,"name":"Carlyle","state_code":"IL","country_code":"US"}},{"type":"Feature","geometry":{"type":"Point","coordinates":[-88.15865,38.09088]},"properties":{"id":113422,"name":"Carmi","state_code":"IL","country_code":"US"}},{"type":"Feature","geometry":{"type":"Point","coordinates":[-88.13479,41.91253]},"properties":{"id":113434,"name":"Carol Stream","state_code":"IL","country_code":"US"}},{"type":"Feature","geometry":{"type":"Point","coordinates":[-88.25786,42.12114]},"properties":{"id":113439,"name":"Carpentersville","state_code":"IL","country_code":"US"}},{"type":"Feature","geometry":{"type":"Point","coordinates":[-88.63283,37.68422]},"properties":{"id":113444,"name":"Carrier Mills","state_code":"IL","country_code":"US"}},{"type":"Feature","geometry":{"type":"Point","coordinates":[-90.40706,39.30227]},"properties":{"id":113465,"name":"Carrollton","state_code":"IL","country_code":"US"}},{"type":"Feature","geometry":{"type":"Point","coordinates":[-89.0773,37.76005]},"properties":{"id":113489,"name":"Carterville","state_code":"IL","country_code":"US"}},{"type":"Feature","geometry":{"type":"Point","coordinates":[-91.13625,40.41643]},"properties":{"id":113496,"name":"Carthage","state_code":"IL","country_code":"US"}},{"type":"Feature","geometry":{"type":"Point","coordinates":[-88.23814,42.21197]},"properties":{"id":113506,"name":"Cary","state_code":"IL","country_code":"US"}},{"type":"Feature","geometry":{"type":"Point","coordinates":[-87.99253,39.2992]},"properties":{"id":113519,"name":"Casey","state_code":"IL","country_code":"US"}},{"type":"Feature","geometry":{"type":"Point","coordinates":[-90.02566,38.63672]},"properties":{"id":113521,"name":"Caseyville","state_code":"IL","country_code":"US"}},{"type":"Feature","geometry":{"type":"Point","coordinates":[-87.70197,40.06504]},"properties":{"id":113573,"name":"Catlin","state_code":"IL","country_code":"US"}},{"type":"Feature","geometry":{"type":"Point","coordinates":[-89.12701,38.54894]},"properties":{"id":113667,"name":"Central City","state_code":"IL","country_code":"US"}},{"type":"Feature","geometry":{"type":"Point","coordinates":[-89.1334,38.52505]},"properties":{"id":113685,"name":"Centralia","state_code":"IL","country_code":"US"}},{"type":"Feature","geometry":{"type":"Point","coordinates":[-90.12511,38.58338]},"properties":{"id":113692,"name":"Centreville","state_code":"IL","country_code":"US"}},{"type":"Feature","geometry":{"type":"Point","coordinates":[-88.72813,39.89059]},"properties":{"id":113702,"name":"Cerro Gordo","state_code":"IL","country_code":"US"}},{"type":"Feature","geometry":{"type":"Point","coordinates":[-88.24338,40.11642]},"properties":{"id":113724,"name":"Champaign","state_code":"IL","country_code":"US"}},{"type":"Feature","geometry":{"type":"Point","coordinates":[-88.22867,41.42948]},"properties":{"id":113733,"name":"Channahon","state_code":"IL","country_code":"US"}},{"type":"Feature","geometry":{"type":"Point","coordinates":[-88.13759,42.47863]},"properties":{"id":113735,"name":"Channel Lake","state_code":"IL","country_code":"US"}},{"type":"Feature","geometry":{"type":"Point","coordinates":[-88.17615,39.49615]},"properties":{"id":113762,"name":"Charleston","state_code":"IL","country_code":"US"}},{"type":"Feature","geometry":{"type":"Point","coordinates":[-87.61255,41.74115]},"properties":{"id":113797,"name":"Chatham","state_code":"IL","country_code":"US"}},{"type":"Feature","geometry":{"type":"Point","coordinates":[-88.29199,40.75365]},"properties":{"id":113806,"name":"Chatsworth","state_code":"IL","country_code":"US"}},{"type":"Feature","geometry":{"type":"Point","coordinates":[-87.9081,41.00309]},"properties":{"id":113820,"name":"Chebanse","state_code":"IL","country_code":"US"}},{"type":"Feature","geometry":{"type":"Point","coordinates":[-88.71979,40.7417]},"properties":{"id":113841,"name":"Chenoa","state_code":"IL","country_code":"US"}},{"type":"Feature","geometry":{"type":"Point","coordinates":[-88.94899,42.23474]},"properties":{"id":113864,"name":"Cherry Valley","state_code":"IL","country_code":"US"}},{"type":"Feature","geometry":{"type":"Point","coordinates":[-89.82205,37.91366]},"properties":{"id":113882,"name":"Chester","state_code":"IL","country_code":"US"}},{"type":"Feature","geometry":{"type":"Point","coordinates":[-87.65005,41.85003]},"properties":{"id":113931,"name":"Chicago","state_code":"IL","country_code":"US"}},{"type":"Feature","geometry":{"type":"Point","coordinates":[-87.6356,41.50615]},"properties":{"id":113932,"name":"Chicago Heights","state_code":"IL","country_code":"US"}},{"type":"Feature","geometry":{"type":"Point","coordinates":[-87.69644,41.77503]},"properties":{"id":113933,"name":"Chicago Lawn","state_code":"IL","country_code":"US"}},{"type":"Feature","geometry":{"type":"Point","coordinates":[-87.6333,41.88407]},"properties":{"id":113934,"name":"Chicago Loop","state_code":"IL","country_code":"US"}},{"type":"Feature","geometry":{"type":"Point","coordinates":[-87.77922,41.70142]},"properties":{"id":113935,"name":"Chicago Ridge","state_code":"IL","country_code":"US"}},{"type":"Feature","geometry":{"type":"Point","coordinates":[-89.4862,40.92226]},"properties":{"id":113954,"name":"Chillicothe","state_code":"IL","country_code":"US"}},{"type":"Feature","geometry":{"type":"Point","coordinates":[-87.67364,39.80365]},"properties":{"id":113994,"name":"Chrisman","state_code":"IL","country_code":"US"}},{"type":"Feature","geometry":{"type":"Point","coordinates":[-89.05341,37.97255]},"properties":{"id":114002,"name":"Christopher","state_code":"IL","country_code":"US"}},{"type":"Feature","geometry":{"type":"Point","coordinates":[-87.75394,41.84559]},"properties":{"id":114019,"name":"Cicero","state_code":"IL","country_code":"US"}},{"type":"Feature","geometry":{"type":"Point","coordinates":[-87.95478,41.79753]},"properties":{"id":114114,"name":"Clarendon Hills","state_code":"IL","country_code":"US"}},{"type":"Feature","geometry":{"type":"Point","coordinates":[-87.93449,40.93531]},"properties":{"id":114257,"name":"Clifton","state_code":"IL","country_code":"US"}},{"type":"Feature","geometry":{"type":"Point","coordinates":[-88.96453,40.15365]},"properties":{"id":114279,"name":"Clinton","state_code":"IL","country_code":"US"}},{"type":"Feature","geometry":{"type":"Point","coordinates":[-88.28562,41.28781]},"properties":{"id":114327,"name":"Coal City","state_code":"IL","country_code":"US"}},{"type":"Feature","geometry":{"type":"Point","coordinates":[-90.46096,41.42865]},"properties":{"id":114333,"name":"Coal Valley","state_code":"IL","country_code":"US"}},{"type":"Feature","geometry":{"type":"Point","coordinates":[-89.25342,37.53144]},"properties":{"id":114346,"name":"Cobden","state_code":"IL","country_code":"US"}},{"type":"Feature","geometry":{"type":"Point","coordinates":[-90.79263,40.42643]},"properties":{"id":114382,"name":"Colchester","state_code":"IL","country_code":"US"}},{"type":"Feature","geometry":{"type":"Point","coordinates":[-88.61645,40.56698]},"properties":{"id":114406,"name":"Colfax","state_code":"IL","country_code":"US"}},{"type":"Feature","geometry":{"type":"Point","coordinates":[-89.98455,38.67033]},"properties":{"id":114434,"name":"Collinsville","state_code":"IL","country_code":"US"}},{"type":"Feature","geometry":{"type":"Point","coordinates":[-90.35318,41.48392]},"properties":{"id":114445,"name":"Colona","state_code":"IL","country_code":"US"}},{"type":"Feature","geometry":{"type":"Point","coordinates":[-90.20122,38.44366]},"properties":{"id":114465,"name":"Columbia","state_code":"IL","country_code":"US"}},{"type":"Feature","geometry":{"type":"Point","coordinates":[-88.6887,41.92003]},"properties":{"id":114675,"name":"Cortland","state_code":"IL","country_code":"US"}},{"type":"Feature","geometry":{"type":"Point","coordinates":[-87.72033,41.56809]},"properties":{"id":114718,"name":"Country Club Hills","state_code":"IL","country_code":"US"}},{"type":"Feature","geometry":{"type":"Point","coordinates":[-87.87811,41.78281]},"properties":{"id":114726,"name":"Countryside","state_code":"IL","country_code":"US"}},{"type":"Feature","geometry":{"type":"Point","coordinates":[-89.06785,37.75199]},"properties":{"id":114761,"name":"Crainville","state_code":"IL","country_code":"US"}},{"type":"Feature","geometry":{"type":"Point","coordinates":[-88.09867,41.55475]},"properties":{"id":114803,"name":"Crest Hill","state_code":"IL","country_code":"US"}},{"type":"Feature","geometry":{"type":"Point","coordinates":[-87.74154,41.64463]},"properties":{"id":114811,"name":"Crestwood","state_code":"IL","country_code":"US"}},{"type":"Feature","geometry":{"type":"Point","coordinates":[-87.63143,41.44448]},"properties":{"id":114814,"name":"Crete","state_code":"IL","country_code":"US"}},{"type":"Feature","geometry":{"type":"Point","coordinates":[-89.59121,40.64726]},"properties":{"id":114817,"name":"Creve Coeur","state_code":"IL","country_code":"US"}},{"type":"Feature","geometry":{"type":"Point","coordinates":[-88.3162,42.24113]},"properties":{"id":114880,"name":"Crystal Lake","state_code":"IL","country_code":"US"}},{"type":"Feature","geometry":{"type":"Point","coordinates":[-88.15812,41.57031]},"properties":{"id":114881,"name":"Crystal Lawns","state_code":"IL","country_code":"US"}},{"type":"Feature","geometry":{"type":"Point","coordinates":[-88.19091,42.18391]},"properties":{"id":114886,"name":"Cuba","state_code":"IL","country_code":"US"}},{"type":"Feature","geometry":{"type":"Point","coordinates":[-89.17731,40.52948]},"properties":{"id":115030,"name":"Danvers","state_code":"IL","country_code":"US"}},{"type":"Feature","geometry":{"type":"Point","coordinates":[-87.63002,40.12448]},"properties":{"id":115035,"name":"Danville","state_code":"IL","country_code":"US"}},{"type":"Feature","geometry":{"type":"Point","coordinates":[-87.97395,41.75198]},"properties":{"id":115047,"name":"Darien","state_code":"IL","country_code":"US"}},{"type":"Feature","geometry":{"type":"Point","coordinates":[-89.09316,42.10169]},"properties":{"id":115076,"name":"Davis Junction","state_code":"IL","country_code":"US"}},{"type":"Feature","geometry":{"type":"Point","coordinates":[-89.22786,37.81755]},"properties":{"id":115116,"name":"De Soto","state_code":"IL","country_code":"US"}},{"type":"Feature","geometry":{"type":"Point","coordinates":[-88.9548,39.84031]},"properties":{"id":115151,"name":"Decatur","state_code":"IL","country_code":"US"}},{"type":"Feature","geometry":{"type":"Point","coordinates":[-88.08147,42.16086]},"properties":{"id":115176,"name":"Deer Park","state_code":"IL","country_code":"US"}},{"type":"Feature","geometry":{"type":"Point","coordinates":[-87.84451,42.17114]},"properties":{"id":115181,"name":"Deerfield","state_code":"IL","country_code":"US"}},{"type":"Feature","geometry":{"type":"Point","coordinates":[-88.75036,41.92947]},"properties":{"id":115127,"name":"DeKalb","state_code":"IL","country_code":"US"}},{"type":"Feature","geometry":{"type":"Point","coordinates":[-89.54732,40.37254]},"properties":{"id":115200,"name":"Delavan","state_code":"IL","country_code":"US"}},{"type":"Feature","geometry":{"type":"Point","coordinates":[-89.30675,41.3242]},"properties":{"id":115259,"name":"Depue","state_code":"IL","country_code":"US"}},{"type":"Feature","geometry":{"type":"Point","coordinates":[-87.8834,42.03336]},"properties":{"id":115275,"name":"Des Plaines","state_code":"IL","country_code":"US"}},{"type":"Feature","geometry":{"type":"Point","coordinates":[-88.25173,41.28864]},"properties":{"id":115313,"name":"Diamond","state_code":"IL","country_code":"US"}},{"type":"Feature","geometry":{"type":"Point","coordinates":[-89.65732,39.56561]},"properties":{"id":115356,"name":"Divernon","state_code":"IL","country_code":"US"}},{"type":"Feature","geometry":{"type":"Point","coordinates":[-87.66088,41.6317]},"properties":{"id":115363,"name":"Dixmoor","state_code":"IL","country_code":"US"}},{"type":"Feature","geometry":{"type":"Point","coordinates":[-89.47955,41.83892]},"properties":{"id":115366,"name":"Dixon","state_code":"IL","country_code":"US"}},{"type":"Feature","geometry":{"type":"Point","coordinates":[-87.60727,41.63892]},"properties":{"id":115392,"name":"Dolton","state_code":"IL","country_code":"US"}},{"type":"Feature","geometry":{"type":"Point","coordinates":[-87.61811,41.83476]},"properties":{"id":115420,"name":"Douglas","state_code":"IL","country_code":"US"}},{"type":"Feature","geometry":{"type":"Point","coordinates":[-88.01117,41.80892]},"properties":{"id":115459,"name":"Downers Grove","state_code":"IL","country_code":"US"}},{"type":"Feature","geometry":{"type":"Point","coordinates":[-89.23619,38.01144]},"properties":{"id":115486,"name":"Du Quoin","state_code":"IL","country_code":"US"}},{"type":"Feature","geometry":{"type":"Point","coordinates":[-89.67871,40.8617]},"properties":{"id":115544,"name":"Dunlap","state_code":"IL","country_code":"US"}},{"type":"Feature","geometry":{"type":"Point","coordinates":[-90.21039,38.51616]},"properties":{"id":115557,"name":"Dupo","state_code":"IL","country_code":"US"}},{"type":"Feature","geometry":{"type":"Point","coordinates":[-89.33206,42.4364]},"properties":{"id":115562,"name":"Durand","state_code":"IL","country_code":"US"}},{"type":"Feature","geometry":{"type":"Point","coordinates":[-88.42506,41.09448]},"properties":{"id":115584,"name":"Dwight","state_code":"IL","country_code":"US"}},{"type":"Feature","geometry":{"type":"Point","coordinates":[-88.92203,41.58948]},"properties":{"id":115621,"name":"Earlville","state_code":"IL","country_code":"US"}},{"type":"Feature","geometry":{"type":"Point","coordinates":[-90.11122,38.88033]},"properties":{"id":115626,"name":"East Alton","state_code":"IL","country_code":"US"}},{"type":"Feature","geometry":{"type":"Point","coordinates":[-90.64291,42.49223]},"properties":{"id":115652,"name":"East Dubuque","state_code":"IL","country_code":"US"}},{"type":"Feature","geometry":{"type":"Point","coordinates":[-88.27147,42.09891]},"properties":{"id":115653,"name":"East Dundee","state_code":"IL","country_code":"US"}},{"type":"Feature","geometry":{"type":"Point","coordinates":[-87.70283,41.88087]},"properties":{"id":115668,"name":"East Garfield Park","state_code":"IL","country_code":"US"}},{"type":"Feature","geometry":{"type":"Point","coordinates":[-87.64643,41.57365]},"properties":{"id":115687,"name":"East Hazel Crest","state_code":"IL","country_code":"US"}},{"type":"Feature","geometry":{"type":"Point","coordinates":[-90.4443,41.50087]},"properties":{"id":115716,"name":"East Moline","state_code":"IL","country_code":"US"}},{"type":"Feature","geometry":{"type":"Point","coordinates":[-89.5801,40.66615]},"properties":{"id":115732,"name":"East Peoria","state_code":"IL","country_code":"US"}},{"type":"Feature","geometry":{"type":"Point","coordinates":[-90.15094,38.6245]},"properties":{"id":115754,"name":"East Saint Louis","state_code":"IL","country_code":"US"}},{"type":"Feature","geometry":{"type":"Point","coordinates":[-87.66395,41.98337]},"properties":{"id":115853,"name":"Edgewater","state_code":"IL","country_code":"US"}},{"type":"Feature","geometry":{"type":"Point","coordinates":[-89.38953,39.65727]},"properties":{"id":115869,"name":"Edinburg","state_code":"IL","country_code":"US"}},{"type":"Feature","geometry":{"type":"Point","coordinates":[-89.95316,38.81144]},"properties":{"id":115894,"name":"Edwardsville","state_code":"IL","country_code":"US"}},{"type":"Feature","geometry":{"type":"Point","coordinates":[-88.54338,39.12004]},"properties":{"id":115896,"name":"Effingham","state_code":"IL","country_code":"US"}},{"type":"Feature","geometry":{"type":"Point","coordinates":[-89.01646,40.7392]},"properties":{"id":115929,"name":"El Paso","state_code":"IL","country_code":"US"}},{"type":"Feature","geometry":{"type":"Point","coordinates":[-88.4723,41.89225]},"properties":{"id":115948,"name":"Elburn","state_code":"IL","country_code":"US"}},{"type":"Feature","geometry":{"type":"Point","coordinates":[-88.4381,37.81366]},"properties":{"id":115952,"name":"Eldorado","state_code":"IL","country_code":"US"}},{"type":"Feature","geometry":{"type":"Point","coordinates":[-88.28119,42.03725]},"properties":{"id":115966,"name":"Elgin","state_code":"IL","country_code":"US"}},{"type":"Feature","geometry":{"type":"Point","coordinates":[-88.30504,37.44588]},"properties":{"id":115977,"name":"Elizabethtown","state_code":"IL","country_code":"US"}},{"type":"Feature","geometry":{"type":"Point","coordinates":[-87.97035,42.00392]},"properties":{"id":115988,"name":"Elk Grove Village","state_code":"IL","country_code":"US"}},{"type":"Feature","geometry":{"type":"Point","coordinates":[-87.94034,41.89947]},"properties":{"id":116051,"name":"Elmhurst","state_code":"IL","country_code":"US"}},{"type":"Feature","geometry":{"type":"Point","coordinates":[-89.9665,40.77782]},"properties":{"id":116061,"name":"Elmwood","state_code":"IL","country_code":"US"}},{"type":"Feature","geometry":{"type":"Point","coordinates":[-87.80923,41.92114]},"properties":{"id":116062,"name":"Elmwood Park","state_code":"IL","country_code":"US"}},{"type":"Feature","geometry":{"type":"Point","coordinates":[-88.11172,41.40392]},"properties":{"id":116080,"name":"Elwood","state_code":"IL","country_code":"US"}},{"type":"Feature","geometry":{"type":"Point","coordinates":[-89.02646,37.77394]},"properties":{"id":116122,"name":"Energy","state_code":"IL","country_code":"US"}},{"type":"Feature","geometry":{"type":"Point","coordinates":[-87.64588,41.77976]},"properties":{"id":116131,"name":"Englewood","state_code":"IL","country_code":"US"}},{"type":"Feature","geometry":{"type":"Point","coordinates":[-90.07929,41.65642]},"properties":{"id":116165,"name":"Erie","state_code":"IL","country_code":"US"}},{"type":"Feature","geometry":{"type":"Point","coordinates":[-89.27286,40.72143]},"properties":{"id":116234,"name":"Eureka","state_code":"IL","country_code":"US"}},{"type":"Feature","geometry":{"type":"Point","coordinates":[-87.69006,42.04114]},"properties":{"id":116251,"name":"Evanston","state_code":"IL","country_code":"US"}},{"type":"Feature","geometry":{"type":"Point","coordinates":[-87.70172,41.72059]},"properties":{"id":116265,"name":"Evergreen Park","state_code":"IL","country_code":"US"}},{"type":"Feature","geometry":{"type":"Point","coordinates":[-88.51478,40.74726]},"properties":{"id":116294,"name":"Fairbury","state_code":"IL","country_code":"US"}},{"type":"Feature","geometry":{"type":"Point","coordinates":[-88.35977,38.37894]},"properties":{"id":116310,"name":"Fairfield","state_code":"IL","country_code":"US"}},{"type":"Feature","geometry":{"type":"Point","coordinates":[-88.05923,41.55614]},"properties":{"id":116336,"name":"Fairmont","state_code":"IL","country_code":"US"}},{"type":"Feature","geometry":{"type":"Point","coordinates":[-89.99038,38.58894]},"properties":{"id":116358,"name":"Fairview Heights","state_code":"IL","country_code":"US"}},{"type":"Feature","geometry":{"type":"Point","coordinates":[-88.64257,40.24337]},"properties":{"id":116402,"name":"Farmer City","state_code":"IL","country_code":"US"}},{"type":"Feature","geometry":{"type":"Point","coordinates":[-90.00595,40.69809]},"properties":{"id":116416,"name":"Farmington","state_code":"IL","country_code":"US"}},{"type":"Feature","geometry":{"type":"Point","coordinates":[-88.35005,40.31476]},"properties":{"id":116527,"name":"Fisher","state_code":"IL","country_code":"US"}},{"type":"Feature","geometry":{"type":"Point","coordinates":[-88.86118,40.87809]},"properties":{"id":116547,"name":"Flanagan","state_code":"IL","country_code":"US"}},{"type":"Feature","geometry":{"type":"Point","coordinates":[-88.4856,38.66894]},"properties":{"id":116570,"name":"Flora","state_code":"IL","country_code":"US"}},{"type":"Feature","geometry":{"type":"Point","coordinates":[-87.68477,41.54281]},"properties":{"id":116598,"name":"Flossmoor","state_code":"IL","country_code":"US"}},{"type":"Feature","geometry":{"type":"Point","coordinates":[-87.59171,41.50642]},"properties":{"id":116638,"name":"Ford Heights","state_code":"IL","country_code":"US"}},{"type":"Feature","geometry":{"type":"Point","coordinates":[-88.05563,42.20752]},"properties":{"id":116660,"name":"Forest Lake","state_code":"IL","country_code":"US"}},{"type":"Feature","geometry":{"type":"Point","coordinates":[-87.81367,41.87948]},"properties":{"id":116666,"name":"Forest Park","state_code":"IL","country_code":"US"}},{"type":"Feature","geometry":{"type":"Point","coordinates":[-88.41116,40.75198]},"properties":{"id":116678,"name":"Forrest","state_code":"IL","country_code":"US"}},{"type":"Feature","geometry":{"type":"Point","coordinates":[-89.57928,42.12614]},"properties":{"id":116681,"name":"Forreston","state_code":"IL","country_code":"US"}},{"type":"Feature","geometry":{"type":"Point","coordinates":[-88.95119,39.93254]},"properties":{"id":116682,"name":"Forsyth","state_code":"IL","country_code":"US"}},{"type":"Feature","geometry":{"type":"Point","coordinates":[-88.1837,42.39669]},"properties":{"id":116803,"name":"Fox Lake","state_code":"IL","country_code":"US"}},{"type":"Feature","geometry":{"type":"Point","coordinates":[-88.13175,42.40808]},"properties":{"id":116805,"name":"Fox Lake Hills","state_code":"IL","country_code":"US"}},{"type":"Feature","geometry":{"type":"Point","coordinates":[-88.21453,42.20086]},"properties":{"id":116807,"name":"Fox River Grove","state_code":"IL","country_code":"US"}},{"type":"Feature","geometry":{"type":"Point","coordinates":[-87.84866,41.49587]},"properties":{"id":116819,"name":"Frankfort","state_code":"IL","country_code":"US"}},{"type":"Feature","geometry":{"type":"Point","coordinates":[-87.8031,41.51892]},"properties":{"id":116824,"name":"Frankfort Square","state_code":"IL","country_code":"US"}},{"type":"Feature","geometry":{"type":"Point","coordinates":[-87.86562,41.93531]},"properties":{"id":116868,"name":"Franklin Park","state_code":"IL","country_code":"US"}},{"type":"Feature","geometry":{"type":"Point","coordinates":[-89.91371,38.42755]},"properties":{"id":116900,"name":"Freeburg","state_code":"IL","country_code":"US"}},{"type":"Feature","geometry":{"type":"Point","coordinates":[-89.62123,42.29669]},"properties":{"id":116912,"name":"Freeport","state_code":"IL","country_code":"US"}},{"type":"Feature","geometry":{"type":"Point","coordinates":[-90.15957,41.86725]},"properties":{"id":116990,"name":"Fulton","state_code":"IL","country_code":"US"}},{"type":"Feature","geometry":{"type":"Point","coordinates":[-87.69616,41.79503]},"properties":{"id":117009,"name":"Gage Park","state_code":"IL","country_code":"US"}},{"type":"Feature","geometry":{"type":"Point","coordinates":[-87.98258,42.35169]},"properties":{"id":117010,"name":"Gages Lake","state_code":"IL","country_code":"US"}},{"type":"Feature","geometry":{"type":"Point","coordinates":[-90.42902,42.41667]},"properties":{"id":117024,"name":"Galena","state_code":"IL","country_code":"US"}},{"type":"Feature","geometry":{"type":"Point","coordinates":[-90.37124,40.94782]},"properties":{"id":117027,"name":"Galesburg","state_code":"IL","country_code":"US"}},{"type":"Feature","geometry":{"type":"Point","coordinates":[-90.04261,41.16754]},"properties":{"id":117041,"name":"Galva","state_code":"IL","country_code":"US"}},{"type":"Feature","geometry":{"type":"Point","coordinates":[-88.30978,41.18559]},"properties":{"id":117076,"name":"Gardner","state_code":"IL","country_code":"US"}},{"type":"Feature","geometry":{"type":"Point","coordinates":[-90.15428,41.44809]},"properties":{"id":117137,"name":"Geneseo","state_code":"IL","country_code":"US"}},{"type":"Feature","geometry":{"type":"Point","coordinates":[-88.30535,41.88753]},"properties":{"id":117142,"name":"Geneva","state_code":"IL","country_code":"US"}},{"type":"Feature","geometry":{"type":"Point","coordinates":[-88.69287,42.09725]},"properties":{"id":117147,"name":"Genoa","state_code":"IL","country_code":"US"}},{"type":"Feature","geometry":{"type":"Point","coordinates":[-89.82873,42.13975]},"properties":{"id":117162,"name":"Georgetown","state_code":"IL","country_code":"US"}},{"type":"Feature","geometry":{"type":"Point","coordinates":[-89.53842,38.55366]},"properties":{"id":117171,"name":"Germantown","state_code":"IL","country_code":"US"}},{"type":"Feature","geometry":{"type":"Point","coordinates":[-89.46787,40.76643]},"properties":{"id":117175,"name":"Germantown Hills","state_code":"IL","country_code":"US"}},{"type":"Feature","geometry":{"type":"Point","coordinates":[-88.3846,40.45843]},"properties":{"id":117188,"name":"Gibson City","state_code":"IL","country_code":"US"}},{"type":"Feature","geometry":{"type":"Point","coordinates":[-88.02115,40.30587]},"properties":{"id":117198,"name":"Gifford","state_code":"IL","country_code":"US"}},{"type":"Feature","geometry":{"type":"Point","coordinates":[-88.37286,42.10336]},"properties":{"id":117206,"name":"Gilberts","state_code":"IL","country_code":"US"}},{"type":"Feature","geometry":{"type":"Point","coordinates":[-89.81954,39.12977]},"properties":{"id":117214,"name":"Gillespie","state_code":"IL","country_code":"US"}},{"type":"Feature","geometry":{"type":"Point","coordinates":[-87.99226,40.7667]},"properties":{"id":117219,"name":"Gilman","state_code":"IL","country_code":"US"}},{"type":"Feature","geometry":{"type":"Point","coordinates":[-89.78093,39.44644]},"properties":{"id":117226,"name":"Girard","state_code":"IL","country_code":"US"}},{"type":"Feature","geometry":{"type":"Point","coordinates":[-89.81344,40.57254]},"properties":{"id":117244,"name":"Glasford","state_code":"IL","country_code":"US"}},{"type":"Feature","geometry":{"type":"Point","coordinates":[-89.98316,38.74838]},"properties":{"id":117263,"name":"Glen Carbon","state_code":"IL","country_code":"US"}},{"type":"Feature","geometry":{"type":"Point","coordinates":[-88.06701,41.87753]},"properties":{"id":117265,"name":"Glen Ellyn","state_code":"IL","country_code":"US"}},{"type":"Feature","geometry":{"type":"Point","coordinates":[-87.75812,42.13503]},"properties":{"id":117278,"name":"Glencoe","state_code":"IL","country_code":"US"}},{"type":"Feature","geometry":{"type":"Point","coordinates":[-88.06486,41.9146]},"properties":{"id":117288,"name":"Glendale Heights","state_code":"IL","country_code":"US"}},{"type":"Feature","geometry":{"type":"Point","coordinates":[-87.78784,42.06975]},"properties":{"id":117309,"name":"Glenview","state_code":"IL","country_code":"US"}},{"type":"Feature","geometry":{"type":"Point","coordinates":[-87.60227,41.54253]},"properties":{"id":117314,"name":"Glenwood","state_code":"IL","country_code":"US"}},{"type":"Feature","geometry":{"type":"Point","coordinates":[-90.18678,38.9556]},"properties":{"id":117334,"name":"Godfrey","state_code":"IL","country_code":"US"}},{"type":"Feature","geometry":{"type":"Point","coordinates":[-88.48643,37.36727]},"properties":{"id":117338,"name":"Golconda","state_code":"IL","country_code":"US"}},{"type":"Feature","geometry":{"type":"Point","coordinates":[-87.93089,41.6292]},"properties":{"id":117383,"name":"Goodings Grove","state_code":"IL","country_code":"US"}},{"type":"Feature","geometry":{"type":"Point","coordinates":[-88.97229,37.5545]},"properties":{"id":117402,"name":"Goreville","state_code":"IL","country_code":"US"}},{"type":"Feature","geometry":{"type":"Point","coordinates":[-87.61727,41.81392]},"properties":{"id":117451,"name":"Grand Boulevard","state_code":"IL","country_code":"US"}},{"type":"Feature","geometry":{"type":"Point","coordinates":[-89.61871,39.81644]},"properties":{"id":117478,"name":"Grandview","state_code":"IL","country_code":"US"}},{"type":"Feature","geometry":{"type":"Point","coordinates":[-87.98674,42.39308]},"properties":{"id":117484,"name":"Grandwood Park","state_code":"IL","country_code":"US"}},{"type":"Feature","geometry":{"type":"Point","coordinates":[-90.14872,38.70144]},"properties":{"id":117494,"name":"Granite City","state_code":"IL","country_code":"US"}},{"type":"Feature","geometry":{"type":"Point","coordinates":[-87.64615,41.24114]},"properties":{"id":117523,"name":"Grant Park","state_code":"IL","country_code":"US"}},{"type":"Feature","geometry":{"type":"Point","coordinates":[-89.22759,41.26115]},"properties":{"id":117535,"name":"Granville","state_code":"IL","country_code":"US"}},{"type":"Feature","geometry":{"type":"Point","coordinates":[-88.04175,42.34447]},"properties":{"id":117559,"name":"Grayslake","state_code":"IL","country_code":"US"}},{"type":"Feature","geometry":{"type":"Point","coordinates":[-87.99364,38.25755]},"properties":{"id":117568,"name":"Grayville","state_code":"IL","country_code":"US"}},{"type":"Feature","geometry":{"type":"Point","coordinates":[-87.61485,41.76113]},"properties":{"id":117580,"name":"Greater Grand Crossing","state_code":"IL","country_code":"US"}},{"type":"Feature","geometry":{"type":"Point","coordinates":[-87.90341,42.29002]},"properties":{"id":117604,"name":"Green Oaks","state_code":"IL","country_code":"US"}},{"type":"Feature","geometry":{"type":"Point","coordinates":[-90.35763,41.47309]},"properties":{"id":117607,"name":"Green Rock","state_code":"IL","country_code":"US"}},{"type":"Feature","geometry":{"type":"Point","coordinates":[-90.21261,39.34366]},"properties":{"id":117645,"name":"Greenfield","state_code":"IL","country_code":"US"}},{"type":"Feature","geometry":{"type":"Point","coordinates":[-88.16337,39.24782]},"properties":{"id":117676,"name":"Greenup","state_code":"IL","country_code":"US"}},{"type":"Feature","geometry":{"type":"Point","coordinates":[-89.41314,38.89227]},"properties":{"id":117683,"name":"Greenville","state_code":"IL","country_code":"US"}},{"type":"Feature","geometry":{"type":"Point","coordinates":[-88.88146,40.74337]},"properties":{"id":117729,"name":"Gridley","state_code":"IL","country_code":"US"}},{"type":"Feature","geometry":{"type":"Point","coordinates":[-90.72457,39.70894]},"properties":{"id":117735,"name":"Griggsville","state_code":"IL","country_code":"US"}},{"type":"Feature","geometry":{"type":"Point","coordinates":[-87.90202,42.3703]},"properties":{"id":117809,"name":"Gurnee","state_code":"IL","country_code":"US"}},{"type":"Feature","geometry":{"type":"Point","coordinates":[-88.06786,42.34502]},"properties":{"id":117846,"name":"Hainesville","state_code":"IL","country_code":"US"}},{"type":"Feature","geometry":{"type":"Point","coordinates":[-91.33904,40.39643]},"properties":{"id":117892,"name":"Hamilton","state_code":"IL","country_code":"US"}},{"type":"Feature","geometry":{"type":"Point","coordinates":[-88.53036,42.0978]},"properties":{"id":117920,"name":"Hampshire","state_code":"IL","country_code":"US"}},{"type":"Feature","geometry":{"type":"Point","coordinates":[-90.4093,41.55587]},"properties":{"id":117932,"name":"Hampton","state_code":"IL","country_code":"US"}},{"type":"Feature","geometry":{"type":"Point","coordinates":[-89.79511,40.6917]},"properties":{"id":117962,"name":"Hanna City","state_code":"IL","country_code":"US"}},{"type":"Feature","geometry":{"type":"Point","coordinates":[-88.14507,41.99947]},"properties":{"id":117975,"name":"Hanover Park","state_code":"IL","country_code":"US"}},{"type":"Feature","geometry":{"type":"Point","coordinates":[-90.6179,39.15671]},"properties":{"id":117997,"name":"Hardin","state_code":"IL","country_code":"US"}},{"type":"Feature","geometry":{"type":"Point","coordinates":[-88.54061,37.73838]},"properties":{"id":118048,"name":"Harrisburg","state_code":"IL","country_code":"US"}},{"type":"Feature","geometry":{"type":"Point","coordinates":[-89.08397,39.85393]},"properties":{"id":118072,"name":"Harristown","state_code":"IL","country_code":"US"}},{"type":"Feature","geometry":{"type":"Point","coordinates":[-90.09594,38.83338]},"properties":{"id":118085,"name":"Hartford","state_code":"IL","country_code":"US"}},{"type":"Feature","geometry":{"type":"Point","coordinates":[-88.61371,42.42224]},"properties":{"id":118108,"name":"Harvard","state_code":"IL","country_code":"US"}},{"type":"Feature","geometry":{"type":"Point","coordinates":[-87.64671,41.61003]},"properties":{"id":118112,"name":"Harvey","state_code":"IL","country_code":"US"}},{"type":"Feature","geometry":{"type":"Point","coordinates":[-87.80756,41.96725]},"properties":{"id":118120,"name":"Harwood Heights","state_code":"IL","country_code":"US"}},{"type":"Feature","geometry":{"type":"Point","coordinates":[-90.06095,40.30004]},"properties":{"id":118146,"name":"Havana","state_code":"IL","country_code":"US"}},{"type":"Feature","geometry":{"type":"Point","coordinates":[-88.04952,42.21697]},"properties":{"id":118171,"name":"Hawthorn Woods","state_code":"IL","country_code":"US"}},{"type":"Feature","geometry":{"type":"Point","coordinates":[-87.69449,41.5717]},"properties":{"id":118202,"name":"Hazel Crest","state_code":"IL","country_code":"US"}},{"type":"Feature","geometry":{"type":"Point","coordinates":[-88.43232,42.47169]},"properties":{"id":118236,"name":"Hebron","state_code":"IL","country_code":"US"}},{"type":"Feature","geometry":{"type":"Point","coordinates":[-89.34231,41.2542]},"properties":{"id":118290,"name":"Hennepin","state_code":"IL","country_code":"US"}},{"type":"Feature","geometry":{"type":"Point","coordinates":[-89.35648,41.11142]},"properties":{"id":118296,"name":"Henry","state_code":"IL","country_code":"US"}},{"type":"Feature","geometry":{"type":"Point","coordinates":[-89.32581,40.54745]},"properties":{"id":118319,"name":"Heritage Lake","state_code":"IL","country_code":"US"}},{"type":"Feature","geometry":{"type":"Point","coordinates":[-89.02757,37.80311]},"properties":{"id":118339,"name":"Herrin","state_code":"IL","country_code":"US"}},{"type":"Feature","geometry":{"type":"Point","coordinates":[-88.09783,41.0492]},"properties":{"id":118340,"name":"Herscher","state_code":"IL","country_code":"US"}},{"type":"Feature","geometry":{"type":"Point","coordinates":[-88.97369,40.31337]},"properties":{"id":118352,"name":"Heyworth","state_code":"IL","country_code":"US"}},{"type":"Feature","geometry":{"type":"Point","coordinates":[-87.82506,41.72559]},"properties":{"id":118369,"name":"Hickory Hills","state_code":"IL","country_code":"US"}},{"type":"Feature","geometry":{"type":"Point","coordinates":[-89.6712,38.73949]},"properties":{"id":118393,"name":"Highland","state_code":"IL","country_code":"US"}},{"type":"Feature","geometry":{"type":"Point","coordinates":[-87.80034,42.18169]},"properties":{"id":118411,"name":"Highland Park","state_code":"IL","country_code":"US"}},{"type":"Feature","geometry":{"type":"Point","coordinates":[-87.80923,42.19975]},"properties":{"id":118426,"name":"Highwood","state_code":"IL","country_code":"US"}},{"type":"Feature","geometry":{"type":"Point","coordinates":[-89.06454,41.95114]},"properties":{"id":118439,"name":"Hillcrest","state_code":"IL","country_code":"US"}},{"type":"Feature","geometry":{"type":"Point","coordinates":[-89.4954,39.16128]},"properties":{"id":118446,"name":"Hillsboro","state_code":"IL","country_code":"US"}},{"type":"Feature","geometry":{"type":"Point","coordinates":[-87.90284,41.87781]},"properties":{"id":118463,"name":"Hillside","state_code":"IL","country_code":"US"}},{"type":"Feature","geometry":{"type":"Point","coordinates":[-88.64091,41.76892]},"properties":{"id":118476,"name":"Hinckley","state_code":"IL","country_code":"US"}},{"type":"Feature","geometry":{"type":"Point","coordinates":[-87.93701,41.80086]},"properties":{"id":118485,"name":"Hinsdale","state_code":"IL","country_code":"US"}},{"type":"Feature","geometry":{"type":"Point","coordinates":[-87.85783,41.76892]},"properties":{"id":118509,"name":"Hodgkins","state_code":"IL","country_code":"US"}},{"type":"Feature","geometry":{"type":"Point","coordinates":[-88.0798,42.04281]},"properties":{"id":118510,"name":"Hoffman Estates","state_code":"IL","country_code":"US"}},{"type":"Feature","geometry":{"type":"Point","coordinates":[-89.94066,38.92199]},"properties":{"id":118535,"name":"Holiday Shores","state_code":"IL","country_code":"US"}},{"type":"Feature","geometry":{"type":"Point","coordinates":[-87.95809,40.03476]},"properties":{"id":118594,"name":"Homer","state_code":"IL","country_code":"US"}},{"type":"Feature","geometry":{"type":"Point","coordinates":[-87.93811,41.60003]},"properties":{"id":118599,"name":"Homer Glen","state_code":"IL","country_code":"US"}},{"type":"Feature","geometry":{"type":"Point","coordinates":[-87.73144,41.73448]},"properties":{"id":118605,"name":"Hometown","state_code":"IL","country_code":"US"}},{"type":"Feature","geometry":{"type":"Point","coordinates":[-87.6656,41.55726]},"properties":{"id":118608,"name":"Homewood","state_code":"IL","country_code":"US"}},{"type":"Feature","geometry":{"type":"Point","coordinates":[-87.66836,40.46726]},"properties":{"id":118636,"name":"Hoopeston","state_code":"IL","country_code":"US"}},{"type":"Feature","geometry":{"type":"Point","coordinates":[-88.9873,40.60587]},"properties":{"id":118739,"name":"Hudson","state_code":"IL","country_code":"US"}},{"type":"Feature","geometry":{"type":"Point","coordinates":[-88.42814,42.16808]},"properties":{"id":118812,"name":"Huntley","state_code":"IL","country_code":"US"}},{"type":"Feature","geometry":{"type":"Point","coordinates":[-87.59394,41.7942]},"properties":{"id":118849,"name":"Hyde Park","state_code":"IL","country_code":"US"}},{"type":"Feature","geometry":{"type":"Point","coordinates":[-88.90396,38.15116]},"properties":{"id":118887,"name":"Ina","state_code":"IL","country_code":"US"}},{"type":"Feature","geometry":{"type":"Point","coordinates":[-87.90228,41.77031]},"properties":{"id":118904,"name":"Indian Head Park","state_code":"IL","country_code":"US"}},{"type":"Feature","geometry":{"type":"Point","coordinates":[-88.04283,41.52253]},"properties":{"id":118934,"name":"Ingalls Park","state_code":"IL","country_code":"US"}},{"type":"Feature","geometry":{"type":"Point","coordinates":[-88.09619,42.11808]},"properties":{"id":118956,"name":"Inverness","state_code":"IL","country_code":"US"}},{"type":"Feature","geometry":{"type":"Point","coordinates":[-87.73645,41.95336]},"properties":{"id":119006,"name":"Irving Park","state_code":"IL","country_code":"US"}},{"type":"Feature","geometry":{"type":"Point","coordinates":[-88.19203,42.27613]},"properties":{"id":119026,"name":"Island Lake","state_code":"IL","country_code":"US"}},{"type":"Feature","geometry":{"type":"Point","coordinates":[-88.00729,41.97503]},"properties":{"id":119040,"name":"Itasca","state_code":"IL","country_code":"US"}},{"type":"Feature","geometry":{"type":"Point","coordinates":[-90.22901,39.73394]},"properties":{"id":119102,"name":"Jacksonville","state_code":"IL","country_code":"US"}},{"type":"Feature","geometry":{"type":"Point","coordinates":[-89.68066,39.76755]},"properties":{"id":119227,"name":"Jerome","state_code":"IL","country_code":"US"}},{"type":"Feature","geometry":{"type":"Point","coordinates":[-90.32845,39.12005]},"properties":{"id":119235,"name":"Jerseyville","state_code":"IL","country_code":"US"}},{"type":"Feature","geometry":{"type":"Point","coordinates":[-88.24203,42.38002]},"properties":{"id":119253,"name":"Johnsburg","state_code":"IL","country_code":"US"}},{"type":"Feature","geometry":{"type":"Point","coordinates":[-88.92757,37.82061]},"properties":{"id":119280,"name":"Johnston City","state_code":"IL","country_code":"US"}},{"type":"Feature","geometry":{"type":"Point","coordinates":[-88.0834,41.52519]},"properties":{"id":119288,"name":"Joliet","state_code":"IL","country_code":"US"}},{"type":"Feature","geometry":{"type":"Point","coordinates":[-89.26814,37.45172]},"properties":{"id":119301,"name":"Jonesboro","state_code":"IL","country_code":"US"}},{"type":"Feature","geometry":{"type":"Point","coordinates":[-87.83783,41.74448]},"properties":{"id":119345,"name":"Justice","state_code":"IL","country_code":"US"}},{"type":"Feature","geometry":{"type":"Point","coordinates":[-87.86115,41.12003]},"properties":{"id":119380,"name":"Kankakee","state_code":"IL","country_code":"US"}},{"type":"Feature","geometry":{"type":"Point","coordinates":[-87.71756,42.08586]},"properties":{"id":119456,"name":"Kenilworth","state_code":"IL","country_code":"US"}},{"type":"Feature","geometry":{"type":"Point","coordinates":[-87.59755,41.8092]},"properties":{"id":119504,"name":"Kenwood","state_code":"IL","country_code":"US"}},{"type":"Feature","geometry":{"type":"Point","coordinates":[-89.92483,41.24559]},"properties":{"id":119532,"name":"Kewanee","state_code":"IL","country_code":"US"}},{"type":"Feature","geometry":{"type":"Point","coordinates":[-88.04785,42.17058]},"properties":{"id":119555,"name":"Kildeer","state_code":"IL","country_code":"US"}},{"type":"Feature","geometry":{"type":"Point","coordinates":[-89.41454,39.58866]},"properties":{"id":119573,"name":"Kincaid","state_code":"IL","country_code":"US"}},{"type":"Feature","geometry":{"type":"Point","coordinates":[-88.75898,42.09975]},"properties":{"id":119624,"name":"Kingston","state_code":"IL","country_code":"US"}},{"type":"Feature","geometry":{"type":"Point","coordinates":[-88.85121,42.09253]},"properties":{"id":119651,"name":"Kirkland","state_code":"IL","country_code":"US"}},{"type":"Feature","geometry":{"type":"Point","coordinates":[-87.88563,42.28613]},"properties":{"id":119679,"name":"Knollwood","state_code":"IL","country_code":"US"}},{"type":"Feature","geometry":{"type":"Point","coordinates":[-90.28485,40.90837]},"properties":{"id":119696,"name":"Knoxville","state_code":"IL","country_code":"US"}},{"type":"Feature","geometry":{"type":"Point","coordinates":[-87.86923,41.80503]},"properties":{"id":119752,"name":"La Grange","state_code":"IL","country_code":"US"}},{"type":"Feature","geometry":{"type":"Point","coordinates":[-87.86173,41.83475]},"properties":{"id":119753,"name":"La Grange Park","state_code":"IL","country_code":"US"}},{"type":"Feature","geometry":{"type":"Point","coordinates":[-90.96931,40.58337]},"properties":{"id":119757,"name":"La Harpe","state_code":"IL","country_code":"US"}},{"type":"Feature","geometry":{"type":"Point","coordinates":[-89.09175,41.33337]},"properties":{"id":119785,"name":"La Salle","state_code":"IL","country_code":"US"}},{"type":"Feature","geometry":{"type":"Point","coordinates":[-89.4112,41.02476]},"properties":{"id":119818,"name":"Lacon","state_code":"IL","country_code":"US"}},{"type":"Feature","geometry":{"type":"Point","coordinates":[-89.21897,41.38253]},"properties":{"id":119822,"name":"Ladd","state_code":"IL","country_code":"US"}},{"type":"Feature","geometry":{"type":"Point","coordinates":[-88.15258,42.21252]},"properties":{"id":119869,"name":"Lake Barrington","state_code":"IL","country_code":"US"}},{"type":"Feature","geometry":{"type":"Point","coordinates":[-87.83424,42.27891]},"properties":{"id":119871,"name":"Lake Bluff","state_code":"IL","country_code":"US"}},{"type":"Feature","geometry":{"type":"Point","coordinates":[-89.7421,40.63065]},"properties":{"id":119874,"name":"Lake Camelot","state_code":"IL","country_code":"US"}},{"type":"Feature","geometry":{"type":"Point","coordinates":[-88.13342,42.47919]},"properties":{"id":119876,"name":"Lake Catherine","state_code":"IL","country_code":"US"}},{"type":"Feature","geometry":{"type":"Point","coordinates":[-87.84063,42.25863]},"properties":{"id":119910,"name":"Lake Forest","state_code":"IL","country_code":"US"}},{"type":"Feature","geometry":{"type":"Point","coordinates":[-88.67209,41.61292]},"properties":{"id":119921,"name":"Lake Holiday","state_code":"IL","country_code":"US"}},{"type":"Feature","geometry":{"type":"Point","coordinates":[-88.33036,42.18169]},"properties":{"id":120004,"name":"Lake in the Hills","state_code":"IL","country_code":"US"}},{"type":"Feature","geometry":{"type":"Point","coordinates":[-88.36867,40.20642]},"properties":{"id":120006,"name":"Lake of the Woods","state_code":"IL","country_code":"US"}},{"type":"Feature","geometry":{"type":"Point","coordinates":[-89.38956,42.45446]},"properties":{"id":119983,"name":"Lake Summerset","state_code":"IL","country_code":"US"}},{"type":"Feature","geometry":{"type":"Point","coordinates":[-88.07397,42.41697]},"properties":{"id":119988,"name":"Lake Villa","state_code":"IL","country_code":"US"}},{"type":"Feature","geometry":{"type":"Point","coordinates":[-88.09341,42.19697]},"properties":{"id":120002,"name":"Lake Zurich","state_code":"IL","country_code":"US"}},{"type":"Feature","geometry":{"type":"Point","coordinates":[-88.19897,42.32863]},"properties":{"id":120022,"name":"Lakemoor","state_code":"IL","country_code":"US"}},{"type":"Feature","geometry":{"type":"Point","coordinates":[-88.35509,42.22919]},"properties":{"id":120047,"name":"Lakewood","state_code":"IL","country_code":"US"}},{"type":"Feature","geometry":{"type":"Point","coordinates":[-88.14478,41.2817]},"properties":{"id":120055,"name":"Lakewood Shores","state_code":"IL","country_code":"US"}},{"type":"Feature","geometry":{"type":"Point","coordinates":[-89.83345,42.10225]},"properties":{"id":120079,"name":"Lanark","state_code":"IL","country_code":"US"}},{"type":"Feature","geometry":{"type":"Point","coordinates":[-87.53893,41.56476]},"properties":{"id":120126,"name":"Lansing","state_code":"IL","country_code":"US"}},{"type":"Feature","geometry":{"type":"Point","coordinates":[-87.68169,38.72921]},"properties":{"id":120244,"name":"Lawrenceville","state_code":"IL","country_code":"US"}},{"type":"Feature","geometry":{"type":"Point","coordinates":[-88.76424,40.35198]},"properties":{"id":120262,"name":"Le Roy","state_code":"IL","country_code":"US"}},{"type":"Feature","geometry":{"type":"Point","coordinates":[-89.80732,38.60394]},"properties":{"id":120284,"name":"Lebanon","state_code":"IL","country_code":"US"}},{"type":"Feature","geometry":{"type":"Point","coordinates":[-89.67927,39.777]},"properties":{"id":120352,"name":"Leland Grove","state_code":"IL","country_code":"US"}},{"type":"Feature","geometry":{"type":"Point","coordinates":[-88.00173,41.67364]},"properties":{"id":120360,"name":"Lemont","state_code":"IL","country_code":"US"}},{"type":"Feature","geometry":{"type":"Point","coordinates":[-89.82234,42.37946]},"properties":{"id":120366,"name":"Lena","state_code":"IL","country_code":"US"}},{"type":"Feature","geometry":{"type":"Point","coordinates":[-90.15484,40.3931]},"properties":{"id":120431,"name":"Lewistown","state_code":"IL","country_code":"US"}},{"type":"Feature","geometry":{"type":"Point","coordinates":[-88.7834,40.64142]},"properties":{"id":120449,"name":"Lexington","state_code":"IL","country_code":"US"}},{"type":"Feature","geometry":{"type":"Point","coordinates":[-87.95313,42.28308]},"properties":{"id":120476,"name":"Libertyville","state_code":"IL","country_code":"US"}},{"type":"Feature","geometry":{"type":"Point","coordinates":[-88.47786,41.94892]},"properties":{"id":120487,"name":"Lily Lake","state_code":"IL","country_code":"US"}},{"type":"Feature","geometry":{"type":"Point","coordinates":[-87.9684,41.13237]},"properties":{"id":120493,"name":"Limestone","state_code":"IL","country_code":"US"}},{"type":"Feature","geometry":{"type":"Point","coordinates":[-89.36482,40.14838]},"properties":{"id":120503,"name":"Lincoln","state_code":"IL","country_code":"US"}},{"type":"Feature","geometry":{"type":"Point","coordinates":[-87.64783,41.9217]},"properties":{"id":120540,"name":"Lincoln Park","state_code":"IL","country_code":"US"}},{"type":"Feature","geometry":{"type":"Point","coordinates":[-87.68922,41.97587]},"properties":{"id":120546,"name":"Lincoln Square","state_code":"IL","country_code":"US"}},{"type":"Feature","geometry":{"type":"Point","coordinates":[-87.9084,42.19002]},"properties":{"id":120550,"name":"Lincolnshire","state_code":"IL","country_code":"US"}},{"type":"Feature","geometry":{"type":"Point","coordinates":[-87.73006,42.00448]},"properties":{"id":120555,"name":"Lincolnwood","state_code":"IL","country_code":"US"}},{"type":"Feature","geometry":{"type":"Point","coordinates":[-88.02619,42.41058]},"properties":{"id":120567,"name":"Lindenhurst","state_code":"IL","country_code":"US"}},{"type":"Feature","geometry":{"type":"Point","coordinates":[-88.07479,41.80114]},"properties":{"id":120602,"name":"Lisle","state_code":"IL","country_code":"US"}},{"type":"Feature","geometry":{"type":"Point","coordinates":[-89.65426,39.17533]},"properties":{"id":120603,"name":"Litchfield","state_code":"IL","country_code":"US"}},{"type":"Feature","geometry":{"type":"Point","coordinates":[-88.05784,41.58948]},"properties":{"id":120680,"name":"Lockport","state_code":"IL","country_code":"US"}},{"type":"Feature","geometry":{"type":"Point","coordinates":[-87.69922,41.92337]},"properties":{"id":120705,"name":"Logan Square","state_code":"IL","country_code":"US"}},{"type":"Feature","geometry":{"type":"Point","coordinates":[-88.00784,41.88003]},"properties":{"id":120714,"name":"Lombard","state_code":"IL","country_code":"US"}},{"type":"Feature","geometry":{"type":"Point","coordinates":[-88.84757,39.81198]},"properties":{"id":120742,"name":"Long Creek","state_code":"IL","country_code":"US"}},{"type":"Feature","geometry":{"type":"Point","coordinates":[-87.99785,42.17836]},"properties":{"id":120743,"name":"Long Grove","state_code":"IL","country_code":"US"}},{"type":"Feature","geometry":{"type":"Point","coordinates":[-88.12758,42.37085]},"properties":{"id":120746,"name":"Long Lake","state_code":"IL","country_code":"US"}},{"type":"Feature","geometry":{"type":"Point","coordinates":[-88.50255,38.77227]},"properties":{"id":120812,"name":"Louisville","state_code":"IL","country_code":"US"}},{"type":"Feature","geometry":{"type":"Point","coordinates":[-89.05816,42.32002]},"properties":{"id":120826,"name":"Loves Park","state_code":"IL","country_code":"US"}},{"type":"Feature","geometry":{"type":"Point","coordinates":[-88.63256,39.71559]},"properties":{"id":120831,"name":"Lovington","state_code":"IL","country_code":"US"}},{"type":"Feature","geometry":{"type":"Point","coordinates":[-87.66561,41.8542]},"properties":{"id":120843,"name":"Lower West Side","state_code":"IL","country_code":"US"}},{"type":"Feature","geometry":{"type":"Point","coordinates":[-87.53865,41.52642]},"properties":{"id":120933,"name":"Lynwood","state_code":"IL","country_code":"US"}},{"type":"Feature","geometry":{"type":"Point","coordinates":[-87.81811,41.81337]},"properties":{"id":120942,"name":"Lyons","state_code":"IL","country_code":"US"}},{"type":"Feature","geometry":{"type":"Point","coordinates":[-89.039,42.34724]},"properties":{"id":120955,"name":"Machesney Park","state_code":"IL","country_code":"US"}},{"type":"Feature","geometry":{"type":"Point","coordinates":[-89.35759,40.53698]},"properties":{"id":120960,"name":"Mackinaw","state_code":"IL","country_code":"US"}},{"type":"Feature","geometry":{"type":"Point","coordinates":[-90.6718,40.45921]},"properties":{"id":120961,"name":"Macomb","state_code":"IL","country_code":"US"}},{"type":"Feature","geometry":{"type":"Point","coordinates":[-88.99702,39.71282]},"properties":{"id":120963,"name":"Macon","state_code":"IL","country_code":"US"}},{"type":"Feature","geometry":{"type":"Point","coordinates":[-90.15705,38.68255]},"properties":{"id":120987,"name":"Madison","state_code":"IL","country_code":"US"}},{"type":"Feature","geometry":{"type":"Point","coordinates":[-88.40422,40.19531]},"properties":{"id":121045,"name":"Mahomet","state_code":"IL","country_code":"US"}},{"type":"Feature","geometry":{"type":"Point","coordinates":[-88.86092,41.92975]},"properties":{"id":121067,"name":"Malta","state_code":"IL","country_code":"US"}},{"type":"Feature","geometry":{"type":"Point","coordinates":[-87.98589,41.42253]},"properties":{"id":121114,"name":"Manhattan","state_code":"IL","country_code":"US"}},{"type":"Feature","geometry":{"type":"Point","coordinates":[-89.77928,40.42587]},"properties":{"id":121124,"name":"Manito","state_code":"IL","country_code":"US"}},{"type":"Feature","geometry":{"type":"Point","coordinates":[-87.83143,41.25059]},"properties":{"id":121155,"name":"Manteno","state_code":"IL","country_code":"US"}},{"type":"Feature","geometry":{"type":"Point","coordinates":[-88.59925,41.90753]},"properties":{"id":121170,"name":"Maple Park","state_code":"IL","country_code":"US"}},{"type":"Feature","geometry":{"type":"Point","coordinates":[-88.60843,42.24863]},"properties":{"id":121202,"name":"Marengo","state_code":"IL","country_code":"US"}},{"type":"Feature","geometry":{"type":"Point","coordinates":[-88.93313,37.73061]},"properties":{"id":121233,"name":"Marion","state_code":"IL","country_code":"US"}},{"type":"Feature","geometry":{"type":"Point","coordinates":[-89.7501,38.25005]},"properties":{"id":121266,"name":"Marissa","state_code":"IL","country_code":"US"}},{"type":"Feature","geometry":{"type":"Point","coordinates":[-87.69477,41.59365]},"properties":{"id":121270,"name":"Markham","state_code":"IL","country_code":"US"}},{"type":"Feature","geometry":{"type":"Point","coordinates":[-88.95703,40.03643]},"properties":{"id":121291,"name":"Maroa","state_code":"IL","country_code":"US"}},{"type":"Feature","geometry":{"type":"Point","coordinates":[-89.60038,40.61754]},"properties":{"id":121295,"name":"Marquette Heights","state_code":"IL","country_code":"US"}},{"type":"Feature","geometry":{"type":"Point","coordinates":[-88.70813,41.33087]},"properties":{"id":121300,"name":"Marseilles","state_code":"IL","country_code":"US"}},{"type":"Feature","geometry":{"type":"Point","coordinates":[-87.69364,39.39143]},"properties":{"id":121302,"name":"Marshall","state_code":"IL","country_code":"US"}},{"type":"Feature","geometry":{"type":"Point","coordinates":[-87.88198,39.33559]},"properties":{"id":121349,"name":"Martinsville","state_code":"IL","country_code":"US"}},{"type":"Feature","geometry":{"type":"Point","coordinates":[-89.95593,38.72366]},"properties":{"id":121363,"name":"Maryville","state_code":"IL","country_code":"US"}},{"type":"Feature","geometry":{"type":"Point","coordinates":[-89.79315,38.49033]},"properties":{"id":121369,"name":"Mascoutah","state_code":"IL","country_code":"US"}},{"type":"Feature","geometry":{"type":"Point","coordinates":[-89.69816,40.20227]},"properties":{"id":121376,"name":"Mason City","state_code":"IL","country_code":"US"}},{"type":"Feature","geometry":{"type":"Point","coordinates":[-87.7131,41.50392]},"properties":{"id":121411,"name":"Matteson","state_code":"IL","country_code":"US"}},{"type":"Feature","geometry":{"type":"Point","coordinates":[-88.37283,39.48309]},"properties":{"id":121414,"name":"Mattoon","state_code":"IL","country_code":"US"}},{"type":"Feature","geometry":{"type":"Point","coordinates":[-87.84312,41.8792]},"properties":{"id":121457,"name":"Maywood","state_code":"IL","country_code":"US"}},{"type":"Feature","geometry":{"type":"Point","coordinates":[-88.29259,42.36835]},"properties":{"id":121489,"name":"McCullom Lake","state_code":"IL","country_code":"US"}},{"type":"Feature","geometry":{"type":"Point","coordinates":[-88.26675,42.33335]},"properties":{"id":121508,"name":"McHenry","state_code":"IL","country_code":"US"}},{"type":"Feature","geometry":{"type":"Point","coordinates":[-87.67366,41.8317]},"properties":{"id":121523,"name":"McKinley Park","state_code":"IL","country_code":"US"}},{"type":"Feature","geometry":{"type":"Point","coordinates":[-88.53561,38.09338]},"properties":{"id":121531,"name":"McLeansboro","state_code":"IL","country_code":"US"}},{"type":"Feature","geometry":{"type":"Point","coordinates":[-87.85673,41.90059]},"properties":{"id":121632,"name":"Melrose Park","state_code":"IL","country_code":"US"}},{"type":"Feature","geometry":{"type":"Point","coordinates":[-89.11759,41.54725]},"properties":{"id":121656,"name":"Mendota","state_code":"IL","country_code":"US"}},{"type":"Feature","geometry":{"type":"Point","coordinates":[-90.55957,39.83116]},"properties":{"id":121688,"name":"Meredosia","state_code":"IL","country_code":"US"}},{"type":"Feature","geometry":{"type":"Point","coordinates":[-87.70033,41.6842]},"properties":{"id":121713,"name":"Merrionette Park","state_code":"IL","country_code":"US"}},{"type":"Feature","geometry":{"type":"Point","coordinates":[-89.36064,40.79059]},"properties":{"id":121731,"name":"Metamora","state_code":"IL","country_code":"US"}},{"type":"Feature","geometry":{"type":"Point","coordinates":[-88.732,37.15117]},"properties":{"id":121736,"name":"Metropolis","state_code":"IL","country_code":"US"}},{"type":"Feature","geometry":{"type":"Point","coordinates":[-87.71755,41.62531]},"properties":{"id":121808,"name":"Midlothian","state_code":"IL","country_code":"US"}},{"type":"Feature","geometry":{"type":"Point","coordinates":[-90.57208,41.45309]},"properties":{"id":121837,"name":"Milan","state_code":"IL","country_code":"US"}},{"type":"Feature","geometry":{"type":"Point","coordinates":[-87.69614,40.62837]},"properties":{"id":121851,"name":"Milford","state_code":"IL","country_code":"US"}},{"type":"Feature","geometry":{"type":"Point","coordinates":[-90.09178,38.46144]},"properties":{"id":121901,"name":"Millstadt","state_code":"IL","country_code":"US"}},{"type":"Feature","geometry":{"type":"Point","coordinates":[-89.31315,40.43365]},"properties":{"id":121948,"name":"Minier","state_code":"IL","country_code":"US"}},{"type":"Feature","geometry":{"type":"Point","coordinates":[-89.03452,40.90448]},"properties":{"id":121961,"name":"Minonk","state_code":"IL","country_code":"US"}},{"type":"Feature","geometry":{"type":"Point","coordinates":[-88.26173,41.45531]},"properties":{"id":121962,"name":"Minooka","state_code":"IL","country_code":"US"}},{"type":"Feature","geometry":{"type":"Point","coordinates":[-90.08538,38.76199]},"properties":{"id":121995,"name":"Mitchell","state_code":"IL","country_code":"US"}},{"type":"Feature","geometry":{"type":"Point","coordinates":[-87.88922,41.52614]},"properties":{"id":122024,"name":"Mokena","state_code":"IL","country_code":"US"}},{"type":"Feature","geometry":{"type":"Point","coordinates":[-90.51513,41.5067]},"properties":{"id":122027,"name":"Moline","state_code":"IL","country_code":"US"}},{"type":"Feature","geometry":{"type":"Point","coordinates":[-87.66281,41.1667]},"properties":{"id":122030,"name":"Momence","state_code":"IL","country_code":"US"}},{"type":"Feature","geometry":{"type":"Point","coordinates":[-87.74171,41.42003]},"properties":{"id":122037,"name":"Monee","state_code":"IL","country_code":"US"}},{"type":"Feature","geometry":{"type":"Point","coordinates":[-90.64736,40.91143]},"properties":{"id":122042,"name":"Monmouth","state_code":"IL","country_code":"US"}},{"type":"Feature","geometry":{"type":"Point","coordinates":[-88.3459,41.73058]},"properties":{"id":122133,"name":"Montgomery","state_code":"IL","country_code":"US"}},{"type":"Feature","geometry":{"type":"Point","coordinates":[-88.5734,40.02781]},"properties":{"id":122166,"name":"Monticello","state_code":"IL","country_code":"US"}},{"type":"Feature","geometry":{"type":"Point","coordinates":[-87.66672,41.69031]},"properties":{"id":122247,"name":"Morgan Park","state_code":"IL","country_code":"US"}},{"type":"Feature","geometry":{"type":"Point","coordinates":[-88.42118,41.35725]},"properties":{"id":122267,"name":"Morris","state_code":"IL","country_code":"US"}},{"type":"Feature","geometry":{"type":"Point","coordinates":[-89.96512,41.80975]},"properties":{"id":122276,"name":"Morrison","state_code":"IL","country_code":"US"}},{"type":"Feature","geometry":{"type":"Point","coordinates":[-89.45565,39.42005]},"properties":{"id":122278,"name":"Morrisonville","state_code":"IL","country_code":"US"}},{"type":"Feature","geometry":{"type":"Point","coordinates":[-89.45926,40.61282]},"properties":{"id":122293,"name":"Morton","state_code":"IL","country_code":"US"}},{"type":"Feature","geometry":{"type":"Point","coordinates":[-87.78256,42.04059]},"properties":{"id":122298,"name":"Morton Grove","state_code":"IL","country_code":"US"}},{"type":"Feature","geometry":{"type":"Point","coordinates":[-89.16257,37.08533]},"properties":{"id":122320,"name":"Mound City","state_code":"IL","country_code":"US"}},{"type":"Feature","geometry":{"type":"Point","coordinates":[-87.76142,38.41088]},"properties":{"id":122335,"name":"Mount Carmel","state_code":"IL","country_code":"US"}},{"type":"Feature","geometry":{"type":"Point","coordinates":[-89.97818,42.09502]},"properties":{"id":122338,"name":"Mount Carroll","state_code":"IL","country_code":"US"}},{"type":"Feature","geometry":{"type":"Point","coordinates":[-87.70866,41.69809]},"properties":{"id":122345,"name":"Mount Greenwood","state_code":"IL","country_code":"US"}},{"type":"Feature","geometry":{"type":"Point","coordinates":[-89.43122,42.05031]},"properties":{"id":122363,"name":"Mount Morris","state_code":"IL","country_code":"US"}},{"type":"Feature","geometry":{"type":"Point","coordinates":[-89.72731,39.07227]},"properties":{"id":122368,"name":"Mount Olive","state_code":"IL","country_code":"US"}},{"type":"Feature","geometry":{"type":"Point","coordinates":[-87.93729,42.06642]},"properties":{"id":122385,"name":"Mount Prospect","state_code":"IL","country_code":"US"}},{"type":"Feature","geometry":{"type":"Point","coordinates":[-89.28231,40.01088]},"properties":{"id":122386,"name":"Mount Pulaski","state_code":"IL","country_code":"US"}},{"type":"Feature","geometry":{"type":"Point","coordinates":[-90.76346,39.98727]},"properties":{"id":122390,"name":"Mount Sterling","state_code":"IL","country_code":"US"}},{"type":"Feature","geometry":{"type":"Point","coordinates":[-88.90312,38.31727]},"properties":{"id":122396,"name":"Mount Vernon","state_code":"IL","country_code":"US"}},{"type":"Feature","geometry":{"type":"Point","coordinates":[-88.87424,39.77143]},"properties":{"id":122409,"name":"Mount Zion","state_code":"IL","country_code":"US"}},{"type":"Feature","geometry":{"type":"Point","coordinates":[-89.01897,39.62476]},"properties":{"id":122444,"name":"Moweaqua","state_code":"IL","country_code":"US"}},{"type":"Feature","geometry":{"type":"Point","coordinates":[-88.00397,42.26308]},"properties":{"id":122468,"name":"Mundelein","state_code":"IL","country_code":"US"}},{"type":"Feature","geometry":{"type":"Point","coordinates":[-89.33509,37.7645]},"properties":{"id":122490,"name":"Murphysboro","state_code":"IL","country_code":"US"}},{"type":"Feature","geometry":{"type":"Point","coordinates":[-88.14729,41.78586]},"properties":{"id":122550,"name":"Naperville","state_code":"IL","country_code":"US"}},{"type":"Feature","geometry":{"type":"Point","coordinates":[-89.38064,38.34366]},"properties":{"id":122574,"name":"Nashville","state_code":"IL","country_code":"US"}},{"type":"Feature","geometry":{"type":"Point","coordinates":[-91.38487,40.55004]},"properties":{"id":122596,"name":"Nauvoo","state_code":"IL","country_code":"US"}},{"type":"Feature","geometry":{"type":"Point","coordinates":[-87.6345,41.90003]},"properties":{"id":122607,"name":"Near North Side","state_code":"IL","country_code":"US"}},{"type":"Feature","geometry":{"type":"Point","coordinates":[-87.62477,41.8567]},"properties":{"id":122608,"name":"Near South Side","state_code":"IL","country_code":"US"}},{"type":"Feature","geometry":{"type":"Point","coordinates":[-88.45283,39.31948]},"properties":{"id":122632,"name":"Neoga","state_code":"IL","country_code":"US"}},{"type":"Feature","geometry":{"type":"Point","coordinates":[-89.87705,38.32644]},"properties":{"id":122656,"name":"New Athens","state_code":"IL","country_code":"US"}},{"type":"Feature","geometry":{"type":"Point","coordinates":[-89.70065,38.53505]},"properties":{"id":122658,"name":"New Baden","state_code":"IL","country_code":"US"}},{"type":"Feature","geometry":{"type":"Point","coordinates":[-89.91066,39.72533]},"properties":{"id":122663,"name":"New Berlin","state_code":"IL","country_code":"US"}},{"type":"Feature","geometry":{"type":"Point","coordinates":[-87.65644,41.80753]},"properties":{"id":122694,"name":"New City","state_code":"IL","country_code":"US"}},{"type":"Feature","geometry":{"type":"Point","coordinates":[-87.96561,41.51198]},"properties":{"id":122737,"name":"New Lenox","state_code":"IL","country_code":"US"}},{"type":"Feature","geometry":{"type":"Point","coordinates":[-88.58341,41.53697]},"properties":{"id":122802,"name":"Newark","state_code":"IL","country_code":"US"}},{"type":"Feature","geometry":{"type":"Point","coordinates":[-88.16254,38.99088]},"properties":{"id":122864,"name":"Newton","state_code":"IL","country_code":"US"}},{"type":"Feature","geometry":{"type":"Point","coordinates":[-87.80284,42.01892]},"properties":{"id":122900,"name":"Niles","state_code":"IL","country_code":"US"}},{"type":"Feature","geometry":{"type":"Point","coordinates":[-89.28508,39.30116]},"properties":{"id":122930,"name":"Nokomis","state_code":"IL","country_code":"US"}},{"type":"Feature","geometry":{"type":"Point","coordinates":[-88.99063,40.5142]},"properties":{"id":122948,"name":"Normal","state_code":"IL","country_code":"US"}},{"type":"Feature","geometry":{"type":"Point","coordinates":[-87.82728,41.96336]},"properties":{"id":122953,"name":"Norridge","state_code":"IL","country_code":"US"}},{"type":"Feature","geometry":{"type":"Point","coordinates":[-88.32921,37.98116]},"properties":{"id":122956,"name":"Norris City","state_code":"IL","country_code":"US"}},{"type":"Feature","geometry":{"type":"Point","coordinates":[-88.3273,41.80614]},"properties":{"id":122970,"name":"North Aurora","state_code":"IL","country_code":"US"}},{"type":"Feature","geometry":{"type":"Point","coordinates":[-88.14063,42.2078]},"properties":{"id":122973,"name":"North Barrington","state_code":"IL","country_code":"US"}},{"type":"Feature","geometry":{"type":"Point","coordinates":[-87.67895,41.95392]},"properties":{"id":123003,"name":"North Center","state_code":"IL","country_code":"US"}},{"type":"Feature","geometry":{"type":"Point","coordinates":[-87.84118,42.32558]},"properties":{"id":123006,"name":"North Chicago","state_code":"IL","country_code":"US"}},{"type":"Feature","geometry":{"type":"Point","coordinates":[-87.71839,41.86003]},"properties":{"id":123055,"name":"North Lawndale","state_code":"IL","country_code":"US"}},{"type":"Feature","geometry":{"type":"Point","coordinates":[-89.62232,40.61504]},"properties":{"id":123077,"name":"North Pekin","state_code":"IL","country_code":"US"}},{"type":"Feature","geometry":{"type":"Point","coordinates":[-89.58426,40.71754]},"properties":{"id":123079,"name":"North Peoria","state_code":"IL","country_code":"US"}},{"type":"Feature","geometry":{"type":"Point","coordinates":[-87.82311,41.84281]},"properties":{"id":123096,"name":"North Riverside","state_code":"IL","country_code":"US"}},{"type":"Feature","geometry":{"type":"Point","coordinates":[-87.82895,42.12753]},"properties":{"id":123141,"name":"Northbrook","state_code":"IL","country_code":"US"}},{"type":"Feature","geometry":{"type":"Point","coordinates":[-87.7809,42.09975]},"properties":{"id":123151,"name":"Northfield","state_code":"IL","country_code":"US"}},{"type":"Feature","geometry":{"type":"Point","coordinates":[-87.89562,41.91725]},"properties":{"id":123158,"name":"Northlake","state_code":"IL","country_code":"US"}},{"type":"Feature","geometry":{"type":"Point","coordinates":[-89.91121,38.59227]},"properties":{"id":123226,"name":"O'Fallon","state_code":"IL","country_code":"US"}},{"type":"Feature","geometry":{"type":"Point","coordinates":[-87.92895,41.83281]},"properties":{"id":123230,"name":"Oak Brook","state_code":"IL","country_code":"US"}},{"type":"Feature","geometry":{"type":"Point","coordinates":[-87.74394,41.60281]},"properties":{"id":123233,"name":"Oak Forest","state_code":"IL","country_code":"US"}},{"type":"Feature","geometry":{"type":"Point","coordinates":[-87.75811,41.71087]},"properties":{"id":123252,"name":"Oak Lawn","state_code":"IL","country_code":"US"}},{"type":"Feature","geometry":{"type":"Point","coordinates":[-87.7845,41.88503]},"properties":{"id":123255,"name":"Oak Park","state_code":"IL","country_code":"US"}},{"type":"Feature","geometry":{"type":"Point","coordinates":[-87.96451,41.85003]},"properties":{"id":123269,"name":"Oakbrook Terrace","state_code":"IL","country_code":"US"}},{"type":"Feature","geometry":{"type":"Point","coordinates":[-87.77836,40.11615]},"properties":{"id":123309,"name":"Oakwood","state_code":"IL","country_code":"US"}},{"type":"Feature","geometry":{"type":"Point","coordinates":[-88.24286,42.24641]},"properties":{"id":123312,"name":"Oakwood Hills","state_code":"IL","country_code":"US"}},{"type":"Feature","geometry":{"type":"Point","coordinates":[-87.90892,39.00199]},"properties":{"id":123319,"name":"Oblong","state_code":"IL","country_code":"US"}},{"type":"Feature","geometry":{"type":"Point","coordinates":[-89.05229,38.61727]},"properties":{"id":123361,"name":"Odin","state_code":"IL","country_code":"US"}},{"type":"Feature","geometry":{"type":"Point","coordinates":[-89.05953,41.29531]},"properties":{"id":123377,"name":"Oglesby","state_code":"IL","country_code":"US"}},{"type":"Feature","geometry":{"type":"Point","coordinates":[-89.55037,38.43422]},"properties":{"id":123397,"name":"Okawville","state_code":"IL","country_code":"US"}},{"type":"Feature","geometry":{"type":"Point","coordinates":[-88.08532,38.73088]},"properties":{"id":123455,"name":"Olney","state_code":"IL","country_code":"US"}},{"type":"Feature","geometry":{"type":"Point","coordinates":[-87.67421,41.51337]},"properties":{"id":123460,"name":"Olympia Fields","state_code":"IL","country_code":"US"}},{"type":"Feature","geometry":{"type":"Point","coordinates":[-88.00615,40.71504]},"properties":{"id":123470,"name":"Onarga","state_code":"IL","country_code":"US"}},{"type":"Feature","geometry":{"type":"Point","coordinates":[-90.94709,40.93198]},"properties":{"id":123500,"name":"Oquawka","state_code":"IL","country_code":"US"}},{"type":"Feature","geometry":{"type":"Point","coordinates":[-89.33233,42.01475]},"properties":{"id":123546,"name":"Oregon","state_code":"IL","country_code":"US"}},{"type":"Feature","geometry":{"type":"Point","coordinates":[-90.38152,41.35476]},"properties":{"id":123556,"name":"Orion","state_code":"IL","country_code":"US"}},{"type":"Feature","geometry":{"type":"Point","coordinates":[-87.84311,41.58531]},"properties":{"id":123560,"name":"Orland Hills","state_code":"IL","country_code":"US"}},{"type":"Feature","geometry":{"type":"Point","coordinates":[-87.85394,41.63031]},"properties":{"id":123561,"name":"Orland Park","state_code":"IL","country_code":"US"}},{"type":"Feature","geometry":{"type":"Point","coordinates":[-88.35146,41.68281]},"properties":{"id":123622,"name":"Oswego","state_code":"IL","country_code":"US"}},{"type":"Feature","geometry":{"type":"Point","coordinates":[-88.84258,41.34559]},"properties":{"id":123637,"name":"Ottawa","state_code":"IL","country_code":"US"}},{"type":"Feature","geometry":{"type":"Point","coordinates":[-88.03424,42.1103]},"properties":{"id":123731,"name":"Palatine","state_code":"IL","country_code":"US"}},{"type":"Feature","geometry":{"type":"Point","coordinates":[-87.6128,39.00365]},"properties":{"id":123736,"name":"Palestine","state_code":"IL","country_code":"US"}},{"type":"Feature","geometry":{"type":"Point","coordinates":[-87.79644,41.66809]},"properties":{"id":123788,"name":"Palos Heights","state_code":"IL","country_code":"US"}},{"type":"Feature","geometry":{"type":"Point","coordinates":[-87.817,41.6967]},"properties":{"id":123789,"name":"Palos Hills","state_code":"IL","country_code":"US"}},{"type":"Feature","geometry":{"type":"Point","coordinates":[-87.83033,41.66725]},"properties":{"id":123790,"name":"Palos Park","state_code":"IL","country_code":"US"}},{"type":"Feature","geometry":{"type":"Point","coordinates":[-89.08008,39.38893]},"properties":{"id":123796,"name":"Pana","state_code":"IL","country_code":"US"}},{"type":"Feature","geometry":{"type":"Point","coordinates":[-87.69614,39.61115]},"properties":{"id":123830,"name":"Paris","state_code":"IL","country_code":"US"}},{"type":"Feature","geometry":{"type":"Point","coordinates":[-87.88424,42.34836]},"properties":{"id":123839,"name":"Park City","state_code":"IL","country_code":"US"}},{"type":"Feature","geometry":{"type":"Point","coordinates":[-87.67449,41.49142]},"properties":{"id":123845,"name":"Park Forest","state_code":"IL","country_code":"US"}},{"type":"Feature","geometry":{"type":"Point","coordinates":[-87.84062,42.01114]},"properties":{"id":123851,"name":"Park Ridge","state_code":"IL","country_code":"US"}},{"type":"Feature","geometry":{"type":"Point","coordinates":[-89.58037,39.59172]},"properties":{"id":123933,"name":"Pawnee","state_code":"IL","country_code":"US"}},{"type":"Feature","geometry":{"type":"Point","coordinates":[-88.09532,40.46031]},"properties":{"id":123941,"name":"Paxton","state_code":"IL","country_code":"US"}},{"type":"Feature","geometry":{"type":"Point","coordinates":[-91.24237,39.81699]},"properties":{"id":123948,"name":"Payson","state_code":"IL","country_code":"US"}},{"type":"Feature","geometry":{"type":"Point","coordinates":[-89.35928,42.31391]},"properties":{"id":123978,"name":"Pecatonica","state_code":"IL","country_code":"US"}},{"type":"Feature","geometry":{"type":"Point","coordinates":[-89.64066,40.56754]},"properties":{"id":123986,"name":"Pekin","state_code":"IL","country_code":"US"}},{"type":"Feature","geometry":{"type":"Point","coordinates":[-89.58899,40.69365]},"properties":{"id":124046,"name":"Peoria","state_code":"IL","country_code":"US"}},{"type":"Feature","geometry":{"type":"Point","coordinates":[-89.57398,40.74726]},"properties":{"id":124049,"name":"Peoria Heights","state_code":"IL","country_code":"US"}},{"type":"Feature","geometry":{"type":"Point","coordinates":[-87.78532,41.33226]},"properties":{"id":124051,"name":"Peotone","state_code":"IL","country_code":"US"}},{"type":"Feature","geometry":{"type":"Point","coordinates":[-89.12897,41.32753]},"properties":{"id":124095,"name":"Peru","state_code":"IL","country_code":"US"}},{"type":"Feature","geometry":{"type":"Point","coordinates":[-89.84817,40.01172]},"properties":{"id":124106,"name":"Petersburg","state_code":"IL","country_code":"US"}},{"type":"Feature","geometry":{"type":"Point","coordinates":[-88.1581,40.00698]},"properties":{"id":124143,"name":"Philo","state_code":"IL","country_code":"US"}},{"type":"Feature","geometry":{"type":"Point","coordinates":[-87.63477,41.61115]},"properties":{"id":124146,"name":"Phoenix","state_code":"IL","country_code":"US"}},{"type":"Feature","geometry":{"type":"Point","coordinates":[-89.38203,38.08033]},"properties":{"id":124210,"name":"Pinckneyville","state_code":"IL","country_code":"US"}},{"type":"Feature","geometry":{"type":"Point","coordinates":[-88.41342,42.06864]},"properties":{"id":124269,"name":"Pingree Grove","state_code":"IL","country_code":"US"}},{"type":"Feature","geometry":{"type":"Point","coordinates":[-88.20648,42.40863]},"properties":{"id":124284,"name":"Pistakee Highlands","state_code":"IL","country_code":"US"}},{"type":"Feature","geometry":{"type":"Point","coordinates":[-90.80513,39.60783]},"properties":{"id":124297,"name":"Pittsfield","state_code":"IL","country_code":"US"}},{"type":"Feature","geometry":{"type":"Point","coordinates":[-88.20395,41.62697]},"properties":{"id":124320,"name":"Plainfield","state_code":"IL","country_code":"US"}},{"type":"Feature","geometry":{"type":"Point","coordinates":[-88.53702,41.66281]},"properties":{"id":124344,"name":"Plano","state_code":"IL","country_code":"US"}},{"type":"Feature","geometry":{"type":"Point","coordinates":[-89.57928,41.98614]},"properties":{"id":124454,"name":"Polo","state_code":"IL","country_code":"US"}},{"type":"Feature","geometry":{"type":"Point","coordinates":[-88.62978,40.88087]},"properties":{"id":124473,"name":"Pontiac","state_code":"IL","country_code":"US"}},{"type":"Feature","geometry":{"type":"Point","coordinates":[-90.08038,38.73172]},"properties":{"id":124475,"name":"Pontoon Beach","state_code":"IL","country_code":"US"}},{"type":"Feature","geometry":{"type":"Point","coordinates":[-88.82205,42.36835]},"properties":{"id":124485,"name":"Poplar Grove","state_code":"IL","country_code":"US"}},{"type":"Feature","geometry":{"type":"Point","coordinates":[-88.20203,42.24252]},"properties":{"id":124498,"name":"Port Barrington","state_code":"IL","country_code":"US"}},{"type":"Feature","geometry":{"type":"Point","coordinates":[-90.33541,41.60642]},"properties":{"id":124499,"name":"Port Byron","state_code":"IL","country_code":"US"}},{"type":"Feature","geometry":{"type":"Point","coordinates":[-87.76506,41.95781]},"properties":{"id":124548,"name":"Portage Park","state_code":"IL","country_code":"US"}},{"type":"Feature","geometry":{"type":"Point","coordinates":[-87.68144,41.6317]},"properties":{"id":124573,"name":"Posen","state_code":"IL","country_code":"US"}},{"type":"Feature","geometry":{"type":"Point","coordinates":[-88.26092,42.27863]},"properties":{"id":124628,"name":"Prairie Grove","state_code":"IL","country_code":"US"}},{"type":"Feature","geometry":{"type":"Point","coordinates":[-88.41764,41.78329]},"properties":{"id":124652,"name":"Prestbury","state_code":"IL","country_code":"US"}},{"type":"Feature","geometry":{"type":"Point","coordinates":[-88.08172,41.4917]},"properties":{"id":124660,"name":"Preston Heights","state_code":"IL","country_code":"US"}},{"type":"Feature","geometry":{"type":"Point","coordinates":[-89.46481,41.36809]},"properties":{"id":124686,"name":"Princeton","state_code":"IL","country_code":"US"}},{"type":"Feature","geometry":{"type":"Point","coordinates":[-89.7576,40.92976]},"properties":{"id":124695,"name":"Princeville","state_code":"IL","country_code":"US"}},{"type":"Feature","geometry":{"type":"Point","coordinates":[-89.93622,41.67142]},"properties":{"id":124704,"name":"Prophetstown","state_code":"IL","country_code":"US"}},{"type":"Feature","geometry":{"type":"Point","coordinates":[-87.93757,42.0953]},"properties":{"id":124708,"name":"Prospect Heights","state_code":"IL","country_code":"US"}},{"type":"Feature","geometry":{"type":"Point","coordinates":[-91.40987,39.9356]},"properties":{"id":124796,"name":"Quincy","state_code":"IL","country_code":"US"}},{"type":"Feature","geometry":{"type":"Point","coordinates":[-89.10868,39.14449]},"properties":{"id":124840,"name":"Ramsey","state_code":"IL","country_code":"US"}},{"type":"Feature","geometry":{"type":"Point","coordinates":[-88.15588,40.30837]},"properties":{"id":124891,"name":"Rantoul","state_code":"IL","country_code":"US"}},{"type":"Feature","geometry":{"type":"Point","coordinates":[-89.99427,38.21172]},"properties":{"id":124942,"name":"Red Bud","state_code":"IL","country_code":"US"}},{"type":"Feature","geometry":{"type":"Point","coordinates":[-88.30593,42.47585]},"properties":{"id":125089,"name":"Richmond","state_code":"IL","country_code":"US"}},{"type":"Feature","geometry":{"type":"Point","coordinates":[-87.70338,41.48448]},"properties":{"id":125108,"name":"Richton Park","state_code":"IL","country_code":"US"}},{"type":"Feature","geometry":{"type":"Point","coordinates":[-87.81395,41.89781]},"properties":{"id":125179,"name":"River Forest","state_code":"IL","country_code":"US"}},{"type":"Feature","geometry":{"type":"Point","coordinates":[-87.83589,41.92586]},"properties":{"id":125180,"name":"River Grove","state_code":"IL","country_code":"US"}},{"type":"Feature","geometry":{"type":"Point","coordinates":[-87.6331,41.63337]},"properties":{"id":125193,"name":"Riverdale","state_code":"IL","country_code":"US"}},{"type":"Feature","geometry":{"type":"Point","coordinates":[-87.82284,41.83503]},"properties":{"id":125206,"name":"Riverside","state_code":"IL","country_code":"US"}},{"type":"Feature","geometry":{"type":"Point","coordinates":[-89.53954,39.84422]},"properties":{"id":125211,"name":"Riverton","state_code":"IL","country_code":"US"}},{"type":"Feature","geometry":{"type":"Point","coordinates":[-87.89701,42.16753]},"properties":{"id":125220,"name":"Riverwoods","state_code":"IL","country_code":"US"}},{"type":"Feature","geometry":{"type":"Point","coordinates":[-89.1973,40.79615]},"properties":{"id":125229,"name":"Roanoke","state_code":"IL","country_code":"US"}},{"type":"Feature","geometry":{"type":"Point","coordinates":[-87.70366,41.64392]},"properties":{"id":125235,"name":"Robbins","state_code":"IL","country_code":"US"}},{"type":"Feature","geometry":{"type":"Point","coordinates":[-87.73919,39.00532]},"properties":{"id":125253,"name":"Robinson","state_code":"IL","country_code":"US"}},{"type":"Feature","geometry":{"type":"Point","coordinates":[-89.06871,41.92392]},"properties":{"id":125259,"name":"Rochelle","state_code":"IL","country_code":"US"}},{"type":"Feature","geometry":{"type":"Point","coordinates":[-89.53176,39.74949]},"properties":{"id":125261,"name":"Rochester","state_code":"IL","country_code":"US"}},{"type":"Feature","geometry":{"type":"Point","coordinates":[-89.689,41.77975]},"properties":{"id":125277,"name":"Rock Falls","state_code":"IL","country_code":"US"}},{"type":"Feature","geometry":{"type":"Point","coordinates":[-90.57875,41.50948]},"properties":{"id":125283,"name":"Rock Island","state_code":"IL","country_code":"US"}},{"type":"Feature","geometry":{"type":"Point","coordinates":[-88.1145,41.50614]},"properties":{"id":125296,"name":"Rockdale","state_code":"IL","country_code":"US"}},{"type":"Feature","geometry":{"type":"Point","coordinates":[-89.094,42.27113]},"properties":{"id":125300,"name":"Rockford","state_code":"IL","country_code":"US"}},{"type":"Feature","geometry":{"type":"Point","coordinates":[-89.07233,42.45252]},"properties":{"id":125320,"name":"Rockton","state_code":"IL","country_code":"US"}},{"type":"Feature","geometry":{"type":"Point","coordinates":[-87.66672,42.00864]},"properties":{"id":125353,"name":"Rogers Park","state_code":"IL","country_code":"US"}},{"type":"Feature","geometry":{"type":"Point","coordinates":[-88.01313,42.08419]},"properties":{"id":125368,"name":"Rolling Meadows","state_code":"IL","country_code":"US"}},{"type":"Feature","geometry":{"type":"Point","coordinates":[-89.50259,40.88309]},"properties":{"id":125376,"name":"Rome","state_code":"IL","country_code":"US"}},{"type":"Feature","geometry":{"type":"Point","coordinates":[-88.08951,41.64753]},"properties":{"id":125382,"name":"Romeoville","state_code":"IL","country_code":"US"}},{"type":"Feature","geometry":{"type":"Point","coordinates":[-90.37151,39.48394]},"properties":{"id":125389,"name":"Roodhouse","state_code":"IL","country_code":"US"}},{"type":"Feature","geometry":{"type":"Point","coordinates":[-89.00927,42.41335]},"properties":{"id":125399,"name":"Roscoe","state_code":"IL","country_code":"US"}},{"type":"Feature","geometry":{"type":"Point","coordinates":[-88.07979,41.98475]},"properties":{"id":125426,"name":"Roselle","state_code":"IL","country_code":"US"}},{"type":"Feature","geometry":{"type":"Point","coordinates":[-87.88451,41.99531]},"properties":{"id":125430,"name":"Rosemont","state_code":"IL","country_code":"US"}},{"type":"Feature","geometry":{"type":"Point","coordinates":[-90.08483,38.88783]},"properties":{"id":125442,"name":"Rosewood Heights","state_code":"IL","country_code":"US"}},{"type":"Feature","geometry":{"type":"Point","coordinates":[-88.34615,37.42366]},"properties":{"id":125444,"name":"Rosiclare","state_code":"IL","country_code":"US"}},{"type":"Feature","geometry":{"type":"Point","coordinates":[-87.66863,40.3792]},"properties":{"id":125459,"name":"Rossville","state_code":"IL","country_code":"US"}},{"type":"Feature","geometry":{"type":"Point","coordinates":[-88.09341,42.35336]},"properties":{"id":125469,"name":"Round Lake","state_code":"IL","country_code":"US"}},{"type":"Feature","geometry":{"type":"Point","coordinates":[-88.09008,42.37169]},"properties":{"id":125470,"name":"Round Lake Beach","state_code":"IL","country_code":"US"}},{"type":"Feature","geometry":{"type":"Point","coordinates":[-88.10425,42.38002]},"properties":{"id":125471,"name":"Round Lake Heights","state_code":"IL","country_code":"US"}},{"type":"Feature","geometry":{"type":"Point","coordinates":[-88.07675,42.35697]},"properties":{"id":125472,"name":"Round Lake Park","state_code":"IL","country_code":"US"}},{"type":"Feature","geometry":{"type":"Point","coordinates":[-90.07622,38.84838]},"properties":{"id":125483,"name":"Roxana","state_code":"IL","country_code":"US"}},{"type":"Feature","geometry":{"type":"Point","coordinates":[-89.11452,37.87699]},"properties":{"id":125495,"name":"Royalton","state_code":"IL","country_code":"US"}},{"type":"Feature","geometry":{"type":"Point","coordinates":[-90.56318,40.12116]},"properties":{"id":125526,"name":"Rushville","state_code":"IL","country_code":"US"}},{"type":"Feature","geometry":{"type":"Point","coordinates":[-87.71392,41.02503]},"properties":{"id":125599,"name":"Saint Anne","state_code":"IL","country_code":"US"}},{"type":"Feature","geometry":{"type":"Point","coordinates":[-88.30869,41.91419]},"properties":{"id":125613,"name":"Saint Charles","state_code":"IL","country_code":"US"}},{"type":"Feature","geometry":{"type":"Point","coordinates":[-88.84811,39.02727]},"properties":{"id":125632,"name":"Saint Elmo","state_code":"IL","country_code":"US"}},{"type":"Feature","geometry":{"type":"Point","coordinates":[-89.76815,38.71394]},"properties":{"id":125651,"name":"Saint Jacob","state_code":"IL","country_code":"US"}},{"type":"Feature","geometry":{"type":"Point","coordinates":[-88.0417,40.1117]},"properties":{"id":125672,"name":"Saint Joseph","state_code":"IL","country_code":"US"}},{"type":"Feature","geometry":{"type":"Point","coordinates":[-88.94562,38.62699]},"properties":{"id":125728,"name":"Salem","state_code":"IL","country_code":"US"}},{"type":"Feature","geometry":{"type":"Point","coordinates":[-89.11423,38.6156]},"properties":{"id":125868,"name":"Sandoval","state_code":"IL","country_code":"US"}},{"type":"Feature","geometry":{"type":"Point","coordinates":[-88.62174,41.64586]},"properties":{"id":125876,"name":"Sandwich","state_code":"IL","country_code":"US"}},{"type":"Feature","geometry":{"type":"Point","coordinates":[-87.56754,41.48837]},"properties":{"id":125966,"name":"Sauk Village","state_code":"IL","country_code":"US"}},{"type":"Feature","geometry":{"type":"Point","coordinates":[-90.15679,42.09447]},"properties":{"id":125973,"name":"Savanna","state_code":"IL","country_code":"US"}},{"type":"Feature","geometry":{"type":"Point","coordinates":[-88.25172,40.05475]},"properties":{"id":125978,"name":"Savoy","state_code":"IL","country_code":"US"}},{"type":"Feature","geometry":{"type":"Point","coordinates":[-88.08341,42.03336]},"properties":{"id":126002,"name":"Schaumburg","state_code":"IL","country_code":"US"}},{"type":"Feature","geometry":{"type":"Point","coordinates":[-87.8709,41.95586]},"properties":{"id":126007,"name":"Schiller Park","state_code":"IL","country_code":"US"}},{"type":"Feature","geometry":{"type":"Point","coordinates":[-89.85035,38.5427]},"properties":{"id":126040,"name":"Scott Air Force Base","state_code":"IL","country_code":"US"}},{"type":"Feature","geometry":{"type":"Point","coordinates":[-88.60979,41.31114]},"properties":{"id":126157,"name":"Seneca","state_code":"IL","country_code":"US"}},{"type":"Feature","geometry":{"type":"Point","coordinates":[-89.05035,38.09172]},"properties":{"id":126168,"name":"Sesser","state_code":"IL","country_code":"US"}},{"type":"Feature","geometry":{"type":"Point","coordinates":[-88.1867,37.7131]},"properties":{"id":126253,"name":"Shawneetown","state_code":"IL","country_code":"US"}},{"type":"Feature","geometry":{"type":"Point","coordinates":[-88.79007,39.40643]},"properties":{"id":126281,"name":"Shelbyville","state_code":"IL","country_code":"US"}},{"type":"Feature","geometry":{"type":"Point","coordinates":[-87.56392,40.7692]},"properties":{"id":126287,"name":"Sheldon","state_code":"IL","country_code":"US"}},{"type":"Feature","geometry":{"type":"Point","coordinates":[-88.6798,41.53003]},"properties":{"id":126319,"name":"Sheridan","state_code":"IL","country_code":"US"}},{"type":"Feature","geometry":{"type":"Point","coordinates":[-89.60482,39.89366]},"properties":{"id":126329,"name":"Sherman","state_code":"IL","country_code":"US"}},{"type":"Feature","geometry":{"type":"Point","coordinates":[-89.89732,38.56144]},"properties":{"id":126348,"name":"Shiloh","state_code":"IL","country_code":"US"}},{"type":"Feature","geometry":{"type":"Point","coordinates":[-88.20173,41.52003]},"properties":{"id":126370,"name":"Shorewood","state_code":"IL","country_code":"US"}},{"type":"Feature","geometry":{"type":"Point","coordinates":[-88.07337,40.02503]},"properties":{"id":126395,"name":"Sidney","state_code":"IL","country_code":"US"}},{"type":"Feature","geometry":{"type":"Point","coordinates":[-90.41513,41.51226]},"properties":{"id":126444,"name":"Silvis","state_code":"IL","country_code":"US"}},{"type":"Feature","geometry":{"type":"Point","coordinates":[-87.73339,42.03336]},"properties":{"id":126483,"name":"Skokie","state_code":"IL","country_code":"US"}},{"type":"Feature","geometry":{"type":"Point","coordinates":[-88.30258,42.09419]},"properties":{"id":126497,"name":"Sleepy Hollow","state_code":"IL","country_code":"US"}},{"type":"Feature","geometry":{"type":"Point","coordinates":[-89.99205,38.40866]},"properties":{"id":126525,"name":"Smithton","state_code":"IL","country_code":"US"}},{"type":"Feature","geometry":{"type":"Point","coordinates":[-88.68119,41.63364]},"properties":{"id":126597,"name":"Somonauk","state_code":"IL","country_code":"US"}},{"type":"Feature","geometry":{"type":"Point","coordinates":[-88.12174,42.09142]},"properties":{"id":126617,"name":"South Barrington","state_code":"IL","country_code":"US"}},{"type":"Feature","geometry":{"type":"Point","coordinates":[-89.03678,42.49307]},"properties":{"id":126623,"name":"South Beloit","state_code":"IL","country_code":"US"}},{"type":"Feature","geometry":{"type":"Point","coordinates":[-87.55425,41.73977]},"properties":{"id":126637,"name":"South Chicago","state_code":"IL","country_code":"US"}},{"type":"Feature","geometry":{"type":"Point","coordinates":[-87.63782,41.48087]},"properties":{"id":126638,"name":"South Chicago Heights","state_code":"IL","country_code":"US"}},{"type":"Feature","geometry":{"type":"Point","coordinates":[-88.2923,41.99419]},"properties":{"id":126651,"name":"South Elgin","state_code":"IL","country_code":"US"}},{"type":"Feature","geometry":{"type":"Point","coordinates":[-87.60699,41.60087]},"properties":{"id":126674,"name":"South Holland","state_code":"IL","country_code":"US"}},{"type":"Feature","geometry":{"type":"Point","coordinates":[-90.22818,39.70866]},"properties":{"id":126679,"name":"South Jacksonville","state_code":"IL","country_code":"US"}},{"type":"Feature","geometry":{"type":"Point","coordinates":[-87.71255,41.84364]},"properties":{"id":126687,"name":"South Lawndale","state_code":"IL","country_code":"US"}},{"type":"Feature","geometry":{"type":"Point","coordinates":[-89.65177,40.49448]},"properties":{"id":126709,"name":"South Pekin","state_code":"IL","country_code":"US"}},{"type":"Feature","geometry":{"type":"Point","coordinates":[-90.06288,38.82949]},"properties":{"id":126720,"name":"South Roxana","state_code":"IL","country_code":"US"}},{"type":"Feature","geometry":{"type":"Point","coordinates":[-87.57783,41.76198]},"properties":{"id":126729,"name":"South Shore","state_code":"IL","country_code":"US"}},{"type":"Feature","geometry":{"type":"Point","coordinates":[-89.65371,39.75727]},"properties":{"id":126771,"name":"Southern View","state_code":"IL","country_code":"US"}},{"type":"Feature","geometry":{"type":"Point","coordinates":[-89.70177,38.12311]},"properties":{"id":126806,"name":"Sparta","state_code":"IL","country_code":"US"}},{"type":"Feature","geometry":{"type":"Point","coordinates":[-88.23648,42.44363]},"properties":{"id":126858,"name":"Spring Grove","state_code":"IL","country_code":"US"}},{"type":"Feature","geometry":{"type":"Point","coordinates":[-89.19981,41.32754]},"properties":{"id":126875,"name":"Spring Valley","state_code":"IL","country_code":"US"}},{"type":"Feature","geometry":{"type":"Point","coordinates":[-89.64371,39.80172]},"properties":{"id":126890,"name":"Springfield","state_code":"IL","country_code":"US"}},{"type":"Feature","geometry":{"type":"Point","coordinates":[-89.79121,39.01227]},"properties":{"id":127000,"name":"Staunton","state_code":"IL","country_code":"US"}},{"type":"Feature","geometry":{"type":"Point","coordinates":[-89.65843,38.00727]},"properties":{"id":127012,"name":"Steeleville","state_code":"IL","country_code":"US"}},{"type":"Feature","geometry":{"type":"Point","coordinates":[-87.63643,41.47003]},"properties":{"id":127016,"name":"Steger","state_code":"IL","country_code":"US"}},{"type":"Feature","geometry":{"type":"Point","coordinates":[-89.69622,41.78864]},"properties":{"id":127029,"name":"Sterling","state_code":"IL","country_code":"US"}},{"type":"Feature","geometry":{"type":"Point","coordinates":[-87.78283,41.82142]},"properties":{"id":127056,"name":"Stickney","state_code":"IL","country_code":"US"}},{"type":"Feature","geometry":{"type":"Point","coordinates":[-89.17927,42.10725]},"properties":{"id":127059,"name":"Stillman Valley","state_code":"IL","country_code":"US"}},{"type":"Feature","geometry":{"type":"Point","coordinates":[-90.00679,42.34974]},"properties":{"id":127073,"name":"Stockton","state_code":"IL","country_code":"US"}},{"type":"Feature","geometry":{"type":"Point","coordinates":[-87.88367,41.90559]},"properties":{"id":127084,"name":"Stone Park","state_code":"IL","country_code":"US"}},{"type":"Feature","geometry":{"type":"Point","coordinates":[-88.17841,42.02558]},"properties":{"id":127135,"name":"Streamwood","state_code":"IL","country_code":"US"}},{"type":"Feature","geometry":{"type":"Point","coordinates":[-88.83535,41.12087]},"properties":{"id":127136,"name":"Streator","state_code":"IL","country_code":"US"}},{"type":"Feature","geometry":{"type":"Point","coordinates":[-88.44369,41.76142]},"properties":{"id":127171,"name":"Sugar Grove","state_code":"IL","country_code":"US"}},{"type":"Feature","geometry":{"type":"Point","coordinates":[-88.60784,39.59948]},"properties":{"id":127181,"name":"Sullivan","state_code":"IL","country_code":"US"}},{"type":"Feature","geometry":{"type":"Point","coordinates":[-87.81033,41.78809]},"properties":{"id":127212,"name":"Summit","state_code":"IL","country_code":"US"}},{"type":"Feature","geometry":{"type":"Point","coordinates":[-87.86142,38.71699]},"properties":{"id":127221,"name":"Sumner","state_code":"IL","country_code":"US"}},{"type":"Feature","geometry":{"type":"Point","coordinates":[-89.98899,38.53394]},"properties":{"id":127325,"name":"Swansea","state_code":"IL","country_code":"US"}},{"type":"Feature","geometry":{"type":"Point","coordinates":[-88.68675,41.98892]},"properties":{"id":127351,"name":"Sycamore","state_code":"IL","country_code":"US"}},{"type":"Feature","geometry":{"type":"Point","coordinates":[-89.29453,39.54894]},"properties":{"id":127467,"name":"Taylorville","state_code":"IL","country_code":"US"}},{"type":"Feature","geometry":{"type":"Point","coordinates":[-88.47199,39.1331]},"properties":{"id":127540,"name":"Teutopolis","state_code":"IL","country_code":"US"}},{"type":"Feature","geometry":{"type":"Point","coordinates":[-90.32582,42.39343]},"properties":{"id":127558,"name":"The Galena Territory","state_code":"IL","country_code":"US"}},{"type":"Feature","geometry":{"type":"Point","coordinates":[-88.01091,42.37391]},"properties":{"id":127577,"name":"Third Lake","state_code":"IL","country_code":"US"}},{"type":"Feature","geometry":{"type":"Point","coordinates":[-88.18421,40.2417]},"properties":{"id":127582,"name":"Thomasboro","state_code":"IL","country_code":"US"}},{"type":"Feature","geometry":{"type":"Point","coordinates":[-87.6081,41.56809]},"properties":{"id":127601,"name":"Thornton","state_code":"IL","country_code":"US"}},{"type":"Feature","geometry":{"type":"Point","coordinates":[-87.64752,40.09531]},"properties":{"id":127653,"name":"Tilton","state_code":"IL","country_code":"US"}},{"type":"Feature","geometry":{"type":"Point","coordinates":[-87.78449,41.57337]},"properties":{"id":127666,"name":"Tinley Park","state_code":"IL","country_code":"US"}},{"type":"Feature","geometry":{"type":"Point","coordinates":[-88.24365,39.27365]},"properties":{"id":127698,"name":"Toledo","state_code":"IL","country_code":"US"}},{"type":"Feature","geometry":{"type":"Point","coordinates":[-88.25894,39.98614]},"properties":{"id":127704,"name":"Tolono","state_code":"IL","country_code":"US"}},{"type":"Feature","geometry":{"type":"Point","coordinates":[-89.13342,41.00226]},"properties":{"id":127705,"name":"Toluca","state_code":"IL","country_code":"US"}},{"type":"Feature","geometry":{"type":"Point","coordinates":[-89.86483,41.09365]},"properties":{"id":127749,"name":"Toulon","state_code":"IL","country_code":"US"}},{"type":"Feature","geometry":{"type":"Point","coordinates":[-88.15202,42.23197]},"properties":{"id":127755,"name":"Tower Lake","state_code":"IL","country_code":"US"}},{"type":"Feature","geometry":{"type":"Point","coordinates":[-89.4926,40.52754]},"properties":{"id":127793,"name":"Tremont","state_code":"IL","country_code":"US"}},{"type":"Feature","geometry":{"type":"Point","coordinates":[-89.68204,38.6056]},"properties":{"id":127803,"name":"Trenton","state_code":"IL","country_code":"US"}},{"type":"Feature","geometry":{"type":"Point","coordinates":[-89.88315,38.72921]},"properties":{"id":127843,"name":"Troy","state_code":"IL","country_code":"US"}},{"type":"Feature","geometry":{"type":"Point","coordinates":[-88.2831,39.7992]},"properties":{"id":127911,"name":"Tuscola","state_code":"IL","country_code":"US"}},{"type":"Feature","geometry":{"type":"Point","coordinates":[-89.0798,40.49337]},"properties":{"id":127926,"name":"Twin Grove","state_code":"IL","country_code":"US"}},{"type":"Feature","geometry":{"type":"Point","coordinates":[-87.6836,41.44298]},"properties":{"id":128035,"name":"University Park","state_code":"IL","country_code":"US"}},{"type":"Feature","geometry":{"type":"Point","coordinates":[-90.15066,38.91144]},"properties":{"id":128040,"name":"Upper Alton","state_code":"IL","country_code":"US"}},{"type":"Feature","geometry":{"type":"Point","coordinates":[-87.65262,41.9659]},"properties":{"id":128058,"name":"Uptown","state_code":"IL","country_code":"US"}},{"type":"Feature","geometry":{"type":"Point","coordinates":[-88.20727,40.11059]},"properties":{"id":128062,"name":"Urbana","state_code":"IL","country_code":"US"}},{"type":"Feature","geometry":{"type":"Point","coordinates":[-90.27651,38.30561]},"properties":{"id":128119,"name":"Valmeyer","state_code":"IL","country_code":"US"}},{"type":"Feature","geometry":{"type":"Point","coordinates":[-89.09368,38.9606]},"properties":{"id":128145,"name":"Vandalia","state_code":"IL","country_code":"US"}},{"type":"Feature","geometry":{"type":"Point","coordinates":[-88.05258,42.39863]},"properties":{"id":128169,"name":"Venetian Village","state_code":"IL","country_code":"US"}},{"type":"Feature","geometry":{"type":"Point","coordinates":[-90.16983,38.67227]},"properties":{"id":128171,"name":"Venice","state_code":"IL","country_code":"US"}},{"type":"Feature","geometry":{"type":"Point","coordinates":[-87.97952,42.21947]},"properties":{"id":128194,"name":"Vernon Hills","state_code":"IL","country_code":"US"}},{"type":"Feature","geometry":{"type":"Point","coordinates":[-88.89784,37.41533]},"properties":{"id":128231,"name":"Vienna","state_code":"IL","country_code":"US"}},{"type":"Feature","geometry":{"type":"Point","coordinates":[-88.16227,39.86281]},"properties":{"id":128241,"name":"Villa Grove","state_code":"IL","country_code":"US"}},{"type":"Feature","geometry":{"type":"Point","coordinates":[-87.98895,41.88975]},"properties":{"id":128243,"name":"Villa Park","state_code":"IL","country_code":"US"}},{"type":"Feature","geometry":{"type":"Point","coordinates":[-88.3975,41.9366]},"properties":{"id":128252,"name":"Village of Campton Hills","state_code":"IL","country_code":"US"}},{"type":"Feature","geometry":{"type":"Point","coordinates":[-89.76787,39.50089]},"properties":{"id":128285,"name":"Virden","state_code":"IL","country_code":"US"}},{"type":"Feature","geometry":{"type":"Point","coordinates":[-90.21234,39.95116]},"properties":{"id":128286,"name":"Virginia","state_code":"IL","country_code":"US"}},{"type":"Feature","geometry":{"type":"Point","coordinates":[-88.16786,42.32613]},"properties":{"id":128302,"name":"Volo","state_code":"IL","country_code":"US"}},{"type":"Feature","geometry":{"type":"Point","coordinates":[-87.92397,42.42863]},"properties":{"id":128326,"name":"Wadsworth","state_code":"IL","country_code":"US"}},{"type":"Feature","geometry":{"type":"Point","coordinates":[-89.59343,41.5567]},"properties":{"id":128413,"name":"Walnut","state_code":"IL","country_code":"US"}},{"type":"Feature","geometry":{"type":"Point","coordinates":[-89.14063,38.50894]},"properties":{"id":128443,"name":"Wamac","state_code":"IL","country_code":"US"}},{"type":"Feature","geometry":{"type":"Point","coordinates":[-89.98957,42.4964]},"properties":{"id":128479,"name":"Warren","state_code":"IL","country_code":"US"}},{"type":"Feature","geometry":{"type":"Point","coordinates":[-89.06203,39.93282]},"properties":{"id":128501,"name":"Warrensburg","state_code":"IL","country_code":"US"}},{"type":"Feature","geometry":{"type":"Point","coordinates":[-88.1734,41.81781]},"properties":{"id":128510,"name":"Warrenville","state_code":"IL","country_code":"US"}},{"type":"Feature","geometry":{"type":"Point","coordinates":[-91.4346,40.35921]},"properties":{"id":128519,"name":"Warsaw","state_code":"IL","country_code":"US"}},{"type":"Feature","geometry":{"type":"Point","coordinates":[-88.40452,41.93808]},"properties":{"id":128527,"name":"Wasco","state_code":"IL","country_code":"US"}},{"type":"Feature","geometry":{"type":"Point","coordinates":[-89.2912,40.9192]},"properties":{"id":128533,"name":"Washburn","state_code":"IL","country_code":"US"}},{"type":"Feature","geometry":{"type":"Point","coordinates":[-89.40731,40.70365]},"properties":{"id":128546,"name":"Washington","state_code":"IL","country_code":"US"}},{"type":"Feature","geometry":{"type":"Point","coordinates":[-90.09289,38.63505]},"properties":{"id":128585,"name":"Washington Park","state_code":"IL","country_code":"US"}},{"type":"Feature","geometry":{"type":"Point","coordinates":[-90.14983,38.33589]},"properties":{"id":128611,"name":"Waterloo","state_code":"IL","country_code":"US"}},{"type":"Feature","geometry":{"type":"Point","coordinates":[-88.77369,41.7717]},"properties":{"id":128617,"name":"Waterman","state_code":"IL","country_code":"US"}},{"type":"Feature","geometry":{"type":"Point","coordinates":[-87.73642,40.77615]},"properties":{"id":128638,"name":"Watseka","state_code":"IL","country_code":"US"}},{"type":"Feature","geometry":{"type":"Point","coordinates":[-88.13925,42.25891]},"properties":{"id":128646,"name":"Wauconda","state_code":"IL","country_code":"US"}},{"type":"Feature","geometry":{"type":"Point","coordinates":[-87.84479,42.36363]},"properties":{"id":128648,"name":"Waukegan","state_code":"IL","country_code":"US"}},{"type":"Feature","geometry":{"type":"Point","coordinates":[-89.95288,39.59172]},"properties":{"id":128665,"name":"Waverly","state_code":"IL","country_code":"US"}},{"type":"Feature","geometry":{"type":"Point","coordinates":[-88.2423,41.95086]},"properties":{"id":128682,"name":"Wayne","state_code":"IL","country_code":"US"}},{"type":"Feature","geometry":{"type":"Point","coordinates":[-88.20396,41.88475]},"properties":{"id":128846,"name":"West Chicago","state_code":"IL","country_code":"US"}},{"type":"Feature","geometry":{"type":"Point","coordinates":[-88.28286,42.09808]},"properties":{"id":128858,"name":"West Dundee","state_code":"IL","country_code":"US"}},{"type":"Feature","geometry":{"type":"Point","coordinates":[-87.7245,41.79392]},"properties":{"id":128862,"name":"West Elsdon","state_code":"IL","country_code":"US"}},{"type":"Feature","geometry":{"type":"Point","coordinates":[-87.66672,41.77809]},"properties":{"id":128865,"name":"West Englewood","state_code":"IL","country_code":"US"}},{"type":"Feature","geometry":{"type":"Point","coordinates":[-88.93146,37.89783]},"properties":{"id":128873,"name":"West Frankfort","state_code":"IL","country_code":"US"}},{"type":"Feature","geometry":{"type":"Point","coordinates":[-87.72922,41.88059]},"properties":{"id":128875,"name":"West Garfield Park","state_code":"IL","country_code":"US"}},{"type":"Feature","geometry":{"type":"Point","coordinates":[-87.72227,41.77281]},"properties":{"id":128913,"name":"West Lawn","state_code":"IL","country_code":"US"}},{"type":"Feature","geometry":{"type":"Point","coordinates":[-89.62788,40.69254]},"properties":{"id":128953,"name":"West Peoria","state_code":"IL","country_code":"US"}},{"type":"Feature","geometry":{"type":"Point","coordinates":[-87.69284,41.99975]},"properties":{"id":128969,"name":"West Ridge","state_code":"IL","country_code":"US"}},{"type":"Feature","geometry":{"type":"Point","coordinates":[-87.67493,41.89381]},"properties":{"id":128992,"name":"West Town","state_code":"IL","country_code":"US"}},{"type":"Feature","geometry":{"type":"Point","coordinates":[-87.882,41.85059]},"properties":{"id":129019,"name":"Westchester","state_code":"IL","country_code":"US"}},{"type":"Feature","geometry":{"type":"Point","coordinates":[-87.90062,41.80975]},"properties":{"id":129025,"name":"Western Springs","state_code":"IL","country_code":"US"}},{"type":"Feature","geometry":{"type":"Point","coordinates":[-87.97562,41.79586]},"properties":{"id":129049,"name":"Westmont","state_code":"IL","country_code":"US"}},{"type":"Feature","geometry":{"type":"Point","coordinates":[-87.63863,40.04226]},"properties":{"id":129078,"name":"Westville","state_code":"IL","country_code":"US"}},{"type":"Feature","geometry":{"type":"Point","coordinates":[-88.10701,41.86614]},"properties":{"id":129113,"name":"Wheaton","state_code":"IL","country_code":"US"}},{"type":"Feature","geometry":{"type":"Point","coordinates":[-87.92896,42.13919]},"properties":{"id":129120,"name":"Wheeling","state_code":"IL","country_code":"US"}},{"type":"Feature","geometry":{"type":"Point","coordinates":[-90.40318,39.43699]},"properties":{"id":129140,"name":"White Hall","state_code":"IL","country_code":"US"}},{"type":"Feature","geometry":{"type":"Point","coordinates":[-89.54871,39.95422]},"properties":{"id":129291,"name":"Williamsville","state_code":"IL","country_code":"US"}},{"type":"Feature","geometry":{"type":"Point","coordinates":[-87.86033,41.74087]},"properties":{"id":129310,"name":"Willow Springs","state_code":"IL","country_code":"US"}},{"type":"Feature","geometry":{"type":"Point","coordinates":[-87.93589,41.76975]},"properties":{"id":129313,"name":"Willowbrook","state_code":"IL","country_code":"US"}},{"type":"Feature","geometry":{"type":"Point","coordinates":[-87.72284,42.07225]},"properties":{"id":129320,"name":"Wilmette","state_code":"IL","country_code":"US"}},{"type":"Feature","geometry":{"type":"Point","coordinates":[-88.14672,41.30781]},"properties":{"id":129323,"name":"Wilmington","state_code":"IL","country_code":"US"}},{"type":"Feature","geometry":{"type":"Point","coordinates":[-90.45624,39.62977]},"properties":{"id":129352,"name":"Winchester","state_code":"IL","country_code":"US"}},{"type":"Feature","geometry":{"type":"Point","coordinates":[-88.59478,39.44087]},"properties":{"id":129377,"name":"Windsor","state_code":"IL","country_code":"US"}},{"type":"Feature","geometry":{"type":"Point","coordinates":[-88.1609,41.8617]},"properties":{"id":129397,"name":"Winfield","state_code":"IL","country_code":"US"}},{"type":"Feature","geometry":{"type":"Point","coordinates":[-89.24122,42.26613]},"properties":{"id":129405,"name":"Winnebago","state_code":"IL","country_code":"US"}},{"type":"Feature","geometry":{"type":"Point","coordinates":[-87.7359,42.10808]},"properties":{"id":129414,"name":"Winnetka","state_code":"IL","country_code":"US"}},{"type":"Feature","geometry":{"type":"Point","coordinates":[-87.82368,42.47891]},"properties":{"id":129452,"name":"Winthrop Harbor","state_code":"IL","country_code":"US"}},{"type":"Feature","geometry":{"type":"Point","coordinates":[-88.34731,42.3853]},"properties":{"id":129483,"name":"Wonder Lake","state_code":"IL","country_code":"US"}},{"type":"Feature","geometry":{"type":"Point","coordinates":[-87.97896,41.96336]},"properties":{"id":129487,"name":"Wood Dale","state_code":"IL","country_code":"US"}},{"type":"Feature","geometry":{"type":"Point","coordinates":[-90.09761,38.86116]},"properties":{"id":129488,"name":"Wood River","state_code":"IL","country_code":"US"}},{"type":"Feature","geometry":{"type":"Point","coordinates":[-87.59949,41.77948]},"properties":{"id":129536,"name":"Woodlawn","state_code":"IL","country_code":"US"}},{"type":"Feature","geometry":{"type":"Point","coordinates":[-88.05034,41.74697]},"properties":{"id":129545,"name":"Woodridge","state_code":"IL","country_code":"US"}},{"type":"Feature","geometry":{"type":"Point","coordinates":[-88.4487,42.31474]},"properties":{"id":129563,"name":"Woodstock","state_code":"IL","country_code":"US"}},{"type":"Feature","geometry":{"type":"Point","coordinates":[-89.83899,38.93144]},"properties":{"id":129588,"name":"Worden","state_code":"IL","country_code":"US"}},{"type":"Feature","geometry":{"type":"Point","coordinates":[-87.79728,41.68975]},"properties":{"id":129591,"name":"Worth","state_code":"IL","country_code":"US"}},{"type":"Feature","geometry":{"type":"Point","coordinates":[-89.77316,41.0617]},"properties":{"id":129635,"name":"Wyoming","state_code":"IL","country_code":"US"}},{"type":"Feature","geometry":{"type":"Point","coordinates":[-88.44729,41.64114]},"properties":{"id":129709,"name":"Yorkville","state_code":"IL","country_code":"US"}},{"type":"Feature","geometry":{"type":"Point","coordinates":[-89.05202,37.89949]},"properties":{"id":129745,"name":"Zeigler","state_code":"IL","country_code":"US"}},{"type":"Feature","geometry":{"type":"Point","coordinates":[-87.83285,42.44613]},"properties":{"id":129757,"name":"Zion","state_code":"IL","country_code":"US"}}]}