{"type":"FeatureCollection","features":[{"type":"Feature","geometry":{"type":"Point","coordinates":[-76.02409,43.80923]},"properties":{"id":111014,"name":"Adams","state_code":"NY","country_code":"US"}},{"type":"Feature","geometry":{"type":"Point","coordinates":[-76.00548,43.86006]},"properties":{"id":111016,"name":"Adams Center","state_code":"NY","country_code":"US"}},{"type":"Feature","geometry":{"type":"Point","coordinates":[-77.23359,42.10285]},"properties":{"id":111037,"name":"Addison","state_code":"NY","country_code":"US"}},{"type":"Feature","geometry":{"type":"Point","coordinates":[-74.11625,41.10093]},"properties":{"id":111071,"name":"Airmont","state_code":"NY","country_code":"US"}},{"type":"Feature","geometry":{"type":"Point","coordinates":[-78.4953,43.02089]},"properties":{"id":111078,"name":"Akron","state_code":"NY","country_code":"US"}},{"type":"Feature","geometry":{"type":"Point","coordinates":[-78.39086,43.09645]},"properties":{"id":111082,"name":"Alabama","state_code":"NY","country_code":"US"}},{"type":"Feature","geometry":{"type":"Point","coordinates":[-73.75623,42.65258]},"properties":{"id":111108,"name":"Albany","state_code":"NY","country_code":"US"}},{"type":"Feature","geometry":{"type":"Point","coordinates":[-73.64318,40.77343]},"properties":{"id":111119,"name":"Albertson","state_code":"NY","country_code":"US"}},{"type":"Feature","geometry":{"type":"Point","coordinates":[-78.19363,43.24645]},"properties":{"id":111128,"name":"Albion","state_code":"NY","country_code":"US"}},{"type":"Feature","geometry":{"type":"Point","coordinates":[-78.49197,42.90006]},"properties":{"id":111136,"name":"Alden","state_code":"NY","country_code":"US"}},{"type":"Feature","geometry":{"type":"Point","coordinates":[-75.91773,44.33588]},"properties":{"id":111157,"name":"Alexandria Bay","state_code":"NY","country_code":"US"}},{"type":"Feature","geometry":{"type":"Point","coordinates":[-77.79055,42.25424]},"properties":{"id":111160,"name":"Alfred","state_code":"NY","country_code":"US"}},{"type":"Feature","geometry":{"type":"Point","coordinates":[-78.49419,42.09006]},"properties":{"id":111180,"name":"Allegany","state_code":"NY","country_code":"US"}},{"type":"Feature","geometry":{"type":"Point","coordinates":[-74.03374,42.70063]},"properties":{"id":111235,"name":"Altamont","state_code":"NY","country_code":"US"}},{"type":"Feature","geometry":{"type":"Point","coordinates":[-72.14369,40.97371]},"properties":{"id":111262,"name":"Amagansett","state_code":"NY","country_code":"US"}},{"type":"Feature","geometry":{"type":"Point","coordinates":[-78.79976,42.97839]},"properties":{"id":111283,"name":"Amherst","state_code":"NY","country_code":"US"}},{"type":"Feature","geometry":{"type":"Point","coordinates":[-73.41707,40.67899]},"properties":{"id":111292,"name":"Amityville","state_code":"NY","country_code":"US"}},{"type":"Feature","geometry":{"type":"Point","coordinates":[-74.18819,42.93869]},"properties":{"id":111295,"name":"Amsterdam","state_code":"NY","country_code":"US"}},{"type":"Feature","geometry":{"type":"Point","coordinates":[-77.79555,42.15646]},"properties":{"id":111325,"name":"Andover","state_code":"NY","country_code":"US"}},{"type":"Feature","geometry":{"type":"Point","coordinates":[-79.02782,42.63839]},"properties":{"id":111341,"name":"Angola","state_code":"NY","country_code":"US"}},{"type":"Feature","geometry":{"type":"Point","coordinates":[-79.04893,42.65478]},"properties":{"id":111342,"name":"Angola on the Lake","state_code":"NY","country_code":"US"}},{"type":"Feature","geometry":{"type":"Point","coordinates":[-76.15465,42.06952]},"properties":{"id":111383,"name":"Apalachin","state_code":"NY","country_code":"US"}},{"type":"Feature","geometry":{"type":"Point","coordinates":[-72.62704,40.94454]},"properties":{"id":111405,"name":"Aquebogue","state_code":"NY","country_code":"US"}},{"type":"Feature","geometry":{"type":"Point","coordinates":[-78.42307,42.53395]},"properties":{"id":111419,"name":"Arcade","state_code":"NY","country_code":"US"}},{"type":"Feature","geometry":{"type":"Point","coordinates":[-73.84375,41.01065]},"properties":{"id":111444,"name":"Ardsley","state_code":"NY","country_code":"US"}},{"type":"Feature","geometry":{"type":"Point","coordinates":[-73.8968,41.69593]},"properties":{"id":111468,"name":"Arlington","state_code":"NY","country_code":"US"}},{"type":"Feature","geometry":{"type":"Point","coordinates":[-73.71402,41.12648]},"properties":{"id":111478,"name":"Armonk","state_code":"NY","country_code":"US"}},{"type":"Feature","geometry":{"type":"Point","coordinates":[-74.07264,40.59844]},"properties":{"id":111493,"name":"Arrochar","state_code":"NY","country_code":"US"}},{"type":"Feature","geometry":{"type":"Point","coordinates":[-73.79597,40.59122]},"properties":{"id":111504,"name":"Arverne","state_code":"NY","country_code":"US"}},{"type":"Feature","geometry":{"type":"Point","coordinates":[-73.93014,40.77205]},"properties":{"id":111562,"name":"Astoria","state_code":"NY","country_code":"US"}},{"type":"Feature","geometry":{"type":"Point","coordinates":[-73.80957,42.26036]},"properties":{"id":111579,"name":"Athens","state_code":"NY","country_code":"US"}},{"type":"Feature","geometry":{"type":"Point","coordinates":[-73.72902,40.58899]},"properties":{"id":111597,"name":"Atlantic Beach","state_code":"NY","country_code":"US"}},{"type":"Feature","geometry":{"type":"Point","coordinates":[-78.28029,42.86423]},"properties":{"id":111610,"name":"Attica","state_code":"NY","country_code":"US"}},{"type":"Feature","geometry":{"type":"Point","coordinates":[-76.56605,42.93173]},"properties":{"id":111628,"name":"Auburn","state_code":"NY","country_code":"US"}},{"type":"Feature","geometry":{"type":"Point","coordinates":[-73.79,40.7611]},"properties":{"id":161558,"name":"Auburndale","state_code":"NY","country_code":"US"}},{"type":"Feature","geometry":{"type":"Point","coordinates":[-75.50129,42.97479]},"properties":{"id":111650,"name":"Augusta","state_code":"NY","country_code":"US"}},{"type":"Feature","geometry":{"type":"Point","coordinates":[-73.55373,42.63397]},"properties":{"id":111680,"name":"Averill Park","state_code":"NY","country_code":"US"}},{"type":"Feature","geometry":{"type":"Point","coordinates":[-77.74556,42.91201]},"properties":{"id":111693,"name":"Avon","state_code":"NY","country_code":"US"}},{"type":"Feature","geometry":{"type":"Point","coordinates":[-73.32568,40.69566]},"properties":{"id":111716,"name":"Babylon","state_code":"NY","country_code":"US"}},{"type":"Feature","geometry":{"type":"Point","coordinates":[-75.47935,42.29341]},"properties":{"id":111733,"name":"Bainbridge","state_code":"NY","country_code":"US"}},{"type":"Feature","geometry":{"type":"Point","coordinates":[-72.74427,40.95621]},"properties":{"id":111737,"name":"Baiting Hollow","state_code":"NY","country_code":"US"}},{"type":"Feature","geometry":{"type":"Point","coordinates":[-73.6093,40.65649]},"properties":{"id":111756,"name":"Baldwin","state_code":"NY","country_code":"US"}},{"type":"Feature","geometry":{"type":"Point","coordinates":[-73.60846,40.63955]},"properties":{"id":111762,"name":"Baldwin Harbor","state_code":"NY","country_code":"US"}},{"type":"Feature","geometry":{"type":"Point","coordinates":[-76.33271,43.15868]},"properties":{"id":111764,"name":"Baldwinsville","state_code":"NY","country_code":"US"}},{"type":"Feature","geometry":{"type":"Point","coordinates":[-73.84901,43.00091]},"properties":{"id":111775,"name":"Ballston Spa","state_code":"NY","country_code":"US"}},{"type":"Feature","geometry":{"type":"Point","coordinates":[-74.01486,41.53482]},"properties":{"id":111779,"name":"Balmville","state_code":"NY","country_code":"US"}},{"type":"Feature","geometry":{"type":"Point","coordinates":[-73.99625,41.10954]},"properties":{"id":111819,"name":"Bardonia","state_code":"NY","country_code":"US"}},{"type":"Feature","geometry":{"type":"Point","coordinates":[-73.64402,40.60455]},"properties":{"id":111837,"name":"Barnum Island","state_code":"NY","country_code":"US"}},{"type":"Feature","geometry":{"type":"Point","coordinates":[-78.18752,42.99812]},"properties":{"id":111888,"name":"Batavia","state_code":"NY","country_code":"US"}},{"type":"Feature","geometry":{"type":"Point","coordinates":[-77.31776,42.33702]},"properties":{"id":111898,"name":"Bath","state_code":"NY","country_code":"US"}},{"type":"Feature","geometry":{"type":"Point","coordinates":[-74.00431,40.60455]},"properties":{"id":111900,"name":"Bath Beach","state_code":"NY","country_code":"US"}},{"type":"Feature","geometry":{"type":"Point","coordinates":[-73.69541,40.83482]},"properties":{"id":111918,"name":"Baxter Estates","state_code":"NY","country_code":"US"}},{"type":"Feature","geometry":{"type":"Point","coordinates":[-73.67041,40.63316]},"properties":{"id":111930,"name":"Bay Park","state_code":"NY","country_code":"US"}},{"type":"Feature","geometry":{"type":"Point","coordinates":[-73.24539,40.7251]},"properties":{"id":111934,"name":"Bay Shore","state_code":"NY","country_code":"US"}},{"type":"Feature","geometry":{"type":"Point","coordinates":[-73.29123,40.7501]},"properties":{"id":111936,"name":"Bay Wood","state_code":"NY","country_code":"US"}},{"type":"Feature","geometry":{"type":"Point","coordinates":[-73.83645,40.86928]},"properties":{"id":111940,"name":"Baychester","state_code":"NY","country_code":"US"}},{"type":"Feature","geometry":{"type":"Point","coordinates":[-73.05067,40.73843]},"properties":{"id":111952,"name":"Bayport","state_code":"NY","country_code":"US"}},{"type":"Feature","geometry":{"type":"Point","coordinates":[-73.77708,40.76844]},"properties":{"id":111955,"name":"Bayside","state_code":"NY","country_code":"US"}},{"type":"Feature","geometry":{"type":"Point","coordinates":[-73.56207,40.91065]},"properties":{"id":111961,"name":"Bayville","state_code":"NY","country_code":"US"}},{"type":"Feature","geometry":{"type":"Point","coordinates":[-73.96958,41.50482]},"properties":{"id":111968,"name":"Beacon","state_code":"NY","country_code":"US"}},{"type":"Feature","geometry":{"type":"Point","coordinates":[-74.11463,41.44743]},"properties":{"id":112003,"name":"Beaver Dam Lake","state_code":"NY","country_code":"US"}},{"type":"Feature","geometry":{"type":"Point","coordinates":[-74.11629,41.44162]},"properties":{"id":112007,"name":"Beaverdam Lake-Salisbury Mills","state_code":"NY","country_code":"US"}},{"type":"Feature","geometry":{"type":"Point","coordinates":[-73.64374,41.20426]},"properties":{"id":112025,"name":"Bedford","state_code":"NY","country_code":"US"}},{"type":"Feature","geometry":{"type":"Point","coordinates":[-73.69458,41.23676]},"properties":{"id":112030,"name":"Bedford Hills","state_code":"NY","country_code":"US"}},{"type":"Feature","geometry":{"type":"Point","coordinates":[-73.75402,40.71399]},"properties":{"id":112077,"name":"Bellaire","state_code":"NY","country_code":"US"}},{"type":"Feature","geometry":{"type":"Point","coordinates":[-73.84819,40.57594]},"properties":{"id":112084,"name":"Belle Harbor","state_code":"NY","country_code":"US"}},{"type":"Feature","geometry":{"type":"Point","coordinates":[-73.71513,40.72427]},"properties":{"id":112100,"name":"Bellerose","state_code":"NY","country_code":"US"}},{"type":"Feature","geometry":{"type":"Point","coordinates":[-73.72596,40.72066]},"properties":{"id":112101,"name":"Bellerose Terrace","state_code":"NY","country_code":"US"}},{"type":"Feature","geometry":{"type":"Point","coordinates":[-73.52707,40.66871]},"properties":{"id":112123,"name":"Bellmore","state_code":"NY","country_code":"US"}},{"type":"Feature","geometry":{"type":"Point","coordinates":[-72.93927,40.75704]},"properties":{"id":112125,"name":"Bellport","state_code":"NY","country_code":"US"}},{"type":"Feature","geometry":{"type":"Point","coordinates":[-78.03445,42.22312]},"properties":{"id":112140,"name":"Belmont","state_code":"NY","country_code":"US"}},{"type":"Feature","geometry":{"type":"Point","coordinates":[-73.99403,40.60177]},"properties":{"id":112187,"name":"Bensonhurst","state_code":"NY","country_code":"US"}},{"type":"Feature","geometry":{"type":"Point","coordinates":[-77.94223,43.08534]},"properties":{"id":112216,"name":"Bergen","state_code":"NY","country_code":"US"}},{"type":"Feature","geometry":{"type":"Point","coordinates":[-73.9068,40.62038]},"properties":{"id":112217,"name":"Bergen Beach","state_code":"NY","country_code":"US"}},{"type":"Feature","geometry":{"type":"Point","coordinates":[-73.48207,40.74427]},"properties":{"id":112293,"name":"Bethpage","state_code":"NY","country_code":"US"}},{"type":"Feature","geometry":{"type":"Point","coordinates":[-76.93691,42.1373]},"properties":{"id":112320,"name":"Big Flats","state_code":"NY","country_code":"US"}},{"type":"Feature","geometry":{"type":"Point","coordinates":[-78.62642,42.78423]},"properties":{"id":112346,"name":"Billington Heights","state_code":"NY","country_code":"US"}},{"type":"Feature","geometry":{"type":"Point","coordinates":[-75.91797,42.09869]},"properties":{"id":112351,"name":"Binghamton","state_code":"NY","country_code":"US"}},{"type":"Feature","geometry":{"type":"Point","coordinates":[-75.79437,44.01256]},"properties":{"id":112382,"name":"Black River","state_code":"NY","country_code":"US"}},{"type":"Feature","geometry":{"type":"Point","coordinates":[-78.82337,42.79728]},"properties":{"id":112424,"name":"Blasdell","state_code":"NY","country_code":"US"}},{"type":"Feature","geometry":{"type":"Point","coordinates":[-73.95764,41.06343]},"properties":{"id":112425,"name":"Blauvelt","state_code":"NY","country_code":"US"}},{"type":"Feature","geometry":{"type":"Point","coordinates":[-74.1782,40.6126]},"properties":{"id":112438,"name":"Bloomfield","state_code":"NY","country_code":"US"}},{"type":"Feature","geometry":{"type":"Point","coordinates":[-73.03455,40.74399]},"properties":{"id":112473,"name":"Blue Point","state_code":"NY","country_code":"US"}},{"type":"Feature","geometry":{"type":"Point","coordinates":[-73.11511,40.76926]},"properties":{"id":112502,"name":"Bohemia","state_code":"NY","country_code":"US"}},{"type":"Feature","geometry":{"type":"Point","coordinates":[-78.16779,42.06673]},"properties":{"id":112520,"name":"Bolivar","state_code":"NY","country_code":"US"}},{"type":"Feature","geometry":{"type":"Point","coordinates":[-75.33656,43.48368]},"properties":{"id":112570,"name":"Boonville","state_code":"NY","country_code":"US"}},{"type":"Feature","geometry":{"type":"Point","coordinates":[-73.99681,40.63399]},"properties":{"id":112580,"name":"Borough Park","state_code":"NY","country_code":"US"}},{"type":"Feature","geometry":{"type":"Point","coordinates":[-78.73753,42.62895]},"properties":{"id":112590,"name":"Boston","state_code":"NY","country_code":"US"}},{"type":"Feature","geometry":{"type":"Point","coordinates":[-73.24623,40.78121]},"properties":{"id":112731,"name":"Brentwood","state_code":"NY","country_code":"US"}},{"type":"Feature","geometry":{"type":"Point","coordinates":[-76.14076,43.23812]},"properties":{"id":112740,"name":"Brewerton","state_code":"NY","country_code":"US"}},{"type":"Feature","geometry":{"type":"Point","coordinates":[-73.61707,41.39732]},"properties":{"id":112743,"name":"Brewster","state_code":"NY","country_code":"US"}},{"type":"Feature","geometry":{"type":"Point","coordinates":[-73.60429,41.42398]},"properties":{"id":112746,"name":"Brewster Hill","state_code":"NY","country_code":"US"}},{"type":"Feature","geometry":{"type":"Point","coordinates":[-73.82375,41.14565]},"properties":{"id":112750,"name":"Briarcliff Manor","state_code":"NY","country_code":"US"}},{"type":"Feature","geometry":{"type":"Point","coordinates":[-73.81529,40.70935]},"properties":{"id":112751,"name":"Briarwood","state_code":"NY","country_code":"US"}},{"type":"Feature","geometry":{"type":"Point","coordinates":[-72.30092,40.93788]},"properties":{"id":112757,"name":"Bridgehampton","state_code":"NY","country_code":"US"}},{"type":"Feature","geometry":{"type":"Point","coordinates":[-75.96936,43.15535]},"properties":{"id":112763,"name":"Bridgeport","state_code":"NY","country_code":"US"}},{"type":"Feature","geometry":{"type":"Point","coordinates":[-77.55055,43.14756]},"properties":{"id":112790,"name":"Brighton","state_code":"NY","country_code":"US"}},{"type":"Feature","geometry":{"type":"Point","coordinates":[-73.95958,40.57788]},"properties":{"id":112792,"name":"Brighton Beach","state_code":"NY","country_code":"US"}},{"type":"Feature","geometry":{"type":"Point","coordinates":[-73.26734,40.72093]},"properties":{"id":112794,"name":"Brightwaters","state_code":"NY","country_code":"US"}},{"type":"Feature","geometry":{"type":"Point","coordinates":[-73.86819,41.54398]},"properties":{"id":112798,"name":"Brinckerhoff","state_code":"NY","country_code":"US"}},{"type":"Feature","geometry":{"type":"Point","coordinates":[-73.82041,40.60316]},"properties":{"id":112820,"name":"Broad Channel","state_code":"NY","country_code":"US"}},{"type":"Feature","geometry":{"type":"Point","coordinates":[-74.19652,43.05868]},"properties":{"id":112823,"name":"Broadalbin","state_code":"NY","country_code":"US"}},{"type":"Feature","geometry":{"type":"Point","coordinates":[-77.93918,43.21367]},"properties":{"id":112833,"name":"Brockport","state_code":"NY","country_code":"US"}},{"type":"Feature","geometry":{"type":"Point","coordinates":[-79.44116,42.38867]},"properties":{"id":112836,"name":"Brocton","state_code":"NY","country_code":"US"}},{"type":"Feature","geometry":{"type":"Point","coordinates":[-73.92357,40.82732]},"properties":{"id":112846,"name":"Bronx","state_code":"NY","country_code":"US"}},{"type":"Feature","geometry":{"type":"Point","coordinates":[-73.83208,40.93815]},"properties":{"id":112847,"name":"Bronxville","state_code":"NY","country_code":"US"}},{"type":"Feature","geometry":{"type":"Point","coordinates":[-72.91538,40.77927]},"properties":{"id":112860,"name":"Brookhaven","state_code":"NY","country_code":"US"}},{"type":"Feature","geometry":{"type":"Point","coordinates":[-73.94958,40.6501]},"properties":{"id":112872,"name":"Brooklyn","state_code":"NY","country_code":"US"}},{"type":"Feature","geometry":{"type":"Point","coordinates":[-73.99375,40.69538]},"properties":{"id":112875,"name":"Brooklyn Heights","state_code":"NY","country_code":"US"}},{"type":"Feature","geometry":{"type":"Point","coordinates":[-73.56735,40.81316]},"properties":{"id":112895,"name":"Brookville","state_code":"NY","country_code":"US"}},{"type":"Feature","geometry":{"type":"Point","coordinates":[-73.92014,40.66094]},"properties":{"id":112933,"name":"Brownsville","state_code":"NY","country_code":"US"}},{"type":"Feature","geometry":{"type":"Point","coordinates":[-75.98409,44.007]},"properties":{"id":112938,"name":"Brownville","state_code":"NY","country_code":"US"}},{"type":"Feature","geometry":{"type":"Point","coordinates":[-73.93819,41.26204]},"properties":{"id":112972,"name":"Buchanan","state_code":"NY","country_code":"US"}},{"type":"Feature","geometry":{"type":"Point","coordinates":[-78.87837,42.88645]},"properties":{"id":113014,"name":"Buffalo","state_code":"NY","country_code":"US"}},{"type":"Feature","geometry":{"type":"Point","coordinates":[-73.91875,40.69427]},"properties":{"id":113103,"name":"Bushwick","state_code":"NY","country_code":"US"}},{"type":"Feature","geometry":{"type":"Point","coordinates":[-73.99847,42.29897]},"properties":{"id":113171,"name":"Cairo","state_code":"NY","country_code":"US"}},{"type":"Feature","geometry":{"type":"Point","coordinates":[-75.84604,44.02173]},"properties":{"id":113178,"name":"Calcium","state_code":"NY","country_code":"US"}},{"type":"Feature","geometry":{"type":"Point","coordinates":[-77.85278,42.97312]},"properties":{"id":113191,"name":"Caledonia","state_code":"NY","country_code":"US"}},{"type":"Feature","geometry":{"type":"Point","coordinates":[-72.74343,40.90649]},"properties":{"id":113237,"name":"Calverton","state_code":"NY","country_code":"US"}},{"type":"Feature","geometry":{"type":"Point","coordinates":[-73.73847,40.69455]},"properties":{"id":113248,"name":"Cambria Heights","state_code":"NY","country_code":"US"}},{"type":"Feature","geometry":{"type":"Point","coordinates":[-73.38122,43.02813]},"properties":{"id":113254,"name":"Cambridge","state_code":"NY","country_code":"US"}},{"type":"Feature","geometry":{"type":"Point","coordinates":[-75.74796,43.33451]},"properties":{"id":113267,"name":"Camden","state_code":"NY","country_code":"US"}},{"type":"Feature","geometry":{"type":"Point","coordinates":[-76.3041,43.03923]},"properties":{"id":113284,"name":"Camillus","state_code":"NY","country_code":"US"}},{"type":"Feature","geometry":{"type":"Point","coordinates":[-74.57181,42.90563]},"properties":{"id":113317,"name":"Canajoharie","state_code":"NY","country_code":"US"}},{"type":"Feature","geometry":{"type":"Point","coordinates":[-77.28804,42.87423]},"properties":{"id":113318,"name":"Canandaigua","state_code":"NY","country_code":"US"}},{"type":"Feature","geometry":{"type":"Point","coordinates":[-73.90069,40.64372]},"properties":{"id":113319,"name":"Canarsie","state_code":"NY","country_code":"US"}},{"type":"Feature","geometry":{"type":"Point","coordinates":[-75.75074,43.07951]},"properties":{"id":113320,"name":"Canastota","state_code":"NY","country_code":"US"}},{"type":"Feature","geometry":{"type":"Point","coordinates":[-77.60582,42.27035]},"properties":{"id":113329,"name":"Canisteo","state_code":"NY","country_code":"US"}},{"type":"Feature","geometry":{"type":"Point","coordinates":[-75.16909,44.59562]},"properties":{"id":113347,"name":"Canton","state_code":"NY","country_code":"US"}},{"type":"Feature","geometry":{"type":"Point","coordinates":[-73.61041,40.7526]},"properties":{"id":113397,"name":"Carle Place","state_code":"NY","country_code":"US"}},{"type":"Feature","geometry":{"type":"Point","coordinates":[-73.68013,41.43009]},"properties":{"id":113417,"name":"Carmel","state_code":"NY","country_code":"US"}},{"type":"Feature","geometry":{"type":"Point","coordinates":[-73.68524,41.41485]},"properties":{"id":113419,"name":"Carmel Hamlet","state_code":"NY","country_code":"US"}},{"type":"Feature","geometry":{"type":"Point","coordinates":[-75.60936,43.97812]},"properties":{"id":113497,"name":"Carthage","state_code":"NY","country_code":"US"}},{"type":"Feature","geometry":{"type":"Point","coordinates":[-73.75123,42.51841]},"properties":{"id":113553,"name":"Castleton-on-Hudson","state_code":"NY","country_code":"US"}},{"type":"Feature","geometry":{"type":"Point","coordinates":[-73.86457,42.21731]},"properties":{"id":113579,"name":"Catskill","state_code":"NY","country_code":"US"}},{"type":"Feature","geometry":{"type":"Point","coordinates":[-76.48776,42.4601]},"properties":{"id":113595,"name":"Cayuga Heights","state_code":"NY","country_code":"US"}},{"type":"Feature","geometry":{"type":"Point","coordinates":[-75.85269,42.93007]},"properties":{"id":113596,"name":"Cazenovia","state_code":"NY","country_code":"US"}},{"type":"Feature","geometry":{"type":"Point","coordinates":[-73.7243,40.62288]},"properties":{"id":113626,"name":"Cedarhurst","state_code":"NY","country_code":"US"}},{"type":"Feature","geometry":{"type":"Point","coordinates":[-79.2831,42.1095]},"properties":{"id":113632,"name":"Celoron","state_code":"NY","country_code":"US"}},{"type":"Feature","geometry":{"type":"Point","coordinates":[-72.78982,40.80038]},"properties":{"id":113645,"name":"Center Moriches","state_code":"NY","country_code":"US"}},{"type":"Feature","geometry":{"type":"Point","coordinates":[-73.09955,40.85843]},"properties":{"id":113648,"name":"Centereach","state_code":"NY","country_code":"US"}},{"type":"Feature","geometry":{"type":"Point","coordinates":[-73.37623,40.88538]},"properties":{"id":113650,"name":"Centerport","state_code":"NY","country_code":"US"}},{"type":"Feature","geometry":{"type":"Point","coordinates":[-73.20178,40.79065]},"properties":{"id":113678,"name":"Central Islip","state_code":"NY","country_code":"US"}},{"type":"Feature","geometry":{"type":"Point","coordinates":[-76.14604,43.28674]},"properties":{"id":113681,"name":"Central Square","state_code":"NY","country_code":"US"}},{"type":"Feature","geometry":{"type":"Point","coordinates":[-74.12098,41.33176]},"properties":{"id":113682,"name":"Central Valley","state_code":"NY","country_code":"US"}},{"type":"Feature","geometry":{"type":"Point","coordinates":[-75.27155,43.02785]},"properties":{"id":113708,"name":"Chadwicks","state_code":"NY","country_code":"US"}},{"type":"Feature","geometry":{"type":"Point","coordinates":[-73.44653,44.98643]},"properties":{"id":113726,"name":"Champlain","state_code":"NY","country_code":"US"}},{"type":"Feature","geometry":{"type":"Point","coordinates":[-73.76485,41.15954]},"properties":{"id":113746,"name":"Chappaqua","state_code":"NY","country_code":"US"}},{"type":"Feature","geometry":{"type":"Point","coordinates":[-74.23737,40.53677]},"properties":{"id":113768,"name":"Charleston","state_code":"NY","country_code":"US"}},{"type":"Feature","geometry":{"type":"Point","coordinates":[-73.59484,42.36425]},"properties":{"id":113799,"name":"Chatham","state_code":"NY","country_code":"US"}},{"type":"Feature","geometry":{"type":"Point","coordinates":[-78.75475,42.90339]},"properties":{"id":113824,"name":"Cheektowaga","state_code":"NY","country_code":"US"}},{"type":"Feature","geometry":{"type":"Point","coordinates":[-74.19487,40.60066]},"properties":{"id":113834,"name":"Chelsea","state_code":"NY","country_code":"US"}},{"type":"Feature","geometry":{"type":"Point","coordinates":[-75.86242,42.16674]},"properties":{"id":113837,"name":"Chenango Bridge","state_code":"NY","country_code":"US"}},{"type":"Feature","geometry":{"type":"Point","coordinates":[-74.27126,41.36259]},"properties":{"id":113888,"name":"Chester","state_code":"NY","country_code":"US"}},{"type":"Feature","geometry":{"type":"Point","coordinates":[-74.0557,41.08426]},"properties":{"id":113912,"name":"Chestnut Ridge","state_code":"NY","country_code":"US"}},{"type":"Feature","geometry":{"type":"Point","coordinates":[-75.86658,43.04507]},"properties":{"id":113981,"name":"Chittenango","state_code":"NY","country_code":"US"}},{"type":"Feature","geometry":{"type":"Point","coordinates":[-77.88445,43.10423]},"properties":{"id":114013,"name":"Churchville","state_code":"NY","country_code":"US"}},{"type":"Feature","geometry":{"type":"Point","coordinates":[-73.78652,40.84732]},"properties":{"id":114043,"name":"City Island","state_code":"NY","country_code":"US"}},{"type":"Feature","geometry":{"type":"Point","coordinates":[-78.59197,42.97673]},"properties":{"id":114108,"name":"Clarence","state_code":"NY","country_code":"US"}},{"type":"Feature","geometry":{"type":"Point","coordinates":[-78.63753,43.01061]},"properties":{"id":114109,"name":"Clarence Center","state_code":"NY","country_code":"US"}},{"type":"Feature","geometry":{"type":"Point","coordinates":[-75.37962,43.09229]},"properties":{"id":114132,"name":"Clark Mills","state_code":"NY","country_code":"US"}},{"type":"Feature","geometry":{"type":"Point","coordinates":[-77.92751,43.23312]},"properties":{"id":114146,"name":"Clarkson","state_code":"NY","country_code":"US"}},{"type":"Feature","geometry":{"type":"Point","coordinates":[-76.08578,44.23949]},"properties":{"id":114202,"name":"Clayton","state_code":"NY","country_code":"US"}},{"type":"Feature","geometry":{"type":"Point","coordinates":[-74.07709,40.6201]},"properties":{"id":114258,"name":"Clifton","state_code":"NY","country_code":"US"}},{"type":"Feature","geometry":{"type":"Point","coordinates":[-77.13998,42.96173]},"properties":{"id":114264,"name":"Clifton Springs","state_code":"NY","country_code":"US"}},{"type":"Feature","geometry":{"type":"Point","coordinates":[-75.3785,43.0484]},"properties":{"id":114283,"name":"Clinton","state_code":"NY","country_code":"US"}},{"type":"Feature","geometry":{"type":"Point","coordinates":[-74.05125,41.69482]},"properties":{"id":114298,"name":"Clintondale","state_code":"NY","country_code":"US"}},{"type":"Feature","geometry":{"type":"Point","coordinates":[-76.8694,43.08423]},"properties":{"id":114320,"name":"Clyde","state_code":"NY","country_code":"US"}},{"type":"Feature","geometry":{"type":"Point","coordinates":[-79.63005,42.02089]},"properties":{"id":114322,"name":"Clymer","state_code":"NY","country_code":"US"}},{"type":"Feature","geometry":{"type":"Point","coordinates":[-74.48542,42.67785]},"properties":{"id":114347,"name":"Cobleskill","state_code":"NY","country_code":"US"}},{"type":"Feature","geometry":{"type":"Point","coordinates":[-73.70012,42.77424]},"properties":{"id":114375,"name":"Cohoes","state_code":"NY","country_code":"US"}},{"type":"Feature","geometry":{"type":"Point","coordinates":[-73.95458,41.42009]},"properties":{"id":114387,"name":"Cold Spring","state_code":"NY","country_code":"US"}},{"type":"Feature","geometry":{"type":"Point","coordinates":[-73.45679,40.87149]},"properties":{"id":114388,"name":"Cold Spring Harbor","state_code":"NY","country_code":"US"}},{"type":"Feature","geometry":{"type":"Point","coordinates":[-73.84597,40.7876]},"properties":{"id":114416,"name":"College Point","state_code":"NY","country_code":"US"}},{"type":"Feature","geometry":{"type":"Point","coordinates":[-73.83346,42.71786]},"properties":{"id":114452,"name":"Colonie","state_code":"NY","country_code":"US"}},{"type":"Feature","geometry":{"type":"Point","coordinates":[-73.29289,40.84288]},"properties":{"id":114521,"name":"Commack","state_code":"NY","country_code":"US"}},{"type":"Feature","geometry":{"type":"Point","coordinates":[-74.08431,40.60816]},"properties":{"id":114540,"name":"Concord","state_code":"NY","country_code":"US"}},{"type":"Feature","geometry":{"type":"Point","coordinates":[-73.99403,40.57788]},"properties":{"id":114556,"name":"Coney Island","state_code":"NY","country_code":"US"}},{"type":"Feature","geometry":{"type":"Point","coordinates":[-73.94542,41.15065]},"properties":{"id":114557,"name":"Congers","state_code":"NY","country_code":"US"}},{"type":"Feature","geometry":{"type":"Point","coordinates":[-76.0002,43.24785]},"properties":{"id":114572,"name":"Constantia","state_code":"NY","country_code":"US"}},{"type":"Feature","geometry":{"type":"Point","coordinates":[-74.92426,42.70048]},"properties":{"id":114605,"name":"Cooperstown","state_code":"NY","country_code":"US"}},{"type":"Feature","geometry":{"type":"Point","coordinates":[-73.39984,40.68149]},"properties":{"id":114616,"name":"Copiague","state_code":"NY","country_code":"US"}},{"type":"Feature","geometry":{"type":"Point","coordinates":[-73.00149,40.86871]},"properties":{"id":114629,"name":"Coram","state_code":"NY","country_code":"US"}},{"type":"Feature","geometry":{"type":"Point","coordinates":[-73.83234,43.24452]},"properties":{"id":114645,"name":"Corinth","state_code":"NY","country_code":"US"}},{"type":"Feature","geometry":{"type":"Point","coordinates":[-77.05469,42.14285]},"properties":{"id":114653,"name":"Corning","state_code":"NY","country_code":"US"}},{"type":"Feature","geometry":{"type":"Point","coordinates":[-74.0157,41.44482]},"properties":{"id":114658,"name":"Cornwall","state_code":"NY","country_code":"US"}},{"type":"Feature","geometry":{"type":"Point","coordinates":[-73.86014,40.74705]},"properties":{"id":114661,"name":"Corona","state_code":"NY","country_code":"US"}},{"type":"Feature","geometry":{"type":"Point","coordinates":[-76.18048,42.60118]},"properties":{"id":114676,"name":"Cortland","state_code":"NY","country_code":"US"}},{"type":"Feature","geometry":{"type":"Point","coordinates":[-76.22587,42.59431]},"properties":{"id":114678,"name":"Cortland West","state_code":"NY","country_code":"US"}},{"type":"Feature","geometry":{"type":"Point","coordinates":[-73.80512,42.91508]},"properties":{"id":114721,"name":"Country Knolls","state_code":"NY","country_code":"US"}},{"type":"Feature","geometry":{"type":"Point","coordinates":[-73.8029,42.35092]},"properties":{"id":114751,"name":"Coxsackie","state_code":"NY","country_code":"US"}},{"type":"Feature","geometry":{"type":"Point","coordinates":[-73.86541,41.29509]},"properties":{"id":114834,"name":"Crompond","state_code":"NY","country_code":"US"}},{"type":"Feature","geometry":{"type":"Point","coordinates":[-73.89125,41.20843]},"properties":{"id":114859,"name":"Croton-on-Hudson","state_code":"NY","country_code":"US"}},{"type":"Feature","geometry":{"type":"Point","coordinates":[-73.93792,41.63732]},"properties":{"id":114866,"name":"Crown Heights","state_code":"NY","country_code":"US"}},{"type":"Feature","geometry":{"type":"Point","coordinates":[-73.92264,41.23343]},"properties":{"id":114872,"name":"Crugers","state_code":"NY","country_code":"US"}},{"type":"Feature","geometry":{"type":"Point","coordinates":[-78.27529,42.21757]},"properties":{"id":114887,"name":"Cuba","state_code":"NY","country_code":"US"}},{"type":"Feature","geometry":{"type":"Point","coordinates":[-73.40263,44.71643]},"properties":{"id":114920,"name":"Cumberland Head","state_code":"NY","country_code":"US"}},{"type":"Feature","geometry":{"type":"Point","coordinates":[-72.48509,41.01066]},"properties":{"id":114944,"name":"Cutchogue","state_code":"NY","country_code":"US"}},{"type":"Feature","geometry":{"type":"Point","coordinates":[-73.89125,40.67705]},"properties":{"id":114956,"name":"Cypress Hills","state_code":"NY","country_code":"US"}},{"type":"Feature","geometry":{"type":"Point","coordinates":[-73.72375,44.72143]},"properties":{"id":115027,"name":"Dannemora","state_code":"NY","country_code":"US"}},{"type":"Feature","geometry":{"type":"Point","coordinates":[-77.69611,42.5609]},"properties":{"id":115028,"name":"Dansville","state_code":"NY","country_code":"US"}},{"type":"Feature","geometry":{"type":"Point","coordinates":[-73.32929,40.76177]},"properties":{"id":115177,"name":"Deer Park","state_code":"NY","country_code":"US"}},{"type":"Feature","geometry":{"type":"Point","coordinates":[-78.48085,42.48923]},"properties":{"id":115210,"name":"Delevan","state_code":"NY","country_code":"US"}},{"type":"Feature","geometry":{"type":"Point","coordinates":[-74.91599,42.27814]},"properties":{"id":115212,"name":"Delhi","state_code":"NY","country_code":"US"}},{"type":"Feature","geometry":{"type":"Point","coordinates":[-73.83262,42.62202]},"properties":{"id":115218,"name":"Delmar","state_code":"NY","country_code":"US"}},{"type":"Feature","geometry":{"type":"Point","coordinates":[-78.69225,42.90395]},"properties":{"id":115256,"name":"Depew","state_code":"NY","country_code":"US"}},{"type":"Feature","geometry":{"type":"Point","coordinates":[-75.42768,42.06008]},"properties":{"id":115258,"name":"Deposit","state_code":"NY","country_code":"US"}},{"type":"Feature","geometry":{"type":"Point","coordinates":[-76.04437,44.00784]},"properties":{"id":115310,"name":"Dexter","state_code":"NY","country_code":"US"}},{"type":"Feature","geometry":{"type":"Point","coordinates":[-73.33623,40.80482]},"properties":{"id":115358,"name":"Dix Hills","state_code":"NY","country_code":"US"}},{"type":"Feature","geometry":{"type":"Point","coordinates":[-73.87264,41.01454]},"properties":{"id":115370,"name":"Dobbs Ferry","state_code":"NY","country_code":"US"}},{"type":"Feature","geometry":{"type":"Point","coordinates":[-74.77293,43.1009]},"properties":{"id":115387,"name":"Dolgeville","state_code":"NY","country_code":"US"}},{"type":"Feature","geometry":{"type":"Point","coordinates":[-74.09625,40.58844]},"properties":{"id":115396,"name":"Dongan Hills","state_code":"NY","country_code":"US"}},{"type":"Feature","geometry":{"type":"Point","coordinates":[-73.74708,40.76871]},"properties":{"id":115439,"name":"Douglaston","state_code":"NY","country_code":"US"}},{"type":"Feature","geometry":{"type":"Point","coordinates":[-73.57652,41.74121]},"properties":{"id":115456,"name":"Dover Plains","state_code":"NY","country_code":"US"}},{"type":"Feature","geometry":{"type":"Point","coordinates":[-76.29716,42.49091]},"properties":{"id":115485,"name":"Dryden","state_code":"NY","country_code":"US"}},{"type":"Feature","geometry":{"type":"Point","coordinates":[-76.97663,42.5234]},"properties":{"id":115530,"name":"Dundee","state_code":"NY","country_code":"US"}},{"type":"Feature","geometry":{"type":"Point","coordinates":[-79.33393,42.4795]},"properties":{"id":115539,"name":"Dunkirk","state_code":"NY","country_code":"US"}},{"type":"Feature","geometry":{"type":"Point","coordinates":[-74.17236,42.39953]},"properties":{"id":115572,"name":"Durham","state_code":"NY","country_code":"US"}},{"type":"Feature","geometry":{"type":"Point","coordinates":[-74.00958,40.62149]},"properties":{"id":115590,"name":"Dyker Heights","state_code":"NY","country_code":"US"}},{"type":"Feature","geometry":{"type":"Point","coordinates":[-73.74708,40.78982]},"properties":{"id":115627,"name":"East Atlantic Beach","state_code":"NY","country_code":"US"}},{"type":"Feature","geometry":{"type":"Point","coordinates":[-78.61336,42.76784]},"properties":{"id":115628,"name":"East Aurora","state_code":"NY","country_code":"US"}},{"type":"Feature","geometry":{"type":"Point","coordinates":[-73.86514,40.76121]},"properties":{"id":115655,"name":"East Elmhurst","state_code":"NY","country_code":"US"}},{"type":"Feature","geometry":{"type":"Point","coordinates":[-73.41679,40.72927]},"properties":{"id":115658,"name":"East Farmingdale","state_code":"NY","country_code":"US"}},{"type":"Feature","geometry":{"type":"Point","coordinates":[-73.93042,40.65371]},"properties":{"id":115661,"name":"East Flatbush","state_code":"NY","country_code":"US"}},{"type":"Feature","geometry":{"type":"Point","coordinates":[-73.59806,40.73083]},"properties":{"id":115667,"name":"East Garden City","state_code":"NY","country_code":"US"}},{"type":"Feature","geometry":{"type":"Point","coordinates":[-73.9279,42.89452]},"properties":{"id":115669,"name":"East Glenville","state_code":"NY","country_code":"US"}},{"type":"Feature","geometry":{"type":"Point","coordinates":[-73.70179,42.59091]},"properties":{"id":115672,"name":"East Greenbush","state_code":"NY","country_code":"US"}},{"type":"Feature","geometry":{"type":"Point","coordinates":[-72.1848,40.96343]},"properties":{"id":115680,"name":"East Hampton","state_code":"NY","country_code":"US"}},{"type":"Feature","geometry":{"type":"Point","coordinates":[-72.18911,40.97276]},"properties":{"id":115681,"name":"East Hampton North","state_code":"NY","country_code":"US"}},{"type":"Feature","geometry":{"type":"Point","coordinates":[-73.9425,40.79472]},"properties":{"id":115683,"name":"East Harlem","state_code":"NY","country_code":"US"}},{"type":"Feature","geometry":{"type":"Point","coordinates":[-73.62707,40.79371]},"properties":{"id":115692,"name":"East Hills","state_code":"NY","country_code":"US"}},{"type":"Feature","geometry":{"type":"Point","coordinates":[-73.18567,40.73204]},"properties":{"id":115695,"name":"East Islip","state_code":"NY","country_code":"US"}},{"type":"Feature","geometry":{"type":"Point","coordinates":[-76.47855,42.43952]},"properties":{"id":115696,"name":"East Ithaca","state_code":"NY","country_code":"US"}},{"type":"Feature","geometry":{"type":"Point","coordinates":[-73.43651,40.67343]},"properties":{"id":115708,"name":"East Massapequa","state_code":"NY","country_code":"US"}},{"type":"Feature","geometry":{"type":"Point","coordinates":[-73.55902,40.71399]},"properties":{"id":115710,"name":"East Meadow","state_code":"NY","country_code":"US"}},{"type":"Feature","geometry":{"type":"Point","coordinates":[-72.76093,40.8051]},"properties":{"id":115717,"name":"East Moriches","state_code":"NY","country_code":"US"}},{"type":"Feature","geometry":{"type":"Point","coordinates":[-73.88236,40.66677]},"properties":{"id":115719,"name":"East New York","state_code":"NY","country_code":"US"}},{"type":"Feature","geometry":{"type":"Point","coordinates":[-73.32456,40.87676]},"properties":{"id":115722,"name":"East Northport","state_code":"NY","country_code":"US"}},{"type":"Feature","geometry":{"type":"Point","coordinates":[-73.53512,40.84677]},"properties":{"id":115724,"name":"East Norwich","state_code":"NY","country_code":"US"}},{"type":"Feature","geometry":{"type":"Point","coordinates":[-72.99622,40.76704]},"properties":{"id":115730,"name":"East Patchogue","state_code":"NY","country_code":"US"}},{"type":"Feature","geometry":{"type":"Point","coordinates":[-72.58148,40.84066]},"properties":{"id":115743,"name":"East Quogue","state_code":"NY","country_code":"US"}},{"type":"Feature","geometry":{"type":"Point","coordinates":[-77.4875,43.10867]},"properties":{"id":115749,"name":"East Rochester","state_code":"NY","country_code":"US"}},{"type":"Feature","geometry":{"type":"Point","coordinates":[-73.66957,40.64205]},"properties":{"id":115750,"name":"East Rockaway","state_code":"NY","country_code":"US"}},{"type":"Feature","geometry":{"type":"Point","coordinates":[-73.10594,40.94149]},"properties":{"id":115757,"name":"East Setauket","state_code":"NY","country_code":"US"}},{"type":"Feature","geometry":{"type":"Point","coordinates":[-72.87955,40.94482]},"properties":{"id":115758,"name":"East Shoreham","state_code":"NY","country_code":"US"}},{"type":"Feature","geometry":{"type":"Point","coordinates":[-76.07853,43.06534]},"properties":{"id":115763,"name":"East Syracuse","state_code":"NY","country_code":"US"}},{"type":"Feature","geometry":{"type":"Point","coordinates":[-73.89097,40.84538]},"properties":{"id":115765,"name":"East Tremont","state_code":"NY","country_code":"US"}},{"type":"Feature","geometry":{"type":"Point","coordinates":[-73.98736,40.72927]},"properties":{"id":115769,"name":"East Village","state_code":"NY","country_code":"US"}},{"type":"Feature","geometry":{"type":"Point","coordinates":[-73.63485,40.75843]},"properties":{"id":115773,"name":"East Williston","state_code":"NY","country_code":"US"}},{"type":"Feature","geometry":{"type":"Point","coordinates":[-73.80861,40.95833]},"properties":{"id":115776,"name":"Eastchester","state_code":"NY","country_code":"US"}},{"type":"Feature","geometry":{"type":"Point","coordinates":[-72.73177,40.82593]},"properties":{"id":115796,"name":"Eastport","state_code":"NY","country_code":"US"}},{"type":"Feature","geometry":{"type":"Point","coordinates":[-73.40151,40.93065]},"properties":{"id":115805,"name":"Eatons Neck","state_code":"NY","country_code":"US"}},{"type":"Feature","geometry":{"type":"Point","coordinates":[-78.89698,42.65228]},"properties":{"id":115830,"name":"Eden","state_code":"NY","country_code":"US"}},{"type":"Feature","geometry":{"type":"Point","coordinates":[-73.76763,40.59622]},"properties":{"id":115845,"name":"Edgemere","state_code":"NY","country_code":"US"}},{"type":"Feature","geometry":{"type":"Point","coordinates":[-74.10402,43.22174]},"properties":{"id":115872,"name":"Edinburg","state_code":"NY","country_code":"US"}},{"type":"Feature","geometry":{"type":"Point","coordinates":[-78.80392,42.96339]},"properties":{"id":115902,"name":"Eggertsville","state_code":"NY","country_code":"US"}},{"type":"Feature","geometry":{"type":"Point","coordinates":[-76.44799,43.03451]},"properties":{"id":115947,"name":"Elbridge","state_code":"NY","country_code":"US"}},{"type":"Feature","geometry":{"type":"Point","coordinates":[-73.59097,44.21616]},"properties":{"id":115980,"name":"Elizabethtown","state_code":"NY","country_code":"US"}},{"type":"Feature","geometry":{"type":"Point","coordinates":[-74.39571,41.71704]},"properties":{"id":116020,"name":"Ellenville","state_code":"NY","country_code":"US"}},{"type":"Feature","geometry":{"type":"Point","coordinates":[-78.63614,42.82978]},"properties":{"id":116047,"name":"Elma Center","state_code":"NY","country_code":"US"}},{"type":"Feature","geometry":{"type":"Point","coordinates":[-73.87791,40.73649]},"properties":{"id":116052,"name":"Elmhurst","state_code":"NY","country_code":"US"}},{"type":"Feature","geometry":{"type":"Point","coordinates":[-76.80773,42.0898]},"properties":{"id":116053,"name":"Elmira","state_code":"NY","country_code":"US"}},{"type":"Feature","geometry":{"type":"Point","coordinates":[-76.82079,42.1298]},"properties":{"id":116054,"name":"Elmira Heights","state_code":"NY","country_code":"US"}},{"type":"Feature","geometry":{"type":"Point","coordinates":[-73.71291,40.70094]},"properties":{"id":116055,"name":"Elmont","state_code":"NY","country_code":"US"}},{"type":"Feature","geometry":{"type":"Point","coordinates":[-73.82013,41.0551]},"properties":{"id":116059,"name":"Elmsford","state_code":"NY","country_code":"US"}},{"type":"Feature","geometry":{"type":"Point","coordinates":[-74.1657,40.54538]},"properties":{"id":116072,"name":"Eltingville","state_code":"NY","country_code":"US"}},{"type":"Feature","geometry":{"type":"Point","coordinates":[-73.33512,40.84538]},"properties":{"id":116082,"name":"Elwood","state_code":"NY","country_code":"US"}},{"type":"Feature","geometry":{"type":"Point","coordinates":[-74.09598,40.60872]},"properties":{"id":116095,"name":"Emerson Hill","state_code":"NY","country_code":"US"}},{"type":"Feature","geometry":{"type":"Point","coordinates":[-76.04937,42.09841]},"properties":{"id":116120,"name":"Endicott","state_code":"NY","country_code":"US"}},{"type":"Feature","geometry":{"type":"Point","coordinates":[-76.02103,42.11285]},"properties":{"id":116121,"name":"Endwell","state_code":"NY","country_code":"US"}},{"type":"Feature","geometry":{"type":"Point","coordinates":[-76.23854,43.04729]},"properties":{"id":116341,"name":"Fairmount","state_code":"NY","country_code":"US"}},{"type":"Feature","geometry":{"type":"Point","coordinates":[-77.44194,43.09867]},"properties":{"id":116345,"name":"Fairport","state_code":"NY","country_code":"US"}},{"type":"Feature","geometry":{"type":"Point","coordinates":[-73.91986,41.7237]},"properties":{"id":116353,"name":"Fairview","state_code":"NY","country_code":"US"}},{"type":"Feature","geometry":{"type":"Point","coordinates":[-79.19838,42.11867]},"properties":{"id":116367,"name":"Falconer","state_code":"NY","country_code":"US"}},{"type":"Feature","geometry":{"type":"Point","coordinates":[-74.60127,41.73204]},"properties":{"id":116384,"name":"Fallsburg","state_code":"NY","country_code":"US"}},{"type":"Feature","geometry":{"type":"Point","coordinates":[-73.75513,40.60538]},"properties":{"id":116395,"name":"Far Rockaway","state_code":"NY","country_code":"US"}},{"type":"Feature","geometry":{"type":"Point","coordinates":[-73.4454,40.7326]},"properties":{"id":116411,"name":"Farmingdale","state_code":"NY","country_code":"US"}},{"type":"Feature","geometry":{"type":"Point","coordinates":[-73.02955,40.83121]},"properties":{"id":116424,"name":"Farmingville","state_code":"NY","country_code":"US"}},{"type":"Feature","geometry":{"type":"Point","coordinates":[-76.00436,43.02979]},"properties":{"id":116460,"name":"Fayetteville","state_code":"NY","country_code":"US"}},{"type":"Feature","geometry":{"type":"Point","coordinates":[-74.04514,41.43926]},"properties":{"id":116524,"name":"Firthcliffe","state_code":"NY","country_code":"US"}},{"type":"Feature","geometry":{"type":"Point","coordinates":[-73.89903,41.53565]},"properties":{"id":116532,"name":"Fishkill","state_code":"NY","country_code":"US"}},{"type":"Feature","geometry":{"type":"Point","coordinates":[-72.61759,40.90343]},"properties":{"id":116548,"name":"Flanders","state_code":"NY","country_code":"US"}},{"type":"Feature","geometry":{"type":"Point","coordinates":[-73.95903,40.65205]},"properties":{"id":116553,"name":"Flatbush","state_code":"NY","country_code":"US"}},{"type":"Feature","geometry":{"type":"Point","coordinates":[-73.93486,40.62122]},"properties":{"id":116555,"name":"Flatlands","state_code":"NY","country_code":"US"}},{"type":"Feature","geometry":{"type":"Point","coordinates":[-73.70485,40.72371]},"properties":{"id":116575,"name":"Floral Park","state_code":"NY","country_code":"US"}},{"type":"Feature","geometry":{"type":"Point","coordinates":[-74.35682,41.33176]},"properties":{"id":116592,"name":"Florida","state_code":"NY","country_code":"US"}},{"type":"Feature","geometry":{"type":"Point","coordinates":[-73.68124,40.80732]},"properties":{"id":116600,"name":"Flower Hill","state_code":"NY","country_code":"US"}},{"type":"Feature","geometry":{"type":"Point","coordinates":[-73.8331,40.7658]},"properties":{"id":161557,"name":"Flushing","state_code":"NY","country_code":"US"}},{"type":"Feature","geometry":{"type":"Point","coordinates":[-74.37652,42.95452]},"properties":{"id":116629,"name":"Fonda","state_code":"NY","country_code":"US"}},{"type":"Feature","geometry":{"type":"Point","coordinates":[-73.89847,40.85927]},"properties":{"id":116639,"name":"Fordham","state_code":"NY","country_code":"US"}},{"type":"Feature","geometry":{"type":"Point","coordinates":[-73.85014,40.71621]},"properties":{"id":116658,"name":"Forest Hills","state_code":"NY","country_code":"US"}},{"type":"Feature","geometry":{"type":"Point","coordinates":[-74.50757,44.97178]},"properties":{"id":116702,"name":"Fort Covington Hamlet","state_code":"NY","country_code":"US"}},{"type":"Feature","geometry":{"type":"Point","coordinates":[-75.76189,44.05843]},"properties":{"id":116708,"name":"Fort Drum","state_code":"NY","country_code":"US"}},{"type":"Feature","geometry":{"type":"Point","coordinates":[-73.58456,43.26702]},"properties":{"id":116709,"name":"Fort Edward","state_code":"NY","country_code":"US"}},{"type":"Feature","geometry":{"type":"Point","coordinates":[-74.0332,40.61872]},"properties":{"id":116715,"name":"Fort Hamilton","state_code":"NY","country_code":"US"}},{"type":"Feature","geometry":{"type":"Point","coordinates":[-73.98681,41.33148]},"properties":{"id":116732,"name":"Fort Montgomery","state_code":"NY","country_code":"US"}},{"type":"Feature","geometry":{"type":"Point","coordinates":[-74.62264,42.93146]},"properties":{"id":116743,"name":"Fort Plain","state_code":"NY","country_code":"US"}},{"type":"Feature","geometry":{"type":"Point","coordinates":[-73.30095,40.9126]},"properties":{"id":116748,"name":"Fort Salonga","state_code":"NY","country_code":"US"}},{"type":"Feature","geometry":{"type":"Point","coordinates":[-74.05738,40.60113]},"properties":{"id":116758,"name":"Fort Wadsworth","state_code":"NY","country_code":"US"}},{"type":"Feature","geometry":{"type":"Point","coordinates":[-75.07044,43.03896]},"properties":{"id":116823,"name":"Frankfort","state_code":"NY","country_code":"US"}},{"type":"Feature","geometry":{"type":"Point","coordinates":[-73.67596,40.70732]},"properties":{"id":116872,"name":"Franklin Square","state_code":"NY","country_code":"US"}},{"type":"Feature","geometry":{"type":"Point","coordinates":[-78.45808,42.33701]},"properties":{"id":116876,"name":"Franklinville","state_code":"NY","country_code":"US"}},{"type":"Feature","geometry":{"type":"Point","coordinates":[-79.33171,42.44006]},"properties":{"id":116896,"name":"Fredonia","state_code":"NY","country_code":"US"}},{"type":"Feature","geometry":{"type":"Point","coordinates":[-73.58318,40.6576]},"properties":{"id":116914,"name":"Freeport","state_code":"NY","country_code":"US"}},{"type":"Feature","geometry":{"type":"Point","coordinates":[-73.79347,40.73482]},"properties":{"id":116937,"name":"Fresh Meadows","state_code":"NY","country_code":"US"}},{"type":"Feature","geometry":{"type":"Point","coordinates":[-79.1581,42.0545]},"properties":{"id":116941,"name":"Frewsburg","state_code":"NY","country_code":"US"}},{"type":"Feature","geometry":{"type":"Point","coordinates":[-78.13751,42.20646]},"properties":{"id":116949,"name":"Friendship","state_code":"NY","country_code":"US"}},{"type":"Feature","geometry":{"type":"Point","coordinates":[-76.41716,43.32285]},"properties":{"id":116991,"name":"Fulton","state_code":"NY","country_code":"US"}},{"type":"Feature","geometry":{"type":"Point","coordinates":[-76.17298,43.09007]},"properties":{"id":117031,"name":"Galeville","state_code":"NY","country_code":"US"}},{"type":"Feature","geometry":{"type":"Point","coordinates":[-77.11164,42.14619]},"properties":{"id":117050,"name":"Gang Mills","state_code":"NY","country_code":"US"}},{"type":"Feature","geometry":{"type":"Point","coordinates":[-73.6343,40.72677]},"properties":{"id":117058,"name":"Garden City","state_code":"NY","country_code":"US"}},{"type":"Feature","geometry":{"type":"Point","coordinates":[-73.66263,40.74093]},"properties":{"id":117062,"name":"Garden City Park","state_code":"NY","country_code":"US"}},{"type":"Feature","geometry":{"type":"Point","coordinates":[-73.66096,40.71232]},"properties":{"id":117063,"name":"Garden City South","state_code":"NY","country_code":"US"}},{"type":"Feature","geometry":{"type":"Point","coordinates":[-74.07014,41.53509]},"properties":{"id":117077,"name":"Gardnertown","state_code":"NY","country_code":"US"}},{"type":"Feature","geometry":{"type":"Point","coordinates":[-78.57614,43.19922]},"properties":{"id":117111,"name":"Gasport","state_code":"NY","country_code":"US"}},{"type":"Feature","geometry":{"type":"Point","coordinates":[-77.70066,43.16547]},"properties":{"id":117120,"name":"Gates-North Gates","state_code":"NY","country_code":"US"}},{"type":"Feature","geometry":{"type":"Point","coordinates":[-77.81695,42.7959]},"properties":{"id":117138,"name":"Geneseo","state_code":"NY","country_code":"US"}},{"type":"Feature","geometry":{"type":"Point","coordinates":[-76.97774,42.86896]},"properties":{"id":117144,"name":"Geneva","state_code":"NY","country_code":"US"}},{"type":"Feature","geometry":{"type":"Point","coordinates":[-73.94736,42.0437]},"properties":{"id":117242,"name":"Glasco","state_code":"NY","country_code":"US"}},{"type":"Feature","geometry":{"type":"Point","coordinates":[-73.63374,40.86232]},"properties":{"id":117264,"name":"Glen Cove","state_code":"NY","country_code":"US"}},{"type":"Feature","geometry":{"type":"Point","coordinates":[-73.62374,40.83538]},"properties":{"id":117267,"name":"Glen Head","state_code":"NY","country_code":"US"}},{"type":"Feature","geometry":{"type":"Point","coordinates":[-73.71152,40.74705]},"properties":{"id":117269,"name":"Glen Oaks","state_code":"NY","country_code":"US"}},{"type":"Feature","geometry":{"type":"Point","coordinates":[-73.8868,40.70149]},"properties":{"id":117283,"name":"Glendale","state_code":"NY","country_code":"US"}},{"type":"Feature","geometry":{"type":"Point","coordinates":[-73.64401,43.30952]},"properties":{"id":117304,"name":"Glens Falls","state_code":"NY","country_code":"US"}},{"type":"Feature","geometry":{"type":"Point","coordinates":[-73.68251,43.33506]},"properties":{"id":117305,"name":"Glens Falls North","state_code":"NY","country_code":"US"}},{"type":"Feature","geometry":{"type":"Point","coordinates":[-73.63874,40.83066]},"properties":{"id":117317,"name":"Glenwood Landing","state_code":"NY","country_code":"US"}},{"type":"Feature","geometry":{"type":"Point","coordinates":[-74.34375,43.05285]},"properties":{"id":117328,"name":"Gloversville","state_code":"NY","country_code":"US"}},{"type":"Feature","geometry":{"type":"Point","coordinates":[-73.6768,41.29343]},"properties":{"id":117362,"name":"Goldens Bridge","state_code":"NY","country_code":"US"}},{"type":"Feature","geometry":{"type":"Point","coordinates":[-72.97066,40.85871]},"properties":{"id":117399,"name":"Gordon Heights","state_code":"NY","country_code":"US"}},{"type":"Feature","geometry":{"type":"Point","coordinates":[-74.32432,41.40204]},"properties":{"id":117409,"name":"Goshen","state_code":"NY","country_code":"US"}},{"type":"Feature","geometry":{"type":"Point","coordinates":[-75.46299,44.33673]},"properties":{"id":117419,"name":"Gouverneur","state_code":"NY","country_code":"US"}},{"type":"Feature","geometry":{"type":"Point","coordinates":[-78.93587,42.46312]},"properties":{"id":117422,"name":"Gowanda","state_code":"NY","country_code":"US"}},{"type":"Feature","geometry":{"type":"Point","coordinates":[-78.96254,43.03311]},"properties":{"id":117462,"name":"Grand Island","state_code":"NY","country_code":"US"}},{"type":"Feature","geometry":{"type":"Point","coordinates":[-78.95504,42.99645]},"properties":{"id":117485,"name":"Grandyle Village","state_code":"NY","country_code":"US"}},{"type":"Feature","geometry":{"type":"Point","coordinates":[-74.14848,40.62483]},"properties":{"id":117503,"name":"Graniteville","state_code":"NY","country_code":"US"}},{"type":"Feature","geometry":{"type":"Point","coordinates":[-74.10486,40.58205]},"properties":{"id":117507,"name":"Grant City","state_code":"NY","country_code":"US"}},{"type":"Feature","geometry":{"type":"Point","coordinates":[-73.25955,43.40785]},"properties":{"id":117536,"name":"Granville","state_code":"NY","country_code":"US"}},{"type":"Feature","geometry":{"type":"Point","coordinates":[-73.96514,40.5976]},"properties":{"id":117548,"name":"Gravesend","state_code":"NY","country_code":"US"}},{"type":"Feature","geometry":{"type":"Point","coordinates":[-74.15153,40.55427]},"properties":{"id":117574,"name":"Great Kills","state_code":"NY","country_code":"US"}},{"type":"Feature","geometry":{"type":"Point","coordinates":[-73.72846,40.80066]},"properties":{"id":117575,"name":"Great Neck","state_code":"NY","country_code":"US"}},{"type":"Feature","geometry":{"type":"Point","coordinates":[-73.7368,40.78705]},"properties":{"id":117576,"name":"Great Neck Estates","state_code":"NY","country_code":"US"}},{"type":"Feature","geometry":{"type":"Point","coordinates":[-73.72389,40.79722]},"properties":{"id":117577,"name":"Great Neck Gardens","state_code":"NY","country_code":"US"}},{"type":"Feature","geometry":{"type":"Point","coordinates":[-73.72652,40.78677]},"properties":{"id":117578,"name":"Great Neck Plaza","state_code":"NY","country_code":"US"}},{"type":"Feature","geometry":{"type":"Point","coordinates":[-73.15761,40.72121]},"properties":{"id":117579,"name":"Great River","state_code":"NY","country_code":"US"}},{"type":"Feature","geometry":{"type":"Point","coordinates":[-77.69306,43.20978]},"properties":{"id":117584,"name":"Greece","state_code":"NY","country_code":"US"}},{"type":"Feature","geometry":{"type":"Point","coordinates":[-73.69151,42.74424]},"properties":{"id":117599,"name":"Green Island","state_code":"NY","country_code":"US"}},{"type":"Feature","geometry":{"type":"Point","coordinates":[-73.84291,41.03287]},"properties":{"id":117622,"name":"Greenburgh","state_code":"NY","country_code":"US"}},{"type":"Feature","geometry":{"type":"Point","coordinates":[-75.76991,42.32924]},"properties":{"id":117630,"name":"Greene","state_code":"NY","country_code":"US"}},{"type":"Feature","geometry":{"type":"Point","coordinates":[-73.36512,40.86899]},"properties":{"id":117658,"name":"Greenlawn","state_code":"NY","country_code":"US"}},{"type":"Feature","geometry":{"type":"Point","coordinates":[-73.95097,40.72371]},"properties":{"id":117661,"name":"Greenpoint","state_code":"NY","country_code":"US"}},{"type":"Feature","geometry":{"type":"Point","coordinates":[-72.35925,41.10343]},"properties":{"id":117662,"name":"Greenport","state_code":"NY","country_code":"US"}},{"type":"Feature","geometry":{"type":"Point","coordinates":[-72.37195,41.10178]},"properties":{"id":117663,"name":"Greenport West","state_code":"NY","country_code":"US"}},{"type":"Feature","geometry":{"type":"Point","coordinates":[-73.62846,40.81066]},"properties":{"id":117679,"name":"Greenvale","state_code":"NY","country_code":"US"}},{"type":"Feature","geometry":{"type":"Point","coordinates":[-73.81986,40.99315]},"properties":{"id":117693,"name":"Greenville","state_code":"NY","country_code":"US"}},{"type":"Feature","geometry":{"type":"Point","coordinates":[-73.49873,43.09063]},"properties":{"id":117699,"name":"Greenwich","state_code":"NY","country_code":"US"}},{"type":"Feature","geometry":{"type":"Point","coordinates":[-74.29432,41.22259]},"properties":{"id":117711,"name":"Greenwood Lake","state_code":"NY","country_code":"US"}},{"type":"Feature","geometry":{"type":"Point","coordinates":[-76.36688,42.58785]},"properties":{"id":117750,"name":"Groton","state_code":"NY","country_code":"US"}},{"type":"Feature","geometry":{"type":"Point","coordinates":[-74.09348,40.61872]},"properties":{"id":117775,"name":"Grymes Hill","state_code":"NY","country_code":"US"}},{"type":"Feature","geometry":{"type":"Point","coordinates":[-73.84818,43.31729]},"properties":{"id":117834,"name":"Hadley","state_code":"NY","country_code":"US"}},{"type":"Feature","geometry":{"type":"Point","coordinates":[-74.15096,42.97452]},"properties":{"id":117835,"name":"Hagaman","state_code":"NY","country_code":"US"}},{"type":"Feature","geometry":{"type":"Point","coordinates":[-73.4154,40.88843]},"properties":{"id":117852,"name":"Halesite","state_code":"NY","country_code":"US"}},{"type":"Feature","geometry":{"type":"Point","coordinates":[-78.82948,42.71589]},"properties":{"id":117884,"name":"Hamburg","state_code":"NY","country_code":"US"}},{"type":"Feature","geometry":{"type":"Point","coordinates":[-75.54462,42.82701]},"properties":{"id":117893,"name":"Hamilton","state_code":"NY","country_code":"US"}},{"type":"Feature","geometry":{"type":"Point","coordinates":[-77.92112,43.30312]},"properties":{"id":117909,"name":"Hamlin","state_code":"NY","country_code":"US"}},{"type":"Feature","geometry":{"type":"Point","coordinates":[-72.51759,40.86899]},"properties":{"id":117935,"name":"Hampton Bays","state_code":"NY","country_code":"US"}},{"type":"Feature","geometry":{"type":"Point","coordinates":[-73.72845,42.62091]},"properties":{"id":117939,"name":"Hampton Manor","state_code":"NY","country_code":"US"}},{"type":"Feature","geometry":{"type":"Point","coordinates":[-74.97103,44.61228]},"properties":{"id":117964,"name":"Hannawa Falls","state_code":"NY","country_code":"US"}},{"type":"Feature","geometry":{"type":"Point","coordinates":[-73.66457,40.60344]},"properties":{"id":117990,"name":"Harbor Isle","state_code":"NY","country_code":"US"}},{"type":"Feature","geometry":{"type":"Point","coordinates":[-73.94542,40.80788]},"properties":{"id":118023,"name":"Harlem","state_code":"NY","country_code":"US"}},{"type":"Feature","geometry":{"type":"Point","coordinates":[-74.14459,41.30843]},"properties":{"id":118040,"name":"Harriman","state_code":"NY","country_code":"US"}},{"type":"Feature","geometry":{"type":"Point","coordinates":[-78.67753,42.96478]},"properties":{"id":118046,"name":"Harris Hill","state_code":"NY","country_code":"US"}},{"type":"Feature","geometry":{"type":"Point","coordinates":[-73.71263,40.96899]},"properties":{"id":118059,"name":"Harrison","state_code":"NY","country_code":"US"}},{"type":"Feature","geometry":{"type":"Point","coordinates":[-73.39372,43.36368]},"properties":{"id":118090,"name":"Hartford","state_code":"NY","country_code":"US"}},{"type":"Feature","geometry":{"type":"Point","coordinates":[-73.79819,41.01899]},"properties":{"id":118101,"name":"Hartsdale","state_code":"NY","country_code":"US"}},{"type":"Feature","geometry":{"type":"Point","coordinates":[-73.87875,40.99454]},"properties":{"id":118135,"name":"Hastings-on-Hudson","state_code":"NY","country_code":"US"}},{"type":"Feature","geometry":{"type":"Point","coordinates":[-73.20261,40.82565]},"properties":{"id":118143,"name":"Hauppauge","state_code":"NY","country_code":"US"}},{"type":"Feature","geometry":{"type":"Point","coordinates":[-73.96458,41.19759]},"properties":{"id":118152,"name":"Haverstraw","state_code":"NY","country_code":"US"}},{"type":"Feature","geometry":{"type":"Point","coordinates":[-73.90152,41.76676]},"properties":{"id":118153,"name":"Haviland","state_code":"NY","country_code":"US"}},{"type":"Feature","geometry":{"type":"Point","coordinates":[-73.79597,41.10732]},"properties":{"id":118174,"name":"Hawthorne","state_code":"NY","country_code":"US"}},{"type":"Feature","geometry":{"type":"Point","coordinates":[-73.15789,40.90343]},"properties":{"id":118215,"name":"Head of the Harbor","state_code":"NY","country_code":"US"}},{"type":"Feature","geometry":{"type":"Point","coordinates":[-73.61874,40.70621]},"properties":{"id":118270,"name":"Hempstead","state_code":"NY","country_code":"US"}},{"type":"Feature","geometry":{"type":"Point","coordinates":[-73.69735,41.33954]},"properties":{"id":118318,"name":"Heritage Hills","state_code":"NY","country_code":"US"}},{"type":"Feature","geometry":{"type":"Point","coordinates":[-74.98599,43.02563]},"properties":{"id":118323,"name":"Herkimer","state_code":"NY","country_code":"US"}},{"type":"Feature","geometry":{"type":"Point","coordinates":[-73.6668,40.75538]},"properties":{"id":118337,"name":"Herricks","state_code":"NY","country_code":"US"}},{"type":"Feature","geometry":{"type":"Point","coordinates":[-73.69569,40.64316]},"properties":{"id":118349,"name":"Hewlett","state_code":"NY","country_code":"US"}},{"type":"Feature","geometry":{"type":"Point","coordinates":[-73.68152,40.63621]},"properties":{"id":118350,"name":"Hewlett Harbor","state_code":"NY","country_code":"US"}},{"type":"Feature","geometry":{"type":"Point","coordinates":[-73.52513,40.76843]},"properties":{"id":118371,"name":"Hicksville","state_code":"NY","country_code":"US"}},{"type":"Feature","geometry":{"type":"Point","coordinates":[-73.96014,41.72093]},"properties":{"id":118397,"name":"Highland","state_code":"NY","country_code":"US"}},{"type":"Feature","geometry":{"type":"Point","coordinates":[-73.96625,41.36926]},"properties":{"id":118405,"name":"Highland Falls","state_code":"NY","country_code":"US"}},{"type":"Feature","geometry":{"type":"Point","coordinates":[-74.12626,41.34704]},"properties":{"id":118409,"name":"Highland Mills","state_code":"NY","country_code":"US"}},{"type":"Feature","geometry":{"type":"Point","coordinates":[-74.04097,41.12787]},"properties":{"id":118440,"name":"Hillcrest","state_code":"NY","country_code":"US"}},{"type":"Feature","geometry":{"type":"Point","coordinates":[-73.7868,40.70788]},"properties":{"id":118465,"name":"Hillside","state_code":"NY","country_code":"US"}},{"type":"Feature","geometry":{"type":"Point","coordinates":[-73.79819,41.61482]},"properties":{"id":118466,"name":"Hillside Lake","state_code":"NY","country_code":"US"}},{"type":"Feature","geometry":{"type":"Point","coordinates":[-77.79334,43.28812]},"properties":{"id":118473,"name":"Hilton","state_code":"NY","country_code":"US"}},{"type":"Feature","geometry":{"type":"Point","coordinates":[-73.07844,40.81232]},"properties":{"id":118518,"name":"Holbrook","state_code":"NY","country_code":"US"}},{"type":"Feature","geometry":{"type":"Point","coordinates":[-77.41971,42.90229]},"properties":{"id":118520,"name":"Holcomb","state_code":"NY","country_code":"US"}},{"type":"Feature","geometry":{"type":"Point","coordinates":[-78.54169,42.64117]},"properties":{"id":118540,"name":"Holland","state_code":"NY","country_code":"US"}},{"type":"Feature","geometry":{"type":"Point","coordinates":[-78.02668,43.22645]},"properties":{"id":118543,"name":"Holley","state_code":"NY","country_code":"US"}},{"type":"Feature","geometry":{"type":"Point","coordinates":[-73.76708,40.71344]},"properties":{"id":118549,"name":"Hollis","state_code":"NY","country_code":"US"}},{"type":"Feature","geometry":{"type":"Point","coordinates":[-73.04511,40.81538]},"properties":{"id":118580,"name":"Holtsville","state_code":"NY","country_code":"US"}},{"type":"Feature","geometry":{"type":"Point","coordinates":[-76.17882,42.63701]},"properties":{"id":118596,"name":"Homer","state_code":"NY","country_code":"US"}},{"type":"Feature","geometry":{"type":"Point","coordinates":[-77.59028,42.95229]},"properties":{"id":118617,"name":"Honeoye Falls","state_code":"NY","country_code":"US"}},{"type":"Feature","geometry":{"type":"Point","coordinates":[-73.3515,42.90119]},"properties":{"id":118637,"name":"Hoosick Falls","state_code":"NY","country_code":"US"}},{"type":"Feature","geometry":{"type":"Point","coordinates":[-77.6611,42.32785]},"properties":{"id":118667,"name":"Hornell","state_code":"NY","country_code":"US"}},{"type":"Feature","geometry":{"type":"Point","coordinates":[-76.82051,42.16702]},"properties":{"id":118673,"name":"Horseheads","state_code":"NY","country_code":"US"}},{"type":"Feature","geometry":{"type":"Point","coordinates":[-76.80782,42.19278]},"properties":{"id":118674,"name":"Horseheads North","state_code":"NY","country_code":"US"}},{"type":"Feature","geometry":{"type":"Point","coordinates":[-78.15723,42.4234]},"properties":{"id":118690,"name":"Houghton","state_code":"NY","country_code":"US"}},{"type":"Feature","geometry":{"type":"Point","coordinates":[-73.83625,40.65788]},"properties":{"id":118710,"name":"Howard Beach","state_code":"NY","country_code":"US"}},{"type":"Feature","geometry":{"type":"Point","coordinates":[-73.79096,42.25286]},"properties":{"id":118744,"name":"Hudson","state_code":"NY","country_code":"US"}},{"type":"Feature","geometry":{"type":"Point","coordinates":[-73.58595,43.30063]},"properties":{"id":118750,"name":"Hudson Falls","state_code":"NY","country_code":"US"}},{"type":"Feature","geometry":{"type":"Point","coordinates":[-74.19459,40.53733]},"properties":{"id":118769,"name":"Huguenot","state_code":"NY","country_code":"US"}},{"type":"Feature","geometry":{"type":"Point","coordinates":[-73.42568,40.86815]},"properties":{"id":118802,"name":"Huntington","state_code":"NY","country_code":"US"}},{"type":"Feature","geometry":{"type":"Point","coordinates":[-73.41484,40.89982]},"properties":{"id":118804,"name":"Huntington Bay","state_code":"NY","country_code":"US"}},{"type":"Feature","geometry":{"type":"Point","coordinates":[-73.41151,40.85343]},"properties":{"id":118808,"name":"Huntington Station","state_code":"NY","country_code":"US"}},{"type":"Feature","geometry":{"type":"Point","coordinates":[-73.88402,40.8126]},"properties":{"id":118813,"name":"Hunts Point","state_code":"NY","country_code":"US"}},{"type":"Feature","geometry":{"type":"Point","coordinates":[-74.06125,41.92454]},"properties":{"id":118820,"name":"Hurley","state_code":"NY","country_code":"US"}},{"type":"Feature","geometry":{"type":"Point","coordinates":[-73.93319,41.78482]},"properties":{"id":118850,"name":"Hyde Park","state_code":"NY","country_code":"US"}},{"type":"Feature","geometry":{"type":"Point","coordinates":[-75.03543,43.01507]},"properties":{"id":118878,"name":"Ilion","state_code":"NY","country_code":"US"}},{"type":"Feature","geometry":{"type":"Point","coordinates":[-73.9268,40.86566]},"properties":{"id":118963,"name":"Inwood","state_code":"NY","country_code":"US"}},{"type":"Feature","geometry":{"type":"Point","coordinates":[-77.57972,43.2134]},"properties":{"id":118996,"name":"Irondequoit","state_code":"NY","country_code":"US"}},{"type":"Feature","geometry":{"type":"Point","coordinates":[-73.86823,41.03922]},"properties":{"id":119010,"name":"Irvington","state_code":"NY","country_code":"US"}},{"type":"Feature","geometry":{"type":"Point","coordinates":[-73.65541,40.60427]},"properties":{"id":119027,"name":"Island Park","state_code":"NY","country_code":"US"}},{"type":"Feature","geometry":{"type":"Point","coordinates":[-73.169,40.80426]},"properties":{"id":119029,"name":"Islandia","state_code":"NY","country_code":"US"}},{"type":"Feature","geometry":{"type":"Point","coordinates":[-73.21039,40.72982]},"properties":{"id":119034,"name":"Islip","state_code":"NY","country_code":"US"}},{"type":"Feature","geometry":{"type":"Point","coordinates":[-73.19262,40.74315]},"properties":{"id":119035,"name":"Islip Terrace","state_code":"NY","country_code":"US"}},{"type":"Feature","geometry":{"type":"Point","coordinates":[-76.49661,42.44063]},"properties":{"id":119044,"name":"Ithaca","state_code":"NY","country_code":"US"}},{"type":"Feature","geometry":{"type":"Point","coordinates":[-73.88541,40.75566]},"properties":{"id":119097,"name":"Jackson Heights","state_code":"NY","country_code":"US"}},{"type":"Feature","geometry":{"type":"Point","coordinates":[-73.80569,40.69149]},"properties":{"id":119111,"name":"Jamaica","state_code":"NY","country_code":"US"}},{"type":"Feature","geometry":{"type":"Point","coordinates":[-72.58148,40.94954]},"properties":{"id":119119,"name":"Jamesport","state_code":"NY","country_code":"US"}},{"type":"Feature","geometry":{"type":"Point","coordinates":[-79.23533,42.097]},"properties":{"id":119124,"name":"Jamestown","state_code":"NY","country_code":"US"}},{"type":"Feature","geometry":{"type":"Point","coordinates":[-79.2811,42.08851]},"properties":{"id":119127,"name":"Jamestown West","state_code":"NY","country_code":"US"}},{"type":"Feature","geometry":{"type":"Point","coordinates":[-73.88235,42.23398]},"properties":{"id":119201,"name":"Jefferson Heights","state_code":"NY","country_code":"US"}},{"type":"Feature","geometry":{"type":"Point","coordinates":[-73.80066,41.31797]},"properties":{"id":119204,"name":"Jefferson Valley-Yorktown","state_code":"NY","country_code":"US"}},{"type":"Feature","geometry":{"type":"Point","coordinates":[-73.53985,40.79204]},"properties":{"id":119224,"name":"Jericho","state_code":"NY","country_code":"US"}},{"type":"Feature","geometry":{"type":"Point","coordinates":[-75.95881,42.11563]},"properties":{"id":119259,"name":"Johnson City","state_code":"NY","country_code":"US"}},{"type":"Feature","geometry":{"type":"Point","coordinates":[-74.36764,43.00674]},"properties":{"id":119284,"name":"Johnstown","state_code":"NY","country_code":"US"}},{"type":"Feature","geometry":{"type":"Point","coordinates":[-76.47299,43.06534]},"properties":{"id":119316,"name":"Jordan","state_code":"NY","country_code":"US"}},{"type":"Feature","geometry":{"type":"Point","coordinates":[-74.06709,41.12121]},"properties":{"id":119391,"name":"Kaser","state_code":"NY","country_code":"US"}},{"type":"Feature","geometry":{"type":"Point","coordinates":[-73.68541,41.25898]},"properties":{"id":119394,"name":"Katonah","state_code":"NY","country_code":"US"}},{"type":"Feature","geometry":{"type":"Point","coordinates":[-73.48013,44.50505]},"properties":{"id":119423,"name":"Keeseville","state_code":"NY","country_code":"US"}},{"type":"Feature","geometry":{"type":"Point","coordinates":[-78.87004,42.96589]},"properties":{"id":119462,"name":"Kenmore","state_code":"NY","country_code":"US"}},{"type":"Feature","geometry":{"type":"Point","coordinates":[-73.72208,40.79343]},"properties":{"id":119483,"name":"Kensington","state_code":"NY","country_code":"US"}},{"type":"Feature","geometry":{"type":"Point","coordinates":[-74.29821,41.77482]},"properties":{"id":119511,"name":"Kerhonkson","state_code":"NY","country_code":"US"}},{"type":"Feature","geometry":{"type":"Point","coordinates":[-77.09219,42.61535]},"properties":{"id":119529,"name":"Keuka Park","state_code":"NY","country_code":"US"}},{"type":"Feature","geometry":{"type":"Point","coordinates":[-73.83097,40.71427]},"properties":{"id":119530,"name":"Kew Gardens","state_code":"NY","country_code":"US"}},{"type":"Feature","geometry":{"type":"Point","coordinates":[-73.8234,40.73002]},"properties":{"id":119531,"name":"Kew Gardens Hills","state_code":"NY","country_code":"US"}},{"type":"Feature","geometry":{"type":"Point","coordinates":[-79.1981,42.022]},"properties":{"id":119550,"name":"Kiantone","state_code":"NY","country_code":"US"}},{"type":"Feature","geometry":{"type":"Point","coordinates":[-73.6979,42.39536]},"properties":{"id":119575,"name":"Kinderhook","state_code":"NY","country_code":"US"}},{"type":"Feature","geometry":{"type":"Point","coordinates":[-73.90514,40.87871]},"properties":{"id":119599,"name":"Kings Bridge","state_code":"NY","country_code":"US"}},{"type":"Feature","geometry":{"type":"Point","coordinates":[-73.25734,40.88621]},"properties":{"id":119605,"name":"Kings Park","state_code":"NY","country_code":"US"}},{"type":"Feature","geometry":{"type":"Point","coordinates":[-73.73513,40.81982]},"properties":{"id":119608,"name":"Kings Point","state_code":"NY","country_code":"US"}},{"type":"Feature","geometry":{"type":"Point","coordinates":[-73.99736,41.92704]},"properties":{"id":119627,"name":"Kingston","state_code":"NY","country_code":"US"}},{"type":"Feature","geometry":{"type":"Point","coordinates":[-74.16792,41.34204]},"properties":{"id":119656,"name":"Kiryas Joel","state_code":"NY","country_code":"US"}},{"type":"Feature","geometry":{"type":"Point","coordinates":[-78.82337,42.82561]},"properties":{"id":119813,"name":"Lackawanna","state_code":"NY","country_code":"US"}},{"type":"Feature","geometry":{"type":"Point","coordinates":[-73.67096,41.46148]},"properties":{"id":119875,"name":"Lake Carmel","state_code":"NY","country_code":"US"}},{"type":"Feature","geometry":{"type":"Point","coordinates":[-79.06698,42.62423]},"properties":{"id":119907,"name":"Lake Erie Beach","state_code":"NY","country_code":"US"}},{"type":"Feature","geometry":{"type":"Point","coordinates":[-73.11511,40.85288]},"properties":{"id":119914,"name":"Lake Grove","state_code":"NY","country_code":"US"}},{"type":"Feature","geometry":{"type":"Point","coordinates":[-73.98819,41.98565]},"properties":{"id":119926,"name":"Lake Katrine","state_code":"NY","country_code":"US"}},{"type":"Feature","geometry":{"type":"Point","coordinates":[-73.83484,43.31285]},"properties":{"id":119935,"name":"Lake Luzerne","state_code":"NY","country_code":"US"}},{"type":"Feature","geometry":{"type":"Point","coordinates":[-73.84625,41.31787]},"properties":{"id":119945,"name":"Lake Mohegan","state_code":"NY","country_code":"US"}},{"type":"Feature","geometry":{"type":"Point","coordinates":[-73.98198,44.27962]},"properties":{"id":119963,"name":"Lake Placid","state_code":"NY","country_code":"US"}},{"type":"Feature","geometry":{"type":"Point","coordinates":[-74.41265,43.4709]},"properties":{"id":119964,"name":"Lake Pleasant","state_code":"NY","country_code":"US"}},{"type":"Feature","geometry":{"type":"Point","coordinates":[-73.13122,40.8351]},"properties":{"id":119970,"name":"Lake Ronkonkoma","state_code":"NY","country_code":"US"}},{"type":"Feature","geometry":{"type":"Point","coordinates":[-73.71763,40.77066]},"properties":{"id":119982,"name":"Lake Success","state_code":"NY","country_code":"US"}},{"type":"Feature","geometry":{"type":"Point","coordinates":[-76.24048,43.09034]},"properties":{"id":120016,"name":"Lakeland","state_code":"NY","country_code":"US"}},{"type":"Feature","geometry":{"type":"Point","coordinates":[-73.65263,40.68538]},"properties":{"id":120039,"name":"Lakeview","state_code":"NY","country_code":"US"}},{"type":"Feature","geometry":{"type":"Point","coordinates":[-79.3331,42.10422]},"properties":{"id":120049,"name":"Lakewood","state_code":"NY","country_code":"US"}},{"type":"Feature","geometry":{"type":"Point","coordinates":[-78.67031,42.90061]},"properties":{"id":120086,"name":"Lancaster","state_code":"NY","country_code":"US"}},{"type":"Feature","geometry":{"type":"Point","coordinates":[-76.47994,42.48424]},"properties":{"id":120128,"name":"Lansing","state_code":"NY","country_code":"US"}},{"type":"Feature","geometry":{"type":"Point","coordinates":[-73.7518,40.92788]},"properties":{"id":120141,"name":"Larchmont","state_code":"NY","country_code":"US"}},{"type":"Feature","geometry":{"type":"Point","coordinates":[-73.75901,42.74702]},"properties":{"id":120168,"name":"Latham","state_code":"NY","country_code":"US"}},{"type":"Feature","geometry":{"type":"Point","coordinates":[-73.60096,40.89538]},"properties":{"id":120177,"name":"Lattingtown","state_code":"NY","country_code":"US"}},{"type":"Feature","geometry":{"type":"Point","coordinates":[-72.56203,40.96954]},"properties":{"id":120192,"name":"Laurel","state_code":"NY","country_code":"US"}},{"type":"Feature","geometry":{"type":"Point","coordinates":[-73.46957,40.85677]},"properties":{"id":120198,"name":"Laurel Hollow","state_code":"NY","country_code":"US"}},{"type":"Feature","geometry":{"type":"Point","coordinates":[-73.74659,40.67019]},"properties":{"id":120204,"name":"Laurelton","state_code":"NY","country_code":"US"}},{"type":"Feature","geometry":{"type":"Point","coordinates":[-73.72958,40.61566]},"properties":{"id":120228,"name":"Lawrence","state_code":"NY","country_code":"US"}},{"type":"Feature","geometry":{"type":"Point","coordinates":[-77.98418,42.97839]},"properties":{"id":120263,"name":"Le Roy","state_code":"NY","country_code":"US"}},{"type":"Feature","geometry":{"type":"Point","coordinates":[-73.51429,40.72593]},"properties":{"id":120407,"name":"Levittown","state_code":"NY","country_code":"US"}},{"type":"Feature","geometry":{"type":"Point","coordinates":[-79.03588,43.17256]},"properties":{"id":120426,"name":"Lewiston","state_code":"NY","country_code":"US"}},{"type":"Feature","geometry":{"type":"Point","coordinates":[-74.74655,41.8012]},"properties":{"id":120466,"name":"Liberty","state_code":"NY","country_code":"US"}},{"type":"Feature","geometry":{"type":"Point","coordinates":[-73.62541,40.58899]},"properties":{"id":120478,"name":"Lido Beach","state_code":"NY","country_code":"US"}},{"type":"Feature","geometry":{"type":"Point","coordinates":[-77.61139,42.90479]},"properties":{"id":120489,"name":"Lima","state_code":"NY","country_code":"US"}},{"type":"Feature","geometry":{"type":"Point","coordinates":[-73.99403,41.95065]},"properties":{"id":120543,"name":"Lincoln Park","state_code":"NY","country_code":"US"}},{"type":"Feature","geometry":{"type":"Point","coordinates":[-73.71819,41.32287]},"properties":{"id":120548,"name":"Lincolndale","state_code":"NY","country_code":"US"}},{"type":"Feature","geometry":{"type":"Point","coordinates":[-73.37345,40.68677]},"properties":{"id":120568,"name":"Lindenhurst","state_code":"NY","country_code":"US"}},{"type":"Feature","geometry":{"type":"Point","coordinates":[-77.13969,42.02841]},"properties":{"id":120570,"name":"Lindley","state_code":"NY","country_code":"US"}},{"type":"Feature","geometry":{"type":"Point","coordinates":[-74.8596,43.0434]},"properties":{"id":120619,"name":"Little Falls","state_code":"NY","country_code":"US"}},{"type":"Feature","geometry":{"type":"Point","coordinates":[-73.73225,40.76289]},"properties":{"id":120622,"name":"Little Neck","state_code":"NY","country_code":"US"}},{"type":"Feature","geometry":{"type":"Point","coordinates":[-78.80559,42.25256]},"properties":{"id":120631,"name":"Little Valley","state_code":"NY","country_code":"US"}},{"type":"Feature","geometry":{"type":"Point","coordinates":[-76.2177,43.10646]},"properties":{"id":120646,"name":"Liverpool","state_code":"NY","country_code":"US"}},{"type":"Feature","geometry":{"type":"Point","coordinates":[-74.82822,41.90037]},"properties":{"id":120659,"name":"Livingston Manor","state_code":"NY","country_code":"US"}},{"type":"Feature","geometry":{"type":"Point","coordinates":[-77.66861,42.82145]},"properties":{"id":120663,"name":"Livonia","state_code":"NY","country_code":"US"}},{"type":"Feature","geometry":{"type":"Point","coordinates":[-73.45984,40.90343]},"properties":{"id":120667,"name":"Lloyd Harbor","state_code":"NY","country_code":"US"}},{"type":"Feature","geometry":{"type":"Point","coordinates":[-78.69031,43.17061]},"properties":{"id":120681,"name":"Lockport","state_code":"NY","country_code":"US"}},{"type":"Feature","geometry":{"type":"Point","coordinates":[-73.59707,40.87593]},"properties":{"id":120688,"name":"Locust Valley","state_code":"NY","country_code":"US"}},{"type":"Feature","geometry":{"type":"Point","coordinates":[-73.65791,40.58844]},"properties":{"id":120737,"name":"Long Beach","state_code":"NY","country_code":"US"}},{"type":"Feature","geometry":{"type":"Point","coordinates":[-73.94875,40.74482]},"properties":{"id":120745,"name":"Long Island City","state_code":"NY","country_code":"US"}},{"type":"Feature","geometry":{"type":"Point","coordinates":[-73.76846,42.2637]},"properties":{"id":120772,"name":"Lorenz Park","state_code":"NY","country_code":"US"}},{"type":"Feature","geometry":{"type":"Point","coordinates":[-75.49185,43.78674]},"properties":{"id":120850,"name":"Lowville","state_code":"NY","country_code":"US"}},{"type":"Feature","geometry":{"type":"Point","coordinates":[-73.6718,40.65483]},"properties":{"id":120913,"name":"Lynbrook","state_code":"NY","country_code":"US"}},{"type":"Feature","geometry":{"type":"Point","coordinates":[-76.12576,43.08146]},"properties":{"id":120917,"name":"Lyncourt","state_code":"NY","country_code":"US"}},{"type":"Feature","geometry":{"type":"Point","coordinates":[-76.99025,43.06423]},"properties":{"id":120943,"name":"Lyons","state_code":"NY","country_code":"US"}},{"type":"Feature","geometry":{"type":"Point","coordinates":[-77.29887,43.06923]},"properties":{"id":120954,"name":"Macedon","state_code":"NY","country_code":"US"}},{"type":"Feature","geometry":{"type":"Point","coordinates":[-73.73346,41.37232]},"properties":{"id":121046,"name":"Mahopac","state_code":"NY","country_code":"US"}},{"type":"Feature","geometry":{"type":"Point","coordinates":[-74.2949,44.84866]},"properties":{"id":121066,"name":"Malone","state_code":"NY","country_code":"US"}},{"type":"Feature","geometry":{"type":"Point","coordinates":[-73.67402,40.67899]},"properties":{"id":121074,"name":"Malverne","state_code":"NY","country_code":"US"}},{"type":"Feature","geometry":{"type":"Point","coordinates":[-73.73263,40.94871]},"properties":{"id":121075,"name":"Mamaroneck","state_code":"NY","country_code":"US"}},{"type":"Feature","geometry":{"type":"Point","coordinates":[-77.23026,42.96979]},"properties":{"id":121099,"name":"Manchester","state_code":"NY","country_code":"US"}},{"type":"Feature","geometry":{"type":"Point","coordinates":[-73.69957,40.79788]},"properties":{"id":121111,"name":"Manhasset","state_code":"NY","country_code":"US"}},{"type":"Feature","geometry":{"type":"Point","coordinates":[-73.67985,40.75927]},"properties":{"id":121112,"name":"Manhasset Hills","state_code":"NY","country_code":"US"}},{"type":"Feature","geometry":{"type":"Point","coordinates":[-73.96625,40.78343]},"properties":{"id":121115,"name":"Manhattan","state_code":"NY","country_code":"US"}},{"type":"Feature","geometry":{"type":"Point","coordinates":[-75.97686,43.00201]},"properties":{"id":121131,"name":"Manlius","state_code":"NY","country_code":"US"}},{"type":"Feature","geometry":{"type":"Point","coordinates":[-73.71485,40.84316]},"properties":{"id":121140,"name":"Manorhaven","state_code":"NY","country_code":"US"}},{"type":"Feature","geometry":{"type":"Point","coordinates":[-72.80788,40.87371]},"properties":{"id":121141,"name":"Manorville","state_code":"NY","country_code":"US"}},{"type":"Feature","geometry":{"type":"Point","coordinates":[-74.1132,41.88343]},"properties":{"id":121191,"name":"Marbletown","state_code":"NY","country_code":"US"}},{"type":"Feature","geometry":{"type":"Point","coordinates":[-76.34049,42.98284]},"properties":{"id":121195,"name":"Marcellus","state_code":"NY","country_code":"US"}},{"type":"Feature","geometry":{"type":"Point","coordinates":[-74.15875,40.63677]},"properties":{"id":121227,"name":"Mariners Harbor","state_code":"NY","country_code":"US"}},{"type":"Feature","geometry":{"type":"Point","coordinates":[-77.18915,43.1434]},"properties":{"id":121244,"name":"Marion","state_code":"NY","country_code":"US"}},{"type":"Feature","geometry":{"type":"Point","coordinates":[-73.97153,41.60565]},"properties":{"id":121275,"name":"Marlboro","state_code":"NY","country_code":"US"}},{"type":"Feature","geometry":{"type":"Point","coordinates":[-73.91264,40.72316]},"properties":{"id":121386,"name":"Maspeth","state_code":"NY","country_code":"US"}},{"type":"Feature","geometry":{"type":"Point","coordinates":[-73.47429,40.68066]},"properties":{"id":121391,"name":"Massapequa","state_code":"NY","country_code":"US"}},{"type":"Feature","geometry":{"type":"Point","coordinates":[-73.45512,40.68038]},"properties":{"id":121392,"name":"Massapequa Park","state_code":"NY","country_code":"US"}},{"type":"Feature","geometry":{"type":"Point","coordinates":[-74.89186,44.9281]},"properties":{"id":121393,"name":"Massena","state_code":"NY","country_code":"US"}},{"type":"Feature","geometry":{"type":"Point","coordinates":[-72.84094,40.80204]},"properties":{"id":121394,"name":"Mastic","state_code":"NY","country_code":"US"}},{"type":"Feature","geometry":{"type":"Point","coordinates":[-72.85205,40.76677]},"properties":{"id":121395,"name":"Mastic Beach","state_code":"NY","country_code":"US"}},{"type":"Feature","geometry":{"type":"Point","coordinates":[-72.53425,40.99121]},"properties":{"id":121413,"name":"Mattituck","state_code":"NY","country_code":"US"}},{"type":"Feature","geometry":{"type":"Point","coordinates":[-76.1452,43.09784]},"properties":{"id":121415,"name":"Mattydale","state_code":"NY","country_code":"US"}},{"type":"Feature","geometry":{"type":"Point","coordinates":[-74.21765,41.48398]},"properties":{"id":121431,"name":"Maybrook","state_code":"NY","country_code":"US"}},{"type":"Feature","geometry":{"type":"Point","coordinates":[-79.50449,42.25395]},"properties":{"id":121455,"name":"Mayville","state_code":"NY","country_code":"US"}},{"type":"Feature","geometry":{"type":"Point","coordinates":[-76.09326,42.59618]},"properties":{"id":121504,"name":"McGraw","state_code":"NY","country_code":"US"}},{"type":"Feature","geometry":{"type":"Point","coordinates":[-73.84762,42.68397]},"properties":{"id":121526,"name":"McKownville","state_code":"NY","country_code":"US"}},{"type":"Feature","geometry":{"type":"Point","coordinates":[-74.38849,41.44287]},"properties":{"id":121581,"name":"Mechanicstown","state_code":"NY","country_code":"US"}},{"type":"Feature","geometry":{"type":"Point","coordinates":[-73.68734,42.90285]},"properties":{"id":121586,"name":"Mechanicville","state_code":"NY","country_code":"US"}},{"type":"Feature","geometry":{"type":"Point","coordinates":[-73.00011,40.8176]},"properties":{"id":121594,"name":"Medford","state_code":"NY","country_code":"US"}},{"type":"Feature","geometry":{"type":"Point","coordinates":[-78.38697,43.22006]},"properties":{"id":121605,"name":"Medina","state_code":"NY","country_code":"US"}},{"type":"Feature","geometry":{"type":"Point","coordinates":[-73.91041,40.82455]},"properties":{"id":121630,"name":"Melrose","state_code":"NY","country_code":"US"}},{"type":"Feature","geometry":{"type":"Point","coordinates":[-76.54022,42.90868]},"properties":{"id":121633,"name":"Melrose Park","state_code":"NY","country_code":"US"}},{"type":"Feature","geometry":{"type":"Point","coordinates":[-73.41512,40.79343]},"properties":{"id":121635,"name":"Melville","state_code":"NY","country_code":"US"}},{"type":"Feature","geometry":{"type":"Point","coordinates":[-73.72456,42.69202]},"properties":{"id":121645,"name":"Menands","state_code":"NY","country_code":"US"}},{"type":"Feature","geometry":{"type":"Point","coordinates":[-73.55152,40.66288]},"properties":{"id":121704,"name":"Merrick","state_code":"NY","country_code":"US"}},{"type":"Feature","geometry":{"type":"Point","coordinates":[-73.87238,41.53848]},"properties":{"id":121715,"name":"Merritt Park","state_code":"NY","country_code":"US"}},{"type":"Feature","geometry":{"type":"Point","coordinates":[-76.22882,43.45951]},"properties":{"id":121743,"name":"Mexico","state_code":"NY","country_code":"US"}},{"type":"Feature","geometry":{"type":"Point","coordinates":[-72.93733,40.88427]},"properties":{"id":121761,"name":"Middle Island","state_code":"NY","country_code":"US"}},{"type":"Feature","geometry":{"type":"Point","coordinates":[-73.88125,40.71649]},"properties":{"id":121764,"name":"Middle Village","state_code":"NY","country_code":"US"}},{"type":"Feature","geometry":{"type":"Point","coordinates":[-74.33292,42.59869]},"properties":{"id":121770,"name":"Middleburgh","state_code":"NY","country_code":"US"}},{"type":"Feature","geometry":{"type":"Point","coordinates":[-78.47641,43.21256]},"properties":{"id":121775,"name":"Middleport","state_code":"NY","country_code":"US"}},{"type":"Feature","geometry":{"type":"Point","coordinates":[-74.42293,41.44593]},"properties":{"id":121791,"name":"Middletown","state_code":"NY","country_code":"US"}},{"type":"Feature","geometry":{"type":"Point","coordinates":[-74.09459,40.57316]},"properties":{"id":121802,"name":"Midland Beach","state_code":"NY","country_code":"US"}},{"type":"Feature","geometry":{"type":"Point","coordinates":[-73.55512,40.88704]},"properties":{"id":121866,"name":"Mill Neck","state_code":"NY","country_code":"US"}},{"type":"Feature","geometry":{"type":"Point","coordinates":[-73.69402,41.78509]},"properties":{"id":121873,"name":"Millbrook","state_code":"NY","country_code":"US"}},{"type":"Feature","geometry":{"type":"Point","coordinates":[-72.99621,40.95982]},"properties":{"id":121883,"name":"Miller Place","state_code":"NY","country_code":"US"}},{"type":"Feature","geometry":{"type":"Point","coordinates":[-73.85262,43.03369]},"properties":{"id":121916,"name":"Milton","state_code":"NY","country_code":"US"}},{"type":"Feature","geometry":{"type":"Point","coordinates":[-73.64068,40.74927]},"properties":{"id":121932,"name":"Mineola","state_code":"NY","country_code":"US"}},{"type":"Feature","geometry":{"type":"Point","coordinates":[-76.47744,43.39812]},"properties":{"id":121944,"name":"Minetto","state_code":"NY","country_code":"US"}},{"type":"Feature","geometry":{"type":"Point","coordinates":[-73.51818,44.09283]},"properties":{"id":121945,"name":"Mineville","state_code":"NY","country_code":"US"}},{"type":"Feature","geometry":{"type":"Point","coordinates":[-76.00075,43.07618]},"properties":{"id":121960,"name":"Minoa","state_code":"NY","country_code":"US"}},{"type":"Feature","geometry":{"type":"Point","coordinates":[-75.00404,43.01146]},"properties":{"id":122021,"name":"Mohawk","state_code":"NY","country_code":"US"}},{"type":"Feature","geometry":{"type":"Point","coordinates":[-74.18681,41.33065]},"properties":{"id":122062,"name":"Monroe","state_code":"NY","country_code":"US"}},{"type":"Feature","geometry":{"type":"Point","coordinates":[-74.06848,41.11121]},"properties":{"id":122089,"name":"Monsey","state_code":"NY","country_code":"US"}},{"type":"Feature","geometry":{"type":"Point","coordinates":[-71.95451,41.03594]},"properties":{"id":122103,"name":"Montauk","state_code":"NY","country_code":"US"}},{"type":"Feature","geometry":{"type":"Point","coordinates":[-74.11848,41.13593]},"properties":{"id":122113,"name":"Montebello","state_code":"NY","country_code":"US"}},{"type":"Feature","geometry":{"type":"Point","coordinates":[-74.23682,41.52759]},"properties":{"id":122135,"name":"Montgomery","state_code":"NY","country_code":"US"}},{"type":"Feature","geometry":{"type":"Point","coordinates":[-74.68933,41.65565]},"properties":{"id":122169,"name":"Monticello","state_code":"NY","country_code":"US"}},{"type":"Feature","geometry":{"type":"Point","coordinates":[-76.84524,42.3473]},"properties":{"id":122174,"name":"Montour Falls","state_code":"NY","country_code":"US"}},{"type":"Feature","geometry":{"type":"Point","coordinates":[-73.93153,41.25232]},"properties":{"id":122182,"name":"Montrose","state_code":"NY","country_code":"US"}},{"type":"Feature","geometry":{"type":"Point","coordinates":[-76.4216,42.71257]},"properties":{"id":122223,"name":"Moravia","state_code":"NY","country_code":"US"}},{"type":"Feature","geometry":{"type":"Point","coordinates":[-72.82121,40.80732]},"properties":{"id":122256,"name":"Moriches","state_code":"NY","country_code":"US"}},{"type":"Feature","geometry":{"type":"Point","coordinates":[-73.9625,40.81]},"properties":{"id":122258,"name":"Morningside Heights","state_code":"NY","country_code":"US"}},{"type":"Feature","geometry":{"type":"Point","coordinates":[-73.91986,40.84982]},"properties":{"id":122272,"name":"Morris Heights","state_code":"NY","country_code":"US"}},{"type":"Feature","geometry":{"type":"Point","coordinates":[-73.85347,40.85232]},"properties":{"id":122273,"name":"Morris Park","state_code":"NY","country_code":"US"}},{"type":"Feature","geometry":{"type":"Point","coordinates":[-73.90653,40.82927]},"properties":{"id":122275,"name":"Morrisania","state_code":"NY","country_code":"US"}},{"type":"Feature","geometry":{"type":"Point","coordinates":[-73.56208,44.6931]},"properties":{"id":122279,"name":"Morrisonville","state_code":"NY","country_code":"US"}},{"type":"Feature","geometry":{"type":"Point","coordinates":[-75.64018,42.89868]},"properties":{"id":122285,"name":"Morrisville","state_code":"NY","country_code":"US"}},{"type":"Feature","geometry":{"type":"Point","coordinates":[-73.92291,40.80899]},"properties":{"id":122313,"name":"Mott Haven","state_code":"NY","country_code":"US"}},{"type":"Feature","geometry":{"type":"Point","coordinates":[-74.03486,41.18676]},"properties":{"id":122356,"name":"Mount Ivy","state_code":"NY","country_code":"US"}},{"type":"Feature","geometry":{"type":"Point","coordinates":[-73.72708,41.20426]},"properties":{"id":122360,"name":"Mount Kisco","state_code":"NY","country_code":"US"}},{"type":"Feature","geometry":{"type":"Point","coordinates":[-77.87417,42.72562]},"properties":{"id":122365,"name":"Mount Morris","state_code":"NY","country_code":"US"}},{"type":"Feature","geometry":{"type":"Point","coordinates":[-73.02955,40.94704]},"properties":{"id":122389,"name":"Mount Sinai","state_code":"NY","country_code":"US"}},{"type":"Feature","geometry":{"type":"Point","coordinates":[-73.83708,40.9126]},"properties":{"id":122402,"name":"Mount Vernon","state_code":"NY","country_code":"US"}},{"type":"Feature","geometry":{"type":"Point","coordinates":[-74.14181,41.38843]},"properties":{"id":122423,"name":"Mountain Lodge Park","state_code":"NY","country_code":"US"}},{"type":"Feature","geometry":{"type":"Point","coordinates":[-73.67985,40.79871]},"properties":{"id":122476,"name":"Munsey Park","state_code":"NY","country_code":"US"}},{"type":"Feature","geometry":{"type":"Point","coordinates":[-76.2091,42.58229]},"properties":{"id":122477,"name":"Munsons Corners","state_code":"NY","country_code":"US"}},{"type":"Feature","geometry":{"type":"Point","coordinates":[-73.54763,40.82399]},"properties":{"id":122516,"name":"Muttontown","state_code":"NY","country_code":"US"}},{"type":"Feature","geometry":{"type":"Point","coordinates":[-73.87291,41.6062]},"properties":{"id":122517,"name":"Myers Corner","state_code":"NY","country_code":"US"}},{"type":"Feature","geometry":{"type":"Point","coordinates":[-74.01347,41.08871]},"properties":{"id":122545,"name":"Nanuet","state_code":"NY","country_code":"US"}},{"type":"Feature","geometry":{"type":"Point","coordinates":[-74.37154,41.74398]},"properties":{"id":122548,"name":"Napanoch","state_code":"NY","country_code":"US"}},{"type":"Feature","geometry":{"type":"Point","coordinates":[-77.40249,42.61535]},"properties":{"id":122554,"name":"Naples","state_code":"NY","country_code":"US"}},{"type":"Feature","geometry":{"type":"Point","coordinates":[-73.61012,42.51591]},"properties":{"id":122580,"name":"Nassau","state_code":"NY","country_code":"US"}},{"type":"Feature","geometry":{"type":"Point","coordinates":[-76.14131,42.97507]},"properties":{"id":122612,"name":"Nedrow","state_code":"NY","country_code":"US"}},{"type":"Feature","geometry":{"type":"Point","coordinates":[-73.86152,40.57177]},"properties":{"id":122636,"name":"Neponsit","state_code":"NY","country_code":"US"}},{"type":"Feature","geometry":{"type":"Point","coordinates":[-73.154,40.85204]},"properties":{"id":122639,"name":"Nesconset","state_code":"NY","country_code":"US"}},{"type":"Feature","geometry":{"type":"Point","coordinates":[-74.09292,40.64233]},"properties":{"id":122672,"name":"New Brighton","state_code":"NY","country_code":"US"}},{"type":"Feature","geometry":{"type":"Point","coordinates":[-73.56957,40.75899]},"properties":{"id":122682,"name":"New Cassel","state_code":"NY","country_code":"US"}},{"type":"Feature","geometry":{"type":"Point","coordinates":[-73.98931,41.1476]},"properties":{"id":122695,"name":"New City","state_code":"NY","country_code":"US"}},{"type":"Feature","geometry":{"type":"Point","coordinates":[-74.11598,40.57399]},"properties":{"id":122699,"name":"New Dorp","state_code":"NY","country_code":"US"}},{"type":"Feature","geometry":{"type":"Point","coordinates":[-74.10292,40.56538]},"properties":{"id":122700,"name":"New Dorp Beach","state_code":"NY","country_code":"US"}},{"type":"Feature","geometry":{"type":"Point","coordinates":[-75.28767,43.0734]},"properties":{"id":122712,"name":"New Hartford","state_code":"NY","country_code":"US"}},{"type":"Feature","geometry":{"type":"Point","coordinates":[-74.03375,41.14982]},"properties":{"id":122720,"name":"New Hempstead","state_code":"NY","country_code":"US"}},{"type":"Feature","geometry":{"type":"Point","coordinates":[-73.68791,40.7351]},"properties":{"id":122729,"name":"New Hyde Park","state_code":"NY","country_code":"US"}},{"type":"Feature","geometry":{"type":"Point","coordinates":[-74.08681,41.74759]},"properties":{"id":122759,"name":"New Paltz","state_code":"NY","country_code":"US"}},{"type":"Feature","geometry":{"type":"Point","coordinates":[-73.78235,40.91149]},"properties":{"id":122773,"name":"New Rochelle","state_code":"NY","country_code":"US"}},{"type":"Feature","geometry":{"type":"Point","coordinates":[-74.1632,40.59344]},"properties":{"id":122781,"name":"New Springville","state_code":"NY","country_code":"US"}},{"type":"Feature","geometry":{"type":"Point","coordinates":[-74.02942,41.13956]},"properties":{"id":122782,"name":"New Square","state_code":"NY","country_code":"US"}},{"type":"Feature","geometry":{"type":"Point","coordinates":[-74.02375,41.47676]},"properties":{"id":122794,"name":"New Windsor","state_code":"NY","country_code":"US"}},{"type":"Feature","geometry":{"type":"Point","coordinates":[-74.00597,40.71427]},"properties":{"id":122795,"name":"New York City","state_code":"NY","country_code":"US"}},{"type":"Feature","geometry":{"type":"Point","coordinates":[-75.29128,43.10535]},"properties":{"id":122798,"name":"New York Mills","state_code":"NY","country_code":"US"}},{"type":"Feature","geometry":{"type":"Point","coordinates":[-77.09525,43.04673]},"properties":{"id":122804,"name":"Newark","state_code":"NY","country_code":"US"}},{"type":"Feature","geometry":{"type":"Point","coordinates":[-74.01042,41.50343]},"properties":{"id":122817,"name":"Newburgh","state_code":"NY","country_code":"US"}},{"type":"Feature","geometry":{"type":"Point","coordinates":[-78.71031,43.28672]},"properties":{"id":122826,"name":"Newfane","state_code":"NY","country_code":"US"}},{"type":"Feature","geometry":{"type":"Point","coordinates":[-79.05671,43.0945]},"properties":{"id":122882,"name":"Niagara Falls","state_code":"NY","country_code":"US"}},{"type":"Feature","geometry":{"type":"Point","coordinates":[-73.84568,42.7798]},"properties":{"id":122906,"name":"Niskayuna","state_code":"NY","country_code":"US"}},{"type":"Feature","geometry":{"type":"Point","coordinates":[-73.19789,40.90399]},"properties":{"id":122907,"name":"Nissequogue","state_code":"NY","country_code":"US"}},{"type":"Feature","geometry":{"type":"Point","coordinates":[-73.66095,42.44092]},"properties":{"id":122910,"name":"Niverville","state_code":"NY","country_code":"US"}},{"type":"Feature","geometry":{"type":"Point","coordinates":[-74.99103,44.80089]},"properties":{"id":122944,"name":"Norfolk","state_code":"NY","country_code":"US"}},{"type":"Feature","geometry":{"type":"Point","coordinates":[-73.42512,40.6976]},"properties":{"id":122961,"name":"North Amityville","state_code":"NY","country_code":"US"}},{"type":"Feature","geometry":{"type":"Point","coordinates":[-73.32179,40.71649]},"properties":{"id":122971,"name":"North Babylon","state_code":"NY","country_code":"US"}},{"type":"Feature","geometry":{"type":"Point","coordinates":[-73.85109,43.01969]},"properties":{"id":122972,"name":"North Ballston Spa","state_code":"NY","country_code":"US"}},{"type":"Feature","geometry":{"type":"Point","coordinates":[-73.26262,40.73621]},"properties":{"id":122975,"name":"North Bay Shore","state_code":"NY","country_code":"US"}},{"type":"Feature","geometry":{"type":"Point","coordinates":[-73.53346,40.69149]},"properties":{"id":122981,"name":"North Bellmore","state_code":"NY","country_code":"US"}},{"type":"Feature","geometry":{"type":"Point","coordinates":[-72.94288,40.77427]},"properties":{"id":122982,"name":"North Bellport","state_code":"NY","country_code":"US"}},{"type":"Feature","geometry":{"type":"Point","coordinates":[-78.7767,42.68562]},"properties":{"id":122991,"name":"North Boston","state_code":"NY","country_code":"US"}},{"type":"Feature","geometry":{"type":"Point","coordinates":[-73.68389,41.14]},"properties":{"id":123001,"name":"North Castle","state_code":"NY","country_code":"US"}},{"type":"Feature","geometry":{"type":"Point","coordinates":[-78.94115,42.59534]},"properties":{"id":123008,"name":"North Collins","state_code":"NY","country_code":"US"}},{"type":"Feature","geometry":{"type":"Point","coordinates":[-73.95431,44.24338]},"properties":{"id":123022,"name":"North Elba","state_code":"NY","country_code":"US"}},{"type":"Feature","geometry":{"type":"Point","coordinates":[-77.70139,43.17645]},"properties":{"id":123030,"name":"North Gates","state_code":"NY","country_code":"US"}},{"type":"Feature","geometry":{"type":"Point","coordinates":[-73.16984,40.74732]},"properties":{"id":123032,"name":"North Great River","state_code":"NY","country_code":"US"}},{"type":"Feature","geometry":{"type":"Point","coordinates":[-73.67652,40.78093]},"properties":{"id":123040,"name":"North Hills","state_code":"NY","country_code":"US"}},{"type":"Feature","geometry":{"type":"Point","coordinates":[-73.38151,40.71427]},"properties":{"id":123058,"name":"North Lindenhurst","state_code":"NY","country_code":"US"}},{"type":"Feature","geometry":{"type":"Point","coordinates":[-73.46207,40.70093]},"properties":{"id":123064,"name":"North Massapequa","state_code":"NY","country_code":"US"}},{"type":"Feature","geometry":{"type":"Point","coordinates":[-73.56318,40.69121]},"properties":{"id":123065,"name":"North Merrick","state_code":"NY","country_code":"US"}},{"type":"Feature","geometry":{"type":"Point","coordinates":[-73.69319,40.74316]},"properties":{"id":123071,"name":"North New Hyde Park","state_code":"NY","country_code":"US"}},{"type":"Feature","geometry":{"type":"Point","coordinates":[-73.009,40.78704]},"properties":{"id":123076,"name":"North Patchogue","state_code":"NY","country_code":"US"}},{"type":"Feature","geometry":{"type":"Point","coordinates":[-72.41425,40.93288]},"properties":{"id":123103,"name":"North Sea","state_code":"NY","country_code":"US"}},{"type":"Feature","geometry":{"type":"Point","coordinates":[-76.12992,43.13479]},"properties":{"id":123113,"name":"North Syracuse","state_code":"NY","country_code":"US"}},{"type":"Feature","geometry":{"type":"Point","coordinates":[-78.8642,43.03867]},"properties":{"id":123115,"name":"North Tonawanda","state_code":"NY","country_code":"US"}},{"type":"Feature","geometry":{"type":"Point","coordinates":[-73.7018,40.6851]},"properties":{"id":123120,"name":"North Valley Stream","state_code":"NY","country_code":"US"}},{"type":"Feature","geometry":{"type":"Point","coordinates":[-73.50763,40.69343]},"properties":{"id":123124,"name":"North Wantagh","state_code":"NY","country_code":"US"}},{"type":"Feature","geometry":{"type":"Point","coordinates":[-76.46228,42.47032]},"properties":{"id":123146,"name":"Northeast Ithaca","state_code":"NY","country_code":"US"}},{"type":"Feature","geometry":{"type":"Point","coordinates":[-73.34317,40.90093]},"properties":{"id":123162,"name":"Northport","state_code":"NY","country_code":"US"}},{"type":"Feature","geometry":{"type":"Point","coordinates":[-73.58817,43.1273]},"properties":{"id":123165,"name":"Northumberland","state_code":"NY","country_code":"US"}},{"type":"Feature","geometry":{"type":"Point","coordinates":[-72.61898,40.9701]},"properties":{"id":123172,"name":"Northville","state_code":"NY","country_code":"US"}},{"type":"Feature","geometry":{"type":"Point","coordinates":[-72.22119,41.00982]},"properties":{"id":123174,"name":"Northwest Harbor","state_code":"NY","country_code":"US"}},{"type":"Feature","geometry":{"type":"Point","coordinates":[-76.54145,42.47059]},"properties":{"id":123178,"name":"Northwest Ithaca","state_code":"NY","country_code":"US"}},{"type":"Feature","geometry":{"type":"Point","coordinates":[-75.52351,42.53118]},"properties":{"id":123196,"name":"Norwich","state_code":"NY","country_code":"US"}},{"type":"Feature","geometry":{"type":"Point","coordinates":[-74.99436,44.75145]},"properties":{"id":123201,"name":"Norwood","state_code":"NY","country_code":"US"}},{"type":"Feature","geometry":{"type":"Point","coordinates":[-72.34119,40.99566]},"properties":{"id":123213,"name":"Noyack","state_code":"NY","country_code":"US"}},{"type":"Feature","geometry":{"type":"Point","coordinates":[-77.9425,42.57951]},"properties":{"id":123217,"name":"Nunda","state_code":"NY","country_code":"US"}},{"type":"Feature","geometry":{"type":"Point","coordinates":[-73.91791,41.09065]},"properties":{"id":123221,"name":"Nyack","state_code":"NY","country_code":"US"}},{"type":"Feature","geometry":{"type":"Point","coordinates":[-73.13872,40.74399]},"properties":{"id":123272,"name":"Oakdale","state_code":"NY","country_code":"US"}},{"type":"Feature","geometry":{"type":"Point","coordinates":[-78.26974,43.06589]},"properties":{"id":123276,"name":"Oakfield","state_code":"NY","country_code":"US"}},{"type":"Feature","geometry":{"type":"Point","coordinates":[-74.11598,40.56399]},"properties":{"id":123310,"name":"Oakwood","state_code":"NY","country_code":"US"}},{"type":"Feature","geometry":{"type":"Point","coordinates":[-73.64013,40.63871]},"properties":{"id":123343,"name":"Oceanside","state_code":"NY","country_code":"US"}},{"type":"Feature","geometry":{"type":"Point","coordinates":[-75.48634,44.69423]},"properties":{"id":123372,"name":"Ogdensburg","state_code":"NY","country_code":"US"}},{"type":"Feature","geometry":{"type":"Point","coordinates":[-78.71476,43.33783]},"properties":{"id":123414,"name":"Olcott","state_code":"NY","country_code":"US"}},{"type":"Feature","geometry":{"type":"Point","coordinates":[-73.45318,40.7626]},"properties":{"id":123415,"name":"Old Bethpage","state_code":"NY","country_code":"US"}},{"type":"Feature","geometry":{"type":"Point","coordinates":[-73.60485,40.83204]},"properties":{"id":123417,"name":"Old Brookville","state_code":"NY","country_code":"US"}},{"type":"Feature","geometry":{"type":"Point","coordinates":[-73.59957,40.78871]},"properties":{"id":123431,"name":"Old Westbury","state_code":"NY","country_code":"US"}},{"type":"Feature","geometry":{"type":"Point","coordinates":[-78.42974,42.07756]},"properties":{"id":123435,"name":"Olean","state_code":"NY","country_code":"US"}},{"type":"Feature","geometry":{"type":"Point","coordinates":[-75.65129,43.09257]},"properties":{"id":123473,"name":"Oneida","state_code":"NY","country_code":"US"}},{"type":"Feature","geometry":{"type":"Point","coordinates":[-75.06377,42.45286]},"properties":{"id":123479,"name":"Oneonta","state_code":"NY","country_code":"US"}},{"type":"Feature","geometry":{"type":"Point","coordinates":[-77.28304,43.2209]},"properties":{"id":123485,"name":"Ontario","state_code":"NY","country_code":"US"}},{"type":"Feature","geometry":{"type":"Point","coordinates":[-74.0982,41.53982]},"properties":{"id":123524,"name":"Orange Lake","state_code":"NY","country_code":"US"}},{"type":"Feature","geometry":{"type":"Point","coordinates":[-73.94958,41.04649]},"properties":{"id":123527,"name":"Orangeburg","state_code":"NY","country_code":"US"}},{"type":"Feature","geometry":{"type":"Point","coordinates":[-78.74392,42.76756]},"properties":{"id":123538,"name":"Orchard Park","state_code":"NY","country_code":"US"}},{"type":"Feature","geometry":{"type":"Point","coordinates":[-75.33267,43.15729]},"properties":{"id":123557,"name":"Oriskany","state_code":"NY","country_code":"US"}},{"type":"Feature","geometry":{"type":"Point","coordinates":[-73.86152,41.16287]},"properties":{"id":123617,"name":"Ossining","state_code":"NY","country_code":"US"}},{"type":"Feature","geometry":{"type":"Point","coordinates":[-76.5105,43.45535]},"properties":{"id":123623,"name":"Oswego","state_code":"NY","country_code":"US"}},{"type":"Feature","geometry":{"type":"Point","coordinates":[-74.53849,41.47343]},"properties":{"id":123630,"name":"Otisville","state_code":"NY","country_code":"US"}},{"type":"Feature","geometry":{"type":"Point","coordinates":[-76.26215,42.10341]},"properties":{"id":123660,"name":"Owego","state_code":"NY","country_code":"US"}},{"type":"Feature","geometry":{"type":"Point","coordinates":[-75.59769,42.44202]},"properties":{"id":123687,"name":"Oxford","state_code":"NY","country_code":"US"}},{"type":"Feature","geometry":{"type":"Point","coordinates":[-73.53207,40.86565]},"properties":{"id":123693,"name":"Oyster Bay","state_code":"NY","country_code":"US"}},{"type":"Feature","geometry":{"type":"Point","coordinates":[-73.51096,40.87093]},"properties":{"id":123694,"name":"Oyster Bay Cove","state_code":"NY","country_code":"US"}},{"type":"Feature","geometry":{"type":"Point","coordinates":[-73.84375,40.67677]},"properties":{"id":123702,"name":"Ozone Park","state_code":"NY","country_code":"US"}},{"type":"Feature","geometry":{"type":"Point","coordinates":[-77.09414,42.16202]},"properties":{"id":123727,"name":"Painted Post","state_code":"NY","country_code":"US"}},{"type":"Feature","geometry":{"type":"Point","coordinates":[-74.02014,42.17453]},"properties":{"id":123733,"name":"Palenville","state_code":"NY","country_code":"US"}},{"type":"Feature","geometry":{"type":"Point","coordinates":[-77.23332,43.06395]},"properties":{"id":123776,"name":"Palmyra","state_code":"NY","country_code":"US"}},{"type":"Feature","geometry":{"type":"Point","coordinates":[-73.98597,40.6701]},"properties":{"id":123854,"name":"Park Slope","state_code":"NY","country_code":"US"}},{"type":"Feature","geometry":{"type":"Point","coordinates":[-73.86041,40.83899]},"properties":{"id":123856,"name":"Parkchester","state_code":"NY","country_code":"US"}},{"type":"Feature","geometry":{"type":"Point","coordinates":[-73.01511,40.76565]},"properties":{"id":123910,"name":"Patchogue","state_code":"NY","country_code":"US"}},{"type":"Feature","geometry":{"type":"Point","coordinates":[-73.60263,41.56204]},"properties":{"id":123932,"name":"Pawling","state_code":"NY","country_code":"US"}},{"type":"Feature","geometry":{"type":"Point","coordinates":[-73.5779,41.36759]},"properties":{"id":123957,"name":"Peach Lake","state_code":"NY","country_code":"US"}},{"type":"Feature","geometry":{"type":"Point","coordinates":[-74.02181,41.05899]},"properties":{"id":123968,"name":"Pearl River","state_code":"NY","country_code":"US"}},{"type":"Feature","geometry":{"type":"Point","coordinates":[-73.92042,41.29009]},"properties":{"id":123984,"name":"Peekskill","state_code":"NY","country_code":"US"}},{"type":"Feature","geometry":{"type":"Point","coordinates":[-73.80791,40.90982]},"properties":{"id":123992,"name":"Pelham","state_code":"NY","country_code":"US"}},{"type":"Feature","geometry":{"type":"Point","coordinates":[-73.80708,40.89538]},"properties":{"id":123993,"name":"Pelham Manor","state_code":"NY","country_code":"US"}},{"type":"Feature","geometry":{"type":"Point","coordinates":[-77.05386,42.6609]},"properties":{"id":124026,"name":"Penn Yan","state_code":"NY","country_code":"US"}},{"type":"Feature","geometry":{"type":"Point","coordinates":[-78.00556,42.71562]},"properties":{"id":124072,"name":"Perry","state_code":"NY","country_code":"US"}},{"type":"Feature","geometry":{"type":"Point","coordinates":[-74.19402,43.01757]},"properties":{"id":124093,"name":"Perth","state_code":"NY","country_code":"US"}},{"type":"Feature","geometry":{"type":"Point","coordinates":[-73.5268,44.57838]},"properties":{"id":124098,"name":"Peru","state_code":"NY","country_code":"US"}},{"type":"Feature","geometry":{"type":"Point","coordinates":[-77.05747,42.95756]},"properties":{"id":124120,"name":"Phelps","state_code":"NY","country_code":"US"}},{"type":"Feature","geometry":{"type":"Point","coordinates":[-75.70882,44.1545]},"properties":{"id":124127,"name":"Philadelphia","state_code":"NY","country_code":"US"}},{"type":"Feature","geometry":{"type":"Point","coordinates":[-73.65318,42.24842]},"properties":{"id":124142,"name":"Philmont","state_code":"NY","country_code":"US"}},{"type":"Feature","geometry":{"type":"Point","coordinates":[-76.30076,43.23118]},"properties":{"id":124147,"name":"Phoenix","state_code":"NY","country_code":"US"}},{"type":"Feature","geometry":{"type":"Point","coordinates":[-73.91819,41.04204]},"properties":{"id":124177,"name":"Piermont","state_code":"NY","country_code":"US"}},{"type":"Feature","geometry":{"type":"Point","coordinates":[-74.29904,41.60815]},"properties":{"id":124216,"name":"Pine Bush","state_code":"NY","country_code":"US"}},{"type":"Feature","geometry":{"type":"Point","coordinates":[-73.65596,41.97981]},"properties":{"id":124240,"name":"Pine Plains","state_code":"NY","country_code":"US"}},{"type":"Feature","geometry":{"type":"Point","coordinates":[-77.515,43.09062]},"properties":{"id":124302,"name":"Pittsford","state_code":"NY","country_code":"US"}},{"type":"Feature","geometry":{"type":"Point","coordinates":[-73.48374,40.71732]},"properties":{"id":124317,"name":"Plainedge","state_code":"NY","country_code":"US"}},{"type":"Feature","geometry":{"type":"Point","coordinates":[-73.46735,40.77649]},"properties":{"id":124330,"name":"Plainview","state_code":"NY","country_code":"US"}},{"type":"Feature","geometry":{"type":"Point","coordinates":[-73.70346,40.80677]},"properties":{"id":124339,"name":"Plandome","state_code":"NY","country_code":"US"}},{"type":"Feature","geometry":{"type":"Point","coordinates":[-73.7043,40.8026]},"properties":{"id":124340,"name":"Plandome Heights","state_code":"NY","country_code":"US"}},{"type":"Feature","geometry":{"type":"Point","coordinates":[-74.07598,41.61759]},"properties":{"id":124356,"name":"Plattekill","state_code":"NY","country_code":"US"}},{"type":"Feature","geometry":{"type":"Point","coordinates":[-73.45291,44.69949]},"properties":{"id":124360,"name":"Plattsburgh","state_code":"NY","country_code":"US"}},{"type":"Feature","geometry":{"type":"Point","coordinates":[-73.50295,44.68315]},"properties":{"id":124361,"name":"Plattsburgh West","state_code":"NY","country_code":"US"}},{"type":"Feature","geometry":{"type":"Point","coordinates":[-73.82124,41.74454]},"properties":{"id":124379,"name":"Pleasant Valley","state_code":"NY","country_code":"US"}},{"type":"Feature","geometry":{"type":"Point","coordinates":[-73.79263,41.13287]},"properties":{"id":124388,"name":"Pleasantville","state_code":"NY","country_code":"US"}},{"type":"Feature","geometry":{"type":"Point","coordinates":[-73.56456,42.69036]},"properties":{"id":124423,"name":"Poestenkill","state_code":"NY","country_code":"US"}},{"type":"Feature","geometry":{"type":"Point","coordinates":[-73.58068,40.59233]},"properties":{"id":124428,"name":"Point Lookout","state_code":"NY","country_code":"US"}},{"type":"Feature","geometry":{"type":"Point","coordinates":[-74.0432,41.16704]},"properties":{"id":124458,"name":"Pomona","state_code":"NY","country_code":"US"}},{"type":"Feature","geometry":{"type":"Point","coordinates":[-76.62383,43.03451]},"properties":{"id":124500,"name":"Port Byron","state_code":"NY","country_code":"US"}},{"type":"Feature","geometry":{"type":"Point","coordinates":[-73.66568,41.00176]},"properties":{"id":124503,"name":"Port Chester","state_code":"NY","country_code":"US"}},{"type":"Feature","geometry":{"type":"Point","coordinates":[-75.89631,42.13341]},"properties":{"id":124504,"name":"Port Dickinson","state_code":"NY","country_code":"US"}},{"type":"Feature","geometry":{"type":"Point","coordinates":[-73.97625,41.90537]},"properties":{"id":124506,"name":"Port Ewen","state_code":"NY","country_code":"US"}},{"type":"Feature","geometry":{"type":"Point","coordinates":[-73.45985,44.04839]},"properties":{"id":124509,"name":"Port Henry","state_code":"NY","country_code":"US"}},{"type":"Feature","geometry":{"type":"Point","coordinates":[-73.06927,40.94649]},"properties":{"id":124513,"name":"Port Jefferson","state_code":"NY","country_code":"US"}},{"type":"Feature","geometry":{"type":"Point","coordinates":[-73.04733,40.92538]},"properties":{"id":124514,"name":"Port Jefferson Station","state_code":"NY","country_code":"US"}},{"type":"Feature","geometry":{"type":"Point","coordinates":[-74.69266,41.37509]},"properties":{"id":124515,"name":"Port Jervis","state_code":"NY","country_code":"US"}},{"type":"Feature","geometry":{"type":"Point","coordinates":[-73.90958,40.80149]},"properties":{"id":124520,"name":"Port Morris","state_code":"NY","country_code":"US"}},{"type":"Feature","geometry":{"type":"Point","coordinates":[-74.13653,40.63316]},"properties":{"id":124530,"name":"Port Richmond","state_code":"NY","country_code":"US"}},{"type":"Feature","geometry":{"type":"Point","coordinates":[-73.69819,40.82566]},"properties":{"id":124539,"name":"Port Washington","state_code":"NY","country_code":"US"}},{"type":"Feature","geometry":{"type":"Point","coordinates":[-73.7018,40.84482]},"properties":{"id":124541,"name":"Port Washington North","state_code":"NY","country_code":"US"}},{"type":"Feature","geometry":{"type":"Point","coordinates":[-79.46755,42.37978]},"properties":{"id":124563,"name":"Portland","state_code":"NY","country_code":"US"}},{"type":"Feature","geometry":{"type":"Point","coordinates":[-74.98131,44.66978]},"properties":{"id":124588,"name":"Potsdam","state_code":"NY","country_code":"US"}},{"type":"Feature","geometry":{"type":"Point","coordinates":[-73.92097,41.70037]},"properties":{"id":124602,"name":"Poughkeepsie","state_code":"NY","country_code":"US"}},{"type":"Feature","geometry":{"type":"Point","coordinates":[-73.57485,41.20871]},"properties":{"id":124605,"name":"Pound Ridge","state_code":"NY","country_code":"US"}},{"type":"Feature","geometry":{"type":"Point","coordinates":[-76.1277,43.56701]},"properties":{"id":124735,"name":"Pulaski","state_code":"NY","country_code":"US"}},{"type":"Feature","geometry":{"type":"Point","coordinates":[-73.71457,41.04093]},"properties":{"id":124755,"name":"Purchase","state_code":"NY","country_code":"US"}},{"type":"Feature","geometry":{"type":"Point","coordinates":[-73.54624,41.46204]},"properties":{"id":124769,"name":"Putnam Lake","state_code":"NY","country_code":"US"}},{"type":"Feature","geometry":{"type":"Point","coordinates":[-73.83652,40.68149]},"properties":{"id":124790,"name":"Queens","state_code":"NY","country_code":"US"}},{"type":"Feature","geometry":{"type":"Point","coordinates":[-73.61317,43.37729]},"properties":{"id":124793,"name":"Queensbury","state_code":"NY","country_code":"US"}},{"type":"Feature","geometry":{"type":"Point","coordinates":[-78.97532,42.16201]},"properties":{"id":124867,"name":"Randolph","state_code":"NY","country_code":"US"}},{"type":"Feature","geometry":{"type":"Point","coordinates":[-78.90976,43.23867]},"properties":{"id":124889,"name":"Ransomville","state_code":"NY","country_code":"US"}},{"type":"Feature","geometry":{"type":"Point","coordinates":[-78.64086,43.09839]},"properties":{"id":124897,"name":"Rapids","state_code":"NY","country_code":"US"}},{"type":"Feature","geometry":{"type":"Point","coordinates":[-73.81624,42.46841]},"properties":{"id":124905,"name":"Ravena","state_code":"NY","country_code":"US"}},{"type":"Feature","geometry":{"type":"Point","coordinates":[-73.87541,41.99509]},"properties":{"id":124948,"name":"Red Hook","state_code":"NY","country_code":"US"}},{"type":"Feature","geometry":{"type":"Point","coordinates":[-73.87486,41.65565]},"properties":{"id":124958,"name":"Red Oaks Mill","state_code":"NY","country_code":"US"}},{"type":"Feature","geometry":{"type":"Point","coordinates":[-73.85264,40.72649]},"properties":{"id":125002,"name":"Rego Park","state_code":"NY","country_code":"US"}},{"type":"Feature","geometry":{"type":"Point","coordinates":[-72.69673,40.82642]},"properties":{"id":125016,"name":"Remsenburg-Speonk","state_code":"NY","country_code":"US"}},{"type":"Feature","geometry":{"type":"Point","coordinates":[-73.7429,42.64258]},"properties":{"id":125024,"name":"Rensselaer","state_code":"NY","country_code":"US"}},{"type":"Feature","geometry":{"type":"Point","coordinates":[-73.91264,41.92676]},"properties":{"id":125045,"name":"Rhinebeck","state_code":"NY","country_code":"US"}},{"type":"Feature","geometry":{"type":"Point","coordinates":[-74.98543,42.85341]},"properties":{"id":125064,"name":"Richfield Springs","state_code":"NY","country_code":"US"}},{"type":"Feature","geometry":{"type":"Point","coordinates":[-76.0477,43.56951]},"properties":{"id":125070,"name":"Richland","state_code":"NY","country_code":"US"}},{"type":"Feature","geometry":{"type":"Point","coordinates":[-73.83125,40.69983]},"properties":{"id":125105,"name":"Richmond Hill","state_code":"NY","country_code":"US"}},{"type":"Feature","geometry":{"type":"Point","coordinates":[-72.89594,40.89399]},"properties":{"id":125114,"name":"Ridge","state_code":"NY","country_code":"US"}},{"type":"Feature","geometry":{"type":"Point","coordinates":[-73.90569,40.7001]},"properties":{"id":125132,"name":"Ridgewood","state_code":"NY","country_code":"US"}},{"type":"Feature","geometry":{"type":"Point","coordinates":[-73.90639,40.90056]},"properties":{"id":125195,"name":"Riverdale","state_code":"NY","country_code":"US"}},{"type":"Feature","geometry":{"type":"Point","coordinates":[-72.66204,40.91704]},"properties":{"id":125200,"name":"Riverhead","state_code":"NY","country_code":"US"}},{"type":"Feature","geometry":{"type":"Point","coordinates":[-72.67787,40.88121]},"properties":{"id":125207,"name":"Riverside","state_code":"NY","country_code":"US"}},{"type":"Feature","geometry":{"type":"Point","coordinates":[-77.61556,43.15478]},"properties":{"id":125267,"name":"Rochester","state_code":"NY","country_code":"US"}},{"type":"Feature","geometry":{"type":"Point","coordinates":[-74.59766,41.62593]},"properties":{"id":125281,"name":"Rock Hill","state_code":"NY","country_code":"US"}},{"type":"Feature","geometry":{"type":"Point","coordinates":[-73.91514,40.56066]},"properties":{"id":125291,"name":"Rockaway Point","state_code":"NY","country_code":"US"}},{"type":"Feature","geometry":{"type":"Point","coordinates":[-73.64124,40.65871]},"properties":{"id":125325,"name":"Rockville Centre","state_code":"NY","country_code":"US"}},{"type":"Feature","geometry":{"type":"Point","coordinates":[-72.92538,40.9526]},"properties":{"id":125338,"name":"Rocky Point","state_code":"NY","country_code":"US"}},{"type":"Feature","geometry":{"type":"Point","coordinates":[-73.80707,42.69508]},"properties":{"id":125346,"name":"Roessleville","state_code":"NY","country_code":"US"}},{"type":"Feature","geometry":{"type":"Point","coordinates":[-75.45573,43.21285]},"properties":{"id":125378,"name":"Rome","state_code":"NY","country_code":"US"}},{"type":"Feature","geometry":{"type":"Point","coordinates":[-73.11233,40.81538]},"properties":{"id":125388,"name":"Ronkonkoma","state_code":"NY","country_code":"US"}},{"type":"Feature","geometry":{"type":"Point","coordinates":[-73.58902,40.67871]},"properties":{"id":125391,"name":"Roosevelt","state_code":"NY","country_code":"US"}},{"type":"Feature","geometry":{"type":"Point","coordinates":[-74.06625,40.61399]},"properties":{"id":125409,"name":"Rosebank","state_code":"NY","country_code":"US"}},{"type":"Feature","geometry":{"type":"Point","coordinates":[-73.73541,40.66205]},"properties":{"id":125418,"name":"Rosedale","state_code":"NY","country_code":"US"}},{"type":"Feature","geometry":{"type":"Point","coordinates":[-74.07379,41.85038]},"properties":{"id":125435,"name":"Rosendale Village","state_code":"NY","country_code":"US"}},{"type":"Feature","geometry":{"type":"Point","coordinates":[-73.65096,40.79982]},"properties":{"id":125447,"name":"Roslyn","state_code":"NY","country_code":"US"}},{"type":"Feature","geometry":{"type":"Point","coordinates":[-73.66041,40.79427]},"properties":{"id":125448,"name":"Roslyn Estates","state_code":"NY","country_code":"US"}},{"type":"Feature","geometry":{"type":"Point","coordinates":[-73.63707,40.81649]},"properties":{"id":125449,"name":"Roslyn Harbor","state_code":"NY","country_code":"US"}},{"type":"Feature","geometry":{"type":"Point","coordinates":[-73.64735,40.78871]},"properties":{"id":125450,"name":"Roslyn Heights","state_code":"NY","country_code":"US"}},{"type":"Feature","geometry":{"type":"Point","coordinates":[-74.21348,40.55566]},"properties":{"id":125461,"name":"Rossville","state_code":"NY","country_code":"US"}},{"type":"Feature","geometry":{"type":"Point","coordinates":[-73.97096,42.78702]},"properties":{"id":125468,"name":"Rotterdam","state_code":"NY","country_code":"US"}},{"type":"Feature","geometry":{"type":"Point","coordinates":[-73.36486,44.99393]},"properties":{"id":125475,"name":"Rouses Point","state_code":"NY","country_code":"US"}},{"type":"Feature","geometry":{"type":"Point","coordinates":[-73.68374,40.98065]},"properties":{"id":125562,"name":"Rye","state_code":"NY","country_code":"US"}},{"type":"Feature","geometry":{"type":"Point","coordinates":[-73.68346,41.01926]},"properties":{"id":125563,"name":"Rye Brook","state_code":"NY","country_code":"US"}},{"type":"Feature","geometry":{"type":"Point","coordinates":[-76.11909,43.94617]},"properties":{"id":125575,"name":"Sackets Harbor","state_code":"NY","country_code":"US"}},{"type":"Feature","geometry":{"type":"Point","coordinates":[-72.29258,40.99788]},"properties":{"id":125584,"name":"Sag Harbor","state_code":"NY","country_code":"US"}},{"type":"Feature","geometry":{"type":"Point","coordinates":[-78.47502,42.08034]},"properties":{"id":125609,"name":"Saint Bonaventure","state_code":"NY","country_code":"US"}},{"type":"Feature","geometry":{"type":"Point","coordinates":[-73.15678,40.87899]},"properties":{"id":125656,"name":"Saint James","state_code":"NY","country_code":"US"}},{"type":"Feature","geometry":{"type":"Point","coordinates":[-74.68292,42.99813]},"properties":{"id":125669,"name":"Saint Johnsville","state_code":"NY","country_code":"US"}},{"type":"Feature","geometry":{"type":"Point","coordinates":[-78.71503,42.15784]},"properties":{"id":125723,"name":"Salamanca","state_code":"NY","country_code":"US"}},{"type":"Feature","geometry":{"type":"Point","coordinates":[-73.56013,40.74566]},"properties":{"id":125759,"name":"Salisbury","state_code":"NY","country_code":"US"}},{"type":"Feature","geometry":{"type":"Point","coordinates":[-78.88476,43.13672]},"properties":{"id":125854,"name":"Sanborn","state_code":"NY","country_code":"US"}},{"type":"Feature","geometry":{"type":"Point","coordinates":[-73.71874,40.85177]},"properties":{"id":125872,"name":"Sands Point","state_code":"NY","country_code":"US"}},{"type":"Feature","geometry":{"type":"Point","coordinates":[-74.13127,44.3295]},"properties":{"id":125936,"name":"Saranac Lake","state_code":"NY","country_code":"US"}},{"type":"Feature","geometry":{"type":"Point","coordinates":[-73.78457,43.08313]},"properties":{"id":125944,"name":"Saratoga Springs","state_code":"NY","country_code":"US"}},{"type":"Feature","geometry":{"type":"Point","coordinates":[-73.95291,42.07759]},"properties":{"id":125959,"name":"Saugerties","state_code":"NY","country_code":"US"}},{"type":"Feature","geometry":{"type":"Point","coordinates":[-73.95067,42.06139]},"properties":{"id":125960,"name":"Saugerties South","state_code":"NY","country_code":"US"}},{"type":"Feature","geometry":{"type":"Point","coordinates":[-73.08206,40.73593]},"properties":{"id":125993,"name":"Sayville","state_code":"NY","country_code":"US"}},{"type":"Feature","geometry":{"type":"Point","coordinates":[-73.78458,41.0051]},"properties":{"id":125998,"name":"Scarsdale","state_code":"NY","country_code":"US"}},{"type":"Feature","geometry":{"type":"Point","coordinates":[-73.93957,42.81424]},"properties":{"id":126003,"name":"Schenectady","state_code":"NY","country_code":"US"}},{"type":"Feature","geometry":{"type":"Point","coordinates":[-74.30958,42.66591]},"properties":{"id":126015,"name":"Schoharie","state_code":"NY","country_code":"US"}},{"type":"Feature","geometry":{"type":"Point","coordinates":[-73.58178,43.10008]},"properties":{"id":126025,"name":"Schuylerville","state_code":"NY","country_code":"US"}},{"type":"Feature","geometry":{"type":"Point","coordinates":[-74.36015,41.48148]},"properties":{"id":126033,"name":"Scotchtown","state_code":"NY","country_code":"US"}},{"type":"Feature","geometry":{"type":"Point","coordinates":[-73.96429,42.82647]},"properties":{"id":126034,"name":"Scotia","state_code":"NY","country_code":"US"}},{"type":"Feature","geometry":{"type":"Point","coordinates":[-77.74528,43.0259]},"properties":{"id":126065,"name":"Scottsville","state_code":"NY","country_code":"US"}},{"type":"Feature","geometry":{"type":"Point","coordinates":[-73.64485,40.84899]},"properties":{"id":126072,"name":"Sea Cliff","state_code":"NY","country_code":"US"}},{"type":"Feature","geometry":{"type":"Point","coordinates":[-73.48818,40.66593]},"properties":{"id":126086,"name":"Seaford","state_code":"NY","country_code":"US"}},{"type":"Feature","geometry":{"type":"Point","coordinates":[-73.65568,40.77482]},"properties":{"id":126094,"name":"Searingtown","state_code":"NY","country_code":"US"}},{"type":"Feature","geometry":{"type":"Point","coordinates":[-73.82819,40.58316]},"properties":{"id":126098,"name":"Seaside","state_code":"NY","country_code":"US"}},{"type":"Feature","geometry":{"type":"Point","coordinates":[-73.03566,40.86649]},"properties":{"id":126133,"name":"Selden","state_code":"NY","country_code":"US"}},{"type":"Feature","geometry":{"type":"Point","coordinates":[-76.79662,42.91062]},"properties":{"id":126160,"name":"Seneca Falls","state_code":"NY","country_code":"US"}},{"type":"Feature","geometry":{"type":"Point","coordinates":[-76.28632,43.12007]},"properties":{"id":126161,"name":"Seneca Knolls","state_code":"NY","country_code":"US"}},{"type":"Feature","geometry":{"type":"Point","coordinates":[-73.10179,40.93064]},"properties":{"id":126169,"name":"Setauket-East Setauket","state_code":"NY","country_code":"US"}},{"type":"Feature","geometry":{"type":"Point","coordinates":[-73.94458,40.59122]},"properties":{"id":126258,"name":"Sheepshead Bay","state_code":"NY","country_code":"US"}},{"type":"Feature","geometry":{"type":"Point","coordinates":[-72.33869,41.06815]},"properties":{"id":126295,"name":"Shelter Island","state_code":"NY","country_code":"US"}},{"type":"Feature","geometry":{"type":"Point","coordinates":[-72.35592,41.08399]},"properties":{"id":126296,"name":"Shelter Island Heights","state_code":"NY","country_code":"US"}},{"type":"Feature","geometry":{"type":"Point","coordinates":[-73.73819,41.33176]},"properties":{"id":126308,"name":"Shenorock","state_code":"NY","country_code":"US"}},{"type":"Feature","geometry":{"type":"Point","coordinates":[-75.49851,42.67813]},"properties":{"id":126315,"name":"Sherburne","state_code":"NY","country_code":"US"}},{"type":"Feature","geometry":{"type":"Point","coordinates":[-75.59824,43.07368]},"properties":{"id":126338,"name":"Sherrill","state_code":"NY","country_code":"US"}},{"type":"Feature","geometry":{"type":"Point","coordinates":[-72.4637,40.89093]},"properties":{"id":126354,"name":"Shinnecock Hills","state_code":"NY","country_code":"US"}},{"type":"Feature","geometry":{"type":"Point","coordinates":[-72.8676,40.80149]},"properties":{"id":126361,"name":"Shirley","state_code":"NY","country_code":"US"}},{"type":"Feature","geometry":{"type":"Point","coordinates":[-74.21209,41.97343]},"properties":{"id":126366,"name":"Shokan","state_code":"NY","country_code":"US"}},{"type":"Feature","geometry":{"type":"Point","coordinates":[-77.22081,42.9559]},"properties":{"id":126378,"name":"Shortsville","state_code":"NY","country_code":"US"}},{"type":"Feature","geometry":{"type":"Point","coordinates":[-73.81958,41.32759]},"properties":{"id":126387,"name":"Shrub Oak","state_code":"NY","country_code":"US"}},{"type":"Feature","geometry":{"type":"Point","coordinates":[-75.39157,42.3148]},"properties":{"id":126397,"name":"Sidney","state_code":"NY","country_code":"US"}},{"type":"Feature","geometry":{"type":"Point","coordinates":[-79.16671,42.54423]},"properties":{"id":126423,"name":"Silver Creek","state_code":"NY","country_code":"US"}},{"type":"Feature","geometry":{"type":"Point","coordinates":[-76.4291,42.94701]},"properties":{"id":126477,"name":"Skaneateles","state_code":"NY","country_code":"US"}},{"type":"Feature","geometry":{"type":"Point","coordinates":[-73.85847,41.08565]},"properties":{"id":126498,"name":"Sleepy Hollow","state_code":"NY","country_code":"US"}},{"type":"Feature","geometry":{"type":"Point","coordinates":[-78.79392,42.89339]},"properties":{"id":126504,"name":"Sloan","state_code":"NY","country_code":"US"}},{"type":"Feature","geometry":{"type":"Point","coordinates":[-74.19292,41.15454]},"properties":{"id":126505,"name":"Sloatsburg","state_code":"NY","country_code":"US"}},{"type":"Feature","geometry":{"type":"Point","coordinates":[-73.20067,40.85593]},"properties":{"id":126526,"name":"Smithtown","state_code":"NY","country_code":"US"}},{"type":"Feature","geometry":{"type":"Point","coordinates":[-77.06136,43.23784]},"properties":{"id":126564,"name":"Sodus","state_code":"NY","country_code":"US"}},{"type":"Feature","geometry":{"type":"Point","coordinates":[-76.20743,43.05812]},"properties":{"id":126573,"name":"Solvay","state_code":"NY","country_code":"US"}},{"type":"Feature","geometry":{"type":"Point","coordinates":[-72.96788,40.95621]},"properties":{"id":126609,"name":"Sound Beach","state_code":"NY","country_code":"US"}},{"type":"Feature","geometry":{"type":"Point","coordinates":[-74.07609,40.58329]},"properties":{"id":126620,"name":"South Beach","state_code":"NY","country_code":"US"}},{"type":"Feature","geometry":{"type":"Point","coordinates":[-74.17843,41.37337]},"properties":{"id":126627,"name":"South Blooming Grove","state_code":"NY","country_code":"US"}},{"type":"Feature","geometry":{"type":"Point","coordinates":[-77.03719,42.12174]},"properties":{"id":126643,"name":"South Corning","state_code":"NY","country_code":"US"}},{"type":"Feature","geometry":{"type":"Point","coordinates":[-74.63433,41.72065]},"properties":{"id":126653,"name":"South Fallsburg","state_code":"NY","country_code":"US"}},{"type":"Feature","geometry":{"type":"Point","coordinates":[-73.44012,40.72066]},"properties":{"id":126654,"name":"South Farmingdale","state_code":"NY","country_code":"US"}},{"type":"Feature","geometry":{"type":"Point","coordinates":[-73.70013,40.71427]},"properties":{"id":126655,"name":"South Floral Park","state_code":"NY","country_code":"US"}},{"type":"Feature","geometry":{"type":"Point","coordinates":[-73.63512,43.29924]},"properties":{"id":126661,"name":"South Glens Falls","state_code":"NY","country_code":"US"}},{"type":"Feature","geometry":{"type":"Point","coordinates":[-73.61541,40.68094]},"properties":{"id":126668,"name":"South Hempstead","state_code":"NY","country_code":"US"}},{"type":"Feature","geometry":{"type":"Point","coordinates":[-76.49494,42.42924]},"properties":{"id":126672,"name":"South Hill","state_code":"NY","country_code":"US"}},{"type":"Feature","geometry":{"type":"Point","coordinates":[-73.39873,40.82371]},"properties":{"id":126677,"name":"South Huntington","state_code":"NY","country_code":"US"}},{"type":"Feature","geometry":{"type":"Point","coordinates":[-78.6967,43.15006]},"properties":{"id":126689,"name":"South Lockport","state_code":"NY","country_code":"US"}},{"type":"Feature","geometry":{"type":"Point","coordinates":[-73.92014,41.08315]},"properties":{"id":126695,"name":"South Nyack","state_code":"NY","country_code":"US"}},{"type":"Feature","geometry":{"type":"Point","coordinates":[-73.71763,40.65594]},"properties":{"id":126741,"name":"South Valley Stream","state_code":"NY","country_code":"US"}},{"type":"Feature","geometry":{"type":"Point","coordinates":[-72.38953,40.88427]},"properties":{"id":126758,"name":"Southampton","state_code":"NY","country_code":"US"}},{"type":"Feature","geometry":{"type":"Point","coordinates":[-72.4262,41.06482]},"properties":{"id":126781,"name":"Southold","state_code":"NY","country_code":"US"}},{"type":"Feature","geometry":{"type":"Point","coordinates":[-76.81912,42.0548]},"properties":{"id":126785,"name":"Southport","state_code":"NY","country_code":"US"}},{"type":"Feature","geometry":{"type":"Point","coordinates":[-73.91347,41.65593]},"properties":{"id":126794,"name":"Spackenkill","state_code":"NY","country_code":"US"}},{"type":"Feature","geometry":{"type":"Point","coordinates":[-73.92708,41.03121]},"properties":{"id":126802,"name":"Sparkill","state_code":"NY","country_code":"US"}},{"type":"Feature","geometry":{"type":"Point","coordinates":[-77.8039,43.18645]},"properties":{"id":126830,"name":"Spencerport","state_code":"NY","country_code":"US"}},{"type":"Feature","geometry":{"type":"Point","coordinates":[-74.04375,41.11315]},"properties":{"id":126877,"name":"Spring Valley","state_code":"NY","country_code":"US"}},{"type":"Feature","geometry":{"type":"Point","coordinates":[-74.85348,42.83618]},"properties":{"id":126903,"name":"Springfield","state_code":"NY","country_code":"US"}},{"type":"Feature","geometry":{"type":"Point","coordinates":[-73.76221,40.66312]},"properties":{"id":126908,"name":"Springfield Gardens","state_code":"NY","country_code":"US"}},{"type":"Feature","geometry":{"type":"Point","coordinates":[-72.15924,41.01621]},"properties":{"id":126910,"name":"Springs","state_code":"NY","country_code":"US"}},{"type":"Feature","geometry":{"type":"Point","coordinates":[-78.66725,42.5084]},"properties":{"id":126917,"name":"Springville","state_code":"NY","country_code":"US"}},{"type":"Feature","geometry":{"type":"Point","coordinates":[-73.91736,40.88121]},"properties":{"id":126923,"name":"Spuyten Duyvil","state_code":"NY","country_code":"US"}},{"type":"Feature","geometry":{"type":"Point","coordinates":[-74.61432,42.4073]},"properties":{"id":126945,"name":"Stamford","state_code":"NY","country_code":"US"}},{"type":"Feature","geometry":{"type":"Point","coordinates":[-74.07764,40.62649]},"properties":{"id":126976,"name":"Stapleton","state_code":"NY","country_code":"US"}},{"type":"Feature","geometry":{"type":"Point","coordinates":[-74.13986,40.56233]},"properties":{"id":126995,"name":"Staten Island","state_code":"NY","country_code":"US"}},{"type":"Feature","geometry":{"type":"Point","coordinates":[-73.90375,40.77455]},"properties":{"id":127019,"name":"Steinway","state_code":"NY","country_code":"US"}},{"type":"Feature","geometry":{"type":"Point","coordinates":[-73.68846,40.71927]},"properties":{"id":127052,"name":"Stewart Manor","state_code":"NY","country_code":"US"}},{"type":"Feature","geometry":{"type":"Point","coordinates":[-73.65317,42.93841]},"properties":{"id":127062,"name":"Stillwater","state_code":"NY","country_code":"US"}},{"type":"Feature","geometry":{"type":"Point","coordinates":[-74.13903,41.85315]},"properties":{"id":127085,"name":"Stone Ridge","state_code":"NY","country_code":"US"}},{"type":"Feature","geometry":{"type":"Point","coordinates":[-73.14094,40.92565]},"properties":{"id":127096,"name":"Stony Brook","state_code":"NY","country_code":"US"}},{"type":"Feature","geometry":{"type":"Point","coordinates":[-73.98708,41.22954]},"properties":{"id":127100,"name":"Stony Point","state_code":"NY","country_code":"US"}},{"type":"Feature","geometry":{"type":"Point","coordinates":[-73.73873,42.2862]},"properties":{"id":127108,"name":"Stottville","state_code":"NY","country_code":"US"}},{"type":"Feature","geometry":{"type":"Point","coordinates":[-74.14959,41.11482]},"properties":{"id":127164,"name":"Suffern","state_code":"NY","country_code":"US"}},{"type":"Feature","geometry":{"type":"Point","coordinates":[-73.93542,40.73982]},"properties":{"id":127258,"name":"Sunnyside","state_code":"NY","country_code":"US"}},{"type":"Feature","geometry":{"type":"Point","coordinates":[-74.01241,40.64548]},"properties":{"id":127276,"name":"Sunset Park","state_code":"NY","country_code":"US"}},{"type":"Feature","geometry":{"type":"Point","coordinates":[-77.1083,42.46479]},"properties":{"id":127356,"name":"Sylvan Beach","state_code":"NY","country_code":"US"}},{"type":"Feature","geometry":{"type":"Point","coordinates":[-73.50207,40.82621]},"properties":{"id":127362,"name":"Syosset","state_code":"NY","country_code":"US"}},{"type":"Feature","geometry":{"type":"Point","coordinates":[-76.14742,43.04812]},"properties":{"id":127365,"name":"Syracuse","state_code":"NY","country_code":"US"}},{"type":"Feature","geometry":{"type":"Point","coordinates":[-73.94736,41.02204]},"properties":{"id":127426,"name":"Tappan","state_code":"NY","country_code":"US"}},{"type":"Feature","geometry":{"type":"Point","coordinates":[-73.85875,41.07621]},"properties":{"id":127436,"name":"Tarrytown","state_code":"NY","country_code":"US"}},{"type":"Feature","geometry":{"type":"Point","coordinates":[-73.7693,40.72149]},"properties":{"id":127517,"name":"Terrace Heights","state_code":"NY","country_code":"US"}},{"type":"Feature","geometry":{"type":"Point","coordinates":[-73.06511,40.90899]},"properties":{"id":127536,"name":"Terryville","state_code":"NY","country_code":"US"}},{"type":"Feature","geometry":{"type":"Point","coordinates":[-73.86641,40.84985]},"properties":{"id":127554,"name":"The Bronx","state_code":"NY","country_code":"US"}},{"type":"Feature","geometry":{"type":"Point","coordinates":[-74.01764,41.21065]},"properties":{"id":127575,"name":"Thiells","state_code":"NY","country_code":"US"}},{"type":"Feature","geometry":{"type":"Point","coordinates":[-73.71374,40.78621]},"properties":{"id":127586,"name":"Thomaston","state_code":"NY","country_code":"US"}},{"type":"Feature","geometry":{"type":"Point","coordinates":[-73.77902,41.12343]},"properties":{"id":127606,"name":"Thornwood","state_code":"NY","country_code":"US"}},{"type":"Feature","geometry":{"type":"Point","coordinates":[-73.81958,40.8226]},"properties":{"id":127625,"name":"Throgs Neck","state_code":"NY","country_code":"US"}},{"type":"Feature","geometry":{"type":"Point","coordinates":[-73.42345,43.84867]},"properties":{"id":127635,"name":"Ticonderoga","state_code":"NY","country_code":"US"}},{"type":"Feature","geometry":{"type":"Point","coordinates":[-74.06848,41.82898]},"properties":{"id":127652,"name":"Tillson","state_code":"NY","country_code":"US"}},{"type":"Feature","geometry":{"type":"Point","coordinates":[-73.9093,42.05842]},"properties":{"id":127688,"name":"Tivoli","state_code":"NY","country_code":"US"}},{"type":"Feature","geometry":{"type":"Point","coordinates":[-74.07795,40.63812]},"properties":{"id":127715,"name":"Tompkinsville","state_code":"NY","country_code":"US"}},{"type":"Feature","geometry":{"type":"Point","coordinates":[-78.88031,43.02033]},"properties":{"id":127718,"name":"Tonawanda","state_code":"NY","country_code":"US"}},{"type":"Feature","geometry":{"type":"Point","coordinates":[-78.5778,42.89061]},"properties":{"id":127758,"name":"Town Line","state_code":"NY","country_code":"US"}},{"type":"Feature","geometry":{"type":"Point","coordinates":[-73.90569,40.84954]},"properties":{"id":127795,"name":"Tremont","state_code":"NY","country_code":"US"}},{"type":"Feature","geometry":{"type":"Point","coordinates":[-74.28513,42.95535]},"properties":{"id":127819,"name":"Tribes Hill","state_code":"NY","country_code":"US"}},{"type":"Feature","geometry":{"type":"Point","coordinates":[-73.69179,42.72841]},"properties":{"id":127851,"name":"Troy","state_code":"NY","country_code":"US"}},{"type":"Feature","geometry":{"type":"Point","coordinates":[-76.66606,42.54229]},"properties":{"id":127857,"name":"Trumansburg","state_code":"NY","country_code":"US"}},{"type":"Feature","geometry":{"type":"Point","coordinates":[-73.82736,40.95038]},"properties":{"id":127869,"name":"Tuckahoe","state_code":"NY","country_code":"US"}},{"type":"Feature","geometry":{"type":"Point","coordinates":[-74.46406,44.22395]},"properties":{"id":127898,"name":"Tupper Lake","state_code":"NY","country_code":"US"}},{"type":"Feature","geometry":{"type":"Point","coordinates":[-75.3124,42.32536]},"properties":{"id":127965,"name":"Unadilla","state_code":"NY","country_code":"US"}},{"type":"Feature","geometry":{"type":"Point","coordinates":[-76.69328,42.83979]},"properties":{"id":128012,"name":"Union Springs","state_code":"NY","country_code":"US"}},{"type":"Feature","geometry":{"type":"Point","coordinates":[-73.59291,40.70038]},"properties":{"id":128013,"name":"Uniondale","state_code":"NY","country_code":"US"}},{"type":"Feature","geometry":{"type":"Point","coordinates":[-73.85013,40.82732]},"properties":{"id":128014,"name":"Unionport","state_code":"NY","country_code":"US"}},{"type":"Feature","geometry":{"type":"Point","coordinates":[-73.72263,40.77732]},"properties":{"id":128028,"name":"University Gardens","state_code":"NY","country_code":"US"}},{"type":"Feature","geometry":{"type":"Point","coordinates":[-73.9093,40.8601]},"properties":{"id":128030,"name":"University Heights","state_code":"NY","country_code":"US"}},{"type":"Feature","geometry":{"type":"Point","coordinates":[-73.56513,40.83871]},"properties":{"id":128042,"name":"Upper Brookville","state_code":"NY","country_code":"US"}},{"type":"Feature","geometry":{"type":"Point","coordinates":[-73.92014,41.10704]},"properties":{"id":128048,"name":"Upper Nyack","state_code":"NY","country_code":"US"}},{"type":"Feature","geometry":{"type":"Point","coordinates":[-75.23266,43.1009]},"properties":{"id":128067,"name":"Utica","state_code":"NY","country_code":"US"}},{"type":"Feature","geometry":{"type":"Point","coordinates":[-74.05764,41.45426]},"properties":{"id":128077,"name":"Vails Gate","state_code":"NY","country_code":"US"}},{"type":"Feature","geometry":{"type":"Point","coordinates":[-73.67317,42.41342]},"properties":{"id":128081,"name":"Valatie","state_code":"NY","country_code":"US"}},{"type":"Feature","geometry":{"type":"Point","coordinates":[-73.77513,41.07482]},"properties":{"id":128092,"name":"Valhalla","state_code":"NY","country_code":"US"}},{"type":"Feature","geometry":{"type":"Point","coordinates":[-73.95542,41.11815]},"properties":{"id":128102,"name":"Valley Cottage","state_code":"NY","country_code":"US"}},{"type":"Feature","geometry":{"type":"Point","coordinates":[-73.70846,40.66427]},"properties":{"id":128117,"name":"Valley Stream","state_code":"NY","country_code":"US"}},{"type":"Feature","geometry":{"type":"Point","coordinates":[-73.86375,40.84843]},"properties":{"id":128136,"name":"Van Nest","state_code":"NY","country_code":"US"}},{"type":"Feature","geometry":{"type":"Point","coordinates":[-75.53934,43.07951]},"properties":{"id":128190,"name":"Vernon","state_code":"NY","country_code":"US"}},{"type":"Feature","geometry":{"type":"Point","coordinates":[-73.95986,41.25287]},"properties":{"id":128207,"name":"Verplanck","state_code":"NY","country_code":"US"}},{"type":"Feature","geometry":{"type":"Point","coordinates":[-77.40888,42.98256]},"properties":{"id":128217,"name":"Victor","state_code":"NY","country_code":"US"}},{"type":"Feature","geometry":{"type":"Point","coordinates":[-76.31299,43.1334]},"properties":{"id":128247,"name":"Village Green","state_code":"NY","country_code":"US"}},{"type":"Feature","geometry":{"type":"Point","coordinates":[-73.18733,40.85621]},"properties":{"id":128254,"name":"Village of the Branch","state_code":"NY","country_code":"US"}},{"type":"Feature","geometry":{"type":"Point","coordinates":[-74.08236,41.13648]},"properties":{"id":128283,"name":"Viola","state_code":"NY","country_code":"US"}},{"type":"Feature","geometry":{"type":"Point","coordinates":[-76.35771,43.34285]},"properties":{"id":128301,"name":"Volney","state_code":"NY","country_code":"US"}},{"type":"Feature","geometry":{"type":"Point","coordinates":[-73.92874,42.65397]},"properties":{"id":128307,"name":"Voorheesville","state_code":"NY","country_code":"US"}},{"type":"Feature","geometry":{"type":"Point","coordinates":[-72.8426,40.95038]},"properties":{"id":128324,"name":"Wading River","state_code":"NY","country_code":"US"}},{"type":"Feature","geometry":{"type":"Point","coordinates":[-73.85236,40.89788]},"properties":{"id":128363,"name":"Wakefield","state_code":"NY","country_code":"US"}},{"type":"Feature","geometry":{"type":"Point","coordinates":[-74.18848,41.5612]},"properties":{"id":128368,"name":"Walden","state_code":"NY","country_code":"US"}},{"type":"Feature","geometry":{"type":"Point","coordinates":[-74.18404,41.60565]},"properties":{"id":128410,"name":"Wallkill","state_code":"NY","country_code":"US"}},{"type":"Feature","geometry":{"type":"Point","coordinates":[-75.12934,42.16953]},"properties":{"id":128436,"name":"Walton","state_code":"NY","country_code":"US"}},{"type":"Feature","geometry":{"type":"Point","coordinates":[-74.22904,41.30982]},"properties":{"id":128439,"name":"Walton Park","state_code":"NY","country_code":"US"}},{"type":"Feature","geometry":{"type":"Point","coordinates":[-75.70685,43.07535]},"properties":{"id":128445,"name":"Wampsville","state_code":"NY","country_code":"US"}},{"type":"Feature","geometry":{"type":"Point","coordinates":[-78.90309,42.74617]},"properties":{"id":128446,"name":"Wanakah","state_code":"NY","country_code":"US"}},{"type":"Feature","geometry":{"type":"Point","coordinates":[-73.51013,40.68371]},"properties":{"id":128452,"name":"Wantagh","state_code":"NY","country_code":"US"}},{"type":"Feature","geometry":{"type":"Point","coordinates":[-73.91097,41.59648]},"properties":{"id":128456,"name":"Wappingers Falls","state_code":"NY","country_code":"US"}},{"type":"Feature","geometry":{"type":"Point","coordinates":[-73.77623,43.49674]},"properties":{"id":128503,"name":"Warrensburg","state_code":"NY","country_code":"US"}},{"type":"Feature","geometry":{"type":"Point","coordinates":[-78.13279,42.74006]},"properties":{"id":128521,"name":"Warsaw","state_code":"NY","country_code":"US"}},{"type":"Feature","geometry":{"type":"Point","coordinates":[-74.35988,41.25648]},"properties":{"id":128524,"name":"Warwick","state_code":"NY","country_code":"US"}},{"type":"Feature","geometry":{"type":"Point","coordinates":[-73.93541,40.8501]},"properties":{"id":128581,"name":"Washington Heights","state_code":"NY","country_code":"US"}},{"type":"Feature","geometry":{"type":"Point","coordinates":[-75.27294,43.05007]},"properties":{"id":128582,"name":"Washington Mills","state_code":"NY","country_code":"US"}},{"type":"Feature","geometry":{"type":"Point","coordinates":[-74.16598,41.42787]},"properties":{"id":128588,"name":"Washingtonville","state_code":"NY","country_code":"US"}},{"type":"Feature","geometry":{"type":"Point","coordinates":[-74.26027,41.63776]},"properties":{"id":128597,"name":"Watchtower","state_code":"NY","country_code":"US"}},{"type":"Feature","geometry":{"type":"Point","coordinates":[-72.34274,40.91959]},"properties":{"id":128599,"name":"Water Mill","state_code":"NY","country_code":"US"}},{"type":"Feature","geometry":{"type":"Point","coordinates":[-73.68123,42.79258]},"properties":{"id":128606,"name":"Waterford","state_code":"NY","country_code":"US"}},{"type":"Feature","geometry":{"type":"Point","coordinates":[-76.86274,42.90479]},"properties":{"id":128615,"name":"Waterloo","state_code":"NY","country_code":"US"}},{"type":"Feature","geometry":{"type":"Point","coordinates":[-75.91076,43.97478]},"properties":{"id":128623,"name":"Watertown","state_code":"NY","country_code":"US"}},{"type":"Feature","geometry":{"type":"Point","coordinates":[-75.37989,42.93118]},"properties":{"id":128628,"name":"Waterville","state_code":"NY","country_code":"US"}},{"type":"Feature","geometry":{"type":"Point","coordinates":[-73.70123,42.73008]},"properties":{"id":128630,"name":"Watervliet","state_code":"NY","country_code":"US"}},{"type":"Feature","geometry":{"type":"Point","coordinates":[-76.87329,42.38063]},"properties":{"id":128634,"name":"Watkins Glen","state_code":"NY","country_code":"US"}},{"type":"Feature","geometry":{"type":"Point","coordinates":[-76.52717,42.01035]},"properties":{"id":128672,"name":"Waverly","state_code":"NY","country_code":"US"}},{"type":"Feature","geometry":{"type":"Point","coordinates":[-74.35738,41.75898]},"properties":{"id":128673,"name":"Wawarsing","state_code":"NY","country_code":"US"}},{"type":"Feature","geometry":{"type":"Point","coordinates":[-77.58971,42.56784]},"properties":{"id":128677,"name":"Wayland","state_code":"NY","country_code":"US"}},{"type":"Feature","geometry":{"type":"Point","coordinates":[-77.42999,43.21229]},"properties":{"id":128733,"name":"Webster","state_code":"NY","country_code":"US"}},{"type":"Feature","geometry":{"type":"Point","coordinates":[-76.56272,43.04868]},"properties":{"id":128753,"name":"Weedsport","state_code":"NY","country_code":"US"}},{"type":"Feature","geometry":{"type":"Point","coordinates":[-77.94806,42.12201]},"properties":{"id":128793,"name":"Wellsville","state_code":"NY","country_code":"US"}},{"type":"Feature","geometry":{"type":"Point","coordinates":[-74.06986,41.15926]},"properties":{"id":128811,"name":"Wesley Hills","state_code":"NY","country_code":"US"}},{"type":"Feature","geometry":{"type":"Point","coordinates":[-73.77845,42.68313]},"properties":{"id":128816,"name":"West Albany","state_code":"NY","country_code":"US"}},{"type":"Feature","geometry":{"type":"Point","coordinates":[-73.35429,40.71816]},"properties":{"id":128819,"name":"West Babylon","state_code":"NY","country_code":"US"}},{"type":"Feature","geometry":{"type":"Point","coordinates":[-73.28123,40.70871]},"properties":{"id":128823,"name":"West Bay Shore","state_code":"NY","country_code":"US"}},{"type":"Feature","geometry":{"type":"Point","coordinates":[-75.61519,43.97423]},"properties":{"id":128843,"name":"West Carthage","state_code":"NY","country_code":"US"}},{"type":"Feature","geometry":{"type":"Point","coordinates":[-76.84524,42.07813]},"properties":{"id":128861,"name":"West Elmira","state_code":"NY","country_code":"US"}},{"type":"Feature","geometry":{"type":"Point","coordinates":[-75.09378,42.46869]},"properties":{"id":128863,"name":"West End","state_code":"NY","country_code":"US"}},{"type":"Feature","geometry":{"type":"Point","coordinates":[-73.68401,43.30007]},"properties":{"id":128879,"name":"West Glens Falls","state_code":"NY","country_code":"US"}},{"type":"Feature","geometry":{"type":"Point","coordinates":[-73.98542,41.20954]},"properties":{"id":128891,"name":"West Haverstraw","state_code":"NY","country_code":"US"}},{"type":"Feature","geometry":{"type":"Point","coordinates":[-73.65013,40.70482]},"properties":{"id":128894,"name":"West Hempstead","state_code":"NY","country_code":"US"}},{"type":"Feature","geometry":{"type":"Point","coordinates":[-73.43234,40.81621]},"properties":{"id":128895,"name":"West Hills","state_code":"NY","country_code":"US"}},{"type":"Feature","geometry":{"type":"Point","coordinates":[-74.10486,41.99731]},"properties":{"id":128901,"name":"West Hurley","state_code":"NY","country_code":"US"}},{"type":"Feature","geometry":{"type":"Point","coordinates":[-73.30623,40.70621]},"properties":{"id":128903,"name":"West Islip","state_code":"NY","country_code":"US"}},{"type":"Feature","geometry":{"type":"Point","coordinates":[-73.97292,41.09649]},"properties":{"id":128942,"name":"West Nyack","state_code":"NY","country_code":"US"}},{"type":"Feature","geometry":{"type":"Point","coordinates":[-73.95597,41.39148]},"properties":{"id":128962,"name":"West Point","state_code":"NY","country_code":"US"}},{"type":"Feature","geometry":{"type":"Point","coordinates":[-73.60873,42.64341]},"properties":{"id":128975,"name":"West Sand Lake","state_code":"NY","country_code":"US"}},{"type":"Feature","geometry":{"type":"Point","coordinates":[-73.09761,40.72788]},"properties":{"id":128976,"name":"West Sayville","state_code":"NY","country_code":"US"}},{"type":"Feature","geometry":{"type":"Point","coordinates":[-78.79975,42.85006]},"properties":{"id":128979,"name":"West Seneca","state_code":"NY","country_code":"US"}},{"type":"Feature","geometry":{"type":"Point","coordinates":[-73.58763,40.75566]},"properties":{"id":129015,"name":"Westbury","state_code":"NY","country_code":"US"}},{"type":"Feature","geometry":{"type":"Point","coordinates":[-74.13181,40.62121]},"properties":{"id":129022,"name":"Westerleigh","state_code":"NY","country_code":"US"}},{"type":"Feature","geometry":{"type":"Point","coordinates":[-79.5781,42.32228]},"properties":{"id":129030,"name":"Westfield","state_code":"NY","country_code":"US"}},{"type":"Feature","geometry":{"type":"Point","coordinates":[-72.66621,40.82454]},"properties":{"id":129035,"name":"Westhampton","state_code":"NY","country_code":"US"}},{"type":"Feature","geometry":{"type":"Point","coordinates":[-72.61454,40.80316]},"properties":{"id":129036,"name":"Westhampton Beach","state_code":"NY","country_code":"US"}},{"type":"Feature","geometry":{"type":"Point","coordinates":[-73.86873,42.69119]},"properties":{"id":129042,"name":"Westmere","state_code":"NY","country_code":"US"}},{"type":"Feature","geometry":{"type":"Point","coordinates":[-78.37252,42.0759]},"properties":{"id":129066,"name":"Weston Mills","state_code":"NY","country_code":"US"}},{"type":"Feature","geometry":{"type":"Point","coordinates":[-76.22048,43.04757]},"properties":{"id":129074,"name":"Westvale","state_code":"NY","country_code":"US"}},{"type":"Feature","geometry":{"type":"Point","coordinates":[-73.36984,40.76371]},"properties":{"id":129111,"name":"Wheatley Heights","state_code":"NY","country_code":"US"}},{"type":"Feature","geometry":{"type":"Point","coordinates":[-73.76291,41.03399]},"properties":{"id":129155,"name":"White Plains","state_code":"NY","country_code":"US"}},{"type":"Feature","geometry":{"type":"Point","coordinates":[-73.40372,43.55562]},"properties":{"id":129169,"name":"Whitehall","state_code":"NY","country_code":"US"}},{"type":"Feature","geometry":{"type":"Point","coordinates":[-75.29156,43.12201]},"properties":{"id":129183,"name":"Whitesboro","state_code":"NY","country_code":"US"}},{"type":"Feature","geometry":{"type":"Point","coordinates":[-73.81847,40.79455]},"properties":{"id":129187,"name":"Whitestone","state_code":"NY","country_code":"US"}},{"type":"Feature","geometry":{"type":"Point","coordinates":[-73.95347,40.71427]},"properties":{"id":129270,"name":"Williamsburg","state_code":"NY","country_code":"US"}},{"type":"Feature","geometry":{"type":"Point","coordinates":[-77.18609,43.22395]},"properties":{"id":129274,"name":"Williamson","state_code":"NY","country_code":"US"}},{"type":"Feature","geometry":{"type":"Point","coordinates":[-78.73781,42.96395]},"properties":{"id":129292,"name":"Williamsville","state_code":"NY","country_code":"US"}},{"type":"Feature","geometry":{"type":"Point","coordinates":[-73.64485,40.75649]},"properties":{"id":129301,"name":"Williston Park","state_code":"NY","country_code":"US"}},{"type":"Feature","geometry":{"type":"Point","coordinates":[-74.13848,40.60316]},"properties":{"id":129314,"name":"Willowbrook","state_code":"NY","country_code":"US"}},{"type":"Feature","geometry":{"type":"Point","coordinates":[-78.82615,43.30978]},"properties":{"id":129331,"name":"Wilson","state_code":"NY","country_code":"US"}},{"type":"Feature","geometry":{"type":"Point","coordinates":[-76.81496,43.22062]},"properties":{"id":129469,"name":"Wolcott","state_code":"NY","country_code":"US"}},{"type":"Feature","geometry":{"type":"Point","coordinates":[-74.10598,41.36454]},"properties":{"id":129510,"name":"Woodbury","state_code":"NY","country_code":"US"}},{"type":"Feature","geometry":{"type":"Point","coordinates":[-73.85791,40.68927]},"properties":{"id":129522,"name":"Woodhaven","state_code":"NY","country_code":"US"}},{"type":"Feature","geometry":{"type":"Point","coordinates":[-73.86736,40.89816]},"properties":{"id":129537,"name":"Woodlawn","state_code":"NY","country_code":"US"}},{"type":"Feature","geometry":{"type":"Point","coordinates":[-73.71263,40.63205]},"properties":{"id":129541,"name":"Woodmere","state_code":"NY","country_code":"US"}},{"type":"Feature","geometry":{"type":"Point","coordinates":[-74.19764,40.54344]},"properties":{"id":129546,"name":"Woodrow","state_code":"NY","country_code":"US"}},{"type":"Feature","geometry":{"type":"Point","coordinates":[-73.90541,40.74538]},"properties":{"id":129554,"name":"Woodside","state_code":"NY","country_code":"US"}},{"type":"Feature","geometry":{"type":"Point","coordinates":[-74.1182,42.04092]},"properties":{"id":129565,"name":"Woodstock","state_code":"NY","country_code":"US"}},{"type":"Feature","geometry":{"type":"Point","coordinates":[-74.75043,42.59146]},"properties":{"id":129585,"name":"Worcester","state_code":"NY","country_code":"US"}},{"type":"Feature","geometry":{"type":"Point","coordinates":[-74.4871,41.57676]},"properties":{"id":129619,"name":"Wurtsboro","state_code":"NY","country_code":"US"}},{"type":"Feature","geometry":{"type":"Point","coordinates":[-73.3604,40.75399]},"properties":{"id":129620,"name":"Wyandanch","state_code":"NY","country_code":"US"}},{"type":"Feature","geometry":{"type":"Point","coordinates":[-73.79902,40.94149]},"properties":{"id":129624,"name":"Wykagyl","state_code":"NY","country_code":"US"}},{"type":"Feature","geometry":{"type":"Point","coordinates":[-73.64428,42.69675]},"properties":{"id":129628,"name":"Wynantskill","state_code":"NY","country_code":"US"}},{"type":"Feature","geometry":{"type":"Point","coordinates":[-72.91705,40.83677]},"properties":{"id":129663,"name":"Yaphank","state_code":"NY","country_code":"US"}},{"type":"Feature","geometry":{"type":"Point","coordinates":[-73.89875,40.93121]},"properties":{"id":129688,"name":"Yonkers","state_code":"NY","country_code":"US"}},{"type":"Feature","geometry":{"type":"Point","coordinates":[-78.4728,42.53006]},"properties":{"id":129704,"name":"Yorkshire","state_code":"NY","country_code":"US"}},{"type":"Feature","geometry":{"type":"Point","coordinates":[-73.77763,41.27093]},"properties":{"id":129708,"name":"Yorktown Heights","state_code":"NY","country_code":"US"}},{"type":"Feature","geometry":{"type":"Point","coordinates":[-75.271,43.11285]},"properties":{"id":129710,"name":"Yorkville","state_code":"NY","country_code":"US"}},{"type":"Feature","geometry":{"type":"Point","coordinates":[-79.05005,43.24728]},"properties":{"id":129717,"name":"Youngstown","state_code":"NY","country_code":"US"}},{"type":"Feature","geometry":{"type":"Point","coordinates":[-74.07625,42.01676]},"properties":{"id":129748,"name":"Zena","state_code":"NY","country_code":"US"}}]}