{"type":"FeatureCollection","features":[{"type":"Feature","geometry":{"type":"Point","coordinates":[-83.82271,40.7695]},"properties":{"id":141096,"name":"Ada","state_code":"OH","country_code":"US"}},{"type":"Feature","geometry":{"type":"Point","coordinates":[-81.51901,41.08144]},"properties":{"id":141098,"name":"Akron","state_code":"OH","country_code":"US"}},{"type":"Feature","geometry":{"type":"Point","coordinates":[-81.10593,40.91534]},"properties":{"id":141100,"name":"Alliance","state_code":"OH","country_code":"US"}},{"type":"Feature","geometry":{"type":"Point","coordinates":[-84.428,39.20478]},"properties":{"id":141101,"name":"Amberley","state_code":"OH","country_code":"US"}},{"type":"Feature","geometry":{"type":"Point","coordinates":[-84.21771,39.0284]},"properties":{"id":141102,"name":"Amelia","state_code":"OH","country_code":"US"}},{"type":"Feature","geometry":{"type":"Point","coordinates":[-82.22238,41.39782]},"properties":{"id":141103,"name":"Amherst","state_code":"OH","country_code":"US"}},{"type":"Feature","geometry":{"type":"Point","coordinates":[-80.5723,41.60672]},"properties":{"id":141104,"name":"Andover","state_code":"OH","country_code":"US"}},{"type":"Feature","geometry":{"type":"Point","coordinates":[-84.17272,40.39449]},"properties":{"id":141105,"name":"Anna","state_code":"OH","country_code":"US"}},{"type":"Feature","geometry":{"type":"Point","coordinates":[-84.6369,40.21449]},"properties":{"id":141106,"name":"Ansonia","state_code":"OH","country_code":"US"}},{"type":"Feature","geometry":{"type":"Point","coordinates":[-84.74051,41.18144]},"properties":{"id":141107,"name":"Antwerp","state_code":"OH","country_code":"US"}},{"type":"Feature","geometry":{"type":"Point","coordinates":[-81.8393,40.75172]},"properties":{"id":141108,"name":"Apple Creek","state_code":"OH","country_code":"US"}},{"type":"Feature","geometry":{"type":"Point","coordinates":[-82.35391,40.4389]},"properties":{"id":141109,"name":"Apple Valley","state_code":"OH","country_code":"US"}},{"type":"Feature","geometry":{"type":"Point","coordinates":[-84.55329,39.99005]},"properties":{"id":141110,"name":"Arcanum","state_code":"OH","country_code":"US"}},{"type":"Feature","geometry":{"type":"Point","coordinates":[-84.30717,41.52144]},"properties":{"id":141111,"name":"Archbold","state_code":"OH","country_code":"US"}},{"type":"Feature","geometry":{"type":"Point","coordinates":[-83.65021,40.89366]},"properties":{"id":141112,"name":"Arlington","state_code":"OH","country_code":"US"}},{"type":"Feature","geometry":{"type":"Point","coordinates":[-82.31822,40.86867]},"properties":{"id":141113,"name":"Ashland","state_code":"OH","country_code":"US"}},{"type":"Feature","geometry":{"type":"Point","coordinates":[-82.95546,40.40895]},"properties":{"id":141115,"name":"Ashley","state_code":"OH","country_code":"US"}},{"type":"Feature","geometry":{"type":"Point","coordinates":[-80.78981,41.86505]},"properties":{"id":141116,"name":"Ashtabula","state_code":"OH","country_code":"US"}},{"type":"Feature","geometry":{"type":"Point","coordinates":[-82.95296,39.71562]},"properties":{"id":141118,"name":"Ashville","state_code":"OH","country_code":"US"}},{"type":"Feature","geometry":{"type":"Point","coordinates":[-82.10126,39.32924]},"properties":{"id":141119,"name":"Athens","state_code":"OH","country_code":"US"}},{"type":"Feature","geometry":{"type":"Point","coordinates":[-81.34539,41.31755]},"properties":{"id":141122,"name":"Aurora","state_code":"OH","country_code":"US"}},{"type":"Feature","geometry":{"type":"Point","coordinates":[-80.76452,41.10172]},"properties":{"id":141123,"name":"Austintown","state_code":"OH","country_code":"US"}},{"type":"Feature","geometry":{"type":"Point","coordinates":[-82.03542,41.45171]},"properties":{"id":141124,"name":"Avon","state_code":"OH","country_code":"US"}},{"type":"Feature","geometry":{"type":"Point","coordinates":[-82.01959,41.45976]},"properties":{"id":141125,"name":"Avon Center","state_code":"OH","country_code":"US"}},{"type":"Feature","geometry":{"type":"Point","coordinates":[-82.0282,41.50532]},"properties":{"id":141126,"name":"Avon Lake","state_code":"OH","country_code":"US"}},{"type":"Feature","geometry":{"type":"Point","coordinates":[-81.33955,41.38644]},"properties":{"id":141127,"name":"Bainbridge","state_code":"OH","country_code":"US"}},{"type":"Feature","geometry":{"type":"Point","coordinates":[-83.13214,41.32783]},"properties":{"id":141128,"name":"Ballville","state_code":"OH","country_code":"US"}},{"type":"Feature","geometry":{"type":"Point","coordinates":[-82.60072,39.84534]},"properties":{"id":141129,"name":"Baltimore","state_code":"OH","country_code":"US"}},{"type":"Feature","geometry":{"type":"Point","coordinates":[-81.60512,41.01283]},"properties":{"id":141130,"name":"Barberton","state_code":"OH","country_code":"US"}},{"type":"Feature","geometry":{"type":"Point","coordinates":[-81.1765,39.98813]},"properties":{"id":141131,"name":"Barnesville","state_code":"OH","country_code":"US"}},{"type":"Feature","geometry":{"type":"Point","coordinates":[-84.17688,39.07701]},"properties":{"id":141132,"name":"Batavia","state_code":"OH","country_code":"US"}},{"type":"Feature","geometry":{"type":"Point","coordinates":[-81.92208,41.48477]},"properties":{"id":141133,"name":"Bay Village","state_code":"OH","country_code":"US"}},{"type":"Feature","geometry":{"type":"Point","coordinates":[-81.58096,40.65312]},"properties":{"id":141134,"name":"Beach City","state_code":"OH","country_code":"US"}},{"type":"Feature","geometry":{"type":"Point","coordinates":[-81.50873,41.4645]},"properties":{"id":141135,"name":"Beachwood","state_code":"OH","country_code":"US"}},{"type":"Feature","geometry":{"type":"Point","coordinates":[-84.06327,39.70923]},"properties":{"id":141136,"name":"Beavercreek","state_code":"OH","country_code":"US"}},{"type":"Feature","geometry":{"type":"Point","coordinates":[-84.43522,39.347]},"properties":{"id":141137,"name":"Beckett Ridge","state_code":"OH","country_code":"US"}},{"type":"Feature","geometry":{"type":"Point","coordinates":[-81.53651,41.39311]},"properties":{"id":141138,"name":"Bedford","state_code":"OH","country_code":"US"}},{"type":"Feature","geometry":{"type":"Point","coordinates":[-81.52734,41.417]},"properties":{"id":141139,"name":"Bedford Heights","state_code":"OH","country_code":"US"}},{"type":"Feature","geometry":{"type":"Point","coordinates":[-82.65072,40.02367]},"properties":{"id":141140,"name":"Beechwood Trails","state_code":"OH","country_code":"US"}},{"type":"Feature","geometry":{"type":"Point","coordinates":[-80.74231,40.01618]},"properties":{"id":141141,"name":"Bellaire","state_code":"OH","country_code":"US"}},{"type":"Feature","geometry":{"type":"Point","coordinates":[-84.07077,39.63562]},"properties":{"id":141142,"name":"Bellbrook","state_code":"OH","country_code":"US"}},{"type":"Feature","geometry":{"type":"Point","coordinates":[-83.75966,40.36116]},"properties":{"id":141143,"name":"Bellefontaine","state_code":"OH","country_code":"US"}},{"type":"Feature","geometry":{"type":"Point","coordinates":[-82.84158,41.27366]},"properties":{"id":141144,"name":"Bellevue","state_code":"OH","country_code":"US"}},{"type":"Feature","geometry":{"type":"Point","coordinates":[-82.51072,40.62006]},"properties":{"id":141145,"name":"Bellville","state_code":"OH","country_code":"US"}},{"type":"Feature","geometry":{"type":"Point","coordinates":[-81.5729,39.27396]},"properties":{"id":141147,"name":"Belpre","state_code":"OH","country_code":"US"}},{"type":"Feature","geometry":{"type":"Point","coordinates":[-81.8543,41.36616]},"properties":{"id":141148,"name":"Berea","state_code":"OH","country_code":"US"}},{"type":"Feature","geometry":{"type":"Point","coordinates":[-84.08077,38.96368]},"properties":{"id":141149,"name":"Bethel","state_code":"OH","country_code":"US"}},{"type":"Feature","geometry":{"type":"Point","coordinates":[-81.0726,40.01618]},"properties":{"id":141150,"name":"Bethesda","state_code":"OH","country_code":"US"}},{"type":"Feature","geometry":{"type":"Point","coordinates":[-81.63957,39.54785]},"properties":{"id":141151,"name":"Beverly","state_code":"OH","country_code":"US"}},{"type":"Feature","geometry":{"type":"Point","coordinates":[-82.93768,39.96895]},"properties":{"id":141152,"name":"Bexley","state_code":"OH","country_code":"US"}},{"type":"Feature","geometry":{"type":"Point","coordinates":[-82.86434,39.90506]},"properties":{"id":141153,"name":"Blacklick Estates","state_code":"OH","country_code":"US"}},{"type":"Feature","geometry":{"type":"Point","coordinates":[-83.98882,39.29312]},"properties":{"id":141154,"name":"Blanchester","state_code":"OH","country_code":"US"}},{"type":"Feature","geometry":{"type":"Point","coordinates":[-84.37827,39.232]},"properties":{"id":141155,"name":"Blue Ash","state_code":"OH","country_code":"US"}},{"type":"Feature","geometry":{"type":"Point","coordinates":[-83.88883,40.89533]},"properties":{"id":141156,"name":"Bluffton","state_code":"OH","country_code":"US"}},{"type":"Feature","geometry":{"type":"Point","coordinates":[-80.66285,41.02423]},"properties":{"id":141157,"name":"Boardman","state_code":"OH","country_code":"US"}},{"type":"Feature","geometry":{"type":"Point","coordinates":[-80.77758,41.20728]},"properties":{"id":141158,"name":"Bolindale","state_code":"OH","country_code":"US"}},{"type":"Feature","geometry":{"type":"Point","coordinates":[-81.51317,41.26478]},"properties":{"id":141159,"name":"Boston Heights","state_code":"OH","country_code":"US"}},{"type":"Feature","geometry":{"type":"Point","coordinates":[-84.1805,40.46783]},"properties":{"id":141160,"name":"Botkins","state_code":"OH","country_code":"US"}},{"type":"Feature","geometry":{"type":"Point","coordinates":[-83.65132,41.37477]},"properties":{"id":141161,"name":"Bowling Green","state_code":"OH","country_code":"US"}},{"type":"Feature","geometry":{"type":"Point","coordinates":[-84.43078,40.13227]},"properties":{"id":141162,"name":"Bradford","state_code":"OH","country_code":"US"}},{"type":"Feature","geometry":{"type":"Point","coordinates":[-83.43854,41.32422]},"properties":{"id":141163,"name":"Bradner","state_code":"OH","country_code":"US"}},{"type":"Feature","geometry":{"type":"Point","coordinates":[-81.62624,41.54255]},"properties":{"id":141164,"name":"Bratenahl","state_code":"OH","country_code":"US"}},{"type":"Feature","geometry":{"type":"Point","coordinates":[-81.62679,41.31978]},"properties":{"id":141165,"name":"Brecksville","state_code":"OH","country_code":"US"}},{"type":"Feature","geometry":{"type":"Point","coordinates":[-82.42682,39.70173]},"properties":{"id":141166,"name":"Bremen","state_code":"OH","country_code":"US"}},{"type":"Feature","geometry":{"type":"Point","coordinates":[-81.59818,40.707]},"properties":{"id":141167,"name":"Brewster","state_code":"OH","country_code":"US"}},{"type":"Feature","geometry":{"type":"Point","coordinates":[-80.74008,40.06979]},"properties":{"id":141168,"name":"Bridgeport","state_code":"OH","country_code":"US"}},{"type":"Feature","geometry":{"type":"Point","coordinates":[-84.63717,39.15311]},"properties":{"id":141169,"name":"Bridgetown","state_code":"OH","country_code":"US"}},{"type":"Feature","geometry":{"type":"Point","coordinates":[-80.62619,40.26479]},"properties":{"id":141170,"name":"Brilliant","state_code":"OH","country_code":"US"}},{"type":"Feature","geometry":{"type":"Point","coordinates":[-81.3465,41.10006]},"properties":{"id":141171,"name":"Brimfield","state_code":"OH","country_code":"US"}},{"type":"Feature","geometry":{"type":"Point","coordinates":[-81.68513,41.31394]},"properties":{"id":141172,"name":"Broadview Heights","state_code":"OH","country_code":"US"}},{"type":"Feature","geometry":{"type":"Point","coordinates":[-81.80458,41.39838]},"properties":{"id":141173,"name":"Brook Park","state_code":"OH","country_code":"US"}},{"type":"Feature","geometry":{"type":"Point","coordinates":[-80.55785,41.24061]},"properties":{"id":141174,"name":"Brookfield Center","state_code":"OH","country_code":"US"}},{"type":"Feature","geometry":{"type":"Point","coordinates":[-81.73541,41.43977]},"properties":{"id":141175,"name":"Brooklyn","state_code":"OH","country_code":"US"}},{"type":"Feature","geometry":{"type":"Point","coordinates":[-81.68818,41.42533]},"properties":{"id":141176,"name":"Brooklyn Heights","state_code":"OH","country_code":"US"}},{"type":"Feature","geometry":{"type":"Point","coordinates":[-84.41134,39.83672]},"properties":{"id":141177,"name":"Brookville","state_code":"OH","country_code":"US"}},{"type":"Feature","geometry":{"type":"Point","coordinates":[-81.8418,41.23811]},"properties":{"id":141179,"name":"Brunswick","state_code":"OH","country_code":"US"}},{"type":"Feature","geometry":{"type":"Point","coordinates":[-84.55245,41.47477]},"properties":{"id":141180,"name":"Bryan","state_code":"OH","country_code":"US"}},{"type":"Feature","geometry":{"type":"Point","coordinates":[-82.47238,39.93368]},"properties":{"id":141181,"name":"Buckeye Lake","state_code":"OH","country_code":"US"}},{"type":"Feature","geometry":{"type":"Point","coordinates":[-82.97546,40.80839]},"properties":{"id":141182,"name":"Bucyrus","state_code":"OH","country_code":"US"}},{"type":"Feature","geometry":{"type":"Point","coordinates":[-82.53571,38.4073]},"properties":{"id":141183,"name":"Burlington","state_code":"OH","country_code":"US"}},{"type":"Feature","geometry":{"type":"Point","coordinates":[-81.1451,41.47061]},"properties":{"id":141184,"name":"Burton","state_code":"OH","country_code":"US"}},{"type":"Feature","geometry":{"type":"Point","coordinates":[-81.53651,39.96979]},"properties":{"id":141186,"name":"Byesville","state_code":"OH","country_code":"US"}},{"type":"Feature","geometry":{"type":"Point","coordinates":[-80.99676,40.27285]},"properties":{"id":141187,"name":"Cadiz","state_code":"OH","country_code":"US"}},{"type":"Feature","geometry":{"type":"Point","coordinates":[-80.57646,40.6734]},"properties":{"id":141188,"name":"Calcutta","state_code":"OH","country_code":"US"}},{"type":"Feature","geometry":{"type":"Point","coordinates":[-81.51651,39.74785]},"properties":{"id":141189,"name":"Caldwell","state_code":"OH","country_code":"US"}},{"type":"Feature","geometry":{"type":"Point","coordinates":[-81.58846,40.03118]},"properties":{"id":141190,"name":"Cambridge","state_code":"OH","country_code":"US"}},{"type":"Feature","geometry":{"type":"Point","coordinates":[-84.64856,39.62894]},"properties":{"id":141191,"name":"Camden","state_code":"OH","country_code":"US"}},{"type":"Feature","geometry":{"type":"Point","coordinates":[-80.59924,41.07839]},"properties":{"id":141192,"name":"Campbell","state_code":"OH","country_code":"US"}},{"type":"Feature","geometry":{"type":"Point","coordinates":[-81.59762,40.88978]},"properties":{"id":141193,"name":"Canal Fulton","state_code":"OH","country_code":"US"}},{"type":"Feature","geometry":{"type":"Point","coordinates":[-82.80462,39.84284]},"properties":{"id":141194,"name":"Canal Winchester","state_code":"OH","country_code":"US"}},{"type":"Feature","geometry":{"type":"Point","coordinates":[-80.76091,41.02506]},"properties":{"id":141195,"name":"Canfield","state_code":"OH","country_code":"US"}},{"type":"Feature","geometry":{"type":"Point","coordinates":[-81.37845,40.79895]},"properties":{"id":141196,"name":"Canton","state_code":"OH","country_code":"US"}},{"type":"Feature","geometry":{"type":"Point","coordinates":[-82.89351,40.50062]},"properties":{"id":141197,"name":"Cardington","state_code":"OH","country_code":"US"}},{"type":"Feature","geometry":{"type":"Point","coordinates":[-83.38242,40.95256]},"properties":{"id":141198,"name":"Carey","state_code":"OH","country_code":"US"}},{"type":"Feature","geometry":{"type":"Point","coordinates":[-84.32022,39.582]},"properties":{"id":141199,"name":"Carlisle","state_code":"OH","country_code":"US"}},{"type":"Feature","geometry":{"type":"Point","coordinates":[-81.08565,40.57284]},"properties":{"id":141201,"name":"Carrollton","state_code":"OH","country_code":"US"}},{"type":"Feature","geometry":{"type":"Point","coordinates":[-83.80854,39.74423]},"properties":{"id":141202,"name":"Cedarville","state_code":"OH","country_code":"US"}},{"type":"Feature","geometry":{"type":"Point","coordinates":[-84.57023,40.54894]},"properties":{"id":141203,"name":"Celina","state_code":"OH","country_code":"US"}},{"type":"Feature","geometry":{"type":"Point","coordinates":[-82.69628,40.30451]},"properties":{"id":141204,"name":"Centerburg","state_code":"OH","country_code":"US"}},{"type":"Feature","geometry":{"type":"Point","coordinates":[-84.15938,39.62839]},"properties":{"id":141205,"name":"Centerville","state_code":"OH","country_code":"US"}},{"type":"Feature","geometry":{"type":"Point","coordinates":[-81.3865,41.43616]},"properties":{"id":141206,"name":"Chagrin Falls","state_code":"OH","country_code":"US"}},{"type":"Feature","geometry":{"type":"Point","coordinates":[-80.84595,41.28999]},"properties":{"id":141208,"name":"Champion Heights","state_code":"OH","country_code":"US"}},{"type":"Feature","geometry":{"type":"Point","coordinates":[-81.14899,41.61422]},"properties":{"id":141209,"name":"Chardon","state_code":"OH","country_code":"US"}},{"type":"Feature","geometry":{"type":"Point","coordinates":[-82.12931,39.39785]},"properties":{"id":141210,"name":"Chauncey","state_code":"OH","country_code":"US"}},{"type":"Feature","geometry":{"type":"Point","coordinates":[-84.32188,39.07256]},"properties":{"id":141211,"name":"Cherry Grove","state_code":"OH","country_code":"US"}},{"type":"Feature","geometry":{"type":"Point","coordinates":[-81.33789,41.52227]},"properties":{"id":141212,"name":"Chesterland","state_code":"OH","country_code":"US"}},{"type":"Feature","geometry":{"type":"Point","coordinates":[-84.61328,39.157]},"properties":{"id":141213,"name":"Cheviot","state_code":"OH","country_code":"US"}},{"type":"Feature","geometry":{"type":"Point","coordinates":[-82.9824,39.33312]},"properties":{"id":141214,"name":"Chillicothe","state_code":"OH","country_code":"US"}},{"type":"Feature","geometry":{"type":"Point","coordinates":[-83.48492,39.96006]},"properties":{"id":141215,"name":"Choctaw Lake","state_code":"OH","country_code":"US"}},{"type":"Feature","geometry":{"type":"Point","coordinates":[-80.6648,41.162]},"properties":{"id":141216,"name":"Churchill","state_code":"OH","country_code":"US"}},{"type":"Feature","geometry":{"type":"Point","coordinates":[-84.51439,39.12711]},"properties":{"id":141217,"name":"Cincinnati","state_code":"OH","country_code":"US"}},{"type":"Feature","geometry":{"type":"Point","coordinates":[-82.94601,39.60062]},"properties":{"id":141218,"name":"Circleville","state_code":"OH","country_code":"US"}},{"type":"Feature","geometry":{"type":"Point","coordinates":[-81.70979,41.46402]},"properties":{"id":141220,"name":"Clark-Fulton","state_code":"OH","country_code":"US"}},{"type":"Feature","geometry":{"type":"Point","coordinates":[-84.3605,39.86311]},"properties":{"id":141221,"name":"Clayton","state_code":"OH","country_code":"US"}},{"type":"Feature","geometry":{"type":"Point","coordinates":[-81.69541,41.4995]},"properties":{"id":141223,"name":"Cleveland","state_code":"OH","country_code":"US"}},{"type":"Feature","geometry":{"type":"Point","coordinates":[-81.55624,41.52005]},"properties":{"id":141224,"name":"Cleveland Heights","state_code":"OH","country_code":"US"}},{"type":"Feature","geometry":{"type":"Point","coordinates":[-84.74912,39.16172]},"properties":{"id":141225,"name":"Cleves","state_code":"OH","country_code":"US"}},{"type":"Feature","geometry":{"type":"Point","coordinates":[-81.6304,40.92672]},"properties":{"id":141226,"name":"Clinton","state_code":"OH","country_code":"US"}},{"type":"Feature","geometry":{"type":"Point","coordinates":[-82.97519,41.30422]},"properties":{"id":141228,"name":"Clyde","state_code":"OH","country_code":"US"}},{"type":"Feature","geometry":{"type":"Point","coordinates":[-82.64711,38.50341]},"properties":{"id":141229,"name":"Coal Grove","state_code":"OH","country_code":"US"}},{"type":"Feature","geometry":{"type":"Point","coordinates":[-84.62829,40.47977]},"properties":{"id":141230,"name":"Coldwater","state_code":"OH","country_code":"US"}},{"type":"Feature","geometry":{"type":"Point","coordinates":[-81.56929,41.55838]},"properties":{"id":141231,"name":"Collinwood","state_code":"OH","country_code":"US"}},{"type":"Feature","geometry":{"type":"Point","coordinates":[-80.69396,40.88839]},"properties":{"id":141232,"name":"Columbiana","state_code":"OH","country_code":"US"}},{"type":"Feature","geometry":{"type":"Point","coordinates":[-82.99879,39.96118]},"properties":{"id":141234,"name":"Columbus","state_code":"OH","country_code":"US"}},{"type":"Feature","geometry":{"type":"Point","coordinates":[-84.05689,40.9195]},"properties":{"id":141235,"name":"Columbus Grove","state_code":"OH","country_code":"US"}},{"type":"Feature","geometry":{"type":"Point","coordinates":[-83.05713,39.7684]},"properties":{"id":141236,"name":"Commercial Point","state_code":"OH","country_code":"US"}},{"type":"Feature","geometry":{"type":"Point","coordinates":[-80.55424,41.94756]},"properties":{"id":141237,"name":"Conneaut","state_code":"OH","country_code":"US"}},{"type":"Feature","geometry":{"type":"Point","coordinates":[-84.26634,41.10033]},"properties":{"id":141238,"name":"Continental","state_code":"OH","country_code":"US"}},{"type":"Feature","geometry":{"type":"Point","coordinates":[-84.70274,40.91672]},"properties":{"id":141239,"name":"Convoy","state_code":"OH","country_code":"US"}},{"type":"Feature","geometry":{"type":"Point","coordinates":[-81.64457,41.09894]},"properties":{"id":141240,"name":"Copley","state_code":"OH","country_code":"US"}},{"type":"Feature","geometry":{"type":"Point","coordinates":[-80.72536,41.33033]},"properties":{"id":141241,"name":"Cortland","state_code":"OH","country_code":"US"}},{"type":"Feature","geometry":{"type":"Point","coordinates":[-81.85958,40.27202]},"properties":{"id":141242,"name":"Coshocton","state_code":"OH","country_code":"US"}},{"type":"Feature","geometry":{"type":"Point","coordinates":[-84.60633,39.12117]},"properties":{"id":141244,"name":"Covedale","state_code":"OH","country_code":"US"}},{"type":"Feature","geometry":{"type":"Point","coordinates":[-84.35384,40.11727]},"properties":{"id":141245,"name":"Covington","state_code":"OH","country_code":"US"}},{"type":"Feature","geometry":{"type":"Point","coordinates":[-80.98342,41.117]},"properties":{"id":141246,"name":"Craig Beach","state_code":"OH","country_code":"US"}},{"type":"Feature","geometry":{"type":"Point","coordinates":[-82.73657,40.78756]},"properties":{"id":141248,"name":"Crestline","state_code":"OH","country_code":"US"}},{"type":"Feature","geometry":{"type":"Point","coordinates":[-81.89375,40.987]},"properties":{"id":141249,"name":"Creston","state_code":"OH","country_code":"US"}},{"type":"Feature","geometry":{"type":"Point","coordinates":[-84.15078,40.65422]},"properties":{"id":141250,"name":"Cridersville","state_code":"OH","country_code":"US"}},{"type":"Feature","geometry":{"type":"Point","coordinates":[-82.09209,39.76896]},"properties":{"id":141251,"name":"Crooksville","state_code":"OH","country_code":"US"}},{"type":"Feature","geometry":{"type":"Point","coordinates":[-84.0266,39.88923]},"properties":{"id":141252,"name":"Crystal Lakes","state_code":"OH","country_code":"US"}},{"type":"Feature","geometry":{"type":"Point","coordinates":[-83.36771,41.61838]},"properties":{"id":141253,"name":"Curtice","state_code":"OH","country_code":"US"}},{"type":"Feature","geometry":{"type":"Point","coordinates":[-81.48456,41.13394]},"properties":{"id":141255,"name":"Cuyahoga Falls","state_code":"OH","country_code":"US"}},{"type":"Feature","geometry":{"type":"Point","coordinates":[-81.69541,40.79894]},"properties":{"id":141256,"name":"Dalton","state_code":"OH","country_code":"US"}},{"type":"Feature","geometry":{"type":"Point","coordinates":[-82.26016,40.44756]},"properties":{"id":141257,"name":"Danville","state_code":"OH","country_code":"US"}},{"type":"Feature","geometry":{"type":"Point","coordinates":[-84.22633,39.17395]},"properties":{"id":141259,"name":"Day Heights","state_code":"OH","country_code":"US"}},{"type":"Feature","geometry":{"type":"Point","coordinates":[-84.19161,39.75895]},"properties":{"id":141260,"name":"Dayton","state_code":"OH","country_code":"US"}},{"type":"Feature","geometry":{"type":"Point","coordinates":[-83.91577,40.312]},"properties":{"id":141261,"name":"De Graff","state_code":"OH","country_code":"US"}},{"type":"Feature","geometry":{"type":"Point","coordinates":[-84.39466,39.20534]},"properties":{"id":141262,"name":"Deer Park","state_code":"OH","country_code":"US"}},{"type":"Feature","geometry":{"type":"Point","coordinates":[-84.35578,41.28449]},"properties":{"id":141263,"name":"Defiance","state_code":"OH","country_code":"US"}},{"type":"Feature","geometry":{"type":"Point","coordinates":[-83.06797,40.29867]},"properties":{"id":141265,"name":"Delaware","state_code":"OH","country_code":"US"}},{"type":"Feature","geometry":{"type":"Point","coordinates":[-84.61272,39.09284]},"properties":{"id":141267,"name":"Delhi Hills","state_code":"OH","country_code":"US"}},{"type":"Feature","geometry":{"type":"Point","coordinates":[-84.34162,40.84338]},"properties":{"id":141268,"name":"Delphos","state_code":"OH","country_code":"US"}},{"type":"Feature","geometry":{"type":"Point","coordinates":[-84.00522,41.57366]},"properties":{"id":141269,"name":"Delta","state_code":"OH","country_code":"US"}},{"type":"Feature","geometry":{"type":"Point","coordinates":[-81.33372,40.3934]},"properties":{"id":141270,"name":"Dennison","state_code":"OH","country_code":"US"}},{"type":"Feature","geometry":{"type":"Point","coordinates":[-84.65134,39.18589]},"properties":{"id":141271,"name":"Dent","state_code":"OH","country_code":"US"}},{"type":"Feature","geometry":{"type":"Point","coordinates":[-83.89911,41.20755]},"properties":{"id":141272,"name":"Deshler","state_code":"OH","country_code":"US"}},{"type":"Feature","geometry":{"type":"Point","coordinates":[-81.72991,41.47772]},"properties":{"id":141273,"name":"Detroit-Shoreway","state_code":"OH","country_code":"US"}},{"type":"Feature","geometry":{"type":"Point","coordinates":[-81.47901,39.47369]},"properties":{"id":141274,"name":"Devola","state_code":"OH","country_code":"US"}},{"type":"Feature","geometry":{"type":"Point","coordinates":[-84.40216,39.21811]},"properties":{"id":141275,"name":"Dillonvale","state_code":"OH","country_code":"US"}},{"type":"Feature","geometry":{"type":"Point","coordinates":[-81.47401,40.52062]},"properties":{"id":141276,"name":"Dover","state_code":"OH","country_code":"US"}},{"type":"Feature","geometry":{"type":"Point","coordinates":[-81.69652,40.97005]},"properties":{"id":141277,"name":"Doylestown","state_code":"OH","country_code":"US"}},{"type":"Feature","geometry":{"type":"Point","coordinates":[-82.01069,40.12146]},"properties":{"id":141278,"name":"Dresden","state_code":"OH","country_code":"US"}},{"type":"Feature","geometry":{"type":"Point","coordinates":[-84.28661,39.74645]},"properties":{"id":141279,"name":"Drexel","state_code":"OH","country_code":"US"}},{"type":"Feature","geometry":{"type":"Point","coordinates":[-84.61911,39.25922]},"properties":{"id":141280,"name":"Dry Ridge","state_code":"OH","country_code":"US"}},{"type":"Feature","geometry":{"type":"Point","coordinates":[-84.33049,39.10423]},"properties":{"id":141281,"name":"Dry Run","state_code":"OH","country_code":"US"}},{"type":"Feature","geometry":{"type":"Point","coordinates":[-83.11408,40.09923]},"properties":{"id":141282,"name":"Dublin","state_code":"OH","country_code":"US"}},{"type":"Feature","geometry":{"type":"Point","coordinates":[-84.618,39.29228]},"properties":{"id":141283,"name":"Dunlap","state_code":"OH","country_code":"US"}},{"type":"Feature","geometry":{"type":"Point","coordinates":[-81.28261,40.78728]},"properties":{"id":141284,"name":"East Canton","state_code":"OH","country_code":"US"}},{"type":"Feature","geometry":{"type":"Point","coordinates":[-81.57901,41.53311]},"properties":{"id":141285,"name":"East Cleveland","state_code":"OH","country_code":"US"}},{"type":"Feature","geometry":{"type":"Point","coordinates":[-80.57729,40.61868]},"properties":{"id":141286,"name":"East Liverpool","state_code":"OH","country_code":"US"}},{"type":"Feature","geometry":{"type":"Point","coordinates":[-80.54035,40.83395]},"properties":{"id":141287,"name":"East Palestine","state_code":"OH","country_code":"US"}},{"type":"Feature","geometry":{"type":"Point","coordinates":[-81.45039,41.65394]},"properties":{"id":141288,"name":"Eastlake","state_code":"OH","country_code":"US"}},{"type":"Feature","geometry":{"type":"Point","coordinates":[-84.63662,39.74394]},"properties":{"id":141289,"name":"Eaton","state_code":"OH","country_code":"US"}},{"type":"Feature","geometry":{"type":"Point","coordinates":[-82.0057,41.30894]},"properties":{"id":141290,"name":"Eaton Estates","state_code":"OH","country_code":"US"}},{"type":"Feature","geometry":{"type":"Point","coordinates":[-84.74801,41.44866]},"properties":{"id":141291,"name":"Edgerton","state_code":"OH","country_code":"US"}},{"type":"Feature","geometry":{"type":"Point","coordinates":[-80.77286,41.87283]},"properties":{"id":141292,"name":"Edgewood","state_code":"OH","country_code":"US"}},{"type":"Feature","geometry":{"type":"Point","coordinates":[-84.20384,40.78866]},"properties":{"id":141293,"name":"Elida","state_code":"OH","country_code":"US"}},{"type":"Feature","geometry":{"type":"Point","coordinates":[-83.29576,41.47616]},"properties":{"id":141294,"name":"Elmore","state_code":"OH","country_code":"US"}},{"type":"Feature","geometry":{"type":"Point","coordinates":[-84.488,39.18728]},"properties":{"id":141295,"name":"Elmwood Place","state_code":"OH","country_code":"US"}},{"type":"Feature","geometry":{"type":"Point","coordinates":[-82.10765,41.36838]},"properties":{"id":141296,"name":"Elyria","state_code":"OH","country_code":"US"}},{"type":"Feature","geometry":{"type":"Point","coordinates":[-84.30217,39.87756]},"properties":{"id":141297,"name":"Englewood","state_code":"OH","country_code":"US"}},{"type":"Feature","geometry":{"type":"Point","coordinates":[-83.93688,39.87812]},"properties":{"id":141298,"name":"Enon","state_code":"OH","country_code":"US"}},{"type":"Feature","geometry":{"type":"Point","coordinates":[-82.68183,39.95729]},"properties":{"id":141300,"name":"Etna","state_code":"OH","country_code":"US"}},{"type":"Feature","geometry":{"type":"Point","coordinates":[-81.52679,41.5931]},"properties":{"id":141301,"name":"Euclid","state_code":"OH","country_code":"US"}},{"type":"Feature","geometry":{"type":"Point","coordinates":[-84.418,39.25617]},"properties":{"id":141302,"name":"Evendale","state_code":"OH","country_code":"US"}},{"type":"Feature","geometry":{"type":"Point","coordinates":[-84.01938,39.82089]},"properties":{"id":141303,"name":"Fairborn","state_code":"OH","country_code":"US"}},{"type":"Feature","geometry":{"type":"Point","coordinates":[-84.39327,39.14534]},"properties":{"id":141304,"name":"Fairfax","state_code":"OH","country_code":"US"}},{"type":"Feature","geometry":{"type":"Point","coordinates":[-84.5605,39.34589]},"properties":{"id":141305,"name":"Fairfield","state_code":"OH","country_code":"US"}},{"type":"Feature","geometry":{"type":"Point","coordinates":[-82.47516,39.9159]},"properties":{"id":141306,"name":"Fairfield Beach","state_code":"OH","country_code":"US"}},{"type":"Feature","geometry":{"type":"Point","coordinates":[-81.60984,41.12783]},"properties":{"id":141308,"name":"Fairlawn","state_code":"OH","country_code":"US"}},{"type":"Feature","geometry":{"type":"Point","coordinates":[-81.27399,41.75004]},"properties":{"id":141309,"name":"Fairport Harbor","state_code":"OH","country_code":"US"}},{"type":"Feature","geometry":{"type":"Point","coordinates":[-81.8643,41.44144]},"properties":{"id":141310,"name":"Fairview Park","state_code":"OH","country_code":"US"}},{"type":"Feature","geometry":{"type":"Point","coordinates":[-84.42911,39.6795]},"properties":{"id":141311,"name":"Farmersville","state_code":"OH","country_code":"US"}},{"type":"Feature","geometry":{"type":"Point","coordinates":[-84.32689,41.67338]},"properties":{"id":141312,"name":"Fayette","state_code":"OH","country_code":"US"}},{"type":"Feature","geometry":{"type":"Point","coordinates":[-83.64993,41.04422]},"properties":{"id":141314,"name":"Findlay","state_code":"OH","country_code":"US"}},{"type":"Feature","geometry":{"type":"Point","coordinates":[-84.5205,39.20034]},"properties":{"id":141315,"name":"Finneytown","state_code":"OH","country_code":"US"}},{"type":"Feature","geometry":{"type":"Point","coordinates":[-84.19299,39.56867]},"properties":{"id":141316,"name":"Five Points","state_code":"OH","country_code":"US"}},{"type":"Feature","geometry":{"type":"Point","coordinates":[-83.51048,40.80172]},"properties":{"id":141317,"name":"Forest","state_code":"OH","country_code":"US"}},{"type":"Feature","geometry":{"type":"Point","coordinates":[-84.50411,39.29034]},"properties":{"id":141318,"name":"Forest Park","state_code":"OH","country_code":"US"}},{"type":"Feature","geometry":{"type":"Point","coordinates":[-84.34494,39.07506]},"properties":{"id":141319,"name":"Forestville","state_code":"OH","country_code":"US"}},{"type":"Feature","geometry":{"type":"Point","coordinates":[-84.37384,40.35144]},"properties":{"id":141320,"name":"Fort Loramie","state_code":"OH","country_code":"US"}},{"type":"Feature","geometry":{"type":"Point","coordinates":[-84.25355,39.79756]},"properties":{"id":141321,"name":"Fort McKinley","state_code":"OH","country_code":"US"}},{"type":"Feature","geometry":{"type":"Point","coordinates":[-84.77635,40.41282]},"properties":{"id":141322,"name":"Fort Recovery","state_code":"OH","country_code":"US"}},{"type":"Feature","geometry":{"type":"Point","coordinates":[-84.13773,40.68672]},"properties":{"id":141323,"name":"Fort Shawnee","state_code":"OH","country_code":"US"}},{"type":"Feature","geometry":{"type":"Point","coordinates":[-83.41687,41.157]},"properties":{"id":141324,"name":"Fostoria","state_code":"OH","country_code":"US"}},{"type":"Feature","geometry":{"type":"Point","coordinates":[-83.18074,39.40145]},"properties":{"id":141325,"name":"Frankfort","state_code":"OH","country_code":"US"}},{"type":"Feature","geometry":{"type":"Point","coordinates":[-84.30411,39.55895]},"properties":{"id":141326,"name":"Franklin","state_code":"OH","country_code":"US"}},{"type":"Feature","geometry":{"type":"Point","coordinates":[-82.84878,38.64508]},"properties":{"id":141328,"name":"Franklin Furnace","state_code":"OH","country_code":"US"}},{"type":"Feature","geometry":{"type":"Point","coordinates":[-82.11931,40.11729]},"properties":{"id":141329,"name":"Frazeysburg","state_code":"OH","country_code":"US"}},{"type":"Feature","geometry":{"type":"Point","coordinates":[-82.54072,40.48117]},"properties":{"id":141330,"name":"Fredericktown","state_code":"OH","country_code":"US"}},{"type":"Feature","geometry":{"type":"Point","coordinates":[-83.12186,41.35033]},"properties":{"id":141331,"name":"Fremont","state_code":"OH","country_code":"US"}},{"type":"Feature","geometry":{"type":"Point","coordinates":[-84.36438,39.07562]},"properties":{"id":141332,"name":"Fruit Hill","state_code":"OH","country_code":"US"}},{"type":"Feature","geometry":{"type":"Point","coordinates":[-82.87934,40.01923]},"properties":{"id":141334,"name":"Gahanna","state_code":"OH","country_code":"US"}},{"type":"Feature","geometry":{"type":"Point","coordinates":[-82.7899,40.73367]},"properties":{"id":141335,"name":"Galion","state_code":"OH","country_code":"US"}},{"type":"Feature","geometry":{"type":"Point","coordinates":[-82.20237,38.8098]},"properties":{"id":141337,"name":"Gallipolis","state_code":"OH","country_code":"US"}},{"type":"Feature","geometry":{"type":"Point","coordinates":[-82.3971,40.37562]},"properties":{"id":141338,"name":"Gambier","state_code":"OH","country_code":"US"}},{"type":"Feature","geometry":{"type":"Point","coordinates":[-81.60596,41.417]},"properties":{"id":141339,"name":"Garfield Heights","state_code":"OH","country_code":"US"}},{"type":"Feature","geometry":{"type":"Point","coordinates":[-81.09649,41.28422]},"properties":{"id":141340,"name":"Garrettsville","state_code":"OH","country_code":"US"}},{"type":"Feature","geometry":{"type":"Point","coordinates":[-81.40345,41.51755]},"properties":{"id":141341,"name":"Gates Mills","state_code":"OH","country_code":"US"}},{"type":"Feature","geometry":{"type":"Point","coordinates":[-80.94815,41.80505]},"properties":{"id":141343,"name":"Geneva","state_code":"OH","country_code":"US"}},{"type":"Feature","geometry":{"type":"Point","coordinates":[-80.95398,41.8595]},"properties":{"id":141344,"name":"Geneva-on-the-Lake","state_code":"OH","country_code":"US"}},{"type":"Feature","geometry":{"type":"Point","coordinates":[-83.35909,41.51811]},"properties":{"id":141345,"name":"Genoa","state_code":"OH","country_code":"US"}},{"type":"Feature","geometry":{"type":"Point","coordinates":[-83.90409,38.86451]},"properties":{"id":141346,"name":"Georgetown","state_code":"OH","country_code":"US"}},{"type":"Feature","geometry":{"type":"Point","coordinates":[-84.36939,39.62617]},"properties":{"id":141347,"name":"Germantown","state_code":"OH","country_code":"US"}},{"type":"Feature","geometry":{"type":"Point","coordinates":[-83.32048,41.3845]},"properties":{"id":141348,"name":"Gibsonburg","state_code":"OH","country_code":"US"}},{"type":"Feature","geometry":{"type":"Point","coordinates":[-80.70147,41.15395]},"properties":{"id":141349,"name":"Girard","state_code":"OH","country_code":"US"}},{"type":"Feature","geometry":{"type":"Point","coordinates":[-84.07911,41.02894]},"properties":{"id":141350,"name":"Glandorf","state_code":"OH","country_code":"US"}},{"type":"Feature","geometry":{"type":"Point","coordinates":[-84.45939,39.27061]},"properties":{"id":141351,"name":"Glendale","state_code":"OH","country_code":"US"}},{"type":"Feature","geometry":{"type":"Point","coordinates":[-80.62313,40.66617]},"properties":{"id":141352,"name":"Glenmoor","state_code":"OH","country_code":"US"}},{"type":"Feature","geometry":{"type":"Point","coordinates":[-81.61735,41.53338]},"properties":{"id":141353,"name":"Glenville","state_code":"OH","country_code":"US"}},{"type":"Feature","geometry":{"type":"Point","coordinates":[-82.08459,39.50313]},"properties":{"id":141354,"name":"Glouster","state_code":"OH","country_code":"US"}},{"type":"Feature","geometry":{"type":"Point","coordinates":[-81.43428,40.3584]},"properties":{"id":141355,"name":"Gnadenhutten","state_code":"OH","country_code":"US"}},{"type":"Feature","geometry":{"type":"Point","coordinates":[-84.44633,39.18728]},"properties":{"id":141356,"name":"Golf Manor","state_code":"OH","country_code":"US"}},{"type":"Feature","geometry":{"type":"Point","coordinates":[-84.16132,39.23339]},"properties":{"id":141357,"name":"Goshen","state_code":"OH","country_code":"US"}},{"type":"Feature","geometry":{"type":"Point","coordinates":[-82.05459,41.27255]},"properties":{"id":141358,"name":"Grafton","state_code":"OH","country_code":"US"}},{"type":"Feature","geometry":{"type":"Point","coordinates":[-84.72439,39.19422]},"properties":{"id":141359,"name":"Grandview","state_code":"OH","country_code":"US"}},{"type":"Feature","geometry":{"type":"Point","coordinates":[-83.04074,39.97979]},"properties":{"id":141360,"name":"Grandview Heights","state_code":"OH","country_code":"US"}},{"type":"Feature","geometry":{"type":"Point","coordinates":[-82.5196,40.06812]},"properties":{"id":141361,"name":"Granville","state_code":"OH","country_code":"US"}},{"type":"Feature","geometry":{"type":"Point","coordinates":[-82.54166,40.05207]},"properties":{"id":141362,"name":"Granville South","state_code":"OH","country_code":"US"}},{"type":"Feature","geometry":{"type":"Point","coordinates":[-81.48317,40.94589]},"properties":{"id":141363,"name":"Green","state_code":"OH","country_code":"US"}},{"type":"Feature","geometry":{"type":"Point","coordinates":[-83.94438,39.86895]},"properties":{"id":141364,"name":"Green Meadows","state_code":"OH","country_code":"US"}},{"type":"Feature","geometry":{"type":"Point","coordinates":[-83.05158,41.25616]},"properties":{"id":141365,"name":"Green Springs","state_code":"OH","country_code":"US"}},{"type":"Feature","geometry":{"type":"Point","coordinates":[-83.38269,39.35201]},"properties":{"id":141367,"name":"Greenfield","state_code":"OH","country_code":"US"}},{"type":"Feature","geometry":{"type":"Point","coordinates":[-84.523,39.26811]},"properties":{"id":141368,"name":"Greenhills","state_code":"OH","country_code":"US"}},{"type":"Feature","geometry":{"type":"Point","coordinates":[-81.46484,40.93172]},"properties":{"id":141369,"name":"Greensburg","state_code":"OH","country_code":"US"}},{"type":"Feature","geometry":{"type":"Point","coordinates":[-81.40261,40.92756]},"properties":{"id":141370,"name":"Greentown","state_code":"OH","country_code":"US"}},{"type":"Feature","geometry":{"type":"Point","coordinates":[-84.63301,40.10283]},"properties":{"id":141371,"name":"Greenville","state_code":"OH","country_code":"US"}},{"type":"Feature","geometry":{"type":"Point","coordinates":[-82.51573,41.03005]},"properties":{"id":141372,"name":"Greenwich","state_code":"OH","country_code":"US"}},{"type":"Feature","geometry":{"type":"Point","coordinates":[-84.58689,39.22311]},"properties":{"id":141373,"name":"Groesbeck","state_code":"OH","country_code":"US"}},{"type":"Feature","geometry":{"type":"Point","coordinates":[-83.09296,39.88145]},"properties":{"id":141374,"name":"Grove City","state_code":"OH","country_code":"US"}},{"type":"Feature","geometry":{"type":"Point","coordinates":[-82.88379,39.8784]},"properties":{"id":141375,"name":"Groveport","state_code":"OH","country_code":"US"}},{"type":"Feature","geometry":{"type":"Point","coordinates":[-84.56134,39.3995]},"properties":{"id":141377,"name":"Hamilton","state_code":"OH","country_code":"US"}},{"type":"Feature","geometry":{"type":"Point","coordinates":[-82.26098,40.07979]},"properties":{"id":141380,"name":"Hanover","state_code":"OH","country_code":"US"}},{"type":"Feature","geometry":{"type":"Point","coordinates":[-82.43515,39.93673]},"properties":{"id":141381,"name":"Harbor Hills","state_code":"OH","country_code":"US"}},{"type":"Feature","geometry":{"type":"Point","coordinates":[-84.81995,39.262]},"properties":{"id":141383,"name":"Harrison","state_code":"OH","country_code":"US"}},{"type":"Feature","geometry":{"type":"Point","coordinates":[-81.33122,40.96367]},"properties":{"id":141385,"name":"Hartville","state_code":"OH","country_code":"US"}},{"type":"Feature","geometry":{"type":"Point","coordinates":[-83.70605,41.46477]},"properties":{"id":141386,"name":"Haskins","state_code":"OH","country_code":"US"}},{"type":"Feature","geometry":{"type":"Point","coordinates":[-82.4446,40.02284]},"properties":{"id":141387,"name":"Heath","state_code":"OH","country_code":"US"}},{"type":"Feature","geometry":{"type":"Point","coordinates":[-82.49127,39.96173]},"properties":{"id":141388,"name":"Hebron","state_code":"OH","country_code":"US"}},{"type":"Feature","geometry":{"type":"Point","coordinates":[-84.7619,41.29311]},"properties":{"id":141390,"name":"Hicksville","state_code":"OH","country_code":"US"}},{"type":"Feature","geometry":{"type":"Point","coordinates":[-81.47845,41.552]},"properties":{"id":141392,"name":"Highland Heights","state_code":"OH","country_code":"US"}},{"type":"Feature","geometry":{"type":"Point","coordinates":[-84.35022,39.28839]},"properties":{"id":141393,"name":"Highpoint","state_code":"OH","country_code":"US"}},{"type":"Feature","geometry":{"type":"Point","coordinates":[-83.15825,40.0334]},"properties":{"id":141394,"name":"Hilliard","state_code":"OH","country_code":"US"}},{"type":"Feature","geometry":{"type":"Point","coordinates":[-83.61159,39.20229]},"properties":{"id":141395,"name":"Hillsboro","state_code":"OH","country_code":"US"}},{"type":"Feature","geometry":{"type":"Point","coordinates":[-81.14371,41.31256]},"properties":{"id":141396,"name":"Hiram","state_code":"OH","country_code":"US"}},{"type":"Feature","geometry":{"type":"Point","coordinates":[-84.133,41.24894]},"properties":{"id":141398,"name":"Holgate","state_code":"OH","country_code":"US"}},{"type":"Feature","geometry":{"type":"Point","coordinates":[-83.96854,39.85617]},"properties":{"id":141399,"name":"Holiday Valley","state_code":"OH","country_code":"US"}},{"type":"Feature","geometry":{"type":"Point","coordinates":[-83.7116,41.62172]},"properties":{"id":141400,"name":"Holland","state_code":"OH","country_code":"US"}},{"type":"Feature","geometry":{"type":"Point","coordinates":[-81.63652,41.512]},"properties":{"id":141402,"name":"Hough","state_code":"OH","country_code":"US"}},{"type":"Feature","geometry":{"type":"Point","coordinates":[-80.74536,41.25117]},"properties":{"id":141403,"name":"Howland Center","state_code":"OH","country_code":"US"}},{"type":"Feature","geometry":{"type":"Point","coordinates":[-80.56924,41.15645]},"properties":{"id":141404,"name":"Hubbard","state_code":"OH","country_code":"US"}},{"type":"Feature","geometry":{"type":"Point","coordinates":[-84.12466,39.84395]},"properties":{"id":141405,"name":"Huber Heights","state_code":"OH","country_code":"US"}},{"type":"Feature","geometry":{"type":"Point","coordinates":[-82.91657,40.08867]},"properties":{"id":141406,"name":"Huber Ridge","state_code":"OH","country_code":"US"}},{"type":"Feature","geometry":{"type":"Point","coordinates":[-81.44067,41.24006]},"properties":{"id":141407,"name":"Hudson","state_code":"OH","country_code":"US"}},{"type":"Feature","geometry":{"type":"Point","coordinates":[-84.28966,39.49284]},"properties":{"id":141408,"name":"Hunter","state_code":"OH","country_code":"US"}},{"type":"Feature","geometry":{"type":"Point","coordinates":[-82.55517,41.39505]},"properties":{"id":141409,"name":"Huron","state_code":"OH","country_code":"US"}},{"type":"Feature","geometry":{"type":"Point","coordinates":[-81.6379,41.36866]},"properties":{"id":141411,"name":"Independence","state_code":"OH","country_code":"US"}},{"type":"Feature","geometry":{"type":"Point","coordinates":[-82.68294,38.53675]},"properties":{"id":141412,"name":"Ironton","state_code":"OH","country_code":"US"}},{"type":"Feature","geometry":{"type":"Point","coordinates":[-82.63655,39.05202]},"properties":{"id":141413,"name":"Jackson","state_code":"OH","country_code":"US"}},{"type":"Feature","geometry":{"type":"Point","coordinates":[-84.04022,40.43949]},"properties":{"id":141414,"name":"Jackson Center","state_code":"OH","country_code":"US"}},{"type":"Feature","geometry":{"type":"Point","coordinates":[-83.73492,39.65812]},"properties":{"id":141416,"name":"Jamestown","state_code":"OH","country_code":"US"}},{"type":"Feature","geometry":{"type":"Point","coordinates":[-80.76981,41.73867]},"properties":{"id":141417,"name":"Jefferson","state_code":"OH","country_code":"US"}},{"type":"Feature","geometry":{"type":"Point","coordinates":[-83.56381,39.65367]},"properties":{"id":141419,"name":"Jeffersonville","state_code":"OH","country_code":"US"}},{"type":"Feature","geometry":{"type":"Point","coordinates":[-82.68517,40.15367]},"properties":{"id":141420,"name":"Johnstown","state_code":"OH","country_code":"US"}},{"type":"Feature","geometry":{"type":"Point","coordinates":[-84.19939,40.98283]},"properties":{"id":141421,"name":"Kalida","state_code":"OH","country_code":"US"}},{"type":"Feature","geometry":{"type":"Point","coordinates":[-81.35789,41.15367]},"properties":{"id":141422,"name":"Kent","state_code":"OH","country_code":"US"}},{"type":"Feature","geometry":{"type":"Point","coordinates":[-83.60965,40.647]},"properties":{"id":141423,"name":"Kenton","state_code":"OH","country_code":"US"}},{"type":"Feature","geometry":{"type":"Point","coordinates":[-84.36716,39.21061]},"properties":{"id":141424,"name":"Kenwood","state_code":"OH","country_code":"US"}},{"type":"Feature","geometry":{"type":"Point","coordinates":[-84.16883,39.6895]},"properties":{"id":141425,"name":"Kettering","state_code":"OH","country_code":"US"}},{"type":"Feature","geometry":{"type":"Point","coordinates":[-84.24855,39.35561]},"properties":{"id":141426,"name":"Kings Mills","state_code":"OH","country_code":"US"}},{"type":"Feature","geometry":{"type":"Point","coordinates":[-82.91073,39.47395]},"properties":{"id":141427,"name":"Kingston","state_code":"OH","country_code":"US"}},{"type":"Feature","geometry":{"type":"Point","coordinates":[-81.3615,41.62894]},"properties":{"id":141428,"name":"Kirtland","state_code":"OH","country_code":"US"}},{"type":"Feature","geometry":{"type":"Point","coordinates":[-80.59785,40.6459]},"properties":{"id":141430,"name":"La Croft","state_code":"OH","country_code":"US"}},{"type":"Feature","geometry":{"type":"Point","coordinates":[-82.11987,41.23728]},"properties":{"id":141431,"name":"Lagrange","state_code":"OH","country_code":"US"}},{"type":"Feature","geometry":{"type":"Point","coordinates":[-83.2288,39.95728]},"properties":{"id":141433,"name":"Lake Darby","state_code":"OH","country_code":"US"}},{"type":"Feature","geometry":{"type":"Point","coordinates":[-84.69347,39.68843]},"properties":{"id":141434,"name":"Lake Lakengren","state_code":"OH","country_code":"US"}},{"type":"Feature","geometry":{"type":"Point","coordinates":[-81.19927,40.66673]},"properties":{"id":141435,"name":"Lake Mohawk","state_code":"OH","country_code":"US"}},{"type":"Feature","geometry":{"type":"Point","coordinates":[-81.43595,41.02089]},"properties":{"id":141436,"name":"Lakemore","state_code":"OH","country_code":"US"}},{"type":"Feature","geometry":{"type":"Point","coordinates":[-83.923,40.48477]},"properties":{"id":141437,"name":"Lakeview","state_code":"OH","country_code":"US"}},{"type":"Feature","geometry":{"type":"Point","coordinates":[-81.79819,41.48199]},"properties":{"id":141438,"name":"Lakewood","state_code":"OH","country_code":"US"}},{"type":"Feature","geometry":{"type":"Point","coordinates":[-82.59933,39.71368]},"properties":{"id":141439,"name":"Lancaster","state_code":"OH","country_code":"US"}},{"type":"Feature","geometry":{"type":"Point","coordinates":[-84.28299,39.312]},"properties":{"id":141440,"name":"Landen","state_code":"OH","country_code":"US"}},{"type":"Feature","geometry":{"type":"Point","coordinates":[-80.87703,41.24783]},"properties":{"id":141442,"name":"Leavittsburg","state_code":"OH","country_code":"US"}},{"type":"Feature","geometry":{"type":"Point","coordinates":[-84.20299,39.43534]},"properties":{"id":141443,"name":"Lebanon","state_code":"OH","country_code":"US"}},{"type":"Feature","geometry":{"type":"Point","coordinates":[-83.55297,39.34506]},"properties":{"id":141444,"name":"Leesburg","state_code":"OH","country_code":"US"}},{"type":"Feature","geometry":{"type":"Point","coordinates":[-80.75536,40.87728]},"properties":{"id":141445,"name":"Leetonia","state_code":"OH","country_code":"US"}},{"type":"Feature","geometry":{"type":"Point","coordinates":[-83.98467,41.09838]},"properties":{"id":141446,"name":"Leipsic","state_code":"OH","country_code":"US"}},{"type":"Feature","geometry":{"type":"Point","coordinates":[-83.01018,40.1984]},"properties":{"id":141447,"name":"Lewis Center","state_code":"OH","country_code":"US"}},{"type":"Feature","geometry":{"type":"Point","coordinates":[-84.53967,39.84616]},"properties":{"id":141448,"name":"Lewisburg","state_code":"OH","country_code":"US"}},{"type":"Feature","geometry":{"type":"Point","coordinates":[-82.58239,40.67867]},"properties":{"id":141449,"name":"Lexington","state_code":"OH","country_code":"US"}},{"type":"Feature","geometry":{"type":"Point","coordinates":[-84.00883,41.44338]},"properties":{"id":141450,"name":"Liberty Center","state_code":"OH","country_code":"US"}},{"type":"Feature","geometry":{"type":"Point","coordinates":[-84.10523,40.74255]},"properties":{"id":141452,"name":"Lima","state_code":"OH","country_code":"US"}},{"type":"Feature","geometry":{"type":"Point","coordinates":[-84.4555,39.23895]},"properties":{"id":141453,"name":"Lincoln Heights","state_code":"OH","country_code":"US"}},{"type":"Feature","geometry":{"type":"Point","coordinates":[-83.13074,39.95479]},"properties":{"id":141454,"name":"Lincoln Village","state_code":"OH","country_code":"US"}},{"type":"Feature","geometry":{"type":"Point","coordinates":[-83.6352,39.86089]},"properties":{"id":141455,"name":"Lisbon","state_code":"OH","country_code":"US"}},{"type":"Feature","geometry":{"type":"Point","coordinates":[-82.80628,39.80284]},"properties":{"id":141456,"name":"Lithopolis","state_code":"OH","country_code":"US"}},{"type":"Feature","geometry":{"type":"Point","coordinates":[-84.45772,39.22922]},"properties":{"id":141457,"name":"Lockland","state_code":"OH","country_code":"US"}},{"type":"Feature","geometry":{"type":"Point","coordinates":[-82.01209,41.03339]},"properties":{"id":141458,"name":"Lodi","state_code":"OH","country_code":"US"}},{"type":"Feature","geometry":{"type":"Point","coordinates":[-82.4071,39.54007]},"properties":{"id":141459,"name":"Logan","state_code":"OH","country_code":"US"}},{"type":"Feature","geometry":{"type":"Point","coordinates":[-82.95185,39.56978]},"properties":{"id":141461,"name":"Logan Elm Village","state_code":"OH","country_code":"US"}},{"type":"Feature","geometry":{"type":"Point","coordinates":[-83.44825,39.88645]},"properties":{"id":141462,"name":"London","state_code":"OH","country_code":"US"}},{"type":"Feature","geometry":{"type":"Point","coordinates":[-82.18237,41.45282]},"properties":{"id":141463,"name":"Lorain","state_code":"OH","country_code":"US"}},{"type":"Feature","geometry":{"type":"Point","coordinates":[-80.85758,41.16561]},"properties":{"id":141465,"name":"Lordstown","state_code":"OH","country_code":"US"}},{"type":"Feature","geometry":{"type":"Point","coordinates":[-82.23321,40.63534]},"properties":{"id":141466,"name":"Loudonville","state_code":"OH","country_code":"US"}},{"type":"Feature","geometry":{"type":"Point","coordinates":[-81.25955,40.83728]},"properties":{"id":141467,"name":"Louisville","state_code":"OH","country_code":"US"}},{"type":"Feature","geometry":{"type":"Point","coordinates":[-84.26383,39.26895]},"properties":{"id":141468,"name":"Loveland","state_code":"OH","country_code":"US"}},{"type":"Feature","geometry":{"type":"Point","coordinates":[-84.26327,39.29978]},"properties":{"id":141469,"name":"Loveland Park","state_code":"OH","country_code":"US"}},{"type":"Feature","geometry":{"type":"Point","coordinates":[-80.53646,41.03534]},"properties":{"id":141470,"name":"Lowellville","state_code":"OH","country_code":"US"}},{"type":"Feature","geometry":{"type":"Point","coordinates":[-82.99684,38.87952]},"properties":{"id":141472,"name":"Lucasville","state_code":"OH","country_code":"US"}},{"type":"Feature","geometry":{"type":"Point","coordinates":[-83.48743,41.45061]},"properties":{"id":141473,"name":"Luckey","state_code":"OH","country_code":"US"}},{"type":"Feature","geometry":{"type":"Point","coordinates":[-83.79131,39.24173]},"properties":{"id":141474,"name":"Lynchburg","state_code":"OH","country_code":"US"}},{"type":"Feature","geometry":{"type":"Point","coordinates":[-81.48873,41.52005]},"properties":{"id":141475,"name":"Lyndhurst","state_code":"OH","country_code":"US"}},{"type":"Feature","geometry":{"type":"Point","coordinates":[-81.50845,41.31367]},"properties":{"id":141476,"name":"Macedonia","state_code":"OH","country_code":"US"}},{"type":"Feature","geometry":{"type":"Point","coordinates":[-84.64967,39.15811]},"properties":{"id":141477,"name":"Mack","state_code":"OH","country_code":"US"}},{"type":"Feature","geometry":{"type":"Point","coordinates":[-84.36355,39.19089]},"properties":{"id":141478,"name":"Madeira","state_code":"OH","country_code":"US"}},{"type":"Feature","geometry":{"type":"Point","coordinates":[-81.04982,41.77116]},"properties":{"id":141479,"name":"Madison","state_code":"OH","country_code":"US"}},{"type":"Feature","geometry":{"type":"Point","coordinates":[-81.18121,40.69173]},"properties":{"id":141482,"name":"Malvern","state_code":"OH","country_code":"US"}},{"type":"Feature","geometry":{"type":"Point","coordinates":[-83.60936,38.68813]},"properties":{"id":141483,"name":"Manchester","state_code":"OH","country_code":"US"}},{"type":"Feature","geometry":{"type":"Point","coordinates":[-82.51545,40.75839]},"properties":{"id":141484,"name":"Mansfield","state_code":"OH","country_code":"US"}},{"type":"Feature","geometry":{"type":"Point","coordinates":[-81.22399,41.28394]},"properties":{"id":141485,"name":"Mantua","state_code":"OH","country_code":"US"}},{"type":"Feature","geometry":{"type":"Point","coordinates":[-81.56596,41.41533]},"properties":{"id":141486,"name":"Maple Heights","state_code":"OH","country_code":"US"}},{"type":"Feature","geometry":{"type":"Point","coordinates":[-84.37438,39.14506]},"properties":{"id":141487,"name":"Mariemont","state_code":"OH","country_code":"US"}},{"type":"Feature","geometry":{"type":"Point","coordinates":[-81.45484,39.41535]},"properties":{"id":141488,"name":"Marietta","state_code":"OH","country_code":"US"}},{"type":"Feature","geometry":{"type":"Point","coordinates":[-83.12852,40.58867]},"properties":{"id":141489,"name":"Marion","state_code":"OH","country_code":"US"}},{"type":"Feature","geometry":{"type":"Point","coordinates":[-80.72453,40.09591]},"properties":{"id":141491,"name":"Martins Ferry","state_code":"OH","country_code":"US"}},{"type":"Feature","geometry":{"type":"Point","coordinates":[-83.36714,40.23645]},"properties":{"id":141492,"name":"Marysville","state_code":"OH","country_code":"US"}},{"type":"Feature","geometry":{"type":"Point","coordinates":[-84.30994,39.36006]},"properties":{"id":141493,"name":"Mason","state_code":"OH","country_code":"US"}},{"type":"Feature","geometry":{"type":"Point","coordinates":[-81.52151,40.79672]},"properties":{"id":141494,"name":"Massillon","state_code":"OH","country_code":"US"}},{"type":"Feature","geometry":{"type":"Point","coordinates":[-80.53785,41.21117]},"properties":{"id":141495,"name":"Masury","state_code":"OH","country_code":"US"}},{"type":"Feature","geometry":{"type":"Point","coordinates":[-83.65382,41.56283]},"properties":{"id":141496,"name":"Maumee","state_code":"OH","country_code":"US"}},{"type":"Feature","geometry":{"type":"Point","coordinates":[-81.43928,41.552]},"properties":{"id":141497,"name":"Mayfield","state_code":"OH","country_code":"US"}},{"type":"Feature","geometry":{"type":"Point","coordinates":[-81.4579,41.51922]},"properties":{"id":141498,"name":"Mayfield Heights","state_code":"OH","country_code":"US"}},{"type":"Feature","geometry":{"type":"Point","coordinates":[-82.47849,39.24646]},"properties":{"id":141499,"name":"McArthur","state_code":"OH","country_code":"US"}},{"type":"Feature","geometry":{"type":"Point","coordinates":[-83.79271,41.10755]},"properties":{"id":141500,"name":"McComb","state_code":"OH","country_code":"US"}},{"type":"Feature","geometry":{"type":"Point","coordinates":[-81.85319,39.64868]},"properties":{"id":141501,"name":"McConnelsville","state_code":"OH","country_code":"US"}},{"type":"Feature","geometry":{"type":"Point","coordinates":[-80.72424,41.16367]},"properties":{"id":141502,"name":"McDonald","state_code":"OH","country_code":"US"}},{"type":"Feature","geometry":{"type":"Point","coordinates":[-80.7173,41.18367]},"properties":{"id":141503,"name":"McKinley Heights","state_code":"OH","country_code":"US"}},{"type":"Feature","geometry":{"type":"Point","coordinates":[-83.55631,40.072]},"properties":{"id":141504,"name":"Mechanicsburg","state_code":"OH","country_code":"US"}},{"type":"Feature","geometry":{"type":"Point","coordinates":[-81.86375,41.13839]},"properties":{"id":141505,"name":"Medina","state_code":"OH","country_code":"US"}},{"type":"Feature","geometry":{"type":"Point","coordinates":[-81.33955,41.66616]},"properties":{"id":141508,"name":"Mentor","state_code":"OH","country_code":"US"}},{"type":"Feature","geometry":{"type":"Point","coordinates":[-81.36039,41.70504]},"properties":{"id":141509,"name":"Mentor-on-the-Lake","state_code":"OH","country_code":"US"}},{"type":"Feature","geometry":{"type":"Point","coordinates":[-84.7205,39.16506]},"properties":{"id":141512,"name":"Miami Heights","state_code":"OH","country_code":"US"}},{"type":"Feature","geometry":{"type":"Point","coordinates":[-84.28661,39.64284]},"properties":{"id":141513,"name":"Miamisburg","state_code":"OH","country_code":"US"}},{"type":"Feature","geometry":{"type":"Point","coordinates":[-84.70411,39.21589]},"properties":{"id":141514,"name":"Miamitown","state_code":"OH","country_code":"US"}},{"type":"Feature","geometry":{"type":"Point","coordinates":[-81.81291,41.36144]},"properties":{"id":141515,"name":"Middleburg Heights","state_code":"OH","country_code":"US"}},{"type":"Feature","geometry":{"type":"Point","coordinates":[-81.07371,41.462]},"properties":{"id":141516,"name":"Middlefield","state_code":"OH","country_code":"US"}},{"type":"Feature","geometry":{"type":"Point","coordinates":[-82.04875,39.00175]},"properties":{"id":141517,"name":"Middleport","state_code":"OH","country_code":"US"}},{"type":"Feature","geometry":{"type":"Point","coordinates":[-84.39828,39.51506]},"properties":{"id":141518,"name":"Middletown","state_code":"OH","country_code":"US"}},{"type":"Feature","geometry":{"type":"Point","coordinates":[-82.60545,41.29755]},"properties":{"id":141519,"name":"Milan","state_code":"OH","country_code":"US"}},{"type":"Feature","geometry":{"type":"Point","coordinates":[-84.29438,39.17534]},"properties":{"id":141520,"name":"Milford","state_code":"OH","country_code":"US"}},{"type":"Feature","geometry":{"type":"Point","coordinates":[-83.42465,41.56616]},"properties":{"id":141521,"name":"Millbury","state_code":"OH","country_code":"US"}},{"type":"Feature","geometry":{"type":"Point","coordinates":[-81.91792,40.55451]},"properties":{"id":141522,"name":"Millersburg","state_code":"OH","country_code":"US"}},{"type":"Feature","geometry":{"type":"Point","coordinates":[-82.53405,39.90006]},"properties":{"id":141523,"name":"Millersport","state_code":"OH","country_code":"US"}},{"type":"Feature","geometry":{"type":"Point","coordinates":[-80.76897,41.14006]},"properties":{"id":141524,"name":"Mineral Ridge","state_code":"OH","country_code":"US"}},{"type":"Feature","geometry":{"type":"Point","coordinates":[-81.10538,40.72978]},"properties":{"id":141525,"name":"Minerva","state_code":"OH","country_code":"US"}},{"type":"Feature","geometry":{"type":"Point","coordinates":[-82.94379,40.07645]},"properties":{"id":141526,"name":"Minerva Park","state_code":"OH","country_code":"US"}},{"type":"Feature","geometry":{"type":"Point","coordinates":[-80.6098,40.32174]},"properties":{"id":141527,"name":"Mingo Junction","state_code":"OH","country_code":"US"}},{"type":"Feature","geometry":{"type":"Point","coordinates":[-84.37606,40.3931]},"properties":{"id":141528,"name":"Minster","state_code":"OH","country_code":"US"}},{"type":"Feature","geometry":{"type":"Point","coordinates":[-81.39789,41.04645]},"properties":{"id":141529,"name":"Mogadore","state_code":"OH","country_code":"US"}},{"type":"Feature","geometry":{"type":"Point","coordinates":[-84.59522,39.18839]},"properties":{"id":141530,"name":"Monfort Heights","state_code":"OH","country_code":"US"}},{"type":"Feature","geometry":{"type":"Point","coordinates":[-84.36216,39.44034]},"properties":{"id":141531,"name":"Monroe","state_code":"OH","country_code":"US"}},{"type":"Feature","geometry":{"type":"Point","coordinates":[-82.69629,41.24422]},"properties":{"id":141533,"name":"Monroeville","state_code":"OH","country_code":"US"}},{"type":"Feature","geometry":{"type":"Point","coordinates":[-84.35411,39.22811]},"properties":{"id":141534,"name":"Montgomery","state_code":"OH","country_code":"US"}},{"type":"Feature","geometry":{"type":"Point","coordinates":[-84.60551,41.5845]},"properties":{"id":141536,"name":"Montpelier","state_code":"OH","country_code":"US"}},{"type":"Feature","geometry":{"type":"Point","coordinates":[-81.64378,41.1538]},"properties":{"id":141537,"name":"Montrose-Ghent","state_code":"OH","country_code":"US"}},{"type":"Feature","geometry":{"type":"Point","coordinates":[-84.21938,39.70617]},"properties":{"id":141538,"name":"Moraine","state_code":"OH","country_code":"US"}},{"type":"Feature","geometry":{"type":"Point","coordinates":[-81.42762,41.44783]},"properties":{"id":141539,"name":"Moreland Hills","state_code":"OH","country_code":"US"}},{"type":"Feature","geometry":{"type":"Point","coordinates":[-80.78286,41.26561]},"properties":{"id":141541,"name":"Morgandale","state_code":"OH","country_code":"US"}},{"type":"Feature","geometry":{"type":"Point","coordinates":[-84.12716,39.3545]},"properties":{"id":141542,"name":"Morrow","state_code":"OH","country_code":"US"}},{"type":"Feature","geometry":{"type":"Point","coordinates":[-84.3041,39.10589]},"properties":{"id":141544,"name":"Mount Carmel","state_code":"OH","country_code":"US"}},{"type":"Feature","geometry":{"type":"Point","coordinates":[-82.8274,40.54923]},"properties":{"id":141545,"name":"Mount Gilead","state_code":"OH","country_code":"US"}},{"type":"Feature","geometry":{"type":"Point","coordinates":[-84.54578,39.23367]},"properties":{"id":141546,"name":"Mount Healthy","state_code":"OH","country_code":"US"}},{"type":"Feature","geometry":{"type":"Point","coordinates":[-84.568,39.27033]},"properties":{"id":141547,"name":"Mount Healthy Heights","state_code":"OH","country_code":"US"}},{"type":"Feature","geometry":{"type":"Point","coordinates":[-83.91965,39.02757]},"properties":{"id":141548,"name":"Mount Orab","state_code":"OH","country_code":"US"}},{"type":"Feature","geometry":{"type":"Point","coordinates":[-84.22438,39.20062]},"properties":{"id":141549,"name":"Mount Repose","state_code":"OH","country_code":"US"}},{"type":"Feature","geometry":{"type":"Point","coordinates":[-83.26519,39.71951]},"properties":{"id":141550,"name":"Mount Sterling","state_code":"OH","country_code":"US"}},{"type":"Feature","geometry":{"type":"Point","coordinates":[-82.48572,40.3934]},"properties":{"id":141551,"name":"Mount Vernon","state_code":"OH","country_code":"US"}},{"type":"Feature","geometry":{"type":"Point","coordinates":[-84.24216,39.19339]},"properties":{"id":141552,"name":"Mulberry","state_code":"OH","country_code":"US"}},{"type":"Feature","geometry":{"type":"Point","coordinates":[-81.43983,41.1445]},"properties":{"id":141553,"name":"Munroe Falls","state_code":"OH","country_code":"US"}},{"type":"Feature","geometry":{"type":"Point","coordinates":[-84.12522,41.39227]},"properties":{"id":141555,"name":"Napoleon","state_code":"OH","country_code":"US"}},{"type":"Feature","geometry":{"type":"Point","coordinates":[-81.52207,40.7245]},"properties":{"id":141556,"name":"Navarre","state_code":"OH","country_code":"US"}},{"type":"Feature","geometry":{"type":"Point","coordinates":[-82.23182,39.45868]},"properties":{"id":141557,"name":"Nelsonville","state_code":"OH","country_code":"US"}},{"type":"Feature","geometry":{"type":"Point","coordinates":[-82.80879,40.08117]},"properties":{"id":141558,"name":"New Albany","state_code":"OH","country_code":"US"}},{"type":"Feature","geometry":{"type":"Point","coordinates":[-82.93684,38.7523]},"properties":{"id":141559,"name":"New Boston","state_code":"OH","country_code":"US"}},{"type":"Feature","geometry":{"type":"Point","coordinates":[-84.37967,40.43699]},"properties":{"id":141560,"name":"New Bremen","state_code":"OH","country_code":"US"}},{"type":"Feature","geometry":{"type":"Point","coordinates":[-84.55717,39.2595]},"properties":{"id":141561,"name":"New Burlington","state_code":"OH","country_code":"US"}},{"type":"Feature","geometry":{"type":"Point","coordinates":[-83.23658,40.15617]},"properties":{"id":141562,"name":"New California","state_code":"OH","country_code":"US"}},{"type":"Feature","geometry":{"type":"Point","coordinates":[-84.02549,39.93617]},"properties":{"id":141563,"name":"New Carlisle","state_code":"OH","country_code":"US"}},{"type":"Feature","geometry":{"type":"Point","coordinates":[-81.73402,39.99368]},"properties":{"id":141564,"name":"New Concord","state_code":"OH","country_code":"US"}},{"type":"Feature","geometry":{"type":"Point","coordinates":[-81.54151,40.94172]},"properties":{"id":141565,"name":"New Franklin","state_code":"OH","country_code":"US"}},{"type":"Feature","geometry":{"type":"Point","coordinates":[-84.38495,39.74533]},"properties":{"id":141566,"name":"New Lebanon","state_code":"OH","country_code":"US"}},{"type":"Feature","geometry":{"type":"Point","coordinates":[-82.20848,39.71396]},"properties":{"id":141567,"name":"New Lexington","state_code":"OH","country_code":"US"}},{"type":"Feature","geometry":{"type":"Point","coordinates":[-82.39989,41.08505]},"properties":{"id":141568,"name":"New London","state_code":"OH","country_code":"US"}},{"type":"Feature","geometry":{"type":"Point","coordinates":[-81.06705,39.52452]},"properties":{"id":141569,"name":"New Matamoras","state_code":"OH","country_code":"US"}},{"type":"Feature","geometry":{"type":"Point","coordinates":[-84.53689,39.43478]},"properties":{"id":141570,"name":"New Miami","state_code":"OH","country_code":"US"}},{"type":"Feature","geometry":{"type":"Point","coordinates":[-80.55757,40.96117]},"properties":{"id":141571,"name":"New Middletown","state_code":"OH","country_code":"US"}},{"type":"Feature","geometry":{"type":"Point","coordinates":[-84.79329,39.85699]},"properties":{"id":141572,"name":"New Paris","state_code":"OH","country_code":"US"}},{"type":"Feature","geometry":{"type":"Point","coordinates":[-81.44567,40.48979]},"properties":{"id":141573,"name":"New Philadelphia","state_code":"OH","country_code":"US"}},{"type":"Feature","geometry":{"type":"Point","coordinates":[-84.27994,38.94868]},"properties":{"id":141574,"name":"New Richmond","state_code":"OH","country_code":"US"}},{"type":"Feature","geometry":{"type":"Point","coordinates":[-83.69103,39.32367]},"properties":{"id":141575,"name":"New Vienna","state_code":"OH","country_code":"US"}},{"type":"Feature","geometry":{"type":"Point","coordinates":[-80.61452,40.84506]},"properties":{"id":141576,"name":"New Waterford","state_code":"OH","country_code":"US"}},{"type":"Feature","geometry":{"type":"Point","coordinates":[-82.40126,40.05812]},"properties":{"id":141577,"name":"Newark","state_code":"OH","country_code":"US"}},{"type":"Feature","geometry":{"type":"Point","coordinates":[-81.66346,41.45005]},"properties":{"id":141578,"name":"Newburgh Heights","state_code":"OH","country_code":"US"}},{"type":"Feature","geometry":{"type":"Point","coordinates":[-81.60595,40.27229]},"properties":{"id":141579,"name":"Newcomerstown","state_code":"OH","country_code":"US"}},{"type":"Feature","geometry":{"type":"Point","coordinates":[-81.22678,39.39091]},"properties":{"id":141580,"name":"Newport","state_code":"OH","country_code":"US"}},{"type":"Feature","geometry":{"type":"Point","coordinates":[-80.97815,41.18839]},"properties":{"id":141581,"name":"Newton Falls","state_code":"OH","country_code":"US"}},{"type":"Feature","geometry":{"type":"Point","coordinates":[-84.36161,39.1245]},"properties":{"id":141582,"name":"Newtown","state_code":"OH","country_code":"US"}},{"type":"Feature","geometry":{"type":"Point","coordinates":[-80.76536,41.18284]},"properties":{"id":141583,"name":"Niles","state_code":"OH","country_code":"US"}},{"type":"Feature","geometry":{"type":"Point","coordinates":[-83.67827,41.18283]},"properties":{"id":141585,"name":"North Baltimore","state_code":"OH","country_code":"US"}},{"type":"Feature","geometry":{"type":"Point","coordinates":[-81.40234,40.87589]},"properties":{"id":141586,"name":"North Canton","state_code":"OH","country_code":"US"}},{"type":"Feature","geometry":{"type":"Point","coordinates":[-84.55078,39.21839]},"properties":{"id":141587,"name":"North College Hill","state_code":"OH","country_code":"US"}},{"type":"Feature","geometry":{"type":"Point","coordinates":[-83.02907,39.3359]},"properties":{"id":141588,"name":"North Fork Village","state_code":"OH","country_code":"US"}},{"type":"Feature","geometry":{"type":"Point","coordinates":[-80.69036,41.90589]},"properties":{"id":141589,"name":"North Kingsville","state_code":"OH","country_code":"US"}},{"type":"Feature","geometry":{"type":"Point","coordinates":[-83.55743,40.22311]},"properties":{"id":141590,"name":"North Lewisburg","state_code":"OH","country_code":"US"}},{"type":"Feature","geometry":{"type":"Point","coordinates":[-81.04899,41.802]},"properties":{"id":141591,"name":"North Madison","state_code":"OH","country_code":"US"}},{"type":"Feature","geometry":{"type":"Point","coordinates":[-81.92347,41.4156]},"properties":{"id":141592,"name":"North Olmsted","state_code":"OH","country_code":"US"}},{"type":"Feature","geometry":{"type":"Point","coordinates":[-81.52568,41.43478]},"properties":{"id":141593,"name":"North Randall","state_code":"OH","country_code":"US"}},{"type":"Feature","geometry":{"type":"Point","coordinates":[-82.01903,41.38949]},"properties":{"id":141594,"name":"North Ridgeville","state_code":"OH","country_code":"US"}},{"type":"Feature","geometry":{"type":"Point","coordinates":[-81.72457,41.31366]},"properties":{"id":141595,"name":"North Royalton","state_code":"OH","country_code":"US"}},{"type":"Feature","geometry":{"type":"Point","coordinates":[-82.00347,39.97868]},"properties":{"id":141596,"name":"North Zanesville","state_code":"OH","country_code":"US"}},{"type":"Feature","geometry":{"type":"Point","coordinates":[-84.58356,39.24645]},"properties":{"id":141597,"name":"Northbrook","state_code":"OH","country_code":"US"}},{"type":"Feature","geometry":{"type":"Point","coordinates":[-81.52845,41.34505]},"properties":{"id":141598,"name":"Northfield","state_code":"OH","country_code":"US"}},{"type":"Feature","geometry":{"type":"Point","coordinates":[-84.59245,39.25283]},"properties":{"id":141599,"name":"Northgate","state_code":"OH","country_code":"US"}},{"type":"Feature","geometry":{"type":"Point","coordinates":[-84.19689,39.80756]},"properties":{"id":141600,"name":"Northridge","state_code":"OH","country_code":"US"}},{"type":"Feature","geometry":{"type":"Point","coordinates":[-83.73243,40.47283]},"properties":{"id":141601,"name":"Northwood","state_code":"OH","country_code":"US"}},{"type":"Feature","geometry":{"type":"Point","coordinates":[-81.63818,41.02922]},"properties":{"id":141602,"name":"Norton","state_code":"OH","country_code":"US"}},{"type":"Feature","geometry":{"type":"Point","coordinates":[-82.61573,41.24255]},"properties":{"id":141603,"name":"Norwalk","state_code":"OH","country_code":"US"}},{"type":"Feature","geometry":{"type":"Point","coordinates":[-84.45966,39.15561]},"properties":{"id":141604,"name":"Norwood","state_code":"OH","country_code":"US"}},{"type":"Feature","geometry":{"type":"Point","coordinates":[-83.14659,41.50672]},"properties":{"id":141605,"name":"Oak Harbor","state_code":"OH","country_code":"US"}},{"type":"Feature","geometry":{"type":"Point","coordinates":[-82.57349,38.89396]},"properties":{"id":141606,"name":"Oak Hill","state_code":"OH","country_code":"US"}},{"type":"Feature","geometry":{"type":"Point","coordinates":[-84.17411,39.72534]},"properties":{"id":141607,"name":"Oakwood","state_code":"OH","country_code":"US"}},{"type":"Feature","geometry":{"type":"Point","coordinates":[-82.21738,41.29394]},"properties":{"id":141608,"name":"Oberlin","state_code":"OH","country_code":"US"}},{"type":"Feature","geometry":{"type":"Point","coordinates":[-82.95074,39.87895]},"properties":{"id":141609,"name":"Obetz","state_code":"OH","country_code":"US"}},{"type":"Feature","geometry":{"type":"Point","coordinates":[-81.90819,41.37505]},"properties":{"id":141610,"name":"Olmsted Falls","state_code":"OH","country_code":"US"}},{"type":"Feature","geometry":{"type":"Point","coordinates":[-82.59017,40.7595]},"properties":{"id":141611,"name":"Ontario","state_code":"OH","country_code":"US"}},{"type":"Feature","geometry":{"type":"Point","coordinates":[-81.48067,41.44978]},"properties":{"id":141612,"name":"Orange","state_code":"OH","country_code":"US"}},{"type":"Feature","geometry":{"type":"Point","coordinates":[-83.48688,41.64366]},"properties":{"id":141613,"name":"Oregon","state_code":"OH","country_code":"US"}},{"type":"Feature","geometry":{"type":"Point","coordinates":[-81.76402,40.84367]},"properties":{"id":141614,"name":"Orrville","state_code":"OH","country_code":"US"}},{"type":"Feature","geometry":{"type":"Point","coordinates":[-80.86814,41.53506]},"properties":{"id":141615,"name":"Orwell","state_code":"OH","country_code":"US"}},{"type":"Feature","geometry":{"type":"Point","coordinates":[-84.04717,41.01922]},"properties":{"id":141616,"name":"Ottawa","state_code":"OH","country_code":"US"}},{"type":"Feature","geometry":{"type":"Point","coordinates":[-83.64327,41.66422]},"properties":{"id":141618,"name":"Ottawa Hills","state_code":"OH","country_code":"US"}},{"type":"Feature","geometry":{"type":"Point","coordinates":[-84.74523,39.507]},"properties":{"id":141619,"name":"Oxford","state_code":"OH","country_code":"US"}},{"type":"Feature","geometry":{"type":"Point","coordinates":[-81.24566,41.72449]},"properties":{"id":141620,"name":"Painesville","state_code":"OH","country_code":"US"}},{"type":"Feature","geometry":{"type":"Point","coordinates":[-83.96105,40.94811]},"properties":{"id":141621,"name":"Pandora","state_code":"OH","country_code":"US"}},{"type":"Feature","geometry":{"type":"Point","coordinates":[-84.03966,39.88645]},"properties":{"id":141622,"name":"Park Layne","state_code":"OH","country_code":"US"}},{"type":"Feature","geometry":{"type":"Point","coordinates":[-81.72291,41.40477]},"properties":{"id":141623,"name":"Parma","state_code":"OH","country_code":"US"}},{"type":"Feature","geometry":{"type":"Point","coordinates":[-81.75958,41.39005]},"properties":{"id":141624,"name":"Parma Heights","state_code":"OH","country_code":"US"}},{"type":"Feature","geometry":{"type":"Point","coordinates":[-82.67433,39.99562]},"properties":{"id":141625,"name":"Pataskala","state_code":"OH","country_code":"US"}},{"type":"Feature","geometry":{"type":"Point","coordinates":[-84.58051,41.13811]},"properties":{"id":141626,"name":"Paulding","state_code":"OH","country_code":"US"}},{"type":"Feature","geometry":{"type":"Point","coordinates":[-84.72718,41.07755]},"properties":{"id":141628,"name":"Payne","state_code":"OH","country_code":"US"}},{"type":"Feature","geometry":{"type":"Point","coordinates":[-83.40575,38.94896]},"properties":{"id":141629,"name":"Peebles","state_code":"OH","country_code":"US"}},{"type":"Feature","geometry":{"type":"Point","coordinates":[-83.46104,41.41089]},"properties":{"id":141630,"name":"Pemberville","state_code":"OH","country_code":"US"}},{"type":"Feature","geometry":{"type":"Point","coordinates":[-81.46373,41.47839]},"properties":{"id":141631,"name":"Pepper Pike","state_code":"OH","country_code":"US"}},{"type":"Feature","geometry":{"type":"Point","coordinates":[-81.14093,41.76033]},"properties":{"id":141632,"name":"Perry","state_code":"OH","country_code":"US"}},{"type":"Feature","geometry":{"type":"Point","coordinates":[-81.47345,40.79534]},"properties":{"id":141634,"name":"Perry Heights","state_code":"OH","country_code":"US"}},{"type":"Feature","geometry":{"type":"Point","coordinates":[-83.62716,41.557]},"properties":{"id":141635,"name":"Perrysburg","state_code":"OH","country_code":"US"}},{"type":"Feature","geometry":{"type":"Point","coordinates":[-82.7535,39.88423]},"properties":{"id":141637,"name":"Pickerington","state_code":"OH","country_code":"US"}},{"type":"Feature","geometry":{"type":"Point","coordinates":[-83.01434,39.06813]},"properties":{"id":141639,"name":"Piketon","state_code":"OH","country_code":"US"}},{"type":"Feature","geometry":{"type":"Point","coordinates":[-84.55301,41.68005]},"properties":{"id":141640,"name":"Pioneer","state_code":"OH","country_code":"US"}},{"type":"Feature","geometry":{"type":"Point","coordinates":[-84.24244,40.14477]},"properties":{"id":141641,"name":"Piqua","state_code":"OH","country_code":"US"}},{"type":"Feature","geometry":{"type":"Point","coordinates":[-83.26742,40.10756]},"properties":{"id":141642,"name":"Plain City","state_code":"OH","country_code":"US"}},{"type":"Feature","geometry":{"type":"Point","coordinates":[-81.95902,39.95201]},"properties":{"id":141643,"name":"Pleasant Grove","state_code":"OH","country_code":"US"}},{"type":"Feature","geometry":{"type":"Point","coordinates":[-84.34439,40.05172]},"properties":{"id":141644,"name":"Pleasant Hill","state_code":"OH","country_code":"US"}},{"type":"Feature","geometry":{"type":"Point","coordinates":[-84.56356,39.29978]},"properties":{"id":141645,"name":"Pleasant Run","state_code":"OH","country_code":"US"}},{"type":"Feature","geometry":{"type":"Point","coordinates":[-84.548,39.30311]},"properties":{"id":141646,"name":"Pleasant Run Farm","state_code":"OH","country_code":"US"}},{"type":"Feature","geometry":{"type":"Point","coordinates":[-82.66712,40.99561]},"properties":{"id":141647,"name":"Plymouth","state_code":"OH","country_code":"US"}},{"type":"Feature","geometry":{"type":"Point","coordinates":[-80.6148,41.02423]},"properties":{"id":141648,"name":"Poland","state_code":"OH","country_code":"US"}},{"type":"Feature","geometry":{"type":"Point","coordinates":[-82.03375,39.02758]},"properties":{"id":141649,"name":"Pomeroy","state_code":"OH","country_code":"US"}},{"type":"Feature","geometry":{"type":"Point","coordinates":[-82.93769,41.512]},"properties":{"id":141650,"name":"Port Clinton","state_code":"OH","country_code":"US"}},{"type":"Feature","geometry":{"type":"Point","coordinates":[-81.52706,41.00728]},"properties":{"id":141652,"name":"Portage Lakes","state_code":"OH","country_code":"US"}},{"type":"Feature","geometry":{"type":"Point","coordinates":[-82.99767,38.73174]},"properties":{"id":141653,"name":"Portsmouth","state_code":"OH","country_code":"US"}},{"type":"Feature","geometry":{"type":"Point","coordinates":[-83.07519,40.15784]},"properties":{"id":141654,"name":"Powell","state_code":"OH","country_code":"US"}},{"type":"Feature","geometry":{"type":"Point","coordinates":[-80.81537,39.86008]},"properties":{"id":141655,"name":"Powhatan Point","state_code":"OH","country_code":"US"}},{"type":"Feature","geometry":{"type":"Point","coordinates":[-83.18853,40.45034]},"properties":{"id":141657,"name":"Prospect","state_code":"OH","country_code":"US"}},{"type":"Feature","geometry":{"type":"Point","coordinates":[-81.24205,41.15756]},"properties":{"id":141659,"name":"Ravenna","state_code":"OH","country_code":"US"}},{"type":"Feature","geometry":{"type":"Point","coordinates":[-84.44216,39.22367]},"properties":{"id":141660,"name":"Reading","state_code":"OH","country_code":"US"}},{"type":"Feature","geometry":{"type":"Point","coordinates":[-81.39511,41.34589]},"properties":{"id":141661,"name":"Reminderville","state_code":"OH","country_code":"US"}},{"type":"Feature","geometry":{"type":"Point","coordinates":[-81.39567,39.37285]},"properties":{"id":141662,"name":"Reno","state_code":"OH","country_code":"US"}},{"type":"Feature","geometry":{"type":"Point","coordinates":[-82.81212,39.95479]},"properties":{"id":141663,"name":"Reynoldsburg","state_code":"OH","country_code":"US"}},{"type":"Feature","geometry":{"type":"Point","coordinates":[-81.63818,41.23978]},"properties":{"id":141664,"name":"Richfield","state_code":"OH","country_code":"US"}},{"type":"Feature","geometry":{"type":"Point","coordinates":[-81.51012,41.55283]},"properties":{"id":141666,"name":"Richmond Heights","state_code":"OH","country_code":"US"}},{"type":"Feature","geometry":{"type":"Point","coordinates":[-81.4779,40.75117]},"properties":{"id":141667,"name":"Richville","state_code":"OH","country_code":"US"}},{"type":"Feature","geometry":{"type":"Point","coordinates":[-83.29686,40.42645]},"properties":{"id":141668,"name":"Richwood","state_code":"OH","country_code":"US"}},{"type":"Feature","geometry":{"type":"Point","coordinates":[-83.84492,38.74563]},"properties":{"id":141669,"name":"Ripley","state_code":"OH","country_code":"US"}},{"type":"Feature","geometry":{"type":"Point","coordinates":[-81.78208,40.97811]},"properties":{"id":141670,"name":"Rittman","state_code":"OH","country_code":"US"}},{"type":"Feature","geometry":{"type":"Point","coordinates":[-84.1241,39.77978]},"properties":{"id":141671,"name":"Riverside","state_code":"OH","country_code":"US"}},{"type":"Feature","geometry":{"type":"Point","coordinates":[-80.82342,41.64311]},"properties":{"id":141672,"name":"Roaming Shores","state_code":"OH","country_code":"US"}},{"type":"Feature","geometry":{"type":"Point","coordinates":[-84.64663,40.68783]},"properties":{"id":141673,"name":"Rockford","state_code":"OH","country_code":"US"}},{"type":"Feature","geometry":{"type":"Point","coordinates":[-81.8393,41.4756]},"properties":{"id":141674,"name":"Rocky River","state_code":"OH","country_code":"US"}},{"type":"Feature","geometry":{"type":"Point","coordinates":[-82.97906,38.78619]},"properties":{"id":141675,"name":"Rosemount","state_code":"OH","country_code":"US"}},{"type":"Feature","geometry":{"type":"Point","coordinates":[-82.07125,39.80729]},"properties":{"id":141676,"name":"Roseville","state_code":"OH","country_code":"US"}},{"type":"Feature","geometry":{"type":"Point","coordinates":[-84.6505,39.31228]},"properties":{"id":141677,"name":"Ross","state_code":"OH","country_code":"US"}},{"type":"Feature","geometry":{"type":"Point","coordinates":[-83.56438,41.60977]},"properties":{"id":141679,"name":"Rossford","state_code":"OH","country_code":"US"}},{"type":"Feature","geometry":{"type":"Point","coordinates":[-84.38688,39.21367]},"properties":{"id":141680,"name":"Rossmoyne","state_code":"OH","country_code":"US"}},{"type":"Feature","geometry":{"type":"Point","coordinates":[-83.89272,40.47116]},"properties":{"id":141681,"name":"Russells Point","state_code":"OH","country_code":"US"}},{"type":"Feature","geometry":{"type":"Point","coordinates":[-83.63687,39.48867]},"properties":{"id":141682,"name":"Sabina","state_code":"OH","country_code":"US"}},{"type":"Feature","geometry":{"type":"Point","coordinates":[-84.49855,39.167]},"properties":{"id":141683,"name":"Saint Bernard","state_code":"OH","country_code":"US"}},{"type":"Feature","geometry":{"type":"Point","coordinates":[-80.90009,40.08063]},"properties":{"id":141684,"name":"Saint Clairsville","state_code":"OH","country_code":"US"}},{"type":"Feature","geometry":{"type":"Point","coordinates":[-84.63968,40.41755]},"properties":{"id":141685,"name":"Saint Henry","state_code":"OH","country_code":"US"}},{"type":"Feature","geometry":{"type":"Point","coordinates":[-84.3894,40.54227]},"properties":{"id":141686,"name":"Saint Marys","state_code":"OH","country_code":"US"}},{"type":"Feature","geometry":{"type":"Point","coordinates":[-83.95966,40.12839]},"properties":{"id":141687,"name":"Saint Paris","state_code":"OH","country_code":"US"}},{"type":"Feature","geometry":{"type":"Point","coordinates":[-80.85675,40.90089]},"properties":{"id":141688,"name":"Salem","state_code":"OH","country_code":"US"}},{"type":"Feature","geometry":{"type":"Point","coordinates":[-84.37827,39.07173]},"properties":{"id":141689,"name":"Salem Heights","state_code":"OH","country_code":"US"}},{"type":"Feature","geometry":{"type":"Point","coordinates":[-80.83786,40.62256]},"properties":{"id":141690,"name":"Salineville","state_code":"OH","country_code":"US"}},{"type":"Feature","geometry":{"type":"Point","coordinates":[-82.70796,41.44894]},"properties":{"id":141691,"name":"Sandusky","state_code":"OH","country_code":"US"}},{"type":"Feature","geometry":{"type":"Point","coordinates":[-81.44095,41.03783]},"properties":{"id":141693,"name":"Sawyerwood","state_code":"OH","country_code":"US"}},{"type":"Feature","geometry":{"type":"Point","coordinates":[-82.86878,38.7548]},"properties":{"id":141695,"name":"Sciotodale","state_code":"OH","country_code":"US"}},{"type":"Feature","geometry":{"type":"Point","coordinates":[-81.01898,40.92284]},"properties":{"id":141696,"name":"Sebring","state_code":"OH","country_code":"US"}},{"type":"Feature","geometry":{"type":"Point","coordinates":[-81.67624,41.39533]},"properties":{"id":141698,"name":"Seven Hills","state_code":"OH","country_code":"US"}},{"type":"Feature","geometry":{"type":"Point","coordinates":[-81.86236,41.01006]},"properties":{"id":141699,"name":"Seville","state_code":"OH","country_code":"US"}},{"type":"Feature","geometry":{"type":"Point","coordinates":[-80.75064,39.97091]},"properties":{"id":141700,"name":"Shadyside","state_code":"OH","country_code":"US"}},{"type":"Feature","geometry":{"type":"Point","coordinates":[-81.53707,41.47394]},"properties":{"id":141701,"name":"Shaker Heights","state_code":"OH","country_code":"US"}},{"type":"Feature","geometry":{"type":"Point","coordinates":[-84.41327,39.26811]},"properties":{"id":141702,"name":"Sharonville","state_code":"OH","country_code":"US"}},{"type":"Feature","geometry":{"type":"Point","coordinates":[-83.78687,39.65284]},"properties":{"id":141703,"name":"Shawnee Hills","state_code":"OH","country_code":"US"}},{"type":"Feature","geometry":{"type":"Point","coordinates":[-82.09626,41.42115]},"properties":{"id":141704,"name":"Sheffield","state_code":"OH","country_code":"US"}},{"type":"Feature","geometry":{"type":"Point","coordinates":[-82.10154,41.48754]},"properties":{"id":141705,"name":"Sheffield Lake","state_code":"OH","country_code":"US"}},{"type":"Feature","geometry":{"type":"Point","coordinates":[-82.66184,40.88145]},"properties":{"id":141706,"name":"Shelby","state_code":"OH","country_code":"US"}},{"type":"Feature","geometry":{"type":"Point","coordinates":[-84.36077,39.08478]},"properties":{"id":141708,"name":"Sherwood","state_code":"OH","country_code":"US"}},{"type":"Feature","geometry":{"type":"Point","coordinates":[-84.22855,39.81867]},"properties":{"id":141709,"name":"Shiloh","state_code":"OH","country_code":"US"}},{"type":"Feature","geometry":{"type":"Point","coordinates":[-82.02181,40.68145]},"properties":{"id":141710,"name":"Shreve","state_code":"OH","country_code":"US"}},{"type":"Feature","geometry":{"type":"Point","coordinates":[-84.1555,40.28422]},"properties":{"id":141711,"name":"Sidney","state_code":"OH","country_code":"US"}},{"type":"Feature","geometry":{"type":"Point","coordinates":[-81.45428,41.15895]},"properties":{"id":141712,"name":"Silver Lake","state_code":"OH","country_code":"US"}},{"type":"Feature","geometry":{"type":"Point","coordinates":[-84.4005,39.19284]},"properties":{"id":141713,"name":"Silverton","state_code":"OH","country_code":"US"}},{"type":"Feature","geometry":{"type":"Point","coordinates":[-84.32744,39.27284]},"properties":{"id":141714,"name":"Sixteen Mile Stand","state_code":"OH","country_code":"US"}},{"type":"Feature","geometry":{"type":"Point","coordinates":[-84.56689,39.22867]},"properties":{"id":141715,"name":"Skyline Acres","state_code":"OH","country_code":"US"}},{"type":"Feature","geometry":{"type":"Point","coordinates":[-81.8618,40.86228]},"properties":{"id":141716,"name":"Smithville","state_code":"OH","country_code":"US"}},{"type":"Feature","geometry":{"type":"Point","coordinates":[-81.44123,41.38978]},"properties":{"id":141717,"name":"Solon","state_code":"OH","country_code":"US"}},{"type":"Feature","geometry":{"type":"Point","coordinates":[-82.29709,39.80701]},"properties":{"id":141718,"name":"Somerset","state_code":"OH","country_code":"US"}},{"type":"Feature","geometry":{"type":"Point","coordinates":[-82.25377,41.35588]},"properties":{"id":141719,"name":"South Amherst","state_code":"OH","country_code":"US"}},{"type":"Feature","geometry":{"type":"Point","coordinates":[-82.98685,39.7184]},"properties":{"id":141720,"name":"South Bloomfield","state_code":"OH","country_code":"US"}},{"type":"Feature","geometry":{"type":"Point","coordinates":[-80.98676,41.17728]},"properties":{"id":141721,"name":"South Canal","state_code":"OH","country_code":"US"}},{"type":"Feature","geometry":{"type":"Point","coordinates":[-83.63437,39.82534]},"properties":{"id":141722,"name":"South Charleston","state_code":"OH","country_code":"US"}},{"type":"Feature","geometry":{"type":"Point","coordinates":[-81.51846,41.52311]},"properties":{"id":141723,"name":"South Euclid","state_code":"OH","country_code":"US"}},{"type":"Feature","geometry":{"type":"Point","coordinates":[-84.21327,39.37089]},"properties":{"id":141724,"name":"South Lebanon","state_code":"OH","country_code":"US"}},{"type":"Feature","geometry":{"type":"Point","coordinates":[-82.58627,38.41786]},"properties":{"id":141725,"name":"South Point","state_code":"OH","country_code":"US"}},{"type":"Feature","geometry":{"type":"Point","coordinates":[-81.36539,41.43144]},"properties":{"id":141726,"name":"South Russell","state_code":"OH","country_code":"US"}},{"type":"Feature","geometry":{"type":"Point","coordinates":[-82.00625,39.89923]},"properties":{"id":141727,"name":"South Zanesville","state_code":"OH","country_code":"US"}},{"type":"Feature","geometry":{"type":"Point","coordinates":[-84.35356,40.70894]},"properties":{"id":141728,"name":"Spencerville","state_code":"OH","country_code":"US"}},{"type":"Feature","geometry":{"type":"Point","coordinates":[-84.23327,39.55228]},"properties":{"id":141729,"name":"Springboro","state_code":"OH","country_code":"US"}},{"type":"Feature","geometry":{"type":"Point","coordinates":[-84.48522,39.287]},"properties":{"id":141730,"name":"Springdale","state_code":"OH","country_code":"US"}},{"type":"Feature","geometry":{"type":"Point","coordinates":[-83.80882,39.92423]},"properties":{"id":141731,"name":"Springfield","state_code":"OH","country_code":"US"}},{"type":"Feature","geometry":{"type":"Point","coordinates":[-80.63396,40.36979]},"properties":{"id":141733,"name":"Steubenville","state_code":"OH","country_code":"US"}},{"type":"Feature","geometry":{"type":"Point","coordinates":[-83.1552,41.35144]},"properties":{"id":141734,"name":"Stony Prairie","state_code":"OH","country_code":"US"}},{"type":"Feature","geometry":{"type":"Point","coordinates":[-81.44039,41.1595]},"properties":{"id":141735,"name":"Stow","state_code":"OH","country_code":"US"}},{"type":"Feature","geometry":{"type":"Point","coordinates":[-81.52679,40.59478]},"properties":{"id":141736,"name":"Strasburg","state_code":"OH","country_code":"US"}},{"type":"Feature","geometry":{"type":"Point","coordinates":[-81.34594,41.23922]},"properties":{"id":141737,"name":"Streetsboro","state_code":"OH","country_code":"US"}},{"type":"Feature","geometry":{"type":"Point","coordinates":[-81.83569,41.3145]},"properties":{"id":141738,"name":"Strongsville","state_code":"OH","country_code":"US"}},{"type":"Feature","geometry":{"type":"Point","coordinates":[-80.60785,41.05256]},"properties":{"id":141739,"name":"Struthers","state_code":"OH","country_code":"US"}},{"type":"Feature","geometry":{"type":"Point","coordinates":[-84.41412,41.50366]},"properties":{"id":141740,"name":"Stryker","state_code":"OH","country_code":"US"}},{"type":"Feature","geometry":{"type":"Point","coordinates":[-81.64096,40.50312]},"properties":{"id":141741,"name":"Sugarcreek","state_code":"OH","country_code":"US"}},{"type":"Feature","geometry":{"type":"Point","coordinates":[-81.64176,40.50253]},"properties":{"id":141742,"name":"Sugarcreek Police Dept","state_code":"OH","country_code":"US"}},{"type":"Feature","geometry":{"type":"Point","coordinates":[-84.28827,39.10478]},"properties":{"id":141743,"name":"Summerside","state_code":"OH","country_code":"US"}},{"type":"Feature","geometry":{"type":"Point","coordinates":[-82.85907,40.24256]},"properties":{"id":141745,"name":"Sunbury","state_code":"OH","country_code":"US"}},{"type":"Feature","geometry":{"type":"Point","coordinates":[-83.89105,41.58866]},"properties":{"id":141746,"name":"Swanton","state_code":"OH","country_code":"US"}},{"type":"Feature","geometry":{"type":"Point","coordinates":[-83.71299,41.71894]},"properties":{"id":141747,"name":"Sylvania","state_code":"OH","country_code":"US"}},{"type":"Feature","geometry":{"type":"Point","coordinates":[-81.44178,41.10145]},"properties":{"id":141748,"name":"Tallmadge","state_code":"OH","country_code":"US"}},{"type":"Feature","geometry":{"type":"Point","coordinates":[-84.30716,39.15923]},"properties":{"id":141749,"name":"Terrace Park","state_code":"OH","country_code":"US"}},{"type":"Feature","geometry":{"type":"Point","coordinates":[-82.13237,39.36896]},"properties":{"id":141750,"name":"The Plains","state_code":"OH","country_code":"US"}},{"type":"Feature","geometry":{"type":"Point","coordinates":[-84.33517,39.17949]},"properties":{"id":141751,"name":"The Village of Indian Hill","state_code":"OH","country_code":"US"}},{"type":"Feature","geometry":{"type":"Point","coordinates":[-82.41099,39.91312]},"properties":{"id":141752,"name":"Thornport","state_code":"OH","country_code":"US"}},{"type":"Feature","geometry":{"type":"Point","coordinates":[-83.17797,41.1145]},"properties":{"id":141753,"name":"Tiffin","state_code":"OH","country_code":"US"}},{"type":"Feature","geometry":{"type":"Point","coordinates":[-80.6998,40.16674]},"properties":{"id":141754,"name":"Tiltonsville","state_code":"OH","country_code":"US"}},{"type":"Feature","geometry":{"type":"Point","coordinates":[-84.17216,39.95839]},"properties":{"id":141755,"name":"Tipp City","state_code":"OH","country_code":"US"}},{"type":"Feature","geometry":{"type":"Point","coordinates":[-83.55521,41.66394]},"properties":{"id":141756,"name":"Toledo","state_code":"OH","country_code":"US"}},{"type":"Feature","geometry":{"type":"Point","coordinates":[-80.60091,40.46423]},"properties":{"id":141757,"name":"Toronto","state_code":"OH","country_code":"US"}},{"type":"Feature","geometry":{"type":"Point","coordinates":[-84.45772,39.48089]},"properties":{"id":141758,"name":"Trenton","state_code":"OH","country_code":"US"}},{"type":"Feature","geometry":{"type":"Point","coordinates":[-84.31133,39.79728]},"properties":{"id":141759,"name":"Trotwood","state_code":"OH","country_code":"US"}},{"type":"Feature","geometry":{"type":"Point","coordinates":[-84.20328,40.0395]},"properties":{"id":141760,"name":"Troy","state_code":"OH","country_code":"US"}},{"type":"Feature","geometry":{"type":"Point","coordinates":[-84.37994,39.11006]},"properties":{"id":141762,"name":"Turpin Hills","state_code":"OH","country_code":"US"}},{"type":"Feature","geometry":{"type":"Point","coordinates":[-81.40706,40.39479]},"properties":{"id":141763,"name":"Tuscarawas","state_code":"OH","country_code":"US"}},{"type":"Feature","geometry":{"type":"Point","coordinates":[-81.44011,41.31256]},"properties":{"id":141765,"name":"Twinsburg","state_code":"OH","country_code":"US"}},{"type":"Feature","geometry":{"type":"Point","coordinates":[-81.3465,40.39312]},"properties":{"id":141766,"name":"Uhrichsville","state_code":"OH","country_code":"US"}},{"type":"Feature","geometry":{"type":"Point","coordinates":[-84.30633,39.89783]},"properties":{"id":141767,"name":"Union","state_code":"OH","country_code":"US"}},{"type":"Feature","geometry":{"type":"Point","coordinates":[-81.40817,40.97506]},"properties":{"id":141770,"name":"Uniontown","state_code":"OH","country_code":"US"}},{"type":"Feature","geometry":{"type":"Point","coordinates":[-81.53735,41.49783]},"properties":{"id":141771,"name":"University Heights","state_code":"OH","country_code":"US"}},{"type":"Feature","geometry":{"type":"Point","coordinates":[-83.06241,39.99451]},"properties":{"id":141772,"name":"Upper Arlington","state_code":"OH","country_code":"US"}},{"type":"Feature","geometry":{"type":"Point","coordinates":[-83.28131,40.82728]},"properties":{"id":141773,"name":"Upper Sandusky","state_code":"OH","country_code":"US"}},{"type":"Feature","geometry":{"type":"Point","coordinates":[-83.75243,40.10839]},"properties":{"id":141774,"name":"Urbana","state_code":"OH","country_code":"US"}},{"type":"Feature","geometry":{"type":"Point","coordinates":[-83.08685,39.89756]},"properties":{"id":141775,"name":"Urbancrest","state_code":"OH","country_code":"US"}},{"type":"Feature","geometry":{"type":"Point","coordinates":[-82.45127,40.23423]},"properties":{"id":141776,"name":"Utica","state_code":"OH","country_code":"US"}},{"type":"Feature","geometry":{"type":"Point","coordinates":[-81.60457,41.38783]},"properties":{"id":141777,"name":"Valley View","state_code":"OH","country_code":"US"}},{"type":"Feature","geometry":{"type":"Point","coordinates":[-84.58412,40.86949]},"properties":{"id":141778,"name":"Van Wert","state_code":"OH","country_code":"US"}},{"type":"Feature","geometry":{"type":"Point","coordinates":[-84.19883,39.89061]},"properties":{"id":141780,"name":"Vandalia","state_code":"OH","country_code":"US"}},{"type":"Feature","geometry":{"type":"Point","coordinates":[-82.36461,41.42199]},"properties":{"id":141781,"name":"Vermilion","state_code":"OH","country_code":"US"}},{"type":"Feature","geometry":{"type":"Point","coordinates":[-82.32377,41.42838]},"properties":{"id":141782,"name":"Vermilion-on-the-Lake","state_code":"OH","country_code":"US"}},{"type":"Feature","geometry":{"type":"Point","coordinates":[-84.4844,40.22255]},"properties":{"id":141783,"name":"Versailles","state_code":"OH","country_code":"US"}},{"type":"Feature","geometry":{"type":"Point","coordinates":[-81.72985,41.02561]},"properties":{"id":141785,"name":"Wadsworth","state_code":"OH","country_code":"US"}},{"type":"Feature","geometry":{"type":"Point","coordinates":[-82.39961,41.2545]},"properties":{"id":141786,"name":"Wakeman","state_code":"OH","country_code":"US"}},{"type":"Feature","geometry":{"type":"Point","coordinates":[-83.49327,41.58783]},"properties":{"id":141787,"name":"Walbridge","state_code":"OH","country_code":"US"}},{"type":"Feature","geometry":{"type":"Point","coordinates":[-81.56123,41.36561]},"properties":{"id":141788,"name":"Walton Hills","state_code":"OH","country_code":"US"}},{"type":"Feature","geometry":{"type":"Point","coordinates":[-84.19356,40.56783]},"properties":{"id":141789,"name":"Wapakoneta","state_code":"OH","country_code":"US"}},{"type":"Feature","geometry":{"type":"Point","coordinates":[-80.81842,41.23756]},"properties":{"id":141790,"name":"Warren","state_code":"OH","country_code":"US"}},{"type":"Feature","geometry":{"type":"Point","coordinates":[-81.53623,41.43505]},"properties":{"id":141792,"name":"Warrensville Heights","state_code":"OH","country_code":"US"}},{"type":"Feature","geometry":{"type":"Point","coordinates":[-83.43908,39.53645]},"properties":{"id":141794,"name":"Washington Court House","state_code":"OH","country_code":"US"}},{"type":"Feature","geometry":{"type":"Point","coordinates":[-83.71827,41.50089]},"properties":{"id":141795,"name":"Waterville","state_code":"OH","country_code":"US"}},{"type":"Feature","geometry":{"type":"Point","coordinates":[-84.14161,41.54922]},"properties":{"id":141796,"name":"Wauseon","state_code":"OH","country_code":"US"}},{"type":"Feature","geometry":{"type":"Point","coordinates":[-82.98546,39.12673]},"properties":{"id":141797,"name":"Waverly","state_code":"OH","country_code":"US"}},{"type":"Feature","geometry":{"type":"Point","coordinates":[-84.0866,39.52978]},"properties":{"id":141799,"name":"Waynesville","state_code":"OH","country_code":"US"}},{"type":"Feature","geometry":{"type":"Point","coordinates":[-82.21794,41.16894]},"properties":{"id":141800,"name":"Wellington","state_code":"OH","country_code":"US"}},{"type":"Feature","geometry":{"type":"Point","coordinates":[-82.53294,39.12341]},"properties":{"id":141801,"name":"Wellston","state_code":"OH","country_code":"US"}},{"type":"Feature","geometry":{"type":"Point","coordinates":[-80.64896,40.60284]},"properties":{"id":141802,"name":"Wellsville","state_code":"OH","country_code":"US"}},{"type":"Feature","geometry":{"type":"Point","coordinates":[-84.53217,39.7445]},"properties":{"id":141803,"name":"West Alexandria","state_code":"OH","country_code":"US"}},{"type":"Feature","geometry":{"type":"Point","coordinates":[-84.25216,39.67228]},"properties":{"id":141804,"name":"West Carrollton City","state_code":"OH","country_code":"US"}},{"type":"Feature","geometry":{"type":"Point","coordinates":[-80.51924,41.23283]},"properties":{"id":141805,"name":"West Hill","state_code":"OH","country_code":"US"}},{"type":"Feature","geometry":{"type":"Point","coordinates":[-83.2688,39.94478]},"properties":{"id":141806,"name":"West Jefferson","state_code":"OH","country_code":"US"}},{"type":"Feature","geometry":{"type":"Point","coordinates":[-81.75096,40.27535]},"properties":{"id":141807,"name":"West Lafayette","state_code":"OH","country_code":"US"}},{"type":"Feature","geometry":{"type":"Point","coordinates":[-83.75577,40.25228]},"properties":{"id":141808,"name":"West Liberty","state_code":"OH","country_code":"US"}},{"type":"Feature","geometry":{"type":"Point","coordinates":[-84.328,39.96255]},"properties":{"id":141809,"name":"West Milton","state_code":"OH","country_code":"US"}},{"type":"Feature","geometry":{"type":"Point","coordinates":[-83.02906,38.75841]},"properties":{"id":141810,"name":"West Portsmouth","state_code":"OH","country_code":"US"}},{"type":"Feature","geometry":{"type":"Point","coordinates":[-82.10987,40.97144]},"properties":{"id":141811,"name":"West Salem","state_code":"OH","country_code":"US"}},{"type":"Feature","geometry":{"type":"Point","coordinates":[-83.54519,38.79452]},"properties":{"id":141812,"name":"West Union","state_code":"OH","country_code":"US"}},{"type":"Feature","geometry":{"type":"Point","coordinates":[-84.43495,41.58616]},"properties":{"id":141813,"name":"West Unity","state_code":"OH","country_code":"US"}},{"type":"Feature","geometry":{"type":"Point","coordinates":[-82.92907,40.12617]},"properties":{"id":141814,"name":"Westerville","state_code":"OH","country_code":"US"}},{"type":"Feature","geometry":{"type":"Point","coordinates":[-81.9332,41.02644]},"properties":{"id":141815,"name":"Westfield Center","state_code":"OH","country_code":"US"}},{"type":"Feature","geometry":{"type":"Point","coordinates":[-81.91792,41.45532]},"properties":{"id":141816,"name":"Westlake","state_code":"OH","country_code":"US"}},{"type":"Feature","geometry":{"type":"Point","coordinates":[-83.79716,41.34477]},"properties":{"id":141817,"name":"Weston","state_code":"OH","country_code":"US"}},{"type":"Feature","geometry":{"type":"Point","coordinates":[-84.37744,39.36367]},"properties":{"id":141818,"name":"Wetherington","state_code":"OH","country_code":"US"}},{"type":"Feature","geometry":{"type":"Point","coordinates":[-82.85545,38.73035]},"properties":{"id":141819,"name":"Wheelersburg","state_code":"OH","country_code":"US"}},{"type":"Feature","geometry":{"type":"Point","coordinates":[-84.59939,39.21311]},"properties":{"id":141820,"name":"White Oak","state_code":"OH","country_code":"US"}},{"type":"Feature","geometry":{"type":"Point","coordinates":[-82.88546,39.96673]},"properties":{"id":141821,"name":"Whitehall","state_code":"OH","country_code":"US"}},{"type":"Feature","geometry":{"type":"Point","coordinates":[-83.80383,41.51894]},"properties":{"id":141822,"name":"Whitehouse","state_code":"OH","country_code":"US"}},{"type":"Feature","geometry":{"type":"Point","coordinates":[-81.45345,41.60533]},"properties":{"id":141823,"name":"Wickliffe","state_code":"OH","country_code":"US"}},{"type":"Feature","geometry":{"type":"Point","coordinates":[-83.87771,39.71617]},"properties":{"id":141824,"name":"Wilberforce","state_code":"OH","country_code":"US"}},{"type":"Feature","geometry":{"type":"Point","coordinates":[-82.72629,41.05311]},"properties":{"id":141825,"name":"Willard","state_code":"OH","country_code":"US"}},{"type":"Feature","geometry":{"type":"Point","coordinates":[-84.05299,39.05423]},"properties":{"id":141827,"name":"Williamsburg","state_code":"OH","country_code":"US"}},{"type":"Feature","geometry":{"type":"Point","coordinates":[-83.12046,39.5859]},"properties":{"id":141828,"name":"Williamsport","state_code":"OH","country_code":"US"}},{"type":"Feature","geometry":{"type":"Point","coordinates":[-81.4065,41.63977]},"properties":{"id":141829,"name":"Willoughby","state_code":"OH","country_code":"US"}},{"type":"Feature","geometry":{"type":"Point","coordinates":[-81.41845,41.59838]},"properties":{"id":141830,"name":"Willoughby Hills","state_code":"OH","country_code":"US"}},{"type":"Feature","geometry":{"type":"Point","coordinates":[-81.46873,41.6331]},"properties":{"id":141831,"name":"Willowick","state_code":"OH","country_code":"US"}},{"type":"Feature","geometry":{"type":"Point","coordinates":[-83.82854,39.44534]},"properties":{"id":141832,"name":"Wilmington","state_code":"OH","country_code":"US"}},{"type":"Feature","geometry":{"type":"Point","coordinates":[-83.65075,38.94174]},"properties":{"id":141833,"name":"Winchester","state_code":"OH","country_code":"US"}},{"type":"Feature","geometry":{"type":"Point","coordinates":[-81.04926,41.23506]},"properties":{"id":141834,"name":"Windham","state_code":"OH","country_code":"US"}},{"type":"Feature","geometry":{"type":"Point","coordinates":[-80.70369,40.37535]},"properties":{"id":141835,"name":"Wintersville","state_code":"OH","country_code":"US"}},{"type":"Feature","geometry":{"type":"Point","coordinates":[-84.28827,39.06228]},"properties":{"id":141836,"name":"Withamsville","state_code":"OH","country_code":"US"}},{"type":"Feature","geometry":{"type":"Point","coordinates":[-80.7837,40.06924]},"properties":{"id":141837,"name":"Wolfhurst","state_code":"OH","country_code":"US"}},{"type":"Feature","geometry":{"type":"Point","coordinates":[-84.47022,39.252]},"properties":{"id":141839,"name":"Woodlawn","state_code":"OH","country_code":"US"}},{"type":"Feature","geometry":{"type":"Point","coordinates":[-81.11538,39.76257]},"properties":{"id":141840,"name":"Woodsfield","state_code":"OH","country_code":"US"}},{"type":"Feature","geometry":{"type":"Point","coordinates":[-83.36576,41.45144]},"properties":{"id":141841,"name":"Woodville","state_code":"OH","country_code":"US"}},{"type":"Feature","geometry":{"type":"Point","coordinates":[-81.93646,40.80517]},"properties":{"id":141842,"name":"Wooster","state_code":"OH","country_code":"US"}},{"type":"Feature","geometry":{"type":"Point","coordinates":[-83.01796,40.09312]},"properties":{"id":141843,"name":"Worthington","state_code":"OH","country_code":"US"}},{"type":"Feature","geometry":{"type":"Point","coordinates":[-84.05731,39.81113]},"properties":{"id":141844,"name":"Wright-Patterson AFB","state_code":"OH","country_code":"US"}},{"type":"Feature","geometry":{"type":"Point","coordinates":[-84.46578,39.23117]},"properties":{"id":141846,"name":"Wyoming","state_code":"OH","country_code":"US"}},{"type":"Feature","geometry":{"type":"Point","coordinates":[-83.92965,39.68478]},"properties":{"id":141847,"name":"Xenia","state_code":"OH","country_code":"US"}},{"type":"Feature","geometry":{"type":"Point","coordinates":[-83.88687,39.80645]},"properties":{"id":141848,"name":"Yellow Springs","state_code":"OH","country_code":"US"}},{"type":"Feature","geometry":{"type":"Point","coordinates":[-80.71036,40.15452]},"properties":{"id":141849,"name":"Yorkville","state_code":"OH","country_code":"US"}},{"type":"Feature","geometry":{"type":"Point","coordinates":[-80.64952,41.09978]},"properties":{"id":141850,"name":"Youngstown","state_code":"OH","country_code":"US"}},{"type":"Feature","geometry":{"type":"Point","coordinates":[-82.01319,39.94035]},"properties":{"id":141851,"name":"Zanesville","state_code":"OH","country_code":"US"}}]}