{"type":"FeatureCollection","features":[{"type":"Feature","geometry":{"type":"Point","coordinates":[-76.9847,39.88649]},"properties":{"id":110971,"name":"Abbottstown","state_code":"PA","country_code":"US"}},{"type":"Feature","geometry":{"type":"Point","coordinates":[-76.05633,40.2412]},"properties":{"id":111030,"name":"Adamstown","state_code":"PA","country_code":"US"}},{"type":"Feature","geometry":{"type":"Point","coordinates":[-76.20217,40.15676]},"properties":{"id":111079,"name":"Akron","state_code":"PA","country_code":"US"}},{"type":"Feature","geometry":{"type":"Point","coordinates":[-80.36645,41.89061]},"properties":{"id":111129,"name":"Albion","state_code":"PA","country_code":"US"}},{"type":"Feature","geometry":{"type":"Point","coordinates":[-75.60297,40.51093]},"properties":{"id":111131,"name":"Alburtis","state_code":"PA","country_code":"US"}},{"type":"Feature","geometry":{"type":"Point","coordinates":[-75.28796,39.9215]},"properties":{"id":111135,"name":"Aldan","state_code":"PA","country_code":"US"}},{"type":"Feature","geometry":{"type":"Point","coordinates":[-80.24006,40.63673]},"properties":{"id":111174,"name":"Aliquippa","state_code":"PA","country_code":"US"}},{"type":"Feature","geometry":{"type":"Point","coordinates":[-75.98855,40.23426]},"properties":{"id":111186,"name":"Alleghenyville","state_code":"PA","country_code":"US"}},{"type":"Feature","geometry":{"type":"Point","coordinates":[-75.49018,40.60843]},"properties":{"id":111199,"name":"Allentown","state_code":"PA","country_code":"US"}},{"type":"Feature","geometry":{"type":"Point","coordinates":[-79.95867,40.55951]},"properties":{"id":111202,"name":"Allison Park","state_code":"PA","country_code":"US"}},{"type":"Feature","geometry":{"type":"Point","coordinates":[-76.38105,41.01453]},"properties":{"id":111212,"name":"Almedia","state_code":"PA","country_code":"US"}},{"type":"Feature","geometry":{"type":"Point","coordinates":[-78.39474,40.51868]},"properties":{"id":111248,"name":"Altoona","state_code":"PA","country_code":"US"}},{"type":"Feature","geometry":{"type":"Point","coordinates":[-75.22157,40.15455]},"properties":{"id":111264,"name":"Ambler","state_code":"PA","country_code":"US"}},{"type":"Feature","geometry":{"type":"Point","coordinates":[-80.22506,40.58923]},"properties":{"id":111267,"name":"Ambridge","state_code":"PA","country_code":"US"}},{"type":"Feature","geometry":{"type":"Point","coordinates":[-75.73519,40.27426]},"properties":{"id":111291,"name":"Amity Gardens","state_code":"PA","country_code":"US"}},{"type":"Feature","geometry":{"type":"Point","coordinates":[-75.58935,40.54732]},"properties":{"id":111307,"name":"Ancient Oaks","state_code":"PA","country_code":"US"}},{"type":"Feature","geometry":{"type":"Point","coordinates":[-76.51524,40.32954]},"properties":{"id":111357,"name":"Annville","state_code":"PA","country_code":"US"}},{"type":"Feature","geometry":{"type":"Point","coordinates":[-79.56643,40.58145]},"properties":{"id":111387,"name":"Apollo","state_code":"PA","country_code":"US"}},{"type":"Feature","geometry":{"type":"Point","coordinates":[-75.53685,41.4948]},"properties":{"id":111427,"name":"Archbald","state_code":"PA","country_code":"US"}},{"type":"Feature","geometry":{"type":"Point","coordinates":[-75.28546,40.00678]},"properties":{"id":111443,"name":"Ardmore","state_code":"PA","country_code":"US"}},{"type":"Feature","geometry":{"type":"Point","coordinates":[-75.21629,40.99009]},"properties":{"id":111473,"name":"Arlington Heights","state_code":"PA","country_code":"US"}},{"type":"Feature","geometry":{"type":"Point","coordinates":[-79.76672,40.58007]},"properties":{"id":111487,"name":"Arnold","state_code":"PA","country_code":"US"}},{"type":"Feature","geometry":{"type":"Point","coordinates":[-76.34578,40.78175]},"properties":{"id":111537,"name":"Ashland","state_code":"PA","country_code":"US"}},{"type":"Feature","geometry":{"type":"Point","coordinates":[-75.89659,41.21036]},"properties":{"id":111544,"name":"Ashley","state_code":"PA","country_code":"US"}},{"type":"Feature","geometry":{"type":"Point","coordinates":[-79.90477,40.49146]},"properties":{"id":111555,"name":"Aspinwall","state_code":"PA","country_code":"US"}},{"type":"Feature","geometry":{"type":"Point","coordinates":[-75.97356,39.94927]},"properties":{"id":111571,"name":"Atglen","state_code":"PA","country_code":"US"}},{"type":"Feature","geometry":{"type":"Point","coordinates":[-76.518,41.9573]},"properties":{"id":111580,"name":"Athens","state_code":"PA","country_code":"US"}},{"type":"Feature","geometry":{"type":"Point","coordinates":[-75.43185,40.12788]},"properties":{"id":111640,"name":"Audubon","state_code":"PA","country_code":"US"}},{"type":"Feature","geometry":{"type":"Point","coordinates":[-80.06756,40.5009]},"properties":{"id":111674,"name":"Avalon","state_code":"PA","country_code":"US"}},{"type":"Feature","geometry":{"type":"Point","coordinates":[-77.31386,41.18479]},"properties":{"id":111685,"name":"Avis","state_code":"PA","country_code":"US"}},{"type":"Feature","geometry":{"type":"Point","coordinates":[-75.7363,41.3398]},"properties":{"id":111688,"name":"Avoca","state_code":"PA","country_code":"US"}},{"type":"Feature","geometry":{"type":"Point","coordinates":[-76.38996,40.34565]},"properties":{"id":111694,"name":"Avon","state_code":"PA","country_code":"US"}},{"type":"Feature","geometry":{"type":"Point","coordinates":[-75.78327,39.82344]},"properties":{"id":111699,"name":"Avondale","state_code":"PA","country_code":"US"}},{"type":"Feature","geometry":{"type":"Point","coordinates":[-80.26979,42.04561]},"properties":{"id":111703,"name":"Avonia","state_code":"PA","country_code":"US"}},{"type":"Feature","geometry":{"type":"Point","coordinates":[-75.99631,41.33591]},"properties":{"id":111718,"name":"Back Mountain","state_code":"PA","country_code":"US"}},{"type":"Feature","geometry":{"type":"Point","coordinates":[-80.22812,40.63507]},"properties":{"id":111723,"name":"Baden","state_code":"PA","country_code":"US"}},{"type":"Feature","geometry":{"type":"Point","coordinates":[-79.97088,40.19479]},"properties":{"id":111729,"name":"Baidland","state_code":"PA","country_code":"US"}},{"type":"Feature","geometry":{"type":"Point","coordinates":[-76.66747,40.09093]},"properties":{"id":111734,"name":"Bainbridge","state_code":"PA","country_code":"US"}},{"type":"Feature","geometry":{"type":"Point","coordinates":[-79.93644,40.6509]},"properties":{"id":111745,"name":"Bakerstown","state_code":"PA","country_code":"US"}},{"type":"Feature","geometry":{"type":"Point","coordinates":[-75.23407,40.00761]},"properties":{"id":111748,"name":"Bala-Cynwyd","state_code":"PA","country_code":"US"}},{"type":"Feature","geometry":{"type":"Point","coordinates":[-79.97894,40.33813]},"properties":{"id":111757,"name":"Baldwin","state_code":"PA","country_code":"US"}},{"type":"Feature","geometry":{"type":"Point","coordinates":[-75.58713,40.40232]},"properties":{"id":111777,"name":"Bally","state_code":"PA","country_code":"US"}},{"type":"Feature","geometry":{"type":"Point","coordinates":[-75.20657,40.86565]},"properties":{"id":111793,"name":"Bangor","state_code":"PA","country_code":"US"}},{"type":"Feature","geometry":{"type":"Point","coordinates":[-78.78003,40.66257]},"properties":{"id":111828,"name":"Barnesboro","state_code":"PA","country_code":"US"}},{"type":"Feature","geometry":{"type":"Point","coordinates":[-75.39407,40.72565]},"properties":{"id":111899,"name":"Bath","state_code":"PA","country_code":"US"}},{"type":"Feature","geometry":{"type":"Point","coordinates":[-79.4617,40.12285]},"properties":{"id":111978,"name":"Bear Rocks","state_code":"PA","country_code":"US"}},{"type":"Feature","geometry":{"type":"Point","coordinates":[-80.30478,40.69534]},"properties":{"id":111993,"name":"Beaver","state_code":"PA","country_code":"US"}},{"type":"Feature","geometry":{"type":"Point","coordinates":[-80.31923,40.75201]},"properties":{"id":112004,"name":"Beaver Falls","state_code":"PA","country_code":"US"}},{"type":"Feature","geometry":{"type":"Point","coordinates":[-78.69696,40.32202]},"properties":{"id":112006,"name":"Beaverdale","state_code":"PA","country_code":"US"}},{"type":"Feature","geometry":{"type":"Point","coordinates":[-78.50391,40.01869]},"properties":{"id":112026,"name":"Bedford","state_code":"PA","country_code":"US"}},{"type":"Feature","geometry":{"type":"Point","coordinates":[-75.17906,40.42594]},"properties":{"id":112032,"name":"Bedminster","state_code":"PA","country_code":"US"}},{"type":"Feature","geometry":{"type":"Point","coordinates":[-75.93545,41.04158]},"properties":{"id":112038,"name":"Beech Mountain Lakes","state_code":"PA","country_code":"US"}},{"type":"Feature","geometry":{"type":"Point","coordinates":[-75.27796,40.78065]},"properties":{"id":112057,"name":"Belfast","state_code":"PA","country_code":"US"}},{"type":"Feature","geometry":{"type":"Point","coordinates":[-80.16645,40.59007]},"properties":{"id":112067,"name":"Bell Acres","state_code":"PA","country_code":"US"}},{"type":"Feature","geometry":{"type":"Point","coordinates":[-79.86644,40.12507]},"properties":{"id":112093,"name":"Belle Vernon","state_code":"PA","country_code":"US"}},{"type":"Feature","geometry":{"type":"Point","coordinates":[-77.77833,40.91339]},"properties":{"id":112099,"name":"Bellefonte","state_code":"PA","country_code":"US"}},{"type":"Feature","geometry":{"type":"Point","coordinates":[-77.72555,40.60507]},"properties":{"id":112107,"name":"Belleville","state_code":"PA","country_code":"US"}},{"type":"Feature","geometry":{"type":"Point","coordinates":[-80.05172,40.49396]},"properties":{"id":112114,"name":"Bellevue","state_code":"PA","country_code":"US"}},{"type":"Feature","geometry":{"type":"Point","coordinates":[-78.32474,40.6034]},"properties":{"id":112132,"name":"Bellwood","state_code":"PA","country_code":"US"}},{"type":"Feature","geometry":{"type":"Point","coordinates":[-78.88947,40.2873]},"properties":{"id":112141,"name":"Belmont","state_code":"PA","country_code":"US"}},{"type":"Feature","geometry":{"type":"Point","coordinates":[-80.08311,40.50812]},"properties":{"id":112161,"name":"Ben Avon","state_code":"PA","country_code":"US"}},{"type":"Feature","geometry":{"type":"Point","coordinates":[-80.00839,40.11674]},"properties":{"id":112190,"name":"Bentleyville","state_code":"PA","country_code":"US"}},{"type":"Feature","geometry":{"type":"Point","coordinates":[-78.9578,39.92064]},"properties":{"id":112236,"name":"Berlin","state_code":"PA","country_code":"US"}},{"type":"Feature","geometry":{"type":"Point","coordinates":[-76.23327,41.05453]},"properties":{"id":112263,"name":"Berwick","state_code":"PA","country_code":"US"}},{"type":"Feature","geometry":{"type":"Point","coordinates":[-75.43881,40.04483]},"properties":{"id":112265,"name":"Berwyn","state_code":"PA","country_code":"US"}},{"type":"Feature","geometry":{"type":"Point","coordinates":[-80.49368,40.97478]},"properties":{"id":112269,"name":"Bessemer","state_code":"PA","country_code":"US"}},{"type":"Feature","geometry":{"type":"Point","coordinates":[-80.0395,40.32757]},"properties":{"id":112287,"name":"Bethel Park","state_code":"PA","country_code":"US"}},{"type":"Feature","geometry":{"type":"Point","coordinates":[-75.37046,40.62593]},"properties":{"id":112291,"name":"Bethlehem","state_code":"PA","country_code":"US"}},{"type":"Feature","geometry":{"type":"Point","coordinates":[-75.47644,41.25383]},"properties":{"id":112314,"name":"Big Bass Lake","state_code":"PA","country_code":"US"}},{"type":"Feature","geometry":{"type":"Point","coordinates":[-80.36284,40.82451]},"properties":{"id":112317,"name":"Big Beaver","state_code":"PA","country_code":"US"}},{"type":"Feature","geometry":{"type":"Point","coordinates":[-77.24804,39.93037]},"properties":{"id":112341,"name":"Biglerville","state_code":"PA","country_code":"US"}},{"type":"Feature","geometry":{"type":"Point","coordinates":[-74.9185,41.25454]},"properties":{"id":112356,"name":"Birchwood Lakes","state_code":"PA","country_code":"US"}},{"type":"Feature","geometry":{"type":"Point","coordinates":[-75.80409,40.26454]},"properties":{"id":112357,"name":"Birdsboro","state_code":"PA","country_code":"US"}},{"type":"Feature","geometry":{"type":"Point","coordinates":[-79.18688,40.4725]},"properties":{"id":112379,"name":"Black Lick","state_code":"PA","country_code":"US"}},{"type":"Feature","geometry":{"type":"Point","coordinates":[-79.26087,40.43118]},"properties":{"id":112413,"name":"Blairsville","state_code":"PA","country_code":"US"}},{"type":"Feature","geometry":{"type":"Point","coordinates":[-75.59463,41.48091]},"properties":{"id":112415,"name":"Blakely","state_code":"PA","country_code":"US"}},{"type":"Feature","geometry":{"type":"Point","coordinates":[-75.88687,40.4412]},"properties":{"id":112423,"name":"Blandon","state_code":"PA","country_code":"US"}},{"type":"Feature","geometry":{"type":"Point","coordinates":[-79.86061,40.4934]},"properties":{"id":112426,"name":"Blawnox","state_code":"PA","country_code":"US"}},{"type":"Feature","geometry":{"type":"Point","coordinates":[-79.95089,40.4609]},"properties":{"id":112439,"name":"Bloomfield","state_code":"PA","country_code":"US"}},{"type":"Feature","geometry":{"type":"Point","coordinates":[-76.45495,41.0037]},"properties":{"id":112454,"name":"Bloomsburg","state_code":"PA","country_code":"US"}},{"type":"Feature","geometry":{"type":"Point","coordinates":[-77.06386,41.67952]},"properties":{"id":112455,"name":"Blossburg","state_code":"PA","country_code":"US"}},{"type":"Feature","geometry":{"type":"Point","coordinates":[-76.04717,40.11871]},"properties":{"id":112463,"name":"Blue Ball","state_code":"PA","country_code":"US"}},{"type":"Feature","geometry":{"type":"Point","coordinates":[-75.26629,40.15233]},"properties":{"id":112464,"name":"Blue Bell","state_code":"PA","country_code":"US"}},{"type":"Feature","geometry":{"type":"Point","coordinates":[-77.7925,40.77562]},"properties":{"id":112488,"name":"Boalsburg","state_code":"PA","country_code":"US"}},{"type":"Feature","geometry":{"type":"Point","coordinates":[-77.12831,40.14981]},"properties":{"id":112507,"name":"Boiling Springs","state_code":"PA","country_code":"US"}},{"type":"Feature","geometry":{"type":"Point","coordinates":[-77.13721,39.81204]},"properties":{"id":112541,"name":"Bonneauville","state_code":"PA","country_code":"US"}},{"type":"Feature","geometry":{"type":"Point","coordinates":[-75.44158,39.83011]},"properties":{"id":112574,"name":"Boothwyn","state_code":"PA","country_code":"US"}},{"type":"Feature","geometry":{"type":"Point","coordinates":[-79.02892,40.16147]},"properties":{"id":112592,"name":"Boswell","state_code":"PA","country_code":"US"}},{"type":"Feature","geometry":{"type":"Point","coordinates":[-76.01744,40.19676]},"properties":{"id":112634,"name":"Bowmansville","state_code":"PA","country_code":"US"}},{"type":"Feature","geometry":{"type":"Point","coordinates":[-75.63741,40.33371]},"properties":{"id":112645,"name":"Boyertown","state_code":"PA","country_code":"US"}},{"type":"Feature","geometry":{"type":"Point","coordinates":[-79.74116,40.60812]},"properties":{"id":112656,"name":"Brackenridge","state_code":"PA","country_code":"US"}},{"type":"Feature","geometry":{"type":"Point","coordinates":[-79.86838,40.4034]},"properties":{"id":112659,"name":"Braddock","state_code":"PA","country_code":"US"}},{"type":"Feature","geometry":{"type":"Point","coordinates":[-79.86505,40.41729]},"properties":{"id":112661,"name":"Braddock Hills","state_code":"PA","country_code":"US"}},{"type":"Feature","geometry":{"type":"Point","coordinates":[-78.64392,41.9559]},"properties":{"id":112666,"name":"Bradford","state_code":"PA","country_code":"US"}},{"type":"Feature","geometry":{"type":"Point","coordinates":[-80.08172,40.63757]},"properties":{"id":112670,"name":"Bradford Woods","state_code":"PA","country_code":"US"}},{"type":"Feature","geometry":{"type":"Point","coordinates":[-75.6313,40.53676]},"properties":{"id":112719,"name":"Breinigsville","state_code":"PA","country_code":"US"}},{"type":"Feature","geometry":{"type":"Point","coordinates":[-79.97477,40.37063]},"properties":{"id":112732,"name":"Brentwood","state_code":"PA","country_code":"US"}},{"type":"Feature","geometry":{"type":"Point","coordinates":[-76.81997,40.22953]},"properties":{"id":112735,"name":"Bressler","state_code":"PA","country_code":"US"}},{"type":"Feature","geometry":{"type":"Point","coordinates":[-76.30246,40.22593]},"properties":{"id":112754,"name":"Brickerville","state_code":"PA","country_code":"US"}},{"type":"Feature","geometry":{"type":"Point","coordinates":[-75.34518,40.10511]},"properties":{"id":112764,"name":"Bridgeport","state_code":"PA","country_code":"US"}},{"type":"Feature","geometry":{"type":"Point","coordinates":[-80.11006,40.35618]},"properties":{"id":112773,"name":"Bridgeville","state_code":"PA","country_code":"US"}},{"type":"Feature","geometry":{"type":"Point","coordinates":[-74.85183,40.10067]},"properties":{"id":112808,"name":"Bristol","state_code":"PA","country_code":"US"}},{"type":"Feature","geometry":{"type":"Point","coordinates":[-75.21401,40.26901]},"properties":{"id":112818,"name":"Brittany Farms-Highlands","state_code":"PA","country_code":"US"}},{"type":"Feature","geometry":{"type":"Point","coordinates":[-78.79947,41.24923]},"properties":{"id":112835,"name":"Brockway","state_code":"PA","country_code":"US"}},{"type":"Feature","geometry":{"type":"Point","coordinates":[-75.39379,40.92454]},"properties":{"id":112839,"name":"Brodheadsville","state_code":"PA","country_code":"US"}},{"type":"Feature","geometry":{"type":"Point","coordinates":[-75.38241,39.86928]},"properties":{"id":112858,"name":"Brookhaven","state_code":"PA","country_code":"US"}},{"type":"Feature","geometry":{"type":"Point","coordinates":[-79.08309,41.16117]},"properties":{"id":112896,"name":"Brookville","state_code":"PA","country_code":"US"}},{"type":"Feature","geometry":{"type":"Point","coordinates":[-75.35658,39.9815]},"properties":{"id":112898,"name":"Broomall","state_code":"PA","country_code":"US"}},{"type":"Feature","geometry":{"type":"Point","coordinates":[-76.21384,40.12371]},"properties":{"id":112927,"name":"Brownstown","state_code":"PA","country_code":"US"}},{"type":"Feature","geometry":{"type":"Point","coordinates":[-79.88394,40.02369]},"properties":{"id":112934,"name":"Brownsville","state_code":"PA","country_code":"US"}},{"type":"Feature","geometry":{"type":"Point","coordinates":[-75.78742,41.3098]},"properties":{"id":112936,"name":"Browntown","state_code":"PA","country_code":"US"}},{"type":"Feature","geometry":{"type":"Point","coordinates":[-75.06739,40.1315]},"properties":{"id":112965,"name":"Bryn Athyn","state_code":"PA","country_code":"US"}},{"type":"Feature","geometry":{"type":"Point","coordinates":[-75.30463,40.01983]},"properties":{"id":112966,"name":"Bryn Mawr","state_code":"PA","country_code":"US"}},{"type":"Feature","geometry":{"type":"Point","coordinates":[-80.39284,40.38201]},"properties":{"id":113051,"name":"Burgettstown","state_code":"PA","country_code":"US"}},{"type":"Feature","geometry":{"type":"Point","coordinates":[-77.56861,40.63868]},"properties":{"id":113085,"name":"Burnham","state_code":"PA","country_code":"US"}},{"type":"Feature","geometry":{"type":"Point","coordinates":[-79.89533,40.86118]},"properties":{"id":113111,"name":"Butler","state_code":"PA","country_code":"US"}},{"type":"Feature","geometry":{"type":"Point","coordinates":[-79.89171,40.06563]},"properties":{"id":113217,"name":"California","state_code":"PA","country_code":"US"}},{"type":"Feature","geometry":{"type":"Point","coordinates":[-75.78022,39.99094]},"properties":{"id":113228,"name":"Caln","state_code":"PA","country_code":"US"}},{"type":"Feature","geometry":{"type":"Point","coordinates":[-79.48532,40.2109]},"properties":{"id":113229,"name":"Calumet","state_code":"PA","country_code":"US"}},{"type":"Feature","geometry":{"type":"Point","coordinates":[-80.05644,41.80367]},"properties":{"id":113258,"name":"Cambridge Springs","state_code":"PA","country_code":"US"}},{"type":"Feature","geometry":{"type":"Point","coordinates":[-76.91997,40.23981]},"properties":{"id":113287,"name":"Camp Hill","state_code":"PA","country_code":"US"}},{"type":"Feature","geometry":{"type":"Point","coordinates":[-76.58525,40.27759]},"properties":{"id":113306,"name":"Campbelltown","state_code":"PA","country_code":"US"}},{"type":"Feature","geometry":{"type":"Point","coordinates":[-80.18728,40.26257]},"properties":{"id":113336,"name":"Canonsburg","state_code":"PA","country_code":"US"}},{"type":"Feature","geometry":{"type":"Point","coordinates":[-76.85329,41.65646]},"properties":{"id":113349,"name":"Canton","state_code":"PA","country_code":"US"}},{"type":"Feature","geometry":{"type":"Point","coordinates":[-75.50185,41.57369]},"properties":{"id":113389,"name":"Carbondale","state_code":"PA","country_code":"US"}},{"type":"Feature","geometry":{"type":"Point","coordinates":[-77.18887,40.20148]},"properties":{"id":113405,"name":"Carlisle","state_code":"PA","country_code":"US"}},{"type":"Feature","geometry":{"type":"Point","coordinates":[-80.08339,40.40868]},"properties":{"id":113426,"name":"Carnegie","state_code":"PA","country_code":"US"}},{"type":"Feature","geometry":{"type":"Point","coordinates":[-80.21736,40.51856]},"properties":{"id":113430,"name":"Carnot-Moon","state_code":"PA","country_code":"US"}},{"type":"Feature","geometry":{"type":"Point","coordinates":[-77.38304,39.74926]},"properties":{"id":113462,"name":"Carroll Valley","state_code":"PA","country_code":"US"}},{"type":"Feature","geometry":{"type":"Point","coordinates":[-77.4297,41.12479]},"properties":{"id":113541,"name":"Castanea","state_code":"PA","country_code":"US"}},{"type":"Feature","geometry":{"type":"Point","coordinates":[-80.02228,40.36479]},"properties":{"id":113551,"name":"Castle Shannon","state_code":"PA","country_code":"US"}},{"type":"Feature","geometry":{"type":"Point","coordinates":[-75.47463,40.65482]},"properties":{"id":113565,"name":"Catasauqua","state_code":"PA","country_code":"US"}},{"type":"Feature","geometry":{"type":"Point","coordinates":[-76.45967,40.95203]},"properties":{"id":113568,"name":"Catawissa","state_code":"PA","country_code":"US"}},{"type":"Feature","geometry":{"type":"Point","coordinates":[-80.19331,40.31819]},"properties":{"id":113599,"name":"Cecil-Bishop","state_code":"PA","country_code":"US"}},{"type":"Feature","geometry":{"type":"Point","coordinates":[-75.50768,40.68926]},"properties":{"id":113633,"name":"Cementon","state_code":"PA","country_code":"US"}},{"type":"Feature","geometry":{"type":"Point","coordinates":[-75.15923,39.9512]},"properties":{"id":113641,"name":"Center City","state_code":"PA","country_code":"US"}},{"type":"Feature","geometry":{"type":"Point","coordinates":[-79.97561,40.04535]},"properties":{"id":113661,"name":"Centerville","state_code":"PA","country_code":"US"}},{"type":"Feature","geometry":{"type":"Point","coordinates":[-78.80197,40.11063]},"properties":{"id":113670,"name":"Central City","state_code":"PA","country_code":"US"}},{"type":"Feature","geometry":{"type":"Point","coordinates":[-77.68611,40.84756]},"properties":{"id":113690,"name":"Centre Hall","state_code":"PA","country_code":"US"}},{"type":"Feature","geometry":{"type":"Point","coordinates":[-75.52963,40.58676]},"properties":{"id":113704,"name":"Cetronia","state_code":"PA","country_code":"US"}},{"type":"Feature","geometry":{"type":"Point","coordinates":[-75.20906,40.28844]},"properties":{"id":113712,"name":"Chalfont","state_code":"PA","country_code":"US"}},{"type":"Feature","geometry":{"type":"Point","coordinates":[-77.6611,39.93759]},"properties":{"id":113722,"name":"Chambersburg","state_code":"PA","country_code":"US"}},{"type":"Feature","geometry":{"type":"Point","coordinates":[-79.8981,40.13785]},"properties":{"id":113753,"name":"Charleroi","state_code":"PA","country_code":"US"}},{"type":"Feature","geometry":{"type":"Point","coordinates":[-75.53852,40.75398]},"properties":{"id":113871,"name":"Cherryville","state_code":"PA","country_code":"US"}},{"type":"Feature","geometry":{"type":"Point","coordinates":[-75.35707,39.84967]},"properties":{"id":113884,"name":"Chester","state_code":"PA","country_code":"US"}},{"type":"Feature","geometry":{"type":"Point","coordinates":[-75.47548,39.89011]},"properties":{"id":113898,"name":"Chester Heights","state_code":"PA","country_code":"US"}},{"type":"Feature","geometry":{"type":"Point","coordinates":[-75.61687,40.0951]},"properties":{"id":113899,"name":"Chester Springs","state_code":"PA","country_code":"US"}},{"type":"Feature","geometry":{"type":"Point","coordinates":[-75.45908,40.07566]},"properties":{"id":113900,"name":"Chesterbrook","state_code":"PA","country_code":"US"}},{"type":"Feature","geometry":{"type":"Point","coordinates":[-79.79922,40.54173]},"properties":{"id":113913,"name":"Cheswick","state_code":"PA","country_code":"US"}},{"type":"Feature","geometry":{"type":"Point","coordinates":[-79.1442,40.63673]},"properties":{"id":113922,"name":"Chevy Chase Heights","state_code":"PA","country_code":"US"}},{"type":"Feature","geometry":{"type":"Point","coordinates":[-79.74283,40.94812]},"properties":{"id":113946,"name":"Chicora","state_code":"PA","country_code":"US"}},{"type":"Feature","geometry":{"type":"Point","coordinates":[-75.67713,41.47508]},"properties":{"id":113965,"name":"Chinchilla","state_code":"PA","country_code":"US"}},{"type":"Feature","geometry":{"type":"Point","coordinates":[-75.99689,39.95483]},"properties":{"id":113999,"name":"Christiana","state_code":"PA","country_code":"US"}},{"type":"Feature","geometry":{"type":"Point","coordinates":[-77.59861,40.68201]},"properties":{"id":114008,"name":"Church Hill","state_code":"PA","country_code":"US"}},{"type":"Feature","geometry":{"type":"Point","coordinates":[-79.8431,40.4384]},"properties":{"id":114011,"name":"Churchill","state_code":"PA","country_code":"US"}},{"type":"Feature","geometry":{"type":"Point","coordinates":[-75.01878,40.18622]},"properties":{"id":114014,"name":"Churchville","state_code":"PA","country_code":"US"}},{"type":"Feature","geometry":{"type":"Point","coordinates":[-79.88171,40.29229]},"properties":{"id":114096,"name":"Clairton","state_code":"PA","country_code":"US"}},{"type":"Feature","geometry":{"type":"Point","coordinates":[-79.38532,41.21479]},"properties":{"id":114117,"name":"Clarion","state_code":"PA","country_code":"US"}},{"type":"Feature","geometry":{"type":"Point","coordinates":[-75.69964,41.49286]},"properties":{"id":114141,"name":"Clarks Green","state_code":"PA","country_code":"US"}},{"type":"Feature","geometry":{"type":"Point","coordinates":[-75.70852,41.48869]},"properties":{"id":114142,"name":"Clarks Summit","state_code":"PA","country_code":"US"}},{"type":"Feature","geometry":{"type":"Point","coordinates":[-76.25551,40.21843]},"properties":{"id":114168,"name":"Clay","state_code":"PA","country_code":"US"}},{"type":"Feature","geometry":{"type":"Point","coordinates":[-78.44974,40.29674]},"properties":{"id":114195,"name":"Claysburg","state_code":"PA","country_code":"US"}},{"type":"Feature","geometry":{"type":"Point","coordinates":[-78.43919,41.02728]},"properties":{"id":114216,"name":"Clearfield","state_code":"PA","country_code":"US"}},{"type":"Feature","geometry":{"type":"Point","coordinates":[-76.47552,40.33731]},"properties":{"id":114236,"name":"Cleona","state_code":"PA","country_code":"US"}},{"type":"Feature","geometry":{"type":"Point","coordinates":[-75.2963,39.92928]},"properties":{"id":114263,"name":"Clifton Heights","state_code":"PA","country_code":"US"}},{"type":"Feature","geometry":{"type":"Point","coordinates":[-79.0117,40.66812]},"properties":{"id":114323,"name":"Clymer","state_code":"PA","country_code":"US"}},{"type":"Feature","geometry":{"type":"Point","coordinates":[-75.90687,40.82287]},"properties":{"id":114334,"name":"Coaldale","state_code":"PA","country_code":"US"}},{"type":"Feature","geometry":{"type":"Point","coordinates":[-75.82384,39.98316]},"properties":{"id":114341,"name":"Coatesville","state_code":"PA","country_code":"US"}},{"type":"Feature","geometry":{"type":"Point","coordinates":[-80.04839,41.52005]},"properties":{"id":114353,"name":"Cochranton","state_code":"PA","country_code":"US"}},{"type":"Feature","geometry":{"type":"Point","coordinates":[-75.45157,40.18566]},"properties":{"id":114420,"name":"Collegeville","state_code":"PA","country_code":"US"}},{"type":"Feature","geometry":{"type":"Point","coordinates":[-75.27713,39.91178]},"properties":{"id":114427,"name":"Collingdale","state_code":"PA","country_code":"US"}},{"type":"Feature","geometry":{"type":"Point","coordinates":[-79.76838,40.22424]},"properties":{"id":114432,"name":"Collinsburg","state_code":"PA","country_code":"US"}},{"type":"Feature","geometry":{"type":"Point","coordinates":[-76.80969,40.30064]},"properties":{"id":114450,"name":"Colonial Park","state_code":"PA","country_code":"US"}},{"type":"Feature","geometry":{"type":"Point","coordinates":[-75.9824,40.34683]},"properties":{"id":114453,"name":"Colony Park","state_code":"PA","country_code":"US"}},{"type":"Feature","geometry":{"type":"Point","coordinates":[-76.50441,40.03371]},"properties":{"id":114473,"name":"Columbia","state_code":"PA","country_code":"US"}},{"type":"Feature","geometry":{"type":"Point","coordinates":[-75.25379,39.91234]},"properties":{"id":114508,"name":"Colwyn","state_code":"PA","country_code":"US"}},{"type":"Feature","geometry":{"type":"Point","coordinates":[-74.98962,41.30593]},"properties":{"id":114532,"name":"Conashaugh Lakes","state_code":"PA","country_code":"US"}},{"type":"Feature","geometry":{"type":"Point","coordinates":[-78.90808,40.32674]},"properties":{"id":114554,"name":"Conemaugh","state_code":"PA","country_code":"US"}},{"type":"Feature","geometry":{"type":"Point","coordinates":[-76.34635,39.94066]},"properties":{"id":114555,"name":"Conestoga","state_code":"PA","country_code":"US"}},{"type":"Feature","geometry":{"type":"Point","coordinates":[-80.31008,41.62711]},"properties":{"id":114560,"name":"Conneaut Lakeshore","state_code":"PA","country_code":"US"}},{"type":"Feature","geometry":{"type":"Point","coordinates":[-79.58948,40.01785]},"properties":{"id":114562,"name":"Connellsville","state_code":"PA","country_code":"US"}},{"type":"Feature","geometry":{"type":"Point","coordinates":[-75.30157,40.07928]},"properties":{"id":114571,"name":"Conshohocken","state_code":"PA","country_code":"US"}},{"type":"Feature","geometry":{"type":"Point","coordinates":[-80.23923,40.65979]},"properties":{"id":114586,"name":"Conway","state_code":"PA","country_code":"US"}},{"type":"Feature","geometry":{"type":"Point","coordinates":[-76.05659,40.99203]},"properties":{"id":114590,"name":"Conyngham","state_code":"PA","country_code":"US"}},{"type":"Feature","geometry":{"type":"Point","coordinates":[-75.39046,40.51149]},"properties":{"id":114604,"name":"Coopersburg","state_code":"PA","country_code":"US"}},{"type":"Feature","geometry":{"type":"Point","coordinates":[-75.49546,40.6701]},"properties":{"id":114618,"name":"Coplay","state_code":"PA","country_code":"US"}},{"type":"Feature","geometry":{"type":"Point","coordinates":[-80.16672,40.5184]},"properties":{"id":114630,"name":"Coraopolis","state_code":"PA","country_code":"US"}},{"type":"Feature","geometry":{"type":"Point","coordinates":[-76.40607,40.2737]},"properties":{"id":114659,"name":"Cornwall","state_code":"PA","country_code":"US"}},{"type":"Feature","geometry":{"type":"Point","coordinates":[-74.94878,40.07678]},"properties":{"id":114660,"name":"Cornwells Heights","state_code":"PA","country_code":"US"}},{"type":"Feature","geometry":{"type":"Point","coordinates":[-79.64033,41.92033]},"properties":{"id":114669,"name":"Corry","state_code":"PA","country_code":"US"}},{"type":"Feature","geometry":{"type":"Point","coordinates":[-78.02056,41.77479]},"properties":{"id":114709,"name":"Coudersport","state_code":"PA","country_code":"US"}},{"type":"Feature","geometry":{"type":"Point","coordinates":[-80.06617,40.43507]},"properties":{"id":114754,"name":"Crafton","state_code":"PA","country_code":"US"}},{"type":"Feature","geometry":{"type":"Point","coordinates":[-80.10714,40.68496]},"properties":{"id":114763,"name":"Cranberry Township","state_code":"PA","country_code":"US"}},{"type":"Feature","geometry":{"type":"Point","coordinates":[-78.59168,40.45979]},"properties":{"id":114800,"name":"Cresson","state_code":"PA","country_code":"US"}},{"type":"Feature","geometry":{"type":"Point","coordinates":[-76.19272,40.62676]},"properties":{"id":114801,"name":"Cressona","state_code":"PA","country_code":"US"}},{"type":"Feature","geometry":{"type":"Point","coordinates":[-74.9035,40.08733]},"properties":{"id":114870,"name":"Croydon","state_code":"PA","country_code":"US"}},{"type":"Feature","geometry":{"type":"Point","coordinates":[-79.85089,40.64229]},"properties":{"id":114929,"name":"Curtisville","state_code":"PA","country_code":"US"}},{"type":"Feature","geometry":{"type":"Point","coordinates":[-78.52502,40.97561]},"properties":{"id":114930,"name":"Curwensville","state_code":"PA","country_code":"US"}},{"type":"Feature","geometry":{"type":"Point","coordinates":[-75.96325,41.33619]},"properties":{"id":114991,"name":"Dallas","state_code":"PA","country_code":"US"}},{"type":"Feature","geometry":{"type":"Point","coordinates":[-76.64025,39.89954]},"properties":{"id":114999,"name":"Dallastown","state_code":"PA","country_code":"US"}},{"type":"Feature","geometry":{"type":"Point","coordinates":[-75.73603,41.53424]},"properties":{"id":115003,"name":"Dalton","state_code":"PA","country_code":"US"}},{"type":"Feature","geometry":{"type":"Point","coordinates":[-76.61273,40.96342]},"properties":{"id":115037,"name":"Danville","state_code":"PA","country_code":"US"}},{"type":"Feature","geometry":{"type":"Point","coordinates":[-75.25907,39.91845]},"properties":{"id":115041,"name":"Darby","state_code":"PA","country_code":"US"}},{"type":"Feature","geometry":{"type":"Point","coordinates":[-78.93641,40.22702]},"properties":{"id":115066,"name":"Davidsville","state_code":"PA","country_code":"US"}},{"type":"Feature","geometry":{"type":"Point","coordinates":[-79.57032,40.41312]},"properties":{"id":115219,"name":"Delmont","state_code":"PA","country_code":"US"}},{"type":"Feature","geometry":{"type":"Point","coordinates":[-76.13717,40.23315]},"properties":{"id":115252,"name":"Denver","state_code":"PA","country_code":"US"}},{"type":"Feature","geometry":{"type":"Point","coordinates":[-79.29976,40.33396]},"properties":{"id":115266,"name":"Derry","state_code":"PA","country_code":"US"}},{"type":"Feature","geometry":{"type":"Point","coordinates":[-75.42908,40.04928]},"properties":{"id":115300,"name":"Devon","state_code":"PA","country_code":"US"}},{"type":"Feature","geometry":{"type":"Point","coordinates":[-76.87663,41.10925]},"properties":{"id":115301,"name":"Dewart","state_code":"PA","country_code":"US"}},{"type":"Feature","geometry":{"type":"Point","coordinates":[-75.60769,41.47147]},"properties":{"id":115332,"name":"Dickson City","state_code":"PA","country_code":"US"}},{"type":"Feature","geometry":{"type":"Point","coordinates":[-77.03498,40.11093]},"properties":{"id":115346,"name":"Dillsburg","state_code":"PA","country_code":"US"}},{"type":"Feature","geometry":{"type":"Point","coordinates":[-79.85755,40.1734]},"properties":{"id":115401,"name":"Donora","state_code":"PA","country_code":"US"}},{"type":"Feature","geometry":{"type":"Point","coordinates":[-80.03311,40.3959]},"properties":{"id":115412,"name":"Dormont","state_code":"PA","country_code":"US"}},{"type":"Feature","geometry":{"type":"Point","coordinates":[-75.51963,40.5751]},"properties":{"id":115413,"name":"Dorneyville","state_code":"PA","country_code":"US"}},{"type":"Feature","geometry":{"type":"Point","coordinates":[-76.85025,40.00176]},"properties":{"id":115451,"name":"Dover","state_code":"PA","country_code":"US"}},{"type":"Feature","geometry":{"type":"Point","coordinates":[-75.70327,40.0065]},"properties":{"id":115462,"name":"Downingtown","state_code":"PA","country_code":"US"}},{"type":"Feature","geometry":{"type":"Point","coordinates":[-75.12989,40.31011]},"properties":{"id":115463,"name":"Doylestown","state_code":"PA","country_code":"US"}},{"type":"Feature","geometry":{"type":"Point","coordinates":[-79.88616,40.35063]},"properties":{"id":115470,"name":"Dravosburg","state_code":"PA","country_code":"US"}},{"type":"Feature","geometry":{"type":"Point","coordinates":[-75.16684,40.14094]},"properties":{"id":115472,"name":"Dresher","state_code":"PA","country_code":"US"}},{"type":"Feature","geometry":{"type":"Point","coordinates":[-75.29213,39.94706]},"properties":{"id":115477,"name":"Drexel Hill","state_code":"PA","country_code":"US"}},{"type":"Feature","geometry":{"type":"Point","coordinates":[-75.20156,40.37177]},"properties":{"id":115495,"name":"Dublin","state_code":"PA","country_code":"US"}},{"type":"Feature","geometry":{"type":"Point","coordinates":[-78.76003,41.11923]},"properties":{"id":115487,"name":"DuBois","state_code":"PA","country_code":"US"}},{"type":"Feature","geometry":{"type":"Point","coordinates":[-77.03691,41.22258]},"properties":{"id":115499,"name":"Duboistown","state_code":"PA","country_code":"US"}},{"type":"Feature","geometry":{"type":"Point","coordinates":[-79.61448,39.97785]},"properties":{"id":115519,"name":"Dunbar","state_code":"PA","country_code":"US"}},{"type":"Feature","geometry":{"type":"Point","coordinates":[-77.02303,40.39814]},"properties":{"id":115523,"name":"Duncannon","state_code":"PA","country_code":"US"}},{"type":"Feature","geometry":{"type":"Point","coordinates":[-78.4339,40.42341]},"properties":{"id":115524,"name":"Duncansville","state_code":"PA","country_code":"US"}},{"type":"Feature","geometry":{"type":"Point","coordinates":[-75.63241,41.4198]},"properties":{"id":115545,"name":"Dunmore","state_code":"PA","country_code":"US"}},{"type":"Feature","geometry":{"type":"Point","coordinates":[-77.42137,41.1459]},"properties":{"id":115552,"name":"Dunnstown","state_code":"PA","country_code":"US"}},{"type":"Feature","geometry":{"type":"Point","coordinates":[-75.74547,41.32508]},"properties":{"id":115558,"name":"Dupont","state_code":"PA","country_code":"US"}},{"type":"Feature","geometry":{"type":"Point","coordinates":[-79.85977,40.38146]},"properties":{"id":115561,"name":"Duquesne","state_code":"PA","country_code":"US"}},{"type":"Feature","geometry":{"type":"Point","coordinates":[-75.73853,41.34397]},"properties":{"id":115576,"name":"Duryea","state_code":"PA","country_code":"US"}},{"type":"Feature","geometry":{"type":"Point","coordinates":[-75.68076,40.05938]},"properties":{"id":115614,"name":"Eagleview","state_code":"PA","country_code":"US"}},{"type":"Feature","geometry":{"type":"Point","coordinates":[-75.40824,40.15955]},"properties":{"id":115615,"name":"Eagleville","state_code":"PA","country_code":"US"}},{"type":"Feature","geometry":{"type":"Point","coordinates":[-78.37001,40.00619]},"properties":{"id":115620,"name":"Earlston","state_code":"PA","country_code":"US"}},{"type":"Feature","geometry":{"type":"Point","coordinates":[-75.18379,40.87954]},"properties":{"id":115629,"name":"East Bangor","state_code":"PA","country_code":"US"}},{"type":"Feature","geometry":{"type":"Point","coordinates":[-76.97859,39.9376]},"properties":{"id":115631,"name":"East Berlin","state_code":"PA","country_code":"US"}},{"type":"Feature","geometry":{"type":"Point","coordinates":[-76.22243,41.06203]},"properties":{"id":115633,"name":"East Berwick","state_code":"PA","country_code":"US"}},{"type":"Feature","geometry":{"type":"Point","coordinates":[-78.88364,40.34868]},"properties":{"id":115648,"name":"East Conemaugh","state_code":"PA","country_code":"US"}},{"type":"Feature","geometry":{"type":"Point","coordinates":[-76.03272,40.1101]},"properties":{"id":115654,"name":"East Earl","state_code":"PA","country_code":"US"}},{"type":"Feature","geometry":{"type":"Point","coordinates":[-75.50185,40.40649]},"properties":{"id":115673,"name":"East Greenville","state_code":"PA","country_code":"US"}},{"type":"Feature","geometry":{"type":"Point","coordinates":[-75.26129,39.94567]},"properties":{"id":115702,"name":"East Lansdowne","state_code":"PA","country_code":"US"}},{"type":"Feature","geometry":{"type":"Point","coordinates":[-79.80644,40.38312]},"properties":{"id":115709,"name":"East McKeesport","state_code":"PA","country_code":"US"}},{"type":"Feature","geometry":{"type":"Point","coordinates":[-76.35413,40.1001]},"properties":{"id":115735,"name":"East Petersburg","state_code":"PA","country_code":"US"}},{"type":"Feature","geometry":{"type":"Point","coordinates":[-79.83866,40.39562]},"properties":{"id":115736,"name":"East Pittsburgh","state_code":"PA","country_code":"US"}},{"type":"Feature","geometry":{"type":"Point","coordinates":[-75.18129,40.99954]},"properties":{"id":115761,"name":"East Stroudsburg","state_code":"PA","country_code":"US"}},{"type":"Feature","geometry":{"type":"Point","coordinates":[-79.69782,39.8998]},"properties":{"id":115767,"name":"East Uniontown","state_code":"PA","country_code":"US"}},{"type":"Feature","geometry":{"type":"Point","coordinates":[-80.23756,40.17368]},"properties":{"id":115770,"name":"East Washington","state_code":"PA","country_code":"US"}},{"type":"Feature","geometry":{"type":"Point","coordinates":[-76.68636,39.97371]},"properties":{"id":115775,"name":"East York","state_code":"PA","country_code":"US"}},{"type":"Feature","geometry":{"type":"Point","coordinates":[-75.29573,40.75065]},"properties":{"id":115782,"name":"Eastlawn Gardens","state_code":"PA","country_code":"US"}},{"type":"Feature","geometry":{"type":"Point","coordinates":[-75.22073,40.68843]},"properties":{"id":115789,"name":"Easton","state_code":"PA","country_code":"US"}},{"type":"Feature","geometry":{"type":"Point","coordinates":[-78.72474,40.48507]},"properties":{"id":115812,"name":"Ebensburg","state_code":"PA","country_code":"US"}},{"type":"Feature","geometry":{"type":"Point","coordinates":[-80.22478,40.60007]},"properties":{"id":115817,"name":"Economy","state_code":"PA","country_code":"US"}},{"type":"Feature","geometry":{"type":"Point","coordinates":[-74.94489,40.08456]},"properties":{"id":115822,"name":"Eddington","state_code":"PA","country_code":"US"}},{"type":"Feature","geometry":{"type":"Point","coordinates":[-75.34436,39.86011]},"properties":{"id":115825,"name":"Eddystone","state_code":"PA","country_code":"US"}},{"type":"Feature","geometry":{"type":"Point","coordinates":[-79.88144,40.43201]},"properties":{"id":115862,"name":"Edgewood","state_code":"PA","country_code":"US"}},{"type":"Feature","geometry":{"type":"Point","coordinates":[-80.19284,40.55118]},"properties":{"id":115865,"name":"Edgeworth","state_code":"PA","country_code":"US"}},{"type":"Feature","geometry":{"type":"Point","coordinates":[-80.13172,41.87422]},"properties":{"id":115868,"name":"Edinboro","state_code":"PA","country_code":"US"}},{"type":"Feature","geometry":{"type":"Point","coordinates":[-75.91631,41.26953]},"properties":{"id":115895,"name":"Edwardsville","state_code":"PA","country_code":"US"}},{"type":"Feature","geometry":{"type":"Point","coordinates":[-75.43491,40.93926]},"properties":{"id":115900,"name":"Effort","state_code":"PA","country_code":"US"}},{"type":"Feature","geometry":{"type":"Point","coordinates":[-75.52991,40.6801]},"properties":{"id":115905,"name":"Egypt","state_code":"PA","country_code":"US"}},{"type":"Feature","geometry":{"type":"Point","coordinates":[-78.94253,40.29785]},"properties":{"id":115969,"name":"Elim","state_code":"PA","country_code":"US"}},{"type":"Feature","geometry":{"type":"Point","coordinates":[-79.88977,40.26924]},"properties":{"id":115973,"name":"Elizabeth","state_code":"PA","country_code":"US"}},{"type":"Feature","geometry":{"type":"Point","coordinates":[-76.60275,40.15287]},"properties":{"id":115981,"name":"Elizabethtown","state_code":"PA","country_code":"US"}},{"type":"Feature","geometry":{"type":"Point","coordinates":[-76.81192,40.54897]},"properties":{"id":115982,"name":"Elizabethville","state_code":"PA","country_code":"US"}},{"type":"Feature","geometry":{"type":"Point","coordinates":[-77.31081,41.98618]},"properties":{"id":116007,"name":"Elkland","state_code":"PA","country_code":"US"}},{"type":"Feature","geometry":{"type":"Point","coordinates":[-80.25895,40.86395]},"properties":{"id":116036,"name":"Ellport","state_code":"PA","country_code":"US"}},{"type":"Feature","geometry":{"type":"Point","coordinates":[-80.28645,40.86173]},"properties":{"id":116041,"name":"Ellwood City","state_code":"PA","country_code":"US"}},{"type":"Feature","geometry":{"type":"Point","coordinates":[-75.83271,40.15676]},"properties":{"id":116074,"name":"Elverson","state_code":"PA","country_code":"US"}},{"type":"Feature","geometry":{"type":"Point","coordinates":[-76.55246,40.86453]},"properties":{"id":116087,"name":"Elysburg","state_code":"PA","country_code":"US"}},{"type":"Feature","geometry":{"type":"Point","coordinates":[-75.41963,41.08842]},"properties":{"id":116091,"name":"Emerald Lakes","state_code":"PA","country_code":"US"}},{"type":"Feature","geometry":{"type":"Point","coordinates":[-76.72802,40.02176]},"properties":{"id":116098,"name":"Emigsville","state_code":"PA","country_code":"US"}},{"type":"Feature","geometry":{"type":"Point","coordinates":[-75.49685,40.53954]},"properties":{"id":116101,"name":"Emmaus","state_code":"PA","country_code":"US"}},{"type":"Feature","geometry":{"type":"Point","coordinates":[-78.23529,41.51145]},"properties":{"id":116113,"name":"Emporium","state_code":"PA","country_code":"US"}},{"type":"Feature","geometry":{"type":"Point","coordinates":[-80.0945,40.51007]},"properties":{"id":116114,"name":"Emsworth","state_code":"PA","country_code":"US"}},{"type":"Feature","geometry":{"type":"Point","coordinates":[-76.82692,40.23176]},"properties":{"id":116137,"name":"Enhaut","state_code":"PA","country_code":"US"}},{"type":"Feature","geometry":{"type":"Point","coordinates":[-80.23311,40.45423]},"properties":{"id":116140,"name":"Enlow","state_code":"PA","country_code":"US"}},{"type":"Feature","geometry":{"type":"Point","coordinates":[-76.93386,40.29009]},"properties":{"id":116144,"name":"Enola","state_code":"PA","country_code":"US"}},{"type":"Feature","geometry":{"type":"Point","coordinates":[-76.17884,40.17982]},"properties":{"id":116155,"name":"Ephrata","state_code":"PA","country_code":"US"}},{"type":"Feature","geometry":{"type":"Point","coordinates":[-80.08506,42.12922]},"properties":{"id":116166,"name":"Erie","state_code":"PA","country_code":"US"}},{"type":"Feature","geometry":{"type":"Point","coordinates":[-76.40994,41.0062]},"properties":{"id":116190,"name":"Espy","state_code":"PA","country_code":"US"}},{"type":"Feature","geometry":{"type":"Point","coordinates":[-79.94894,40.50424]},"properties":{"id":116216,"name":"Etna","state_code":"PA","country_code":"US"}},{"type":"Feature","geometry":{"type":"Point","coordinates":[-80.06284,40.76923]},"properties":{"id":116247,"name":"Evans City","state_code":"PA","country_code":"US"}},{"type":"Feature","geometry":{"type":"Point","coordinates":[-75.42907,40.18094]},"properties":{"id":116249,"name":"Evansburg","state_code":"PA","country_code":"US"}},{"type":"Feature","geometry":{"type":"Point","coordinates":[-78.37335,40.01147]},"properties":{"id":116259,"name":"Everett","state_code":"PA","country_code":"US"}},{"type":"Feature","geometry":{"type":"Point","coordinates":[-75.81908,41.32064]},"properties":{"id":116272,"name":"Exeter","state_code":"PA","country_code":"US"}},{"type":"Feature","geometry":{"type":"Point","coordinates":[-75.62077,40.029]},"properties":{"id":116277,"name":"Exton","state_code":"PA","country_code":"US"}},{"type":"Feature","geometry":{"type":"Point","coordinates":[-75.78269,41.56313]},"properties":{"id":116280,"name":"Factoryville","state_code":"PA","country_code":"US"}},{"type":"Feature","geometry":{"type":"Point","coordinates":[-79.75449,39.8248]},"properties":{"id":116296,"name":"Fairchance","state_code":"PA","country_code":"US"}},{"type":"Feature","geometry":{"type":"Point","coordinates":[-79.96811,39.88702]},"properties":{"id":116300,"name":"Fairdale","state_code":"PA","country_code":"US"}},{"type":"Feature","geometry":{"type":"Point","coordinates":[-79.83977,40.11368]},"properties":{"id":116327,"name":"Fairhope","state_code":"PA","country_code":"US"}},{"type":"Feature","geometry":{"type":"Point","coordinates":[-74.85516,40.17955]},"properties":{"id":116332,"name":"Fairless Hills","state_code":"PA","country_code":"US"}},{"type":"Feature","geometry":{"type":"Point","coordinates":[-80.25534,42.03145]},"properties":{"id":116354,"name":"Fairview","state_code":"PA","country_code":"US"}},{"type":"Feature","geometry":{"type":"Point","coordinates":[-76.57528,40.78037]},"properties":{"id":116361,"name":"Fairview-Ferndale","state_code":"PA","country_code":"US"}},{"type":"Feature","geometry":{"type":"Point","coordinates":[-78.80447,41.14506]},"properties":{"id":116383,"name":"Falls Creek","state_code":"PA","country_code":"US"}},{"type":"Feature","geometry":{"type":"Point","coordinates":[-80.49674,41.21228]},"properties":{"id":116430,"name":"Farrell","state_code":"PA","country_code":"US"}},{"type":"Feature","geometry":{"type":"Point","coordinates":[-76.97719,41.24841]},"properties":{"id":116437,"name":"Faxon","state_code":"PA","country_code":"US"}},{"type":"Feature","geometry":{"type":"Point","coordinates":[-77.54999,39.9112]},"properties":{"id":116458,"name":"Fayetteville","state_code":"PA","country_code":"US"}},{"type":"Feature","geometry":{"type":"Point","coordinates":[-75.00517,40.144]},"properties":{"id":116462,"name":"Feasterville","state_code":"PA","country_code":"US"}},{"type":"Feature","geometry":{"type":"Point","coordinates":[-79.82421,40.18313]},"properties":{"id":116468,"name":"Fellsburg","state_code":"PA","country_code":"US"}},{"type":"Feature","geometry":{"type":"Point","coordinates":[-78.91475,40.28896]},"properties":{"id":116488,"name":"Ferndale","state_code":"PA","country_code":"US"}},{"type":"Feature","geometry":{"type":"Point","coordinates":[-80.13089,40.69479]},"properties":{"id":116492,"name":"Fernway","state_code":"PA","country_code":"US"}},{"type":"Feature","geometry":{"type":"Point","coordinates":[-76.05106,40.18287]},"properties":{"id":116541,"name":"Fivepointville","state_code":"PA","country_code":"US"}},{"type":"Feature","geometry":{"type":"Point","coordinates":[-75.81798,40.45398]},"properties":{"id":116558,"name":"Fleetwood","state_code":"PA","country_code":"US"}},{"type":"Feature","geometry":{"type":"Point","coordinates":[-77.47165,41.12646]},"properties":{"id":116563,"name":"Flemington","state_code":"PA","country_code":"US"}},{"type":"Feature","geometry":{"type":"Point","coordinates":[-75.2124,40.10344]},"properties":{"id":116599,"name":"Flourtown","state_code":"PA","country_code":"US"}},{"type":"Feature","geometry":{"type":"Point","coordinates":[-75.9141,40.27676]},"properties":{"id":116615,"name":"Flying Hills","state_code":"PA","country_code":"US"}},{"type":"Feature","geometry":{"type":"Point","coordinates":[-75.2838,39.89095]},"properties":{"id":116618,"name":"Folcroft","state_code":"PA","country_code":"US"}},{"type":"Feature","geometry":{"type":"Point","coordinates":[-75.32519,39.88983]},"properties":{"id":116625,"name":"Folsom","state_code":"PA","country_code":"US"}},{"type":"Feature","geometry":{"type":"Point","coordinates":[-79.52977,40.77229]},"properties":{"id":116634,"name":"Ford City","state_code":"PA","country_code":"US"}},{"type":"Feature","geometry":{"type":"Point","coordinates":[-75.46657,41.65147]},"properties":{"id":116649,"name":"Forest City","state_code":"PA","country_code":"US"}},{"type":"Feature","geometry":{"type":"Point","coordinates":[-79.85005,40.41979]},"properties":{"id":116659,"name":"Forest Hills","state_code":"PA","country_code":"US"}},{"type":"Feature","geometry":{"type":"Point","coordinates":[-75.20906,40.14178]},"properties":{"id":116762,"name":"Fort Washington","state_code":"PA","country_code":"US"}},{"type":"Feature","geometry":{"type":"Point","coordinates":[-75.87825,41.27897]},"properties":{"id":116770,"name":"Forty Fort","state_code":"PA","country_code":"US"}},{"type":"Feature","geometry":{"type":"Point","coordinates":[-78.61725,41.97506]},"properties":{"id":116775,"name":"Foster Brook","state_code":"PA","country_code":"US"}},{"type":"Feature","geometry":{"type":"Point","coordinates":[-75.39518,40.60149]},"properties":{"id":116781,"name":"Fountain Hill","state_code":"PA","country_code":"US"}},{"type":"Feature","geometry":{"type":"Point","coordinates":[-79.87977,40.5134]},"properties":{"id":116799,"name":"Fox Chapel","state_code":"PA","country_code":"US"}},{"type":"Feature","geometry":{"type":"Point","coordinates":[-75.96216,40.39557]},"properties":{"id":116800,"name":"Fox Chase","state_code":"PA","country_code":"US"}},{"type":"Feature","geometry":{"type":"Point","coordinates":[-80.08284,40.70229]},"properties":{"id":116808,"name":"Fox Run","state_code":"PA","country_code":"US"}},{"type":"Feature","geometry":{"type":"Point","coordinates":[-76.23022,40.78398]},"properties":{"id":116810,"name":"Frackville","state_code":"PA","country_code":"US"}},{"type":"Feature","geometry":{"type":"Point","coordinates":[-79.83144,41.39784]},"properties":{"id":116840,"name":"Franklin","state_code":"PA","country_code":"US"}},{"type":"Feature","geometry":{"type":"Point","coordinates":[-80.08784,40.5834]},"properties":{"id":116870,"name":"Franklin Park","state_code":"PA","country_code":"US"}},{"type":"Feature","geometry":{"type":"Point","coordinates":[-76.42829,40.4437]},"properties":{"id":116892,"name":"Fredericksburg","state_code":"PA","country_code":"US"}},{"type":"Feature","geometry":{"type":"Point","coordinates":[-80.25173,40.68562]},"properties":{"id":116902,"name":"Freedom","state_code":"PA","country_code":"US"}},{"type":"Feature","geometry":{"type":"Point","coordinates":[-75.89714,41.01675]},"properties":{"id":116906,"name":"Freeland","state_code":"PA","country_code":"US"}},{"type":"Feature","geometry":{"type":"Point","coordinates":[-75.34574,40.62649]},"properties":{"id":116909,"name":"Freemansburg","state_code":"PA","country_code":"US"}},{"type":"Feature","geometry":{"type":"Point","coordinates":[-79.68477,40.67395]},"properties":{"id":116915,"name":"Freeport","state_code":"PA","country_code":"US"}},{"type":"Feature","geometry":{"type":"Point","coordinates":[-78.99836,40.05008]},"properties":{"id":116945,"name":"Friedens","state_code":"PA","country_code":"US"}},{"type":"Feature","geometry":{"type":"Point","coordinates":[-76.2516392,40.6071107]},"properties":{"id":153782,"name":"Friedensburg","state_code":"PA","country_code":"US"}},{"type":"Feature","geometry":{"type":"Point","coordinates":[-75.47324,40.63176]},"properties":{"id":116982,"name":"Fullerton","state_code":"PA","country_code":"US"}},{"type":"Feature","geometry":{"type":"Point","coordinates":[-77.64193,41.73312]},"properties":{"id":117030,"name":"Galeton","state_code":"PA","country_code":"US"}},{"type":"Feature","geometry":{"type":"Point","coordinates":[-78.55168,40.48229]},"properties":{"id":117038,"name":"Gallitzin","state_code":"PA","country_code":"US"}},{"type":"Feature","geometry":{"type":"Point","coordinates":[-76.02051,39.98732]},"properties":{"id":117052,"name":"Gap","state_code":"PA","country_code":"US"}},{"type":"Feature","geometry":{"type":"Point","coordinates":[-77.04608,41.25424]},"properties":{"id":117068,"name":"Garden View","state_code":"PA","country_code":"US"}},{"type":"Feature","geometry":{"type":"Point","coordinates":[-79.99588,40.25729]},"properties":{"id":117117,"name":"Gastonville","state_code":"PA","country_code":"US"}},{"type":"Feature","geometry":{"type":"Point","coordinates":[-78.86891,40.29091]},"properties":{"id":117132,"name":"Geistown","state_code":"PA","country_code":"US"}},{"type":"Feature","geometry":{"type":"Point","coordinates":[-76.08329,39.9376]},"properties":{"id":117158,"name":"Georgetown","state_code":"PA","country_code":"US"}},{"type":"Feature","geometry":{"type":"Point","coordinates":[-77.2311,39.83093]},"properties":{"id":117179,"name":"Gettysburg","state_code":"PA","country_code":"US"}},{"type":"Feature","geometry":{"type":"Point","coordinates":[-79.9695,40.63007]},"properties":{"id":117192,"name":"Gibsonia","state_code":"PA","country_code":"US"}},{"type":"Feature","geometry":{"type":"Point","coordinates":[-75.61018,40.3201]},"properties":{"id":117207,"name":"Gilbertsville","state_code":"PA","country_code":"US"}},{"type":"Feature","geometry":{"type":"Point","coordinates":[-80.31812,42.00033]},"properties":{"id":117228,"name":"Girard","state_code":"PA","country_code":"US"}},{"type":"Feature","geometry":{"type":"Point","coordinates":[-76.28356,40.79148]},"properties":{"id":117229,"name":"Girardville","state_code":"PA","country_code":"US"}},{"type":"Feature","geometry":{"type":"Point","coordinates":[-79.89227,40.32479]},"properties":{"id":117254,"name":"Glassport","state_code":"PA","country_code":"US"}},{"type":"Feature","geometry":{"type":"Point","coordinates":[-76.07465,41.17508]},"properties":{"id":117268,"name":"Glen Lyon","state_code":"PA","country_code":"US"}},{"type":"Feature","geometry":{"type":"Point","coordinates":[-76.73025,39.79316]},"properties":{"id":117272,"name":"Glen Rock","state_code":"PA","country_code":"US"}},{"type":"Feature","geometry":{"type":"Point","coordinates":[-75.28907,39.90011]},"properties":{"id":117301,"name":"Glenolden","state_code":"PA","country_code":"US"}},{"type":"Feature","geometry":{"type":"Point","coordinates":[-79.96755,40.53285]},"properties":{"id":117306,"name":"Glenshaw","state_code":"PA","country_code":"US"}},{"type":"Feature","geometry":{"type":"Point","coordinates":[-75.15212,40.10233]},"properties":{"id":117307,"name":"Glenside","state_code":"PA","country_code":"US"}},{"type":"Feature","geometry":{"type":"Point","coordinates":[-74.9385,41.30593]},"properties":{"id":117344,"name":"Gold Key Lake","state_code":"PA","country_code":"US"}},{"type":"Feature","geometry":{"type":"Point","coordinates":[-76.72913,39.94038]},"properties":{"id":117526,"name":"Grantley","state_code":"PA","country_code":"US"}},{"type":"Feature","geometry":{"type":"Point","coordinates":[-80.04561,40.41174]},"properties":{"id":117608,"name":"Green Tree","state_code":"PA","country_code":"US"}},{"type":"Feature","geometry":{"type":"Point","coordinates":[-77.72777,39.79037]},"properties":{"id":117625,"name":"Greencastle","state_code":"PA","country_code":"US"}},{"type":"Feature","geometry":{"type":"Point","coordinates":[-75.95199,40.3599]},"properties":{"id":117655,"name":"Greenfields","state_code":"PA","country_code":"US"}},{"type":"Feature","geometry":{"type":"Point","coordinates":[-79.80671,40.31229]},"properties":{"id":117660,"name":"Greenock","state_code":"PA","country_code":"US"}},{"type":"Feature","geometry":{"type":"Point","coordinates":[-79.53893,40.30146]},"properties":{"id":117672,"name":"Greensburg","state_code":"PA","country_code":"US"}},{"type":"Feature","geometry":{"type":"Point","coordinates":[-80.39118,41.4045]},"properties":{"id":117694,"name":"Greenville","state_code":"PA","country_code":"US"}},{"type":"Feature","geometry":{"type":"Point","coordinates":[-78.35751,40.5359]},"properties":{"id":117707,"name":"Greenwood","state_code":"PA","country_code":"US"}},{"type":"Feature","geometry":{"type":"Point","coordinates":[-75.94049,40.2987]},"properties":{"id":117736,"name":"Grill","state_code":"PA","country_code":"US"}},{"type":"Feature","geometry":{"type":"Point","coordinates":[-80.08867,41.15784]},"properties":{"id":117756,"name":"Grove City","state_code":"PA","country_code":"US"}},{"type":"Feature","geometry":{"type":"Point","coordinates":[-77.60105,39.91541]},"properties":{"id":117785,"name":"Guilford","state_code":"PA","country_code":"US"}},{"type":"Feature","geometry":{"type":"Point","coordinates":[-77.61249,39.86537]},"properties":{"id":117788,"name":"Guilford Siding","state_code":"PA","country_code":"US"}},{"type":"Feature","geometry":{"type":"Point","coordinates":[-75.64324,40.28204]},"properties":{"id":117858,"name":"Halfway House","state_code":"PA","country_code":"US"}},{"type":"Feature","geometry":{"type":"Point","coordinates":[-76.60413,40.00482]},"properties":{"id":117868,"name":"Hallam","state_code":"PA","country_code":"US"}},{"type":"Feature","geometry":{"type":"Point","coordinates":[-75.74324,41.96119]},"properties":{"id":117874,"name":"Hallstead","state_code":"PA","country_code":"US"}},{"type":"Feature","geometry":{"type":"Point","coordinates":[-75.98188,40.55565]},"properties":{"id":117885,"name":"Hamburg","state_code":"PA","country_code":"US"}},{"type":"Feature","geometry":{"type":"Point","coordinates":[-76.98304,39.80066]},"properties":{"id":117968,"name":"Hanover","state_code":"PA","country_code":"US"}},{"type":"Feature","geometry":{"type":"Point","coordinates":[-75.97131,40.98064]},"properties":{"id":118020,"name":"Harleigh","state_code":"PA","country_code":"US"}},{"type":"Feature","geometry":{"type":"Point","coordinates":[-75.38712,40.27955]},"properties":{"id":118025,"name":"Harleysville","state_code":"PA","country_code":"US"}},{"type":"Feature","geometry":{"type":"Point","coordinates":[-76.88442,40.2737]},"properties":{"id":118050,"name":"Harrisburg","state_code":"PA","country_code":"US"}},{"type":"Feature","geometry":{"type":"Point","coordinates":[-76.02465,41.38341]},"properties":{"id":118116,"name":"Harveys Lake","state_code":"PA","country_code":"US"}},{"type":"Feature","geometry":{"type":"Point","coordinates":[-79.677,41.44895]},"properties":{"id":118130,"name":"Hasson Heights","state_code":"PA","country_code":"US"}},{"type":"Feature","geometry":{"type":"Point","coordinates":[-78.71225,40.66507]},"properties":{"id":118134,"name":"Hastings","state_code":"PA","country_code":"US"}},{"type":"Feature","geometry":{"type":"Point","coordinates":[-75.10684,40.17428]},"properties":{"id":118136,"name":"Hatboro","state_code":"PA","country_code":"US"}},{"type":"Feature","geometry":{"type":"Point","coordinates":[-75.29934,40.27983]},"properties":{"id":118139,"name":"Hatfield","state_code":"PA","country_code":"US"}},{"type":"Feature","geometry":{"type":"Point","coordinates":[-75.18212,41.47592]},"properties":{"id":118169,"name":"Hawley","state_code":"PA","country_code":"US"}},{"type":"Feature","geometry":{"type":"Point","coordinates":[-75.97465,40.95842]},"properties":{"id":118213,"name":"Hazleton","state_code":"PA","country_code":"US"}},{"type":"Feature","geometry":{"type":"Point","coordinates":[-76.3994,40.33898]},"properties":{"id":118239,"name":"Hebron","state_code":"PA","country_code":"US"}},{"type":"Feature","geometry":{"type":"Point","coordinates":[-80.09089,40.39229]},"properties":{"id":118245,"name":"Heidelberg","state_code":"PA","country_code":"US"}},{"type":"Feature","geometry":{"type":"Point","coordinates":[-75.34073,40.57954]},"properties":{"id":118259,"name":"Hellertown","state_code":"PA","country_code":"US"}},{"type":"Feature","geometry":{"type":"Point","coordinates":[-75.03656,41.32676]},"properties":{"id":118266,"name":"Hemlock Farms","state_code":"PA","country_code":"US"}},{"type":"Feature","geometry":{"type":"Point","coordinates":[-80.44868,41.23339]},"properties":{"id":118329,"name":"Hermitage","state_code":"PA","country_code":"US"}},{"type":"Feature","geometry":{"type":"Point","coordinates":[-76.65025,40.28592]},"properties":{"id":118341,"name":"Hershey","state_code":"PA","country_code":"US"}},{"type":"Feature","geometry":{"type":"Point","coordinates":[-77.56805,40.62091]},"properties":{"id":118414,"name":"Highland Park","state_code":"PA","country_code":"US"}},{"type":"Feature","geometry":{"type":"Point","coordinates":[-76.79108,40.21092]},"properties":{"id":118423,"name":"Highspire","state_code":"PA","country_code":"US"}},{"type":"Feature","geometry":{"type":"Point","coordinates":[-75.83631,41.28925]},"properties":{"id":118442,"name":"Hilldale","state_code":"PA","country_code":"US"}},{"type":"Feature","geometry":{"type":"Point","coordinates":[-79.90088,40.01035]},"properties":{"id":118443,"name":"Hiller","state_code":"PA","country_code":"US"}},{"type":"Feature","geometry":{"type":"Point","coordinates":[-75.49102,40.66204]},"properties":{"id":118515,"name":"Hokendauqua","state_code":"PA","country_code":"US"}},{"type":"Feature","geometry":{"type":"Point","coordinates":[-78.3889,40.42729]},"properties":{"id":118545,"name":"Hollidaysburg","state_code":"PA","country_code":"US"}},{"type":"Feature","geometry":{"type":"Point","coordinates":[-79.9206,40.87206]},"properties":{"id":118588,"name":"Homeacre-Lyndora","state_code":"PA","country_code":"US"}},{"type":"Feature","geometry":{"type":"Point","coordinates":[-79.16226,40.5434]},"properties":{"id":118598,"name":"Homer City","state_code":"PA","country_code":"US"}},{"type":"Feature","geometry":{"type":"Point","coordinates":[-79.91199,40.4059]},"properties":{"id":118602,"name":"Homestead","state_code":"PA","country_code":"US"}},{"type":"Feature","geometry":{"type":"Point","coordinates":[-75.9802,40.8237]},"properties":{"id":118606,"name":"Hometown","state_code":"PA","country_code":"US"}},{"type":"Feature","geometry":{"type":"Point","coordinates":[-75.25879,41.57676]},"properties":{"id":118618,"name":"Honesdale","state_code":"PA","country_code":"US"}},{"type":"Feature","geometry":{"type":"Point","coordinates":[-75.91133,40.09427]},"properties":{"id":118619,"name":"Honey Brook","state_code":"PA","country_code":"US"}},{"type":"Feature","geometry":{"type":"Point","coordinates":[-79.70199,39.87702]},"properties":{"id":118659,"name":"Hopwood","state_code":"PA","country_code":"US"}},{"type":"Feature","geometry":{"type":"Point","coordinates":[-75.12851,40.17844]},"properties":{"id":118677,"name":"Horsham","state_code":"PA","country_code":"US"}},{"type":"Feature","geometry":{"type":"Point","coordinates":[-77.82889,40.82395]},"properties":{"id":118696,"name":"Houserville","state_code":"PA","country_code":"US"}},{"type":"Feature","geometry":{"type":"Point","coordinates":[-80.21145,40.24646]},"properties":{"id":118700,"name":"Houston","state_code":"PA","country_code":"US"}},{"type":"Feature","geometry":{"type":"Point","coordinates":[-75.83603,41.2748]},"properties":{"id":118745,"name":"Hudson","state_code":"PA","country_code":"US"}},{"type":"Feature","geometry":{"type":"Point","coordinates":[-75.77325,41.32702]},"properties":{"id":118761,"name":"Hughestown","state_code":"PA","country_code":"US"}},{"type":"Feature","geometry":{"type":"Point","coordinates":[-76.72385,41.24119]},"properties":{"id":118763,"name":"Hughesville","state_code":"PA","country_code":"US"}},{"type":"Feature","geometry":{"type":"Point","coordinates":[-76.8358,40.83175]},"properties":{"id":118782,"name":"Hummels Wharf","state_code":"PA","country_code":"US"}},{"type":"Feature","geometry":{"type":"Point","coordinates":[-76.7083,40.26537]},"properties":{"id":118783,"name":"Hummelstown","state_code":"PA","country_code":"US"}},{"type":"Feature","geometry":{"type":"Point","coordinates":[-78.01028,40.4848]},"properties":{"id":118796,"name":"Huntingdon","state_code":"PA","country_code":"US"}},{"type":"Feature","geometry":{"type":"Point","coordinates":[-78.46252,41.00256]},"properties":{"id":118846,"name":"Hyde","state_code":"PA","country_code":"US"}},{"type":"Feature","geometry":{"type":"Point","coordinates":[-75.92521,40.37732]},"properties":{"id":118851,"name":"Hyde Park","state_code":"PA","country_code":"US"}},{"type":"Feature","geometry":{"type":"Point","coordinates":[-80.2445,40.44951]},"properties":{"id":118882,"name":"Imperial","state_code":"PA","country_code":"US"}},{"type":"Feature","geometry":{"type":"Point","coordinates":[-75.50824,41.00314]},"properties":{"id":118911,"name":"Indian Mountain Lake","state_code":"PA","country_code":"US"}},{"type":"Feature","geometry":{"type":"Point","coordinates":[-79.15253,40.62146]},"properties":{"id":118922,"name":"Indiana","state_code":"PA","country_code":"US"}},{"type":"Feature","geometry":{"type":"Point","coordinates":[-80.41618,40.64451]},"properties":{"id":118930,"name":"Industry","state_code":"PA","country_code":"US"}},{"type":"Feature","geometry":{"type":"Point","coordinates":[-80.06755,40.44618]},"properties":{"id":118941,"name":"Ingram","state_code":"PA","country_code":"US"}},{"type":"Feature","geometry":{"type":"Point","coordinates":[-75.81269,41.29897]},"properties":{"id":118942,"name":"Inkerman","state_code":"PA","country_code":"US"}},{"type":"Feature","geometry":{"type":"Point","coordinates":[-76.10495,40.0376]},"properties":{"id":118949,"name":"Intercourse","state_code":"PA","country_code":"US"}},{"type":"Feature","geometry":{"type":"Point","coordinates":[-79.70115,40.32451]},"properties":{"id":119012,"name":"Irwin","state_code":"PA","country_code":"US"}},{"type":"Feature","geometry":{"type":"Point","coordinates":[-75.07267,40.20789]},"properties":{"id":119052,"name":"Ivyland","state_code":"PA","country_code":"US"}},{"type":"Feature","geometry":{"type":"Point","coordinates":[-75.84965,40.32454]},"properties":{"id":119107,"name":"Jacksonwald","state_code":"PA","country_code":"US"}},{"type":"Feature","geometry":{"type":"Point","coordinates":[-76.71052,39.88316]},"properties":{"id":119108,"name":"Jacobus","state_code":"PA","country_code":"US"}},{"type":"Feature","geometry":{"type":"Point","coordinates":[-79.61532,40.32812]},"properties":{"id":119159,"name":"Jeannette","state_code":"PA","country_code":"US"}},{"type":"Feature","geometry":{"type":"Point","coordinates":[-79.93199,40.29118]},"properties":{"id":119202,"name":"Jefferson Hills","state_code":"PA","country_code":"US"}},{"type":"Feature","geometry":{"type":"Point","coordinates":[-75.12517,40.09594]},"properties":{"id":119216,"name":"Jenkintown","state_code":"PA","country_code":"US"}},{"type":"Feature","geometry":{"type":"Point","coordinates":[-75.54546,41.53091]},"properties":{"id":119226,"name":"Jermyn","state_code":"PA","country_code":"US"}},{"type":"Feature","geometry":{"type":"Point","coordinates":[-78.98364,40.20896]},"properties":{"id":119228,"name":"Jerome","state_code":"PA","country_code":"US"}},{"type":"Feature","geometry":{"type":"Point","coordinates":[-77.26442,41.20202]},"properties":{"id":119233,"name":"Jersey Shore","state_code":"PA","country_code":"US"}},{"type":"Feature","geometry":{"type":"Point","coordinates":[-75.56213,41.46869]},"properties":{"id":119238,"name":"Jessup","state_code":"PA","country_code":"US"}},{"type":"Feature","geometry":{"type":"Point","coordinates":[-75.73241,40.87592]},"properties":{"id":119247,"name":"Jim Thorpe","state_code":"PA","country_code":"US"}},{"type":"Feature","geometry":{"type":"Point","coordinates":[-78.67503,41.49062]},"properties":{"id":119274,"name":"Johnsonburg","state_code":"PA","country_code":"US"}},{"type":"Feature","geometry":{"type":"Point","coordinates":[-78.92197,40.32674]},"properties":{"id":119285,"name":"Johnstown","state_code":"PA","country_code":"US"}},{"type":"Feature","geometry":{"type":"Point","coordinates":[-76.4783,40.4137]},"properties":{"id":119308,"name":"Jonestown","state_code":"PA","country_code":"US"}},{"type":"Feature","geometry":{"type":"Point","coordinates":[-78.81114,41.66284]},"properties":{"id":119376,"name":"Kane","state_code":"PA","country_code":"US"}},{"type":"Feature","geometry":{"type":"Point","coordinates":[-75.93938,40.31065]},"properties":{"id":119455,"name":"Kenhorst","state_code":"PA","country_code":"US"}},{"type":"Feature","geometry":{"type":"Point","coordinates":[-75.63408,40.23149]},"properties":{"id":119458,"name":"Kenilworth","state_code":"PA","country_code":"US"}},{"type":"Feature","geometry":{"type":"Point","coordinates":[-76.95941,41.25341]},"properties":{"id":119460,"name":"Kenmar","state_code":"PA","country_code":"US"}},{"type":"Feature","geometry":{"type":"Point","coordinates":[-75.7116,39.84678]},"properties":{"id":119474,"name":"Kennett Square","state_code":"PA","country_code":"US"}},{"type":"Feature","geometry":{"type":"Point","coordinates":[-75.39602,40.08927]},"properties":{"id":119590,"name":"King of Prussia","state_code":"PA","country_code":"US"}},{"type":"Feature","geometry":{"type":"Point","coordinates":[-75.89686,41.26175]},"properties":{"id":119628,"name":"Kingston","state_code":"PA","country_code":"US"}},{"type":"Feature","geometry":{"type":"Point","coordinates":[-79.52199,40.81645]},"properties":{"id":119661,"name":"Kittanning","state_code":"PA","country_code":"US"}},{"type":"Feature","geometry":{"type":"Point","coordinates":[-79.53727,41.23451]},"properties":{"id":119683,"name":"Knox","state_code":"PA","country_code":"US"}},{"type":"Feature","geometry":{"type":"Point","coordinates":[-76.47245,40.79342]},"properties":{"id":119723,"name":"Kulpmont","state_code":"PA","country_code":"US"}},{"type":"Feature","geometry":{"type":"Point","coordinates":[-75.33656,40.24288]},"properties":{"id":119724,"name":"Kulpsville","state_code":"PA","country_code":"US"}},{"type":"Feature","geometry":{"type":"Point","coordinates":[-75.77742,40.51732]},"properties":{"id":119728,"name":"Kutztown","state_code":"PA","country_code":"US"}},{"type":"Feature","geometry":{"type":"Point","coordinates":[-75.2533,40.09245]},"properties":{"id":119843,"name":"Lafayette Hill","state_code":"PA","country_code":"US"}},{"type":"Feature","geometry":{"type":"Point","coordinates":[-75.80547,41.28897]},"properties":{"id":119845,"name":"Laflin","state_code":"PA","country_code":"US"}},{"type":"Feature","geometry":{"type":"Point","coordinates":[-80.34534,42.01422]},"properties":{"id":119885,"name":"Lake City","state_code":"PA","country_code":"US"}},{"type":"Feature","geometry":{"type":"Point","coordinates":[-77.18387,39.80954]},"properties":{"id":119920,"name":"Lake Heritage","state_code":"PA","country_code":"US"}},{"type":"Feature","geometry":{"type":"Point","coordinates":[-80.18129,41.29039]},"properties":{"id":119929,"name":"Lake Latonka","state_code":"PA","country_code":"US"}},{"type":"Feature","geometry":{"type":"Point","coordinates":[-77.0372,39.9851]},"properties":{"id":119940,"name":"Lake Meade","state_code":"PA","country_code":"US"}},{"type":"Feature","geometry":{"type":"Point","coordinates":[-76.16383,40.59926]},"properties":{"id":120001,"name":"Lake Wynonah","state_code":"PA","country_code":"US"}},{"type":"Feature","geometry":{"type":"Point","coordinates":[-78.38835,40.47285]},"properties":{"id":120021,"name":"Lakemont","state_code":"PA","country_code":"US"}},{"type":"Feature","geometry":{"type":"Point","coordinates":[-76.23968,39.9901]},"properties":{"id":120077,"name":"Lampeter","state_code":"PA","country_code":"US"}},{"type":"Feature","geometry":{"type":"Point","coordinates":[-76.30551,40.03788]},"properties":{"id":120087,"name":"Lancaster","state_code":"PA","country_code":"US"}},{"type":"Feature","geometry":{"type":"Point","coordinates":[-76.40996,40.09537]},"properties":{"id":120100,"name":"Landisville","state_code":"PA","country_code":"US"}},{"type":"Feature","geometry":{"type":"Point","coordinates":[-74.92267,40.17455]},"properties":{"id":120110,"name":"Langhorne","state_code":"PA","country_code":"US"}},{"type":"Feature","geometry":{"type":"Point","coordinates":[-74.91767,40.16705]},"properties":{"id":120111,"name":"Langhorne Manor","state_code":"PA","country_code":"US"}},{"type":"Feature","geometry":{"type":"Point","coordinates":[-75.28379,40.2415]},"properties":{"id":120121,"name":"Lansdale","state_code":"PA","country_code":"US"}},{"type":"Feature","geometry":{"type":"Point","coordinates":[-75.27185,39.93817]},"properties":{"id":120123,"name":"Lansdowne","state_code":"PA","country_code":"US"}},{"type":"Feature","geometry":{"type":"Point","coordinates":[-75.88242,40.83176]},"properties":{"id":120124,"name":"Lansford","state_code":"PA","country_code":"US"}},{"type":"Feature","geometry":{"type":"Point","coordinates":[-76.49411,41.42397]},"properties":{"id":120135,"name":"Laporte","state_code":"PA","country_code":"US"}},{"type":"Feature","geometry":{"type":"Point","coordinates":[-75.93075,41.24508]},"properties":{"id":120149,"name":"Larksville","state_code":"PA","country_code":"US"}},{"type":"Feature","geometry":{"type":"Point","coordinates":[-79.37948,40.32118]},"properties":{"id":120175,"name":"Latrobe","state_code":"PA","country_code":"US"}},{"type":"Feature","geometry":{"type":"Point","coordinates":[-75.91798,40.38815]},"properties":{"id":120202,"name":"Laureldale","state_code":"PA","country_code":"US"}},{"type":"Feature","geometry":{"type":"Point","coordinates":[-75.53018,40.72315]},"properties":{"id":120212,"name":"Laurys Station","state_code":"PA","country_code":"US"}},{"type":"Feature","geometry":{"type":"Point","coordinates":[-76.80386,40.25842]},"properties":{"id":120224,"name":"Lawnton","state_code":"PA","country_code":"US"}},{"type":"Feature","geometry":{"type":"Point","coordinates":[-80.02311,42.15228]},"properties":{"id":120239,"name":"Lawrence Park","state_code":"PA","country_code":"US"}},{"type":"Feature","geometry":{"type":"Point","coordinates":[-79.3892,40.29174]},"properties":{"id":120248,"name":"Lawson Heights","state_code":"PA","country_code":"US"}},{"type":"Feature","geometry":{"type":"Point","coordinates":[-76.41135,40.34093]},"properties":{"id":120293,"name":"Lebanon","state_code":"PA","country_code":"US"}},{"type":"Feature","geometry":{"type":"Point","coordinates":[-76.40644,40.32804]},"properties":{"id":120297,"name":"Lebanon South","state_code":"PA","country_code":"US"}},{"type":"Feature","geometry":{"type":"Point","coordinates":[-79.6056,40.62701]},"properties":{"id":120319,"name":"Leechburg","state_code":"PA","country_code":"US"}},{"type":"Feature","geometry":{"type":"Point","coordinates":[-75.96632,40.44704]},"properties":{"id":120327,"name":"Leesport","state_code":"PA","country_code":"US"}},{"type":"Feature","geometry":{"type":"Point","coordinates":[-80.20839,40.56312]},"properties":{"id":120330,"name":"Leetsdale","state_code":"PA","country_code":"US"}},{"type":"Feature","geometry":{"type":"Point","coordinates":[-75.7138,40.8337]},"properties":{"id":120336,"name":"Lehighton","state_code":"PA","country_code":"US"}},{"type":"Feature","geometry":{"type":"Point","coordinates":[-79.73133,39.87744]},"properties":{"id":120348,"name":"Leith-Hatfield","state_code":"PA","country_code":"US"}},{"type":"Feature","geometry":{"type":"Point","coordinates":[-77.81833,40.81062]},"properties":{"id":120361,"name":"Lemont","state_code":"PA","country_code":"US"}},{"type":"Feature","geometry":{"type":"Point","coordinates":[-76.89414,40.2412]},"properties":{"id":120364,"name":"Lemoyne","state_code":"PA","country_code":"US"}},{"type":"Feature","geometry":{"type":"Point","coordinates":[-79.5206,40.76423]},"properties":{"id":120367,"name":"Lenape Heights","state_code":"PA","country_code":"US"}},{"type":"Feature","geometry":{"type":"Point","coordinates":[-76.18495,40.08787]},"properties":{"id":120380,"name":"Leola","state_code":"PA","country_code":"US"}},{"type":"Feature","geometry":{"type":"Point","coordinates":[-79.72032,40.3934]},"properties":{"id":120402,"name":"Level Green","state_code":"PA","country_code":"US"}},{"type":"Feature","geometry":{"type":"Point","coordinates":[-74.82877,40.15511]},"properties":{"id":120408,"name":"Levittown","state_code":"PA","country_code":"US"}},{"type":"Feature","geometry":{"type":"Point","coordinates":[-76.88441,40.96453]},"properties":{"id":120421,"name":"Lewisburg","state_code":"PA","country_code":"US"}},{"type":"Feature","geometry":{"type":"Point","coordinates":[-77.57138,40.59924]},"properties":{"id":120432,"name":"Lewistown","state_code":"PA","country_code":"US"}},{"type":"Feature","geometry":{"type":"Point","coordinates":[-79.85616,40.32535]},"properties":{"id":120467,"name":"Liberty","state_code":"PA","country_code":"US"}},{"type":"Feature","geometry":{"type":"Point","coordinates":[-76.42356,41.0362]},"properties":{"id":120479,"name":"Light Street","state_code":"PA","country_code":"US"}},{"type":"Feature","geometry":{"type":"Point","coordinates":[-79.23753,40.24313]},"properties":{"id":120482,"name":"Ligonier","state_code":"PA","country_code":"US"}},{"type":"Feature","geometry":{"type":"Point","coordinates":[-75.44047,39.91733]},"properties":{"id":120488,"name":"Lima","state_code":"PA","country_code":"US"}},{"type":"Feature","geometry":{"type":"Point","coordinates":[-75.52212,40.23093]},"properties":{"id":120491,"name":"Limerick","state_code":"PA","country_code":"US"}},{"type":"Feature","geometry":{"type":"Point","coordinates":[-79.85477,40.31896]},"properties":{"id":120507,"name":"Lincoln","state_code":"PA","country_code":"US"}},{"type":"Feature","geometry":{"type":"Point","coordinates":[-75.98549,40.31481]},"properties":{"id":120544,"name":"Lincoln Park","state_code":"PA","country_code":"US"}},{"type":"Feature","geometry":{"type":"Point","coordinates":[-76.78914,40.33398]},"properties":{"id":120579,"name":"Linglestown","state_code":"PA","country_code":"US"}},{"type":"Feature","geometry":{"type":"Point","coordinates":[-76.89913,40.95897]},"properties":{"id":120586,"name":"Linntown","state_code":"PA","country_code":"US"}},{"type":"Feature","geometry":{"type":"Point","coordinates":[-75.42547,39.8265]},"properties":{"id":120593,"name":"Linwood","state_code":"PA","country_code":"US"}},{"type":"Feature","geometry":{"type":"Point","coordinates":[-75.65993,40.05372]},"properties":{"id":120594,"name":"Lionville","state_code":"PA","country_code":"US"}},{"type":"Feature","geometry":{"type":"Point","coordinates":[-76.3069,40.15732]},"properties":{"id":120612,"name":"Lititz","state_code":"PA","country_code":"US"}},{"type":"Feature","geometry":{"type":"Point","coordinates":[-77.08804,39.74454]},"properties":{"id":120634,"name":"Littlestown","state_code":"PA","country_code":"US"}},{"type":"Feature","geometry":{"type":"Point","coordinates":[-77.44693,41.13701]},"properties":{"id":120674,"name":"Lock Haven","state_code":"PA","country_code":"US"}},{"type":"Feature","geometry":{"type":"Point","coordinates":[-76.70747,39.85566]},"properties":{"id":120709,"name":"Loganville","state_code":"PA","country_code":"US"}},{"type":"Feature","geometry":{"type":"Point","coordinates":[-75.85465,40.28843]},"properties":{"id":120769,"name":"Lorane","state_code":"PA","country_code":"US"}},{"type":"Feature","geometry":{"type":"Point","coordinates":[-78.6303,40.50313]},"properties":{"id":120775,"name":"Loretto","state_code":"PA","country_code":"US"}},{"type":"Feature","geometry":{"type":"Point","coordinates":[-76.90053,40.22648]},"properties":{"id":120839,"name":"Lower Allen","state_code":"PA","country_code":"US"}},{"type":"Feature","geometry":{"type":"Point","coordinates":[-79.75727,40.55312]},"properties":{"id":120840,"name":"Lower Burrell","state_code":"PA","country_code":"US"}},{"type":"Feature","geometry":{"type":"Point","coordinates":[-79.36226,40.32257]},"properties":{"id":120854,"name":"Loyalhanna","state_code":"PA","country_code":"US"}},{"type":"Feature","geometry":{"type":"Point","coordinates":[-75.90103,41.28564]},"properties":{"id":120903,"name":"Luzerne","state_code":"PA","country_code":"US"}},{"type":"Feature","geometry":{"type":"Point","coordinates":[-76.70052,40.56675]},"properties":{"id":120907,"name":"Lykens","state_code":"PA","country_code":"US"}},{"type":"Feature","geometry":{"type":"Point","coordinates":[-79.85135,40.13071]},"properties":{"id":120932,"name":"Lynnwood-Pricedale","state_code":"PA","country_code":"US"}},{"type":"Feature","geometry":{"type":"Point","coordinates":[-75.55519,40.51593]},"properties":{"id":120974,"name":"Macungie","state_code":"PA","country_code":"US"}},{"type":"Feature","geometry":{"type":"Point","coordinates":[-76.1416,40.81259]},"properties":{"id":121040,"name":"Mahanoy City","state_code":"PA","country_code":"US"}},{"type":"Feature","geometry":{"type":"Point","coordinates":[-75.51381,40.03622]},"properties":{"id":121073,"name":"Malvern","state_code":"PA","country_code":"US"}},{"type":"Feature","geometry":{"type":"Point","coordinates":[-76.7183,40.06315]},"properties":{"id":121100,"name":"Manchester","state_code":"PA","country_code":"US"}},{"type":"Feature","geometry":{"type":"Point","coordinates":[-76.39496,40.16343]},"properties":{"id":121118,"name":"Manheim","state_code":"PA","country_code":"US"}},{"type":"Feature","geometry":{"type":"Point","coordinates":[-79.67004,40.33396]},"properties":{"id":121139,"name":"Manor","state_code":"PA","country_code":"US"}},{"type":"Feature","geometry":{"type":"Point","coordinates":[-77.07747,41.8073]},"properties":{"id":121147,"name":"Mansfield","state_code":"PA","country_code":"US"}},{"type":"Feature","geometry":{"type":"Point","coordinates":[-75.18045,40.17928]},"properties":{"id":121166,"name":"Maple Glen","state_code":"PA","country_code":"US"}},{"type":"Feature","geometry":{"type":"Point","coordinates":[-75.41853,39.81928]},"properties":{"id":121200,"name":"Marcus Hook","state_code":"PA","country_code":"US"}},{"type":"Feature","geometry":{"type":"Point","coordinates":[-79.42893,41.24645]},"properties":{"id":121210,"name":"Marianne","state_code":"PA","country_code":"US"}},{"type":"Feature","geometry":{"type":"Point","coordinates":[-79.1231,41.46895]},"properties":{"id":121214,"name":"Marienville","state_code":"PA","country_code":"US"}},{"type":"Feature","geometry":{"type":"Point","coordinates":[-76.55219,40.05704]},"properties":{"id":121218,"name":"Marietta","state_code":"PA","country_code":"US"}},{"type":"Feature","geometry":{"type":"Point","coordinates":[-80.01173,40.6959]},"properties":{"id":121298,"name":"Mars","state_code":"PA","country_code":"US"}},{"type":"Feature","geometry":{"type":"Point","coordinates":[-76.5394,40.78675]},"properties":{"id":121322,"name":"Marshallton","state_code":"PA","country_code":"US"}},{"type":"Feature","geometry":{"type":"Point","coordinates":[-78.32418,40.31119]},"properties":{"id":121347,"name":"Martinsburg","state_code":"PA","country_code":"US"}},{"type":"Feature","geometry":{"type":"Point","coordinates":[-76.92997,40.34259]},"properties":{"id":121359,"name":"Marysville","state_code":"PA","country_code":"US"}},{"type":"Feature","geometry":{"type":"Point","coordinates":[-79.89978,39.84674]},"properties":{"id":121384,"name":"Masontown","state_code":"PA","country_code":"US"}},{"type":"Feature","geometry":{"type":"Point","coordinates":[-74.70016,41.3687]},"properties":{"id":121398,"name":"Matamoras","state_code":"PA","country_code":"US"}},{"type":"Feature","geometry":{"type":"Point","coordinates":[-75.53602,41.53814]},"properties":{"id":121437,"name":"Mayfield","state_code":"PA","country_code":"US"}},{"type":"Feature","geometry":{"type":"Point","coordinates":[-76.58219,40.07537]},"properties":{"id":121453,"name":"Maytown","state_code":"PA","country_code":"US"}},{"type":"Feature","geometry":{"type":"Point","coordinates":[-75.99106,40.90127]},"properties":{"id":121461,"name":"McAdoo","state_code":"PA","country_code":"US"}},{"type":"Feature","geometry":{"type":"Point","coordinates":[-77.99889,39.93259]},"properties":{"id":121477,"name":"McConnellsburg","state_code":"PA","country_code":"US"}},{"type":"Feature","geometry":{"type":"Point","coordinates":[-78.08167,40.45257]},"properties":{"id":121478,"name":"McConnellstown","state_code":"PA","country_code":"US"}},{"type":"Feature","geometry":{"type":"Point","coordinates":[-80.23478,40.3709]},"properties":{"id":121491,"name":"McDonald","state_code":"PA","country_code":"US"}},{"type":"Feature","geometry":{"type":"Point","coordinates":[-80.21645,40.22896]},"properties":{"id":121503,"name":"McGovern","state_code":"PA","country_code":"US"}},{"type":"Feature","geometry":{"type":"Point","coordinates":[-80.06561,40.46562]},"properties":{"id":121518,"name":"McKees Rocks","state_code":"PA","country_code":"US"}},{"type":"Feature","geometry":{"type":"Point","coordinates":[-79.86422,40.34785]},"properties":{"id":121519,"name":"McKeesport","state_code":"PA","country_code":"US"}},{"type":"Feature","geometry":{"type":"Point","coordinates":[-80.08394,40.27785]},"properties":{"id":121543,"name":"McMurray","state_code":"PA","country_code":"US"}},{"type":"Feature","geometry":{"type":"Point","coordinates":[-77.01137,39.80732]},"properties":{"id":121551,"name":"McSherrystown","state_code":"PA","country_code":"US"}},{"type":"Feature","geometry":{"type":"Point","coordinates":[-79.89394,40.84201]},"properties":{"id":121570,"name":"Meadowood","state_code":"PA","country_code":"US"}},{"type":"Feature","geometry":{"type":"Point","coordinates":[-80.15145,41.64144]},"properties":{"id":121575,"name":"Meadville","state_code":"PA","country_code":"US"}},{"type":"Feature","geometry":{"type":"Point","coordinates":[-77.00859,40.21426]},"properties":{"id":121580,"name":"Mechanicsburg","state_code":"PA","country_code":"US"}},{"type":"Feature","geometry":{"type":"Point","coordinates":[-76.58662,40.96648]},"properties":{"id":121585,"name":"Mechanicsville","state_code":"PA","country_code":"US"}},{"type":"Feature","geometry":{"type":"Point","coordinates":[-75.38769,39.91678]},"properties":{"id":121598,"name":"Media","state_code":"PA","country_code":"US"}},{"type":"Feature","geometry":{"type":"Point","coordinates":[-80.23979,41.227]},"properties":{"id":121674,"name":"Mercer","state_code":"PA","country_code":"US"}},{"type":"Feature","geometry":{"type":"Point","coordinates":[-77.90333,39.82787]},"properties":{"id":121683,"name":"Mercersburg","state_code":"PA","country_code":"US"}},{"type":"Feature","geometry":{"type":"Point","coordinates":[-79.962,40.8484]},"properties":{"id":121693,"name":"Meridian","state_code":"PA","country_code":"US"}},{"type":"Feature","geometry":{"type":"Point","coordinates":[-79.02475,39.81369]},"properties":{"id":121745,"name":"Meyersdale","state_code":"PA","country_code":"US"}},{"type":"Feature","geometry":{"type":"Point","coordinates":[-77.0472,40.78592]},"properties":{"id":121769,"name":"Middleburg","state_code":"PA","country_code":"US"}},{"type":"Feature","geometry":{"type":"Point","coordinates":[-76.73108,40.19981]},"properties":{"id":121792,"name":"Middletown","state_code":"PA","country_code":"US"}},{"type":"Feature","geometry":{"type":"Point","coordinates":[-80.44645,40.63257]},"properties":{"id":121799,"name":"Midland","state_code":"PA","country_code":"US"}},{"type":"Feature","geometry":{"type":"Point","coordinates":[-77.00276,39.80843]},"properties":{"id":121818,"name":"Midway","state_code":"PA","country_code":"US"}},{"type":"Feature","geometry":{"type":"Point","coordinates":[-77.04775,40.91758]},"properties":{"id":121826,"name":"Mifflinburg","state_code":"PA","country_code":"US"}},{"type":"Feature","geometry":{"type":"Point","coordinates":[-77.39693,40.5698]},"properties":{"id":121827,"name":"Mifflintown","state_code":"PA","country_code":"US"}},{"type":"Feature","geometry":{"type":"Point","coordinates":[-76.30799,41.03231]},"properties":{"id":121828,"name":"Mifflinville","state_code":"PA","country_code":"US"}},{"type":"Feature","geometry":{"type":"Point","coordinates":[-77.785,40.94173]},"properties":{"id":121845,"name":"Milesburg","state_code":"PA","country_code":"US"}},{"type":"Feature","geometry":{"type":"Point","coordinates":[-74.80239,41.32232]},"properties":{"id":121857,"name":"Milford","state_code":"PA","country_code":"US"}},{"type":"Feature","geometry":{"type":"Point","coordinates":[-77.48443,41.10729]},"properties":{"id":121865,"name":"Mill Hall","state_code":"PA","country_code":"US"}},{"type":"Feature","geometry":{"type":"Point","coordinates":[-75.25018,39.96345]},"properties":{"id":121870,"name":"Millbourne","state_code":"PA","country_code":"US"}},{"type":"Feature","geometry":{"type":"Point","coordinates":[-76.96081,40.53953]},"properties":{"id":121886,"name":"Millersburg","state_code":"PA","country_code":"US"}},{"type":"Feature","geometry":{"type":"Point","coordinates":[-76.35413,39.99788]},"properties":{"id":121889,"name":"Millersville","state_code":"PA","country_code":"US"}},{"type":"Feature","geometry":{"type":"Point","coordinates":[-79.97839,40.48007]},"properties":{"id":121903,"name":"Millvale","state_code":"PA","country_code":"US"}},{"type":"Feature","geometry":{"type":"Point","coordinates":[-77.59055,40.71396]},"properties":{"id":121910,"name":"Milroy","state_code":"PA","country_code":"US"}},{"type":"Feature","geometry":{"type":"Point","coordinates":[-76.84774,41.01203]},"properties":{"id":121917,"name":"Milton","state_code":"PA","country_code":"US"}},{"type":"Feature","geometry":{"type":"Point","coordinates":[-76.26217,40.69065]},"properties":{"id":121943,"name":"Minersville","state_code":"PA","country_code":"US"}},{"type":"Feature","geometry":{"type":"Point","coordinates":[-75.98438,40.28593]},"properties":{"id":122022,"name":"Mohnton","state_code":"PA","country_code":"US"}},{"type":"Feature","geometry":{"type":"Point","coordinates":[-80.27145,40.68729]},"properties":{"id":122032,"name":"Monaca","state_code":"PA","country_code":"US"}},{"type":"Feature","geometry":{"type":"Point","coordinates":[-79.88783,40.14841]},"properties":{"id":122038,"name":"Monessen","state_code":"PA","country_code":"US"}},{"type":"Feature","geometry":{"type":"Point","coordinates":[-79.92616,40.20313]},"properties":{"id":122055,"name":"Monongahela","state_code":"PA","country_code":"US"}},{"type":"Feature","geometry":{"type":"Point","coordinates":[-79.7881,40.42118]},"properties":{"id":122086,"name":"Monroeville","state_code":"PA","country_code":"US"}},{"type":"Feature","geometry":{"type":"Point","coordinates":[-77.55832,39.84426]},"properties":{"id":122092,"name":"Mont Alto","state_code":"PA","country_code":"US"}},{"type":"Feature","geometry":{"type":"Point","coordinates":[-76.87691,41.17036]},"properties":{"id":122136,"name":"Montgomery","state_code":"PA","country_code":"US"}},{"type":"Feature","geometry":{"type":"Point","coordinates":[-75.24379,40.24733]},"properties":{"id":122157,"name":"Montgomeryville","state_code":"PA","country_code":"US"}},{"type":"Feature","geometry":{"type":"Point","coordinates":[-76.92052,41.25425]},"properties":{"id":122175,"name":"Montoursville","state_code":"PA","country_code":"US"}},{"type":"Feature","geometry":{"type":"Point","coordinates":[-75.87714,41.83397]},"properties":{"id":122183,"name":"Montrose","state_code":"PA","country_code":"US"}},{"type":"Feature","geometry":{"type":"Point","coordinates":[-75.73825,41.35341]},"properties":{"id":122216,"name":"Moosic","state_code":"PA","country_code":"US"}},{"type":"Feature","geometry":{"type":"Point","coordinates":[-79.9344284,40.4814051]},"properties":{"id":149547,"name":"Morningside","state_code":"PA","country_code":"US"}},{"type":"Feature","geometry":{"type":"Point","coordinates":[-74.78794,40.2115]},"properties":{"id":122286,"name":"Morrisville","state_code":"PA","country_code":"US"}},{"type":"Feature","geometry":{"type":"Point","coordinates":[-75.32352,39.90983]},"properties":{"id":122292,"name":"Morton","state_code":"PA","country_code":"US"}},{"type":"Feature","geometry":{"type":"Point","coordinates":[-75.51852,41.33675]},"properties":{"id":122299,"name":"Moscow","state_code":"PA","country_code":"US"}},{"type":"Feature","geometry":{"type":"Point","coordinates":[-76.4119,40.79703]},"properties":{"id":122337,"name":"Mount Carmel","state_code":"PA","country_code":"US"}},{"type":"Feature","geometry":{"type":"Point","coordinates":[-75.49324,41.41342]},"properties":{"id":122340,"name":"Mount Cobb","state_code":"PA","country_code":"US"}},{"type":"Feature","geometry":{"type":"Point","coordinates":[-77.18998,40.11842]},"properties":{"id":122351,"name":"Mount Holly Springs","state_code":"PA","country_code":"US"}},{"type":"Feature","geometry":{"type":"Point","coordinates":[-76.5033,40.10982]},"properties":{"id":122358,"name":"Mount Joy","state_code":"PA","country_code":"US"}},{"type":"Feature","geometry":{"type":"Point","coordinates":[-80.0495,40.35535]},"properties":{"id":122362,"name":"Mount Lebanon","state_code":"PA","country_code":"US"}},{"type":"Feature","geometry":{"type":"Point","coordinates":[-79.98783,40.41424]},"properties":{"id":122370,"name":"Mount Oliver","state_code":"PA","country_code":"US"}},{"type":"Feature","geometry":{"type":"Point","coordinates":[-75.89076,40.32815]},"properties":{"id":122373,"name":"Mount Penn","state_code":"PA","country_code":"US"}},{"type":"Feature","geometry":{"type":"Point","coordinates":[-79.54115,40.14896]},"properties":{"id":122380,"name":"Mount Pleasant","state_code":"PA","country_code":"US"}},{"type":"Feature","geometry":{"type":"Point","coordinates":[-75.36463,41.12203]},"properties":{"id":122384,"name":"Mount Pocono","state_code":"PA","country_code":"US"}},{"type":"Feature","geometry":{"type":"Point","coordinates":[-77.88222,40.38452]},"properties":{"id":122392,"name":"Mount Union","state_code":"PA","country_code":"US"}},{"type":"Feature","geometry":{"type":"Point","coordinates":[-76.70386,40.06315]},"properties":{"id":122407,"name":"Mount Wolf","state_code":"PA","country_code":"US"}},{"type":"Feature","geometry":{"type":"Point","coordinates":[-75.87742,41.16953]},"properties":{"id":122427,"name":"Mountain Top","state_code":"PA","country_code":"US"}},{"type":"Feature","geometry":{"type":"Point","coordinates":[-75.27102,41.1737]},"properties":{"id":122437,"name":"Mountainhome","state_code":"PA","country_code":"US"}},{"type":"Feature","geometry":{"type":"Point","coordinates":[-76.4308,40.03926]},"properties":{"id":122441,"name":"Mountville","state_code":"PA","country_code":"US"}},{"type":"Feature","geometry":{"type":"Point","coordinates":[-75.94132,40.38482]},"properties":{"id":122449,"name":"Muhlenberg Park","state_code":"PA","country_code":"US"}},{"type":"Feature","geometry":{"type":"Point","coordinates":[-76.78552,41.20564]},"properties":{"id":122466,"name":"Muncy","state_code":"PA","country_code":"US"}},{"type":"Feature","geometry":{"type":"Point","coordinates":[-78.84113,40.44479]},"properties":{"id":122469,"name":"Mundys Corner","state_code":"PA","country_code":"US"}},{"type":"Feature","geometry":{"type":"Point","coordinates":[-79.90005,40.39229]},"properties":{"id":122473,"name":"Munhall","state_code":"PA","country_code":"US"}},{"type":"Feature","geometry":{"type":"Point","coordinates":[-79.69755,40.4284]},"properties":{"id":122500,"name":"Murrysville","state_code":"PA","country_code":"US"}},{"type":"Feature","geometry":{"type":"Point","coordinates":[-80.20034,40.29285]},"properties":{"id":122507,"name":"Muse","state_code":"PA","country_code":"US"}},{"type":"Feature","geometry":{"type":"Point","coordinates":[-76.30273,40.37454]},"properties":{"id":122518,"name":"Myerstown","state_code":"PA","country_code":"US"}},{"type":"Feature","geometry":{"type":"Point","coordinates":[-76.00492,41.20536]},"properties":{"id":122541,"name":"Nanticoke","state_code":"PA","country_code":"US"}},{"type":"Feature","geometry":{"type":"Point","coordinates":[-78.83336,40.47229]},"properties":{"id":122544,"name":"Nanty Glo","state_code":"PA","country_code":"US"}},{"type":"Feature","geometry":{"type":"Point","coordinates":[-75.26046,40.00845]},"properties":{"id":122563,"name":"Narberth","state_code":"PA","country_code":"US"}},{"type":"Feature","geometry":{"type":"Point","coordinates":[-75.30962,40.74038]},"properties":{"id":122606,"name":"Nazareth","state_code":"PA","country_code":"US"}},{"type":"Feature","geometry":{"type":"Point","coordinates":[-76.22077,41.05203]},"properties":{"id":122640,"name":"Nescopeck","state_code":"PA","country_code":"US"}},{"type":"Feature","geometry":{"type":"Point","coordinates":[-75.81103,40.86453]},"properties":{"id":122642,"name":"Nesquehoning","state_code":"PA","country_code":"US"}},{"type":"Feature","geometry":{"type":"Point","coordinates":[-80.37062,40.87645]},"properties":{"id":122661,"name":"New Beaver","state_code":"PA","country_code":"US"}},{"type":"Feature","geometry":{"type":"Point","coordinates":[-75.63296,40.34537]},"properties":{"id":122665,"name":"New Berlinville","state_code":"PA","country_code":"US"}},{"type":"Feature","geometry":{"type":"Point","coordinates":[-77.18637,40.41981]},"properties":{"id":122667,"name":"New Bloomfield","state_code":"PA","country_code":"US"}},{"type":"Feature","geometry":{"type":"Point","coordinates":[-80.31006,40.73034]},"properties":{"id":122673,"name":"New Brighton","state_code":"PA","country_code":"US"}},{"type":"Feature","geometry":{"type":"Point","coordinates":[-75.18101,40.299]},"properties":{"id":122675,"name":"New Britain","state_code":"PA","country_code":"US"}},{"type":"Feature","geometry":{"type":"Point","coordinates":[-80.34701,41.00367]},"properties":{"id":122688,"name":"New Castle","state_code":"PA","country_code":"US"}},{"type":"Feature","geometry":{"type":"Point","coordinates":[-80.35682,41.02208]},"properties":{"id":122691,"name":"New Castle Northwest","state_code":"PA","country_code":"US"}},{"type":"Feature","geometry":{"type":"Point","coordinates":[-76.86691,41.04092]},"properties":{"id":122696,"name":"New Columbia","state_code":"PA","country_code":"US"}},{"type":"Feature","geometry":{"type":"Point","coordinates":[-76.8847,40.23231]},"properties":{"id":122697,"name":"New Cumberland","state_code":"PA","country_code":"US"}},{"type":"Feature","geometry":{"type":"Point","coordinates":[-79.94699,40.20785]},"properties":{"id":122702,"name":"New Eagle","state_code":"PA","country_code":"US"}},{"type":"Feature","geometry":{"type":"Point","coordinates":[-76.70136,39.73788]},"properties":{"id":122707,"name":"New Freedom","state_code":"PA","country_code":"US"}},{"type":"Feature","geometry":{"type":"Point","coordinates":[-76.08523,40.10176]},"properties":{"id":122721,"name":"New Holland","state_code":"PA","country_code":"US"}},{"type":"Feature","geometry":{"type":"Point","coordinates":[-74.95128,40.36427]},"properties":{"id":122727,"name":"New Hope","state_code":"PA","country_code":"US"}},{"type":"Feature","geometry":{"type":"Point","coordinates":[-79.76477,40.56979]},"properties":{"id":122733,"name":"New Kensington","state_code":"PA","country_code":"US"}},{"type":"Feature","geometry":{"type":"Point","coordinates":[-77.05581,39.86371]},"properties":{"id":122757,"name":"New Oxford","state_code":"PA","country_code":"US"}},{"type":"Feature","geometry":{"type":"Point","coordinates":[-76.11577,40.71953]},"properties":{"id":122762,"name":"New Philadelphia","state_code":"PA","country_code":"US"}},{"type":"Feature","geometry":{"type":"Point","coordinates":[-79.60948,40.21924]},"properties":{"id":122783,"name":"New Stanton","state_code":"PA","country_code":"US"}},{"type":"Feature","geometry":{"type":"Point","coordinates":[-80.33284,41.12228]},"properties":{"id":122792,"name":"New Wilmington","state_code":"PA","country_code":"US"}},{"type":"Feature","geometry":{"type":"Point","coordinates":[-76.21328,40.34954]},"properties":{"id":122835,"name":"Newmanstown","state_code":"PA","country_code":"US"}},{"type":"Feature","geometry":{"type":"Point","coordinates":[-77.13054,40.47786]},"properties":{"id":122848,"name":"Newport","state_code":"PA","country_code":"US"}},{"type":"Feature","geometry":{"type":"Point","coordinates":[-74.93683,40.22928]},"properties":{"id":122874,"name":"Newtown","state_code":"PA","country_code":"US"}},{"type":"Feature","geometry":{"type":"Point","coordinates":[-74.95489,40.26011]},"properties":{"id":122876,"name":"Newtown Grant","state_code":"PA","country_code":"US"}},{"type":"Feature","geometry":{"type":"Point","coordinates":[-77.3986,40.17314]},"properties":{"id":122877,"name":"Newville","state_code":"PA","country_code":"US"}},{"type":"Feature","geometry":{"type":"Point","coordinates":[-79.9295,40.7834]},"properties":{"id":122914,"name":"Nixon","state_code":"PA","country_code":"US"}},{"type":"Feature","geometry":{"type":"Point","coordinates":[-75.3399,40.1215]},"properties":{"id":122957,"name":"Norristown","state_code":"PA","country_code":"US"}},{"type":"Feature","geometry":{"type":"Point","coordinates":[-79.5556,40.59618]},"properties":{"id":122964,"name":"North Apollo","state_code":"PA","country_code":"US"}},{"type":"Feature","geometry":{"type":"Point","coordinates":[-79.8681,40.12924]},"properties":{"id":122980,"name":"North Belle Vernon","state_code":"PA","country_code":"US"}},{"type":"Feature","geometry":{"type":"Point","coordinates":[-79.84088,40.39896]},"properties":{"id":122992,"name":"North Braddock","state_code":"PA","country_code":"US"}},{"type":"Feature","geometry":{"type":"Point","coordinates":[-75.47685,40.65982]},"properties":{"id":123002,"name":"North Catasauqua","state_code":"PA","country_code":"US"}},{"type":"Feature","geometry":{"type":"Point","coordinates":[-79.90755,40.15118]},"properties":{"id":123004,"name":"North Charleroi","state_code":"PA","country_code":"US"}},{"type":"Feature","geometry":{"type":"Point","coordinates":[-79.83422,42.21561]},"properties":{"id":123018,"name":"North East","state_code":"PA","country_code":"US"}},{"type":"Feature","geometry":{"type":"Point","coordinates":[-79.80949,40.37979]},"properties":{"id":123122,"name":"North Versailles","state_code":"PA","country_code":"US"}},{"type":"Feature","geometry":{"type":"Point","coordinates":[-75.27823,40.21094]},"properties":{"id":123123,"name":"North Wales","state_code":"PA","country_code":"US"}},{"type":"Feature","geometry":{"type":"Point","coordinates":[-79.15227,41.87423]},"properties":{"id":123125,"name":"North Warren","state_code":"PA","country_code":"US"}},{"type":"Feature","geometry":{"type":"Point","coordinates":[-76.73302,39.97815]},"properties":{"id":123133,"name":"North York","state_code":"PA","country_code":"US"}},{"type":"Feature","geometry":{"type":"Point","coordinates":[-75.49685,40.68621]},"properties":{"id":123135,"name":"Northampton","state_code":"PA","country_code":"US"}},{"type":"Feature","geometry":{"type":"Point","coordinates":[-78.78169,40.65923]},"properties":{"id":123147,"name":"Northern Cambria","state_code":"PA","country_code":"US"}},{"type":"Feature","geometry":{"type":"Point","coordinates":[-76.79747,40.89175]},"properties":{"id":123166,"name":"Northumberland","state_code":"PA","country_code":"US"}},{"type":"Feature","geometry":{"type":"Point","coordinates":[-79.99463,42.14944]},"properties":{"id":123175,"name":"Northwest Harborcreek","state_code":"PA","country_code":"US"}},{"type":"Feature","geometry":{"type":"Point","coordinates":[-75.29963,39.89178]},"properties":{"id":123198,"name":"Norwood","state_code":"PA","country_code":"US"}},{"type":"Feature","geometry":{"type":"Point","coordinates":[-79.91311,40.82479]},"properties":{"id":123247,"name":"Oak Hills","state_code":"PA","country_code":"US"}},{"type":"Feature","geometry":{"type":"Point","coordinates":[-80.18561,40.39812]},"properties":{"id":123273,"name":"Oakdale","state_code":"PA","country_code":"US"}},{"type":"Feature","geometry":{"type":"Point","coordinates":[-78.88752,40.30646]},"properties":{"id":123292,"name":"Oakland","state_code":"PA","country_code":"US"}},{"type":"Feature","geometry":{"type":"Point","coordinates":[-79.84227,40.52173]},"properties":{"id":123302,"name":"Oakmont","state_code":"PA","country_code":"US"}},{"type":"Feature","geometry":{"type":"Point","coordinates":[-80.37951,41.01062]},"properties":{"id":123311,"name":"Oakwood","state_code":"PA","country_code":"US"}},{"type":"Feature","geometry":{"type":"Point","coordinates":[-80.49479,40.67923]},"properties":{"id":123385,"name":"Ohioville","state_code":"PA","country_code":"US"}},{"type":"Feature","geometry":{"type":"Point","coordinates":[-79.70644,41.43395]},"properties":{"id":123387,"name":"Oil City","state_code":"PA","country_code":"US"}},{"type":"Feature","geometry":{"type":"Point","coordinates":[-75.73491,41.37119]},"properties":{"id":123419,"name":"Old Forge","state_code":"PA","country_code":"US"}},{"type":"Feature","geometry":{"type":"Point","coordinates":[-75.26212,40.65788]},"properties":{"id":123424,"name":"Old Orchard","state_code":"PA","country_code":"US"}},{"type":"Feature","geometry":{"type":"Point","coordinates":[-75.78964,40.38759]},"properties":{"id":123436,"name":"Oley","state_code":"PA","country_code":"US"}},{"type":"Feature","geometry":{"type":"Point","coordinates":[-79.71782,39.91869]},"properties":{"id":123442,"name":"Oliver","state_code":"PA","country_code":"US"}},{"type":"Feature","geometry":{"type":"Point","coordinates":[-75.60297,41.46841]},"properties":{"id":123462,"name":"Olyphant","state_code":"PA","country_code":"US"}},{"type":"Feature","geometry":{"type":"Point","coordinates":[-79.53143,40.58618]},"properties":{"id":123534,"name":"Orchard Hills","state_code":"PA","country_code":"US"}},{"type":"Feature","geometry":{"type":"Point","coordinates":[-75.17768,40.11844]},"properties":{"id":123550,"name":"Oreland","state_code":"PA","country_code":"US"}},{"type":"Feature","geometry":{"type":"Point","coordinates":[-76.10077,40.65481]},"properties":{"id":123585,"name":"Orwigsburg","state_code":"PA","country_code":"US"}},{"type":"Feature","geometry":{"type":"Point","coordinates":[-78.27057,40.85006]},"properties":{"id":123606,"name":"Osceola Mills","state_code":"PA","country_code":"US"}},{"type":"Feature","geometry":{"type":"Point","coordinates":[-75.97883,39.78539]},"properties":{"id":123680,"name":"Oxford","state_code":"PA","country_code":"US"}},{"type":"Feature","geometry":{"type":"Point","coordinates":[-76.61858,40.29787]},"properties":{"id":123756,"name":"Palmdale","state_code":"PA","country_code":"US"}},{"type":"Feature","geometry":{"type":"Point","coordinates":[-75.2624,40.68732]},"properties":{"id":123761,"name":"Palmer Heights","state_code":"PA","country_code":"US"}},{"type":"Feature","geometry":{"type":"Point","coordinates":[-75.6119,40.8014]},"properties":{"id":123763,"name":"Palmerton","state_code":"PA","country_code":"US"}},{"type":"Feature","geometry":{"type":"Point","coordinates":[-76.5933,40.30898]},"properties":{"id":123777,"name":"Palmyra","state_code":"PA","country_code":"US"}},{"type":"Feature","geometry":{"type":"Point","coordinates":[-76.17216,40.68731]},"properties":{"id":123780,"name":"Palo Alto","state_code":"PA","country_code":"US"}},{"type":"Feature","geometry":{"type":"Point","coordinates":[-75.47631,40.04205]},"properties":{"id":123812,"name":"Paoli","state_code":"PA","country_code":"US"}},{"type":"Feature","geometry":{"type":"Point","coordinates":[-76.12857,40.00982]},"properties":{"id":123817,"name":"Paradise","state_code":"PA","country_code":"US"}},{"type":"Feature","geometry":{"type":"Point","coordinates":[-77.91695,40.80673]},"properties":{"id":123846,"name":"Park Forest Village","state_code":"PA","country_code":"US"}},{"type":"Feature","geometry":{"type":"Point","coordinates":[-75.91939,39.95872]},"properties":{"id":123869,"name":"Parkesburg","state_code":"PA","country_code":"US"}},{"type":"Feature","geometry":{"type":"Point","coordinates":[-75.37853,39.86428]},"properties":{"id":123875,"name":"Parkside","state_code":"PA","country_code":"US"}},{"type":"Feature","geometry":{"type":"Point","coordinates":[-76.96331,39.78121]},"properties":{"id":123879,"name":"Parkville","state_code":"PA","country_code":"US"}},{"type":"Feature","geometry":{"type":"Point","coordinates":[-78.6503,40.63396]},"properties":{"id":123918,"name":"Patton","state_code":"PA","country_code":"US"}},{"type":"Feature","geometry":{"type":"Point","coordinates":[-76.83192,40.25898]},"properties":{"id":123940,"name":"Paxtang","state_code":"PA","country_code":"US"}},{"type":"Feature","geometry":{"type":"Point","coordinates":[-76.79442,40.31731]},"properties":{"id":123943,"name":"Paxtonia","state_code":"PA","country_code":"US"}},{"type":"Feature","geometry":{"type":"Point","coordinates":[-75.2549,40.86871]},"properties":{"id":124011,"name":"Pen Argyl","state_code":"PA","country_code":"US"}},{"type":"Feature","geometry":{"type":"Point","coordinates":[-76.84803,40.27537]},"properties":{"id":124012,"name":"Penbrook","state_code":"PA","country_code":"US"}},{"type":"Feature","geometry":{"type":"Point","coordinates":[-75.23956,41.0375]},"properties":{"id":124022,"name":"Penn Estates","state_code":"PA","country_code":"US"}},{"type":"Feature","geometry":{"type":"Point","coordinates":[-79.83922,40.50118]},"properties":{"id":124023,"name":"Penn Hills","state_code":"PA","country_code":"US"}},{"type":"Feature","geometry":{"type":"Point","coordinates":[-75.27546,39.98622]},"properties":{"id":124025,"name":"Penn Wynne","state_code":"PA","country_code":"US"}},{"type":"Feature","geometry":{"type":"Point","coordinates":[-74.91656,40.15205]},"properties":{"id":124027,"name":"Penndel","state_code":"PA","country_code":"US"}},{"type":"Feature","geometry":{"type":"Point","coordinates":[-75.49212,40.39093]},"properties":{"id":124036,"name":"Pennsburg","state_code":"PA","country_code":"US"}},{"type":"Feature","geometry":{"type":"Point","coordinates":[-75.87854,40.33732]},"properties":{"id":124037,"name":"Pennside","state_code":"PA","country_code":"US"}},{"type":"Feature","geometry":{"type":"Point","coordinates":[-75.15045,39.92761]},"properties":{"id":124038,"name":"Pennsport","state_code":"PA","country_code":"US"}},{"type":"Feature","geometry":{"type":"Point","coordinates":[-76.99804,39.78954]},"properties":{"id":124040,"name":"Pennville","state_code":"PA","country_code":"US"}},{"type":"Feature","geometry":{"type":"Point","coordinates":[-76.36829,40.20509]},"properties":{"id":124044,"name":"Penryn","state_code":"PA","country_code":"US"}},{"type":"Feature","geometry":{"type":"Point","coordinates":[-75.29268,40.37205]},"properties":{"id":124061,"name":"Perkasie","state_code":"PA","country_code":"US"}},{"type":"Feature","geometry":{"type":"Point","coordinates":[-79.7506,40.08702]},"properties":{"id":124086,"name":"Perryopolis","state_code":"PA","country_code":"US"}},{"type":"Feature","geometry":{"type":"Point","coordinates":[-75.16379,39.95233]},"properties":{"id":124126,"name":"Philadelphia","state_code":"PA","country_code":"US"}},{"type":"Feature","geometry":{"type":"Point","coordinates":[-78.22057,40.89645]},"properties":{"id":124131,"name":"Philipsburg","state_code":"PA","country_code":"US"}},{"type":"Feature","geometry":{"type":"Point","coordinates":[-75.51491,40.13038]},"properties":{"id":124151,"name":"Phoenixville","state_code":"PA","country_code":"US"}},{"type":"Feature","geometry":{"type":"Point","coordinates":[-76.38468,40.54842]},"properties":{"id":124221,"name":"Pine Grove","state_code":"PA","country_code":"US"}},{"type":"Feature","geometry":{"type":"Point","coordinates":[-77.88556,40.73367]},"properties":{"id":124223,"name":"Pine Grove Mills","state_code":"PA","country_code":"US"}},{"type":"Feature","geometry":{"type":"Point","coordinates":[-74.99116,41.14598]},"properties":{"id":124244,"name":"Pine Ridge","state_code":"PA","country_code":"US"}},{"type":"Feature","geometry":{"type":"Point","coordinates":[-79.7781,40.40312]},"properties":{"id":124285,"name":"Pitcairn","state_code":"PA","country_code":"US"}},{"type":"Feature","geometry":{"type":"Point","coordinates":[-79.99589,40.44062]},"properties":{"id":124296,"name":"Pittsburgh","state_code":"PA","country_code":"US"}},{"type":"Feature","geometry":{"type":"Point","coordinates":[-75.78936,41.32591]},"properties":{"id":124304,"name":"Pittston","state_code":"PA","country_code":"US"}},{"type":"Feature","geometry":{"type":"Point","coordinates":[-75.8502,41.27536]},"properties":{"id":124323,"name":"Plains","state_code":"PA","country_code":"US"}},{"type":"Feature","geometry":{"type":"Point","coordinates":[-77.74667,40.86812]},"properties":{"id":124364,"name":"Pleasant Gap","state_code":"PA","country_code":"US"}},{"type":"Feature","geometry":{"type":"Point","coordinates":[-76.44163,40.3362]},"properties":{"id":124371,"name":"Pleasant Hill","state_code":"PA","country_code":"US"}},{"type":"Feature","geometry":{"type":"Point","coordinates":[-79.96061,40.33563]},"properties":{"id":124374,"name":"Pleasant Hills","state_code":"PA","country_code":"US"}},{"type":"Feature","geometry":{"type":"Point","coordinates":[-79.74949,40.50035]},"properties":{"id":124392,"name":"Plum","state_code":"PA","country_code":"US"}},{"type":"Feature","geometry":{"type":"Point","coordinates":[-75.14656,40.38733]},"properties":{"id":124398,"name":"Plumsteadville","state_code":"PA","country_code":"US"}},{"type":"Feature","geometry":{"type":"Point","coordinates":[-75.94464,41.24036]},"properties":{"id":124407,"name":"Plymouth","state_code":"PA","country_code":"US"}},{"type":"Feature","geometry":{"type":"Point","coordinates":[-75.27435,40.10233]},"properties":{"id":124411,"name":"Plymouth Meeting","state_code":"PA","country_code":"US"}},{"type":"Feature","geometry":{"type":"Point","coordinates":[-75.45435,41.10675]},"properties":{"id":124421,"name":"Pocono Pines","state_code":"PA","country_code":"US"}},{"type":"Feature","geometry":{"type":"Point","coordinates":[-74.95212,41.16454]},"properties":{"id":124422,"name":"Pocono Ranch Lands","state_code":"PA","country_code":"US"}},{"type":"Feature","geometry":{"type":"Point","coordinates":[-79.89867,39.73897]},"properties":{"id":124429,"name":"Point Marion","state_code":"PA","country_code":"US"}},{"type":"Feature","geometry":{"type":"Point","coordinates":[-78.27974,41.8109]},"properties":{"id":124491,"name":"Port Allegany","state_code":"PA","country_code":"US"}},{"type":"Feature","geometry":{"type":"Point","coordinates":[-76.16883,40.69648]},"properties":{"id":124501,"name":"Port Carbon","state_code":"PA","country_code":"US"}},{"type":"Feature","geometry":{"type":"Point","coordinates":[-79.86977,40.3359]},"properties":{"id":124538,"name":"Port Vue","state_code":"PA","country_code":"US"}},{"type":"Feature","geometry":{"type":"Point","coordinates":[-78.67224,40.38868]},"properties":{"id":124545,"name":"Portage","state_code":"PA","country_code":"US"}},{"type":"Feature","geometry":{"type":"Point","coordinates":[-75.61185,40.26482]},"properties":{"id":124598,"name":"Pottsgrove","state_code":"PA","country_code":"US"}},{"type":"Feature","geometry":{"type":"Point","coordinates":[-75.64963,40.24537]},"properties":{"id":124599,"name":"Pottstown","state_code":"PA","country_code":"US"}},{"type":"Feature","geometry":{"type":"Point","coordinates":[-76.1955,40.68565]},"properties":{"id":124601,"name":"Pottsville","state_code":"PA","country_code":"US"}},{"type":"Feature","geometry":{"type":"Point","coordinates":[-76.83136,40.28509]},"properties":{"id":124702,"name":"Progress","state_code":"PA","country_code":"US"}},{"type":"Feature","geometry":{"type":"Point","coordinates":[-80.04645,40.90451]},"properties":{"id":124707,"name":"Prospect","state_code":"PA","country_code":"US"}},{"type":"Feature","geometry":{"type":"Point","coordinates":[-75.30824,39.88789]},"properties":{"id":124709,"name":"Prospect Park","state_code":"PA","country_code":"US"}},{"type":"Feature","geometry":{"type":"Point","coordinates":[-78.97087,40.94368]},"properties":{"id":124751,"name":"Punxsutawney","state_code":"PA","country_code":"US"}},{"type":"Feature","geometry":{"type":"Point","coordinates":[-80.4796,41.58546]},"properties":{"id":124772,"name":"Pymatuning Central","state_code":"PA","country_code":"US"}},{"type":"Feature","geometry":{"type":"Point","coordinates":[-75.34157,40.44177]},"properties":{"id":124778,"name":"Quakertown","state_code":"PA","country_code":"US"}},{"type":"Feature","geometry":{"type":"Point","coordinates":[-76.16357,39.89705]},"properties":{"id":124781,"name":"Quarryville","state_code":"PA","country_code":"US"}},{"type":"Feature","geometry":{"type":"Point","coordinates":[-75.35991,40.04622]},"properties":{"id":124818,"name":"Radnor","state_code":"PA","country_code":"US"}},{"type":"Feature","geometry":{"type":"Point","coordinates":[-79.87922,40.41257]},"properties":{"id":124883,"name":"Rankin","state_code":"PA","country_code":"US"}},{"type":"Feature","geometry":{"type":"Point","coordinates":[-75.19295,40.63566]},"properties":{"id":124902,"name":"Raubsville","state_code":"PA","country_code":"US"}},{"type":"Feature","geometry":{"type":"Point","coordinates":[-75.92687,40.33565]},"properties":{"id":124931,"name":"Reading","state_code":"PA","country_code":"US"}},{"type":"Feature","geometry":{"type":"Point","coordinates":[-76.12328,40.21148]},"properties":{"id":124934,"name":"Reamstown","state_code":"PA","country_code":"US"}},{"type":"Feature","geometry":{"type":"Point","coordinates":[-75.48101,40.37288]},"properties":{"id":124947,"name":"Red Hill","state_code":"PA","country_code":"US"}},{"type":"Feature","geometry":{"type":"Point","coordinates":[-76.6058,39.90093]},"properties":{"id":124953,"name":"Red Lion","state_code":"PA","country_code":"US"}},{"type":"Feature","geometry":{"type":"Point","coordinates":[-75.87354,40.31981]},"properties":{"id":125009,"name":"Reiffton","state_code":"PA","country_code":"US"}},{"type":"Feature","geometry":{"type":"Point","coordinates":[-76.1155,40.26676]},"properties":{"id":125011,"name":"Reinholds","state_code":"PA","country_code":"US"}},{"type":"Feature","geometry":{"type":"Point","coordinates":[-80.14145,40.3984]},"properties":{"id":125018,"name":"Rennerdale","state_code":"PA","country_code":"US"}},{"type":"Feature","geometry":{"type":"Point","coordinates":[-77.75082,41.32646]},"properties":{"id":125022,"name":"Renovo","state_code":"PA","country_code":"US"}},{"type":"Feature","geometry":{"type":"Point","coordinates":[-79.87671,39.96258]},"properties":{"id":125031,"name":"Republic","state_code":"PA","country_code":"US"}},{"type":"Feature","geometry":{"type":"Point","coordinates":[-80.39423,41.34506]},"properties":{"id":125041,"name":"Reynolds Heights","state_code":"PA","country_code":"US"}},{"type":"Feature","geometry":{"type":"Point","coordinates":[-78.88864,41.09701]},"properties":{"id":125042,"name":"Reynoldsville","state_code":"PA","country_code":"US"}},{"type":"Feature","geometry":{"type":"Point","coordinates":[-76.57052,40.13009]},"properties":{"id":125044,"name":"Rheems","state_code":"PA","country_code":"US"}},{"type":"Feature","geometry":{"type":"Point","coordinates":[-75.01072,40.21511]},"properties":{"id":125060,"name":"Richboro","state_code":"PA","country_code":"US"}},{"type":"Feature","geometry":{"type":"Point","coordinates":[-76.25828,40.35926]},"properties":{"id":125071,"name":"Richland","state_code":"PA","country_code":"US"}},{"type":"Feature","geometry":{"type":"Point","coordinates":[-75.32046,40.4701]},"properties":{"id":125083,"name":"Richlandtown","state_code":"PA","country_code":"US"}},{"type":"Feature","geometry":{"type":"Point","coordinates":[-78.72864,41.42034]},"properties":{"id":125133,"name":"Ridgway","state_code":"PA","country_code":"US"}},{"type":"Feature","geometry":{"type":"Point","coordinates":[-75.3238,39.88122]},"properties":{"id":125134,"name":"Ridley Park","state_code":"PA","country_code":"US"}},{"type":"Feature","geometry":{"type":"Point","coordinates":[-75.95882,40.39259]},"properties":{"id":125189,"name":"River View Park","state_code":"PA","country_code":"US"}},{"type":"Feature","geometry":{"type":"Point","coordinates":[-76.62885,40.95536]},"properties":{"id":125208,"name":"Riverside","state_code":"PA","country_code":"US"}},{"type":"Feature","geometry":{"type":"Point","coordinates":[-78.39085,40.33591]},"properties":{"id":125233,"name":"Roaring Spring","state_code":"PA","country_code":"US"}},{"type":"Feature","geometry":{"type":"Point","coordinates":[-76.13439,40.35176]},"properties":{"id":125250,"name":"Robesonia","state_code":"PA","country_code":"US"}},{"type":"Feature","geometry":{"type":"Point","coordinates":[-80.28645,40.70229]},"properties":{"id":125268,"name":"Rochester","state_code":"PA","country_code":"US"}},{"type":"Feature","geometry":{"type":"Point","coordinates":[-75.08962,40.08122]},"properties":{"id":125312,"name":"Rockledge","state_code":"PA","country_code":"US"}},{"type":"Feature","geometry":{"type":"Point","coordinates":[-75.21462,40.88065]},"properties":{"id":125438,"name":"Roseto","state_code":"PA","country_code":"US"}},{"type":"Feature","geometry":{"type":"Point","coordinates":[-76.25107,40.15121]},"properties":{"id":125466,"name":"Rothsville","state_code":"PA","country_code":"US"}},{"type":"Feature","geometry":{"type":"Point","coordinates":[-76.72997,40.18731]},"properties":{"id":125497,"name":"Royalton","state_code":"PA","country_code":"US"}},{"type":"Feature","geometry":{"type":"Point","coordinates":[-75.53796,40.18427]},"properties":{"id":125498,"name":"Royersford","state_code":"PA","country_code":"US"}},{"type":"Feature","geometry":{"type":"Point","coordinates":[-79.13505,41.94145]},"properties":{"id":125535,"name":"Russell","state_code":"PA","country_code":"US"}},{"type":"Feature","geometry":{"type":"Point","coordinates":[-79.837,40.61146]},"properties":{"id":125541,"name":"Russellton","state_code":"PA","country_code":"US"}},{"type":"Feature","geometry":{"type":"Point","coordinates":[-76.76803,40.26898]},"properties":{"id":125550,"name":"Rutherford","state_code":"PA","country_code":"US"}},{"type":"Feature","geometry":{"type":"Point","coordinates":[-76.19105,40.72065]},"properties":{"id":125620,"name":"Saint Clair","state_code":"PA","country_code":"US"}},{"type":"Feature","geometry":{"type":"Point","coordinates":[-75.87187,40.32704]},"properties":{"id":125678,"name":"Saint Lawrence","state_code":"PA","country_code":"US"}},{"type":"Feature","geometry":{"type":"Point","coordinates":[-78.56086,41.42784]},"properties":{"id":125694,"name":"Saint Marys","state_code":"PA","country_code":"US"}},{"type":"Feature","geometry":{"type":"Point","coordinates":[-78.7653,40.30008]},"properties":{"id":125761,"name":"Salix","state_code":"PA","country_code":"US"}},{"type":"Feature","geometry":{"type":"Point","coordinates":[-76.42469,40.10093]},"properties":{"id":125775,"name":"Salunga","state_code":"PA","country_code":"US"}},{"type":"Feature","geometry":{"type":"Point","coordinates":[-75.59518,40.2451]},"properties":{"id":125852,"name":"Sanatoga","state_code":"PA","country_code":"US"}},{"type":"Feature","geometry":{"type":"Point","coordinates":[-76.43163,40.35954]},"properties":{"id":125858,"name":"Sand Hill","state_code":"PA","country_code":"US"}},{"type":"Feature","geometry":{"type":"Point","coordinates":[-78.77114,41.10784]},"properties":{"id":125879,"name":"Sandy","state_code":"PA","country_code":"US"}},{"type":"Feature","geometry":{"type":"Point","coordinates":[-75.05073,41.11259]},"properties":{"id":125979,"name":"Saw Creek","state_code":"PA","country_code":"US"}},{"type":"Feature","geometry":{"type":"Point","coordinates":[-79.81005,40.75395]},"properties":{"id":125985,"name":"Saxonburg","state_code":"PA","country_code":"US"}},{"type":"Feature","geometry":{"type":"Point","coordinates":[-75.32352,40.89565]},"properties":{"id":125987,"name":"Saylorsburg","state_code":"PA","country_code":"US"}},{"type":"Feature","geometry":{"type":"Point","coordinates":[-76.5155,41.97896]},"properties":{"id":125990,"name":"Sayre","state_code":"PA","country_code":"US"}},{"type":"Feature","geometry":{"type":"Point","coordinates":[-77.17693,40.24175]},"properties":{"id":126010,"name":"Schlusser","state_code":"PA","country_code":"US"}},{"type":"Feature","geometry":{"type":"Point","coordinates":[-75.62044,40.67514]},"properties":{"id":126011,"name":"Schnecksville","state_code":"PA","country_code":"US"}},{"type":"Feature","geometry":{"type":"Point","coordinates":[-76.17411,40.24148]},"properties":{"id":126012,"name":"Schoeneck","state_code":"PA","country_code":"US"}},{"type":"Feature","geometry":{"type":"Point","coordinates":[-76.17105,40.63065]},"properties":{"id":126027,"name":"Schuylkill Haven","state_code":"PA","country_code":"US"}},{"type":"Feature","geometry":{"type":"Point","coordinates":[-75.46379,40.25621]},"properties":{"id":126028,"name":"Schwenksville","state_code":"PA","country_code":"US"}},{"type":"Feature","geometry":{"type":"Point","coordinates":[-77.58721,39.9687]},"properties":{"id":126035,"name":"Scotland","state_code":"PA","country_code":"US"}},{"type":"Feature","geometry":{"type":"Point","coordinates":[-79.58698,40.10035]},"properties":{"id":126056,"name":"Scottdale","state_code":"PA","country_code":"US"}},{"type":"Feature","geometry":{"type":"Point","coordinates":[-75.6649,41.40916]},"properties":{"id":126067,"name":"Scranton","state_code":"PA","country_code":"US"}},{"type":"Feature","geometry":{"type":"Point","coordinates":[-76.86219,40.79897]},"properties":{"id":126134,"name":"Selinsgrove","state_code":"PA","country_code":"US"}},{"type":"Feature","geometry":{"type":"Point","coordinates":[-75.3049,40.35399]},"properties":{"id":126136,"name":"Sellersville","state_code":"PA","country_code":"US"}},{"type":"Feature","geometry":{"type":"Point","coordinates":[-79.70394,41.37867]},"properties":{"id":126158,"name":"Seneca","state_code":"PA","country_code":"US"}},{"type":"Feature","geometry":{"type":"Point","coordinates":[-80.06256,40.69173]},"properties":{"id":126172,"name":"Seven Fields","state_code":"PA","country_code":"US"}},{"type":"Feature","geometry":{"type":"Point","coordinates":[-80.1845,40.53646]},"properties":{"id":126191,"name":"Sewickley","state_code":"PA","country_code":"US"}},{"type":"Feature","geometry":{"type":"Point","coordinates":[-76.55885,40.78897]},"properties":{"id":126214,"name":"Shamokin","state_code":"PA","country_code":"US"}},{"type":"Feature","geometry":{"type":"Point","coordinates":[-76.81969,40.8487]},"properties":{"id":126215,"name":"Shamokin Dam","state_code":"PA","country_code":"US"}},{"type":"Feature","geometry":{"type":"Point","coordinates":[-79.91562,40.91045]},"properties":{"id":126223,"name":"Shanor-Northvue","state_code":"PA","country_code":"US"}},{"type":"Feature","geometry":{"type":"Point","coordinates":[-80.4934,41.23311]},"properties":{"id":126229,"name":"Sharon","state_code":"PA","country_code":"US"}},{"type":"Feature","geometry":{"type":"Point","coordinates":[-75.27157,39.9065]},"properties":{"id":126231,"name":"Sharon Hill","state_code":"PA","country_code":"US"}},{"type":"Feature","geometry":{"type":"Point","coordinates":[-79.92644,40.49451]},"properties":{"id":126236,"name":"Sharpsburg","state_code":"PA","country_code":"US"}},{"type":"Feature","geometry":{"type":"Point","coordinates":[-80.47201,41.25922]},"properties":{"id":126237,"name":"Sharpsville","state_code":"PA","country_code":"US"}},{"type":"Feature","geometry":{"type":"Point","coordinates":[-75.93798,41.3198]},"properties":{"id":126243,"name":"Shavertown","state_code":"PA","country_code":"US"}},{"type":"Feature","geometry":{"type":"Point","coordinates":[-79.0356,41.70395]},"properties":{"id":126261,"name":"Sheffield","state_code":"PA","country_code":"US"}},{"type":"Feature","geometry":{"type":"Point","coordinates":[-76.20077,40.82037]},"properties":{"id":126304,"name":"Shenandoah","state_code":"PA","country_code":"US"}},{"type":"Feature","geometry":{"type":"Point","coordinates":[-76.20688,40.82759]},"properties":{"id":126307,"name":"Shenandoah Heights","state_code":"PA","country_code":"US"}},{"type":"Feature","geometry":{"type":"Point","coordinates":[-75.96549,40.30787]},"properties":{"id":126347,"name":"Shillington","state_code":"PA","country_code":"US"}},{"type":"Feature","geometry":{"type":"Point","coordinates":[-76.79719,39.97815]},"properties":{"id":126349,"name":"Shiloh","state_code":"PA","country_code":"US"}},{"type":"Feature","geometry":{"type":"Point","coordinates":[-78.19084,41.96368]},"properties":{"id":126352,"name":"Shinglehouse","state_code":"PA","country_code":"US"}},{"type":"Feature","geometry":{"type":"Point","coordinates":[-77.52026,40.05065]},"properties":{"id":126357,"name":"Shippensburg","state_code":"PA","country_code":"US"}},{"type":"Feature","geometry":{"type":"Point","coordinates":[-76.95359,40.22342]},"properties":{"id":126359,"name":"Shiremanstown","state_code":"PA","country_code":"US"}},{"type":"Feature","geometry":{"type":"Point","coordinates":[-75.96993,40.50093]},"properties":{"id":126365,"name":"Shoemakersville","state_code":"PA","country_code":"US"}},{"type":"Feature","geometry":{"type":"Point","coordinates":[-76.67969,39.76871]},"properties":{"id":126384,"name":"Shrewsbury","state_code":"PA","country_code":"US"}},{"type":"Feature","geometry":{"type":"Point","coordinates":[-75.459,41.01207]},"properties":{"id":126405,"name":"Sierra View","state_code":"PA","country_code":"US"}},{"type":"Feature","geometry":{"type":"Point","coordinates":[-75.48518,41.59175]},"properties":{"id":126448,"name":"Simpson","state_code":"PA","country_code":"US"}},{"type":"Feature","geometry":{"type":"Point","coordinates":[-76.01105,40.32731]},"properties":{"id":126455,"name":"Sinking Spring","state_code":"PA","country_code":"US"}},{"type":"Feature","geometry":{"type":"Point","coordinates":[-75.39879,40.22288]},"properties":{"id":126481,"name":"Skippack","state_code":"PA","country_code":"US"}},{"type":"Feature","geometry":{"type":"Point","coordinates":[-76.72553,40.33926]},"properties":{"id":126487,"name":"Skyline View","state_code":"PA","country_code":"US"}},{"type":"Feature","geometry":{"type":"Point","coordinates":[-75.61185,40.74843]},"properties":{"id":126492,"name":"Slatington","state_code":"PA","country_code":"US"}},{"type":"Feature","geometry":{"type":"Point","coordinates":[-80.05645,41.06395]},"properties":{"id":126503,"name":"Slippery Rock","state_code":"PA","country_code":"US"}},{"type":"Feature","geometry":{"type":"Point","coordinates":[-78.44474,41.81117]},"properties":{"id":126509,"name":"Smethport","state_code":"PA","country_code":"US"}},{"type":"Feature","geometry":{"type":"Point","coordinates":[-79.07808,40.00841]},"properties":{"id":126584,"name":"Somerset","state_code":"PA","country_code":"US"}},{"type":"Feature","geometry":{"type":"Point","coordinates":[-75.32518,40.31177]},"properties":{"id":126607,"name":"Souderton","state_code":"PA","country_code":"US"}},{"type":"Feature","geometry":{"type":"Point","coordinates":[-75.81995,39.97427]},"properties":{"id":126640,"name":"South Coatesville","state_code":"PA","country_code":"US"}},{"type":"Feature","geometry":{"type":"Point","coordinates":[-79.58587,39.99674]},"properties":{"id":126642,"name":"South Connellsville","state_code":"PA","country_code":"US"}},{"type":"Feature","geometry":{"type":"Point","coordinates":[-79.54476,40.2784]},"properties":{"id":126663,"name":"South Greensburg","state_code":"PA","country_code":"US"}},{"type":"Feature","geometry":{"type":"Point","coordinates":[-79.99405,40.29864]},"properties":{"id":126704,"name":"South Park Township","state_code":"PA","country_code":"US"}},{"type":"Feature","geometry":{"type":"Point","coordinates":[-75.65102,40.23954]},"properties":{"id":126715,"name":"South Pottstown","state_code":"PA","country_code":"US"}},{"type":"Feature","geometry":{"type":"Point","coordinates":[-75.9,40.4]},"properties":{"id":126734,"name":"South Temple","state_code":"PA","country_code":"US"}},{"type":"Feature","geometry":{"type":"Point","coordinates":[-79.74699,39.89285]},"properties":{"id":126738,"name":"South Uniontown","state_code":"PA","country_code":"US"}},{"type":"Feature","geometry":{"type":"Point","coordinates":[-76.53717,41.99757]},"properties":{"id":126744,"name":"South Waverly","state_code":"PA","country_code":"US"}},{"type":"Feature","geometry":{"type":"Point","coordinates":[-76.99913,41.23202]},"properties":{"id":126750,"name":"South Williamsport","state_code":"PA","country_code":"US"}},{"type":"Feature","geometry":{"type":"Point","coordinates":[-78.93864,40.31063]},"properties":{"id":126780,"name":"Southmont","state_code":"PA","country_code":"US"}},{"type":"Feature","geometry":{"type":"Point","coordinates":[-79.54698,40.29118]},"properties":{"id":126789,"name":"Southwest Greensburg","state_code":"PA","country_code":"US"}},{"type":"Feature","geometry":{"type":"Point","coordinates":[-78.7728,40.64285]},"properties":{"id":126797,"name":"Spangler","state_code":"PA","country_code":"US"}},{"type":"Feature","geometry":{"type":"Point","coordinates":[-79.87977,40.12452]},"properties":{"id":126819,"name":"Speers","state_code":"PA","country_code":"US"}},{"type":"Feature","geometry":{"type":"Point","coordinates":[-75.43712,40.43899]},"properties":{"id":126837,"name":"Spinnerstown","state_code":"PA","country_code":"US"}},{"type":"Feature","geometry":{"type":"Point","coordinates":[-75.54769,40.17677]},"properties":{"id":126852,"name":"Spring City","state_code":"PA","country_code":"US"}},{"type":"Feature","geometry":{"type":"Point","coordinates":[-76.86581,39.87454]},"properties":{"id":126857,"name":"Spring Grove","state_code":"PA","country_code":"US"}},{"type":"Feature","geometry":{"type":"Point","coordinates":[-75.22768,40.18539]},"properties":{"id":126864,"name":"Spring House","state_code":"PA","country_code":"US"}},{"type":"Feature","geometry":{"type":"Point","coordinates":[-75.45657,40.27566]},"properties":{"id":126870,"name":"Spring Mount","state_code":"PA","country_code":"US"}},{"type":"Feature","geometry":{"type":"Point","coordinates":[-75.98994,40.35287]},"properties":{"id":126873,"name":"Spring Ridge","state_code":"PA","country_code":"US"}},{"type":"Feature","geometry":{"type":"Point","coordinates":[-79.78394,40.5409]},"properties":{"id":126887,"name":"Springdale","state_code":"PA","country_code":"US"}},{"type":"Feature","geometry":{"type":"Point","coordinates":[-75.32019,39.93067]},"properties":{"id":126894,"name":"Springfield","state_code":"PA","country_code":"US"}},{"type":"Feature","geometry":{"type":"Point","coordinates":[-76.68497,39.91843]},"properties":{"id":126920,"name":"Spry","state_code":"PA","country_code":"US"}},{"type":"Feature","geometry":{"type":"Point","coordinates":[-77.86,40.79339]},"properties":{"id":126992,"name":"State College","state_code":"PA","country_code":"US"}},{"type":"Feature","geometry":{"type":"Point","coordinates":[-77.72444,39.72482]},"properties":{"id":126993,"name":"State Line","state_code":"PA","country_code":"US"}},{"type":"Feature","geometry":{"type":"Point","coordinates":[-76.84136,40.23537]},"properties":{"id":127013,"name":"Steelton","state_code":"PA","country_code":"US"}},{"type":"Feature","geometry":{"type":"Point","coordinates":[-76.59136,39.75371]},"properties":{"id":127053,"name":"Stewartstown","state_code":"PA","country_code":"US"}},{"type":"Feature","geometry":{"type":"Point","coordinates":[-75.50824,40.66537]},"properties":{"id":127058,"name":"Stiles","state_code":"PA","country_code":"US"}},{"type":"Feature","geometry":{"type":"Point","coordinates":[-80.10506,41.33922]},"properties":{"id":127086,"name":"Stoneboro","state_code":"PA","country_code":"US"}},{"type":"Feature","geometry":{"type":"Point","coordinates":[-75.86993,40.34565]},"properties":{"id":127097,"name":"Stony Creek Mills","state_code":"PA","country_code":"US"}},{"type":"Feature","geometry":{"type":"Point","coordinates":[-76.64413,39.98704]},"properties":{"id":127101,"name":"Stonybrook","state_code":"PA","country_code":"US"}},{"type":"Feature","geometry":{"type":"Point","coordinates":[-78.01667,40.79339]},"properties":{"id":127104,"name":"Stormstown","state_code":"PA","country_code":"US"}},{"type":"Feature","geometry":{"type":"Point","coordinates":[-75.67741,40.2526]},"properties":{"id":127113,"name":"Stowe","state_code":"PA","country_code":"US"}},{"type":"Feature","geometry":{"type":"Point","coordinates":[-76.18412,39.98316]},"properties":{"id":127119,"name":"Strasburg","state_code":"PA","country_code":"US"}},{"type":"Feature","geometry":{"type":"Point","coordinates":[-75.19462,40.98676]},"properties":{"id":127140,"name":"Stroudsburg","state_code":"PA","country_code":"US"}},{"type":"Feature","geometry":{"type":"Point","coordinates":[-80.21089,40.38479]},"properties":{"id":127148,"name":"Sturgeon","state_code":"PA","country_code":"US"}},{"type":"Feature","geometry":{"type":"Point","coordinates":[-79.88117,41.42145]},"properties":{"id":127174,"name":"Sugarcreek","state_code":"PA","country_code":"US"}},{"type":"Feature","geometry":{"type":"Point","coordinates":[-75.87103,40.82481]},"properties":{"id":127218,"name":"Summit Hill","state_code":"PA","country_code":"US"}},{"type":"Feature","geometry":{"type":"Point","coordinates":[-75.46602,40.98203]},"properties":{"id":127239,"name":"Sun Valley","state_code":"PA","country_code":"US"}},{"type":"Feature","geometry":{"type":"Point","coordinates":[-76.79441,40.86259]},"properties":{"id":127245,"name":"Sunbury","state_code":"PA","country_code":"US"}},{"type":"Feature","geometry":{"type":"Point","coordinates":[-74.96656,41.30981]},"properties":{"id":127268,"name":"Sunrise Lake","state_code":"PA","country_code":"US"}},{"type":"Feature","geometry":{"type":"Point","coordinates":[-75.59963,41.94341]},"properties":{"id":127297,"name":"Susquehanna","state_code":"PA","country_code":"US"}},{"type":"Feature","geometry":{"type":"Point","coordinates":[-76.36802,39.75872]},"properties":{"id":127299,"name":"Susquehanna Trails","state_code":"PA","country_code":"US"}},{"type":"Feature","geometry":{"type":"Point","coordinates":[-75.34991,39.90206]},"properties":{"id":127330,"name":"Swarthmore","state_code":"PA","country_code":"US"}},{"type":"Feature","geometry":{"type":"Point","coordinates":[-76.07828,40.23315]},"properties":{"id":127333,"name":"Swartzville","state_code":"PA","country_code":"US"}},{"type":"Feature","geometry":{"type":"Point","coordinates":[-79.88283,40.42368]},"properties":{"id":127348,"name":"Swissvale","state_code":"PA","country_code":"US"}},{"type":"Feature","geometry":{"type":"Point","coordinates":[-75.87464,41.29175]},"properties":{"id":127350,"name":"Swoyersville","state_code":"PA","country_code":"US"}},{"type":"Feature","geometry":{"type":"Point","coordinates":[-78.82225,41.05034]},"properties":{"id":127353,"name":"Sykesville","state_code":"PA","country_code":"US"}},{"type":"Feature","geometry":{"type":"Point","coordinates":[-75.04434,40.03122]},"properties":{"id":127370,"name":"Tacony","state_code":"PA","country_code":"US"}},{"type":"Feature","geometry":{"type":"Point","coordinates":[-75.96937,40.79731]},"properties":{"id":127404,"name":"Tamaqua","state_code":"PA","country_code":"US"}},{"type":"Feature","geometry":{"type":"Point","coordinates":[-75.30574,41.04009]},"properties":{"id":127419,"name":"Tannersville","state_code":"PA","country_code":"US"}},{"type":"Feature","geometry":{"type":"Point","coordinates":[-79.75977,40.60146]},"properties":{"id":127429,"name":"Tarentum","state_code":"PA","country_code":"US"}},{"type":"Feature","geometry":{"type":"Point","coordinates":[-75.25712,40.74093]},"properties":{"id":127437,"name":"Tatamy","state_code":"PA","country_code":"US"}},{"type":"Feature","geometry":{"type":"Point","coordinates":[-75.70658,41.3948]},"properties":{"id":127449,"name":"Taylor","state_code":"PA","country_code":"US"}},{"type":"Feature","geometry":{"type":"Point","coordinates":[-75.32795,40.32205]},"properties":{"id":127487,"name":"Telford","state_code":"PA","country_code":"US"}},{"type":"Feature","geometry":{"type":"Point","coordinates":[-75.9216,40.4087]},"properties":{"id":127500,"name":"Temple","state_code":"PA","country_code":"US"}},{"type":"Feature","geometry":{"type":"Point","coordinates":[-76.0505,40.15732]},"properties":{"id":127522,"name":"Terre Hill","state_code":"PA","country_code":"US"}},{"type":"Feature","geometry":{"type":"Point","coordinates":[-75.35255,41.42736]},"properties":{"id":127560,"name":"The Hideout","state_code":"PA","country_code":"US"}},{"type":"Feature","geometry":{"type":"Point","coordinates":[-80.10811,40.2909]},"properties":{"id":127595,"name":"Thompsonville","state_code":"PA","country_code":"US"}},{"type":"Feature","geometry":{"type":"Point","coordinates":[-75.74522,39.99288]},"properties":{"id":127599,"name":"Thorndale","state_code":"PA","country_code":"US"}},{"type":"Feature","geometry":{"type":"Point","coordinates":[-75.61185,41.45147]},"properties":{"id":127626,"name":"Throop","state_code":"PA","country_code":"US"}},{"type":"Feature","geometry":{"type":"Point","coordinates":[-75.10767,40.44844]},"properties":{"id":127665,"name":"Tinicum","state_code":"PA","country_code":"US"}},{"type":"Feature","geometry":{"type":"Point","coordinates":[-79.45588,41.49534]},"properties":{"id":127671,"name":"Tionesta","state_code":"PA","country_code":"US"}},{"type":"Feature","geometry":{"type":"Point","coordinates":[-78.29585,40.6359]},"properties":{"id":127677,"name":"Tipton","state_code":"PA","country_code":"US"}},{"type":"Feature","geometry":{"type":"Point","coordinates":[-79.67366,41.627]},"properties":{"id":127686,"name":"Titusville","state_code":"PA","country_code":"US"}},{"type":"Feature","geometry":{"type":"Point","coordinates":[-77.8811,40.82604]},"properties":{"id":127696,"name":"Toftrees","state_code":"PA","country_code":"US"}},{"type":"Feature","geometry":{"type":"Point","coordinates":[-75.7013,40.50343]},"properties":{"id":127737,"name":"Topton","state_code":"PA","country_code":"US"}},{"type":"Feature","geometry":{"type":"Point","coordinates":[-75.75744,39.8315]},"properties":{"id":127748,"name":"Toughkenamon","state_code":"PA","country_code":"US"}},{"type":"Feature","geometry":{"type":"Point","coordinates":[-75.58463,41.00787]},"properties":{"id":127750,"name":"Towamensing Trails","state_code":"PA","country_code":"US"}},{"type":"Feature","geometry":{"type":"Point","coordinates":[-76.44272,41.76758]},"properties":{"id":127752,"name":"Towanda","state_code":"PA","country_code":"US"}},{"type":"Feature","geometry":{"type":"Point","coordinates":[-76.55246,40.58925]},"properties":{"id":127754,"name":"Tower City","state_code":"PA","country_code":"US"}},{"type":"Feature","geometry":{"type":"Point","coordinates":[-79.75893,40.38562]},"properties":{"id":127776,"name":"Trafford","state_code":"PA","country_code":"US"}},{"type":"Feature","geometry":{"type":"Point","coordinates":[-75.41436,39.82761]},"properties":{"id":127779,"name":"Trainer","state_code":"PA","country_code":"US"}},{"type":"Feature","geometry":{"type":"Point","coordinates":[-75.47629,40.19899]},"properties":{"id":127782,"name":"Trappe","state_code":"PA","country_code":"US"}},{"type":"Feature","geometry":{"type":"Point","coordinates":[-78.71586,41.17339]},"properties":{"id":127791,"name":"Treasure Lake","state_code":"PA","country_code":"US"}},{"type":"Feature","geometry":{"type":"Point","coordinates":[-76.38718,40.62842]},"properties":{"id":127796,"name":"Tremont","state_code":"PA","country_code":"US"}},{"type":"Feature","geometry":{"type":"Point","coordinates":[-76.67302,40.7812]},"properties":{"id":127813,"name":"Trevorton","state_code":"PA","country_code":"US"}},{"type":"Feature","geometry":{"type":"Point","coordinates":[-74.981,40.13928]},"properties":{"id":127814,"name":"Trevose","state_code":"PA","country_code":"US"}},{"type":"Feature","geometry":{"type":"Point","coordinates":[-75.60574,40.54815]},"properties":{"id":127815,"name":"Trexlertown","state_code":"PA","country_code":"US"}},{"type":"Feature","geometry":{"type":"Point","coordinates":[-75.40185,40.14983]},"properties":{"id":127833,"name":"Trooper","state_code":"PA","country_code":"US"}},{"type":"Feature","geometry":{"type":"Point","coordinates":[-76.78801,41.78591]},"properties":{"id":127852,"name":"Troy","state_code":"PA","country_code":"US"}},{"type":"Feature","geometry":{"type":"Point","coordinates":[-75.93214,41.30397]},"properties":{"id":127854,"name":"Trucksville","state_code":"PA","country_code":"US"}},{"type":"Feature","geometry":{"type":"Point","coordinates":[-74.81461,40.13928]},"properties":{"id":127887,"name":"Tullytown","state_code":"PA","country_code":"US"}},{"type":"Feature","geometry":{"type":"Point","coordinates":[-75.94659,41.53869]},"properties":{"id":127894,"name":"Tunkhannock","state_code":"PA","country_code":"US"}},{"type":"Feature","geometry":{"type":"Point","coordinates":[-79.82505,40.4059]},"properties":{"id":127907,"name":"Turtle Creek","state_code":"PA","country_code":"US"}},{"type":"Feature","geometry":{"type":"Point","coordinates":[-78.23862,40.67062]},"properties":{"id":127950,"name":"Tyrone","state_code":"PA","country_code":"US"}},{"type":"Feature","geometry":{"type":"Point","coordinates":[-79.84533,41.8995]},"properties":{"id":127986,"name":"Union City","state_code":"PA","country_code":"US"}},{"type":"Feature","geometry":{"type":"Point","coordinates":[-79.71643,39.90008]},"properties":{"id":128016,"name":"Uniontown","state_code":"PA","country_code":"US"}},{"type":"Feature","geometry":{"type":"Point","coordinates":[-75.38269,39.85261]},"properties":{"id":128037,"name":"Upland","state_code":"PA","country_code":"US"}},{"type":"Feature","geometry":{"type":"Point","coordinates":[-80.08339,40.3359]},"properties":{"id":128051,"name":"Upper Saint Clair","state_code":"PA","country_code":"US"}},{"type":"Feature","geometry":{"type":"Point","coordinates":[-76.79275,40.15731]},"properties":{"id":128111,"name":"Valley Green","state_code":"PA","country_code":"US"}},{"type":"Feature","geometry":{"type":"Point","coordinates":[-76.70108,39.9501]},"properties":{"id":128118,"name":"Valley View","state_code":"PA","country_code":"US"}},{"type":"Feature","geometry":{"type":"Point","coordinates":[-79.56477,40.60284]},"properties":{"id":128152,"name":"Vandergrift","state_code":"PA","country_code":"US"}},{"type":"Feature","geometry":{"type":"Point","coordinates":[-79.8431,40.50646]},"properties":{"id":128204,"name":"Verona","state_code":"PA","country_code":"US"}},{"type":"Feature","geometry":{"type":"Point","coordinates":[-79.83116,40.31563]},"properties":{"id":128211,"name":"Versailles","state_code":"PA","country_code":"US"}},{"type":"Feature","geometry":{"type":"Point","coordinates":[-75.42548,39.86363]},"properties":{"id":128248,"name":"Village Green-Green Ridge","state_code":"PA","country_code":"US"}},{"type":"Feature","geometry":{"type":"Point","coordinates":[-74.97045,40.20316]},"properties":{"id":128251,"name":"Village Shires","state_code":"PA","country_code":"US"}},{"type":"Feature","geometry":{"type":"Point","coordinates":[-78.85558,40.40507]},"properties":{"id":128267,"name":"Vinco","state_code":"PA","country_code":"US"}},{"type":"Feature","geometry":{"type":"Point","coordinates":[-75.27402,41.39898]},"properties":{"id":128402,"name":"Wallenpaupack Lake Estates","state_code":"PA","country_code":"US"}},{"type":"Feature","geometry":{"type":"Point","coordinates":[-75.5988,40.75426]},"properties":{"id":128424,"name":"Walnutport","state_code":"PA","country_code":"US"}},{"type":"Feature","geometry":{"type":"Point","coordinates":[-75.08156,40.18705]},"properties":{"id":128472,"name":"Warminster Heights","state_code":"PA","country_code":"US"}},{"type":"Feature","geometry":{"type":"Point","coordinates":[-79.14504,41.84395]},"properties":{"id":128483,"name":"Warren","state_code":"PA","country_code":"US"}},{"type":"Feature","geometry":{"type":"Point","coordinates":[-80.24617,40.17396]},"properties":{"id":128549,"name":"Washington","state_code":"PA","country_code":"US"}},{"type":"Feature","geometry":{"type":"Point","coordinates":[-79.9845,41.94283]},"properties":{"id":128607,"name":"Waterford","state_code":"PA","country_code":"US"}},{"type":"Feature","geometry":{"type":"Point","coordinates":[-76.86385,41.08453]},"properties":{"id":128640,"name":"Watsontown","state_code":"PA","country_code":"US"}},{"type":"Feature","geometry":{"type":"Point","coordinates":[-75.40824,41.58036]},"properties":{"id":128680,"name":"Waymart","state_code":"PA","country_code":"US"}},{"type":"Feature","geometry":{"type":"Point","coordinates":[-75.38769,40.044]},"properties":{"id":128687,"name":"Wayne","state_code":"PA","country_code":"US"}},{"type":"Feature","geometry":{"type":"Point","coordinates":[-77.55388,39.74371]},"properties":{"id":128704,"name":"Wayne Heights","state_code":"PA","country_code":"US"}},{"type":"Feature","geometry":{"type":"Point","coordinates":[-77.57777,39.75593]},"properties":{"id":128707,"name":"Waynesboro","state_code":"PA","country_code":"US"}},{"type":"Feature","geometry":{"type":"Point","coordinates":[-80.17923,39.89646]},"properties":{"id":128710,"name":"Waynesburg","state_code":"PA","country_code":"US"}},{"type":"Feature","geometry":{"type":"Point","coordinates":[-75.82964,40.94175]},"properties":{"id":128719,"name":"Weatherly","state_code":"PA","country_code":"US"}},{"type":"Feature","geometry":{"type":"Point","coordinates":[-76.82247,39.98371]},"properties":{"id":128757,"name":"Weigelstown","state_code":"PA","country_code":"US"}},{"type":"Feature","geometry":{"type":"Point","coordinates":[-75.68643,40.83697]},"properties":{"id":128762,"name":"Weissport East","state_code":"PA","country_code":"US"}},{"type":"Feature","geometry":{"type":"Point","coordinates":[-77.30053,41.74868]},"properties":{"id":128788,"name":"Wellsboro","state_code":"PA","country_code":"US"}},{"type":"Feature","geometry":{"type":"Point","coordinates":[-76.0805,40.33009]},"properties":{"id":128806,"name":"Wernersville","state_code":"PA","country_code":"US"}},{"type":"Feature","geometry":{"type":"Point","coordinates":[-75.55296,40.56676]},"properties":{"id":128807,"name":"Wescosville","state_code":"PA","country_code":"US"}},{"type":"Feature","geometry":{"type":"Point","coordinates":[-80.01506,42.14033]},"properties":{"id":128812,"name":"Wesleyville","state_code":"PA","country_code":"US"}},{"type":"Feature","geometry":{"type":"Point","coordinates":[-75.60804,39.96097]},"properties":{"id":128845,"name":"West Chester","state_code":"PA","country_code":"US"}},{"type":"Feature","geometry":{"type":"Point","coordinates":[-75.3163,40.06983]},"properties":{"id":128851,"name":"West Conshohocken","state_code":"PA","country_code":"US"}},{"type":"Feature","geometry":{"type":"Point","coordinates":[-75.23684,40.67871]},"properties":{"id":128859,"name":"West Easton","state_code":"PA","country_code":"US"}},{"type":"Feature","geometry":{"type":"Point","coordinates":[-76.91553,40.27509]},"properties":{"id":128866,"name":"West Fairview","state_code":"PA","country_code":"US"}},{"type":"Feature","geometry":{"type":"Point","coordinates":[-75.82744,39.82205]},"properties":{"id":128881,"name":"West Grove","state_code":"PA","country_code":"US"}},{"type":"Feature","geometry":{"type":"Point","coordinates":[-76.00216,40.54759]},"properties":{"id":128883,"name":"West Hamburg","state_code":"PA","country_code":"US"}},{"type":"Feature","geometry":{"type":"Point","coordinates":[-75.99604,40.9587]},"properties":{"id":128892,"name":"West Hazleton","state_code":"PA","country_code":"US"}},{"type":"Feature","geometry":{"type":"Point","coordinates":[-79.5431,40.82423]},"properties":{"id":128896,"name":"West Hills","state_code":"PA","country_code":"US"}},{"type":"Feature","geometry":{"type":"Point","coordinates":[-79.91199,40.39396]},"properties":{"id":128900,"name":"West Homestead","state_code":"PA","country_code":"US"}},{"type":"Feature","geometry":{"type":"Point","coordinates":[-79.52949,40.81034]},"properties":{"id":128907,"name":"West Kittanning","state_code":"PA","country_code":"US"}},{"type":"Feature","geometry":{"type":"Point","coordinates":[-75.99438,40.32981]},"properties":{"id":128914,"name":"West Lawn","state_code":"PA","country_code":"US"}},{"type":"Feature","geometry":{"type":"Point","coordinates":[-79.61282,40.62229]},"properties":{"id":128915,"name":"West Leechburg","state_code":"PA","country_code":"US"}},{"type":"Feature","geometry":{"type":"Point","coordinates":[-80.3384,40.78006]},"properties":{"id":128926,"name":"West Mayfield","state_code":"PA","country_code":"US"}},{"type":"Feature","geometry":{"type":"Point","coordinates":[-79.86644,40.3634]},"properties":{"id":128931,"name":"West Mifflin","state_code":"PA","country_code":"US"}},{"type":"Feature","geometry":{"type":"Point","coordinates":[-79.76699,40.20979]},"properties":{"id":128940,"name":"West Newton","state_code":"PA","country_code":"US"}},{"type":"Feature","geometry":{"type":"Point","coordinates":[-75.37852,40.12955]},"properties":{"id":128941,"name":"West Norriton","state_code":"PA","country_code":"US"}},{"type":"Feature","geometry":{"type":"Point","coordinates":[-75.79297,41.32758]},"properties":{"id":128955,"name":"West Pittston","state_code":"PA","country_code":"US"}},{"type":"Feature","geometry":{"type":"Point","coordinates":[-75.94743,40.3337]},"properties":{"id":128967,"name":"West Reading","state_code":"PA","country_code":"US"}},{"type":"Feature","geometry":{"type":"Point","coordinates":[-80.03422,40.52229]},"properties":{"id":128999,"name":"West View","state_code":"PA","country_code":"US"}},{"type":"Feature","geometry":{"type":"Point","coordinates":[-75.84603,41.3198]},"properties":{"id":129006,"name":"West Wyoming","state_code":"PA","country_code":"US"}},{"type":"Feature","geometry":{"type":"Point","coordinates":[-75.99077,40.32454]},"properties":{"id":129007,"name":"West Wyomissing","state_code":"PA","country_code":"US"}},{"type":"Feature","geometry":{"type":"Point","coordinates":[-76.75136,39.9526]},"properties":{"id":129010,"name":"West York","state_code":"PA","country_code":"US"}},{"type":"Feature","geometry":{"type":"Point","coordinates":[-77.53887,41.91924]},"properties":{"id":129031,"name":"Westfield","state_code":"PA","country_code":"US"}},{"type":"Feature","geometry":{"type":"Point","coordinates":[-78.95169,40.31563]},"properties":{"id":129050,"name":"Westmont","state_code":"PA","country_code":"US"}},{"type":"Feature","geometry":{"type":"Point","coordinates":[-75.15712,39.92678]},"properties":{"id":129101,"name":"Wharton","state_code":"PA","country_code":"US"}},{"type":"Feature","geometry":{"type":"Point","coordinates":[-79.88977,40.3984]},"properties":{"id":129125,"name":"Whitaker","state_code":"PA","country_code":"US"}},{"type":"Feature","geometry":{"type":"Point","coordinates":[-75.77408,41.06064]},"properties":{"id":129141,"name":"White Haven","state_code":"PA","country_code":"US"}},{"type":"Feature","geometry":{"type":"Point","coordinates":[-79.80921,40.33757]},"properties":{"id":129150,"name":"White Oak","state_code":"PA","country_code":"US"}},{"type":"Feature","geometry":{"type":"Point","coordinates":[-79.99089,40.36118]},"properties":{"id":129170,"name":"Whitehall","state_code":"PA","country_code":"US"}},{"type":"Feature","geometry":{"type":"Point","coordinates":[-76.00605,40.33593]},"properties":{"id":129194,"name":"Whitfield","state_code":"PA","country_code":"US"}},{"type":"Feature","geometry":{"type":"Point","coordinates":[-75.15546,39.91678]},"properties":{"id":129202,"name":"Whitman","state_code":"PA","country_code":"US"}},{"type":"Feature","geometry":{"type":"Point","coordinates":[-79.90684,40.17749]},"properties":{"id":129220,"name":"Wickerham Manor-Fisher","state_code":"PA","country_code":"US"}},{"type":"Feature","geometry":{"type":"Point","coordinates":[-75.88131,41.24591]},"properties":{"id":129246,"name":"Wilkes-Barre","state_code":"PA","country_code":"US"}},{"type":"Feature","geometry":{"type":"Point","coordinates":[-79.88199,40.44174]},"properties":{"id":129249,"name":"Wilkinsburg","state_code":"PA","country_code":"US"}},{"type":"Feature","geometry":{"type":"Point","coordinates":[-78.19973,40.46202]},"properties":{"id":129271,"name":"Williamsburg","state_code":"PA","country_code":"US"}},{"type":"Feature","geometry":{"type":"Point","coordinates":[-77.00108,41.24119]},"properties":{"id":129281,"name":"Williamsport","state_code":"PA","country_code":"US"}},{"type":"Feature","geometry":{"type":"Point","coordinates":[-76.61774,40.58009]},"properties":{"id":129290,"name":"Williamstown","state_code":"PA","country_code":"US"}},{"type":"Feature","geometry":{"type":"Point","coordinates":[-75.11573,40.144]},"properties":{"id":129306,"name":"Willow Grove","state_code":"PA","country_code":"US"}},{"type":"Feature","geometry":{"type":"Point","coordinates":[-76.27635,39.97927]},"properties":{"id":129311,"name":"Willow Street","state_code":"PA","country_code":"US"}},{"type":"Feature","geometry":{"type":"Point","coordinates":[-79.81005,40.3909]},"properties":{"id":129319,"name":"Wilmerding","state_code":"PA","country_code":"US"}},{"type":"Feature","geometry":{"type":"Point","coordinates":[-75.24184,40.68399]},"properties":{"id":129332,"name":"Wilson","state_code":"PA","country_code":"US"}},{"type":"Feature","geometry":{"type":"Point","coordinates":[-75.29157,40.84815]},"properties":{"id":129363,"name":"Wind Gap","state_code":"PA","country_code":"US"}},{"type":"Feature","geometry":{"type":"Point","coordinates":[-78.83502,40.2398]},"properties":{"id":129366,"name":"Windber","state_code":"PA","country_code":"US"}},{"type":"Feature","geometry":{"type":"Point","coordinates":[-76.58441,39.91621]},"properties":{"id":129380,"name":"Windsor","state_code":"PA","country_code":"US"}},{"type":"Feature","geometry":{"type":"Point","coordinates":[-80.28784,40.19285]},"properties":{"id":129475,"name":"Wolfdale","state_code":"PA","country_code":"US"}},{"type":"Feature","geometry":{"type":"Point","coordinates":[-76.18411,40.36176]},"properties":{"id":129482,"name":"Womelsdorf","state_code":"PA","country_code":"US"}},{"type":"Feature","geometry":{"type":"Point","coordinates":[-74.88878,40.19233]},"properties":{"id":129497,"name":"Woodbourne","state_code":"PA","country_code":"US"}},{"type":"Feature","geometry":{"type":"Point","coordinates":[-79.71172,41.40978]},"properties":{"id":129529,"name":"Woodland Heights","state_code":"PA","country_code":"US"}},{"type":"Feature","geometry":{"type":"Point","coordinates":[-75.33713,39.87233]},"properties":{"id":129539,"name":"Woodlyn","state_code":"PA","country_code":"US"}},{"type":"Feature","geometry":{"type":"Point","coordinates":[-74.87544,40.22178]},"properties":{"id":129555,"name":"Woodside","state_code":"PA","country_code":"US"}},{"type":"Feature","geometry":{"type":"Point","coordinates":[-76.91386,40.26287]},"properties":{"id":129590,"name":"Wormleysburg","state_code":"PA","country_code":"US"}},{"type":"Feature","geometry":{"type":"Point","coordinates":[-75.44879,40.31066]},"properties":{"id":129600,"name":"Woxall","state_code":"PA","country_code":"US"}},{"type":"Feature","geometry":{"type":"Point","coordinates":[-76.52997,40.02565]},"properties":{"id":129615,"name":"Wrightsville","state_code":"PA","country_code":"US"}},{"type":"Feature","geometry":{"type":"Point","coordinates":[-75.14879,40.09455]},"properties":{"id":129629,"name":"Wyncote","state_code":"PA","country_code":"US"}},{"type":"Feature","geometry":{"type":"Point","coordinates":[-75.18934,40.08122]},"properties":{"id":129631,"name":"Wyndmoor","state_code":"PA","country_code":"US"}},{"type":"Feature","geometry":{"type":"Point","coordinates":[-75.83742,41.31175]},"properties":{"id":129638,"name":"Wyoming","state_code":"PA","country_code":"US"}},{"type":"Feature","geometry":{"type":"Point","coordinates":[-75.96521,40.32954]},"properties":{"id":129642,"name":"Wyomissing","state_code":"PA","country_code":"US"}},{"type":"Feature","geometry":{"type":"Point","coordinates":[-75.97966,40.33759]},"properties":{"id":129643,"name":"Wyomissing Hills","state_code":"PA","country_code":"US"}},{"type":"Feature","geometry":{"type":"Point","coordinates":[-74.846,40.24566]},"properties":{"id":129664,"name":"Yardley","state_code":"PA","country_code":"US"}},{"type":"Feature","geometry":{"type":"Point","coordinates":[-75.25546,39.939]},"properties":{"id":129675,"name":"Yeadon","state_code":"PA","country_code":"US"}},{"type":"Feature","geometry":{"type":"Point","coordinates":[-77.58055,40.64313]},"properties":{"id":129676,"name":"Yeagertown","state_code":"PA","country_code":"US"}},{"type":"Feature","geometry":{"type":"Point","coordinates":[-76.63691,39.90899]},"properties":{"id":129685,"name":"Yoe","state_code":"PA","country_code":"US"}},{"type":"Feature","geometry":{"type":"Point","coordinates":[-76.72774,39.9626]},"properties":{"id":129692,"name":"York","state_code":"PA","country_code":"US"}},{"type":"Feature","geometry":{"type":"Point","coordinates":[-76.64635,39.99232]},"properties":{"id":129702,"name":"Yorklyn","state_code":"PA","country_code":"US"}},{"type":"Feature","geometry":{"type":"Point","coordinates":[-79.31866,41.85228]},"properties":{"id":129720,"name":"Youngsville","state_code":"PA","country_code":"US"}},{"type":"Feature","geometry":{"type":"Point","coordinates":[-79.57671,40.24035]},"properties":{"id":129722,"name":"Youngwood","state_code":"PA","country_code":"US"}},{"type":"Feature","geometry":{"type":"Point","coordinates":[-80.13673,40.79451]},"properties":{"id":129746,"name":"Zelienople","state_code":"PA","country_code":"US"}},{"type":"Feature","geometry":{"type":"Point","coordinates":[-77.68472,40.91423]},"properties":{"id":129758,"name":"Zion","state_code":"PA","country_code":"US"}}]}